syllabus_id,s,year,filename,page,index_on_page,width,height,hex,hue,sat,light,hash,group
2020cprize-02,2020-02,2020,2020cprize-02_p00_i00.jpg,0,0,560,115,#b4cde1,206.8,0.434,0.795,759bac1627bdda839b8043af2da0b176,0
2020cprize-02,2020-02,2020,2020cprize-02_p00_i01.jpg,0,1,560,106,#a6b892,88.1,0.211,0.648,7a055bb094f7d07b1f3776b1460d5d4a,1
2020cprize-02,2020-02,2020,2020cprize-02_p03_i00.jpg,3,0,389,383,#dbdbdc,232.4,0.012,0.86,2adba666f22c0737cd6ee3cc71dab577,2
2020cprize-02,2020-02,2020,2020cprize-02_p03_i01.jpg,3,1,385,382,#d8d9db,220.2,0.039,0.854,d5b696907539f0b720af75637be15454,3
2020cprize-02,2020-02,2020,2020cprize-02_p03_i04.jpg,3,4,381,378,#e4e4e4,44.8,0.003,0.892,01e40c6439603433348a08fac8a7b22a,4
2020cprize-02,2020-02,2020,2020cprize-02_p03_i05.jpg,3,5,560,549,#e0d5cb,29.4,0.261,0.837,23a778f09146395a7d16170c6024213f,5
2020cprize-02,2020-02,2020,2020cprize-02_p03_i08.jpg,3,8,560,269,#2e2e2e,304.3,0.001,0.18,bd8423cf7ddd94856576c3a5e0f98fbb,6
2020cprize-02,2020-02,2020,2020cprize-02_p03_i09.jpg,3,9,560,548,#e3e3e3,0.0,0.0,0.889,c7e0f1c966406eb23b60f7d409c0486d,7
2020cprize-06,2020-06,2020,2020cprize-06_p01_i00.jpg,1,0,560,165,#d7d8d8,197.2,0.01,0.845,5c693829c2de54a749aae8ddc20ddfcd,8
2020cprize-09,2020-09,2020,2020cprize-09_p00_i00.jpg,0,0,560,228,#797682,251.5,0.046,0.487,ad91bf96cd77e392fd37034b65553742,9
2020cprize-11,2020-11,2020,2020cprize-11_p00_i00.jpg,0,0,560,415,#8294a1,205.7,0.142,0.571,adbfec4b56ce99bb23dc8d991f933083,10
2020cprize-11,2020-11,2020,2020cprize-11_p00_i01.jpg,0,1,560,404,#8d8072,31.1,0.106,0.5,150362e656aab0adb62dab579305db2c,11
2020cprize-15,2020-15,2020,2020cprize-15_p00_i00.jpg,0,0,560,311,#5e4e50,353.2,0.092,0.336,f247b0e0bba1b8226c9a8ce45e5223b0,12
2020cprize-16,2020-16,2020,2020cprize-16_p00_i00.jpg,0,0,537,369,#b1b3b0,99.0,0.023,0.695,994d72c521418caefed9579c460e2291,13
2020cprize-16,2020-16,2020,2020cprize-16_p00_i01.jpg,0,1,560,552,#c1c1c1,0.0,0.0,0.757,a5e6873f4c4d1ba38017725ab2c8adb7,14
2020cprize-16,2020-16,2020,2020cprize-16_p01_i00.jpg,1,0,560,116,#abac89,62.1,0.176,0.606,e38997c84330f1881cb4f984802c63b5,15
2020cprize-16,2020-16,2020,2020cprize-16_p02_i00.jpg,2,0,394,215,#706e76,252.5,0.033,0.447,f801be81f32a008be7f821fec84b8e04,16
2020cprize-16,2020-16,2020,2020cprize-16_p02_i01.jpg,2,1,465,241,#a2a1a4,264.8,0.014,0.636,336905139296ddf9b7e2c65d8ee2cdef,17
2020cprize-16,2020-16,2020,2020cprize-16_p02_i02.jpg,2,2,321,331,#d2d2cf,63.8,0.034,0.817,6312e6db387aeef648dd1ca11f664d14,18
2020cprize-19,2020-19,2020,2020cprize-19_p00_i00.jpg,0,0,560,454,#7b765b,50.4,0.148,0.42,308b970e968b38dc32177e64a3b3443a,19
2020cprize-19,2020-19,2020,2020cprize-19_p00_i01.jpg,0,1,560,372,#aba89a,49.1,0.091,0.636,901737dd49ca75aeee7fe0a9e4ee27c1,20
2020cprize-19,2020-19,2020,2020cprize-19_p00_i02.jpg,0,2,560,416,#efeee5,50.3,0.24,0.919,5e7807da6ee827655b7499ddc7424691,21
2020cprize-20,2020-20,2020,2020cprize-20_p00_i00.jpg,0,0,560,461,#a6331f,9.2,0.688,0.385,665dd3af34eb683f1b3284f92368b904,22
2020cprize-20,2020-20,2020,2020cprize-20_p00_i01.jpg,0,1,514,560,#9a7b47,37.3,0.368,0.442,f68e24ec9bce36f161baad3ee5e20119,23
2020cprize-20,2020-20,2020,2020cprize-20_p00_i02.jpg,0,2,560,368,#cbcccd,185.2,0.019,0.798,88419c57646714fcacd4c0d7a7868d40,24
2020cprize-20,2020-20,2020,2020cprize-20_p00_i03.jpg,0,3,560,266,#9b9881,52.8,0.118,0.557,b9e84ff8f1b9b1cab87291dda6b5997b,25
2020cprize-20,2020-20,2020,2020cprize-20_p00_i04.jpg,0,4,325,433,#d0cac2,32.6,0.136,0.788,1ae92d3b515adc7c2c71b9e8e1c39548,26
2020cprize-20,2020-20,2020,2020cprize-20_p00_i05.jpg,0,5,337,349,#c6c5c3,44.6,0.018,0.771,fea2c3c0d0265d4acb0cd46792486015,27
2020cprize-20,2020-20,2020,2020cprize-20_p00_i06.jpg,0,6,238,349,#d1d2d1,125.8,0.001,0.821,419f5c22cd861f4aa8afa86b8aadd381,28
2020cprize-20,2020-20,2020,2020cprize-20_p00_i07.jpg,0,7,313,437,#4f5049,62.5,0.047,0.299,abd072027fd0068fc8e855f0394c2020,29
2020cprize-20,2020-20,2020,2020cprize-20_p01_i01.jpg,1,1,560,420,#989087,33.1,0.075,0.563,fd126c8fc889be70b688bd40732ddc71,30
2020cprize-20,2020-20,2020,2020cprize-20_p01_i02.jpg,1,2,560,374,#5d4f4b,13.9,0.105,0.33,a467096ad7ba80e611d287fd25ee7c72,31
2020cprize-20,2020-20,2020,2020cprize-20_p01_i03.jpg,1,3,374,560,#999390,20.7,0.044,0.581,21c9d267d77f7faac04fe2f47721f612,32
2020cprize-20,2020-20,2020,2020cprize-20_p01_i04.jpg,1,4,276,152,#90a8a3,168.9,0.121,0.611,e49332b4c5415a8569d0a49f889d75c1,33
2020cprize-20,2020-20,2020,2020cprize-20_p02_i00.jpg,2,0,560,559,#aaa193,35.9,0.121,0.621,76659db9fc7a4caa4a47e15a345e8c20,34
2020cprize-20,2020-20,2020,2020cprize-20_p02_i01.jpg,2,1,560,373,#82867b,79.2,0.042,0.503,6d5874191835e6a5a75bdac3c179ecf1,35
2020cprize-20,2020-20,2020,2020cprize-20_p02_i02.jpg,2,2,560,382,#c0c3c4,197.2,0.026,0.761,c28297c35185b7288d4fc3e2f99c04b5,36
2020cprize-20,2020-20,2020,2020cprize-20_p02_i03.jpg,2,3,540,489,#727164,58.8,0.065,0.419,3f2be642af14556810e75b12b9f4acce,37
2020cprize-20,2020-20,2020,2020cprize-20_p02_i04.jpg,2,4,500,341,#ada499,34.7,0.111,0.638,d5ce8f2243b2d8720868f9f65f27c815,38
2020cprize-21,2020-21,2020,2020cprize-21_p02_i00.jpg,2,0,560,408,#a9b0b7,209.2,0.087,0.689,562c5a0479a7872f977d8fc613e513af,39
2020cprize-25,2020-25,2020,2020cprize-25_p00_i00.jpg,0,0,560,244,#51391d,31.7,0.477,0.216,b5c085f527f40012d905fd20f5870cf0,40
2020cprize-25,2020-25,2020,2020cprize-25_p04_i00.jpg,4,0,560,243,#5d5d5f,227.4,0.007,0.368,65bc476ab55d8d9313380b650e6cc4c7,41
2020cprize-26,2020-26,2020,2020cprize-26_p01_i01.jpg,1,1,560,473,#e9e5dd,40.7,0.208,0.891,87c20a37e851adcd1324a73f6b950015,42
2020cprize-27,2020-27,2020,2020cprize-27_p00_i00.jpg,0,0,560,509,#e8ebeb,181.0,0.05,0.916,37f61c36aa800929acac4ccc31338850,43
2020cprize-28,2020-28,2020,2020cprize-28_p01_i01.jpg,1,1,519,560,#928f8e,15.1,0.014,0.565,df0995e1f4145ec284cd9f2182cdab08,44
2020cprize-28,2020-28,2020,2020cprize-28_p01_i02.jpg,1,2,260,280,#76836b,91.5,0.103,0.466,f13ed41f49839b45d745b6f0cc38d7db,45
2020cprize-28,2020-28,2020,2020cprize-28_p01_i03.jpg,1,3,374,560,#aaa193,36.2,0.118,0.623,57fcd713634672d98a93fbf4e56a1b9b,46
2020cprize-28,2020-28,2020,2020cprize-28_p01_i04.jpg,1,4,374,560,#a79680,33.2,0.185,0.578,d3ae2c09959f2be26f785670aa22d1fa,47
2020cprize-28,2020-28,2020,2020cprize-28_p01_i08.jpg,1,8,525,560,#c4c9c1,96.2,0.069,0.771,c4e72b9eac8eea7a520c30e324f54c03,48
2020cprize-28,2020-28,2020,2020cprize-28_p02_i01.jpg,2,1,526,560,#999058,52.2,0.268,0.472,95a5c8a93911998daf7d3e18acf1855d,49
2020cprize-28,2020-28,2020,2020cprize-28_p02_i02.jpg,2,2,560,420,#e7f1f5,197.1,0.406,0.933,93d23c00f6b83beab77a2ace6f6503d1,50
2020cprize-28,2020-28,2020,2020cprize-28_p02_i03.jpg,2,3,560,439,#d1d1d0,88.7,0.004,0.818,8d461034c1c7cd9a183cc626cc8b56cf,51
2020cprize-28,2020-28,2020,2020cprize-28_p03_i01.jpg,3,1,529,560,#d4c4ba,23.6,0.231,0.781,655e497d0b634cec7ccbe120df120625,52
2020cprize-28,2020-28,2020,2020cprize-28_p03_i02.jpg,3,2,527,560,#c6bbb1,27.4,0.154,0.735,b2d0b8d99ce57d3571699a7be6b9d0c6,53
2020cprize-28,2020-28,2020,2020cprize-28_p03_i03.jpg,3,3,533,560,#7e7f84,224.9,0.025,0.506,083c8d74f68ac04922b076acb3f8fb49,54
2020cprize-28,2020-28,2020,2020cprize-28_p03_i04.jpg,3,4,531,560,#a4a5a1,67.8,0.02,0.639,3bd605da7df965f89e03251e5779398c,55
2020cprize-28,2020-28,2020,2020cprize-28_p03_i05.jpg,3,5,525,560,#65685b,72.0,0.07,0.382,c43679b237cc2f810aed9ec6e821d0ce,56
2020cprize-28,2020-28,2020,2020cprize-28_p03_i06.jpg,3,6,538,430,#95979e,221.4,0.044,0.6,fded1b7bf30aeed2fd6b42fbefc6760d,57
2020cprize-28,2020-28,2020,2020cprize-28_p03_i08.jpg,3,8,529,560,#acb0ad,127.7,0.025,0.684,151cedd07b53c7df7f34634d49cae201,58
2020cprize-28,2020-28,2020,2020cprize-28_p03_i09.jpg,3,9,529,560,#b0b0aa,58.5,0.036,0.678,e4716d494fbf3d12031d3f70c91846e6,59
2020cprize-28,2020-28,2020,2020cprize-28_p03_i10.jpg,3,10,526,560,#9fa09a,62.6,0.029,0.615,af7ae9c48a80d7ddb4a271438eea676a,60
2020cprize-28,2020-28,2020,2020cprize-28_p03_i11.jpg,3,11,531,560,#705f60,358.2,0.082,0.408,54211cbe2e25ad2931277aead15291ac,61
2020cprize-28,2020-28,2020,2020cprize-28_p03_i13.jpg,3,13,478,507,#ab918c,9.7,0.155,0.609,0fd23aaa26d57d0c8e6e0a6875eb5640,62
2020cprize-29,2020-29,2020,2020cprize-29_p00_i00.jpg,0,0,560,266,#626770,216.4,0.064,0.411,5c0f43b43fc88943589427aa54795f6f,63
2020cprize-29,2020-29,2020,2020cprize-29_p01_i00.jpg,1,0,560,368,#828788,192.0,0.026,0.522,8a8941d3a4390ee352e1633730376496,225
2020cprize-29,2020-29,2020,2020cprize-29_p01_i01.jpg,1,1,407,467,#dadada,0.0,0.0,0.855,6f52127de3e57c26a8a75f56687177f3,65
2020cprize-29,2020-29,2020,2020cprize-29_p01_i02.jpg,1,2,560,332,#737579,218.7,0.024,0.464,1ed85ebb614520fb1478ae0b57bc3149,66
2020cprize-29,2020-29,2020,2020cprize-29_p02_i00.jpg,2,0,560,305,#dbddde,209.2,0.049,0.865,763ad047d18394dfca53cbf83ae443c8,224
2020cprize-31,2020-31,2020,2020cprize-31_p00_i00.jpg,0,0,560,187,#ebf1f1,181.3,0.177,0.934,1ba2dc352c6dcb31dcee2ae8c89e786e,68
2020cprize-33,2020-33,2020,2020cprize-33_p03_i00.jpg,3,0,385,560,#8c96a1,212.1,0.098,0.589,6252bb5d36954278bd0f029353a08b1f,69
2020cprize-33,2020-33,2020,2020cprize-33_p03_i01.jpg,3,1,560,533,#9ab4c7,206.2,0.288,0.693,d37e0f6adfcea9e906767e55a4497c31,70
2020cprize-33,2020-33,2020,2020cprize-33_p03_i02.jpg,3,2,560,371,#9fa6cf,231.7,0.338,0.718,9a51e6dfda23b60f75a9f3a4473e8bdb,71
2020cprize-33,2020-33,2020,2020cprize-33_p04_i00.jpg,4,0,560,398,#9a8570,30.2,0.174,0.522,6c26580039a3a89d358a27ec3bb8ee3b,72
2020cprize-33,2020-33,2020,2020cprize-33_p04_i01.jpg,4,1,560,302,#6e5e50,27.8,0.154,0.372,0fc9ae191fd6d9759209f50d8b40cbfa,73
2020cprize-33,2020-33,2020,2020cprize-33_p04_i02.jpg,4,2,560,361,#525252,0.0,0.0,0.32,67aab3d7c0519f9fa21e31b7eed32767,74
2020cprize-33,2020-33,2020,2020cprize-33_p04_i03.jpg,4,3,560,386,#b7997b,29.6,0.297,0.6,69375cb77cf68907528f4ce2a975f044,75
2020cprize-33,2020-33,2020,2020cprize-33_p04_i04.jpg,4,4,481,560,#86837c,40.4,0.04,0.506,70fcb7e041799e918359f89687b63c90,76
2020cprize-33,2020-33,2020,2020cprize-33_p04_i05.jpg,4,5,311,560,#a7a3a5,329.4,0.023,0.648,023f3bab65f9621fc4aebb65aaa5a536,77
2020cprize-33,2020-33,2020,2020cprize-33_p04_i06.jpg,4,6,492,560,#87a69e,164.4,0.15,0.59,29753bd4c1462494ef10ff43388c010f,78
2020cprize-33,2020-33,2020,2020cprize-33_p04_i07.jpg,4,7,560,259,#696f75,211.5,0.055,0.436,46d27a9d7484f9d5c5a330d71e071d8e,79
2020cprize-34,2020-34,2020,2020cprize-34_p03_i00.jpg,3,0,560,400,#efeded,358.2,0.063,0.933,d6e2f85f7899b8b99c1cb611edb0a669,232
2020cprize-35,2020-35,2020,2020cprize-35_p00_i00.jpg,0,0,560,357,#999b9f,223.0,0.03,0.612,098184f27606df7a63097642ed507a76,228
2020cprize-39,2020-39,2020,2020cprize-39_p00_i00.jpg,0,0,560,342,#b1a9a0,32.4,0.096,0.661,f5c2f4cd03d015eb5cee7f32baf3622f,166
2020cprize-39,2020-39,2020,2020cprize-39_p01_i00.jpg,1,0,520,422,#9daab6,208.4,0.145,0.664,8b53f7defd433523ee5a044ca0930a1f,83
2020cprize-40,2020-40,2020,2020cprize-40_p01_i00.jpg,1,0,560,199,#394a56,204.1,0.202,0.28,2b73f1817824557bb9dfffee44a06ecc,84
2020cprize-40,2020-40,2020,2020cprize-40_p02_i00.jpg,2,0,258,83,#86888b,207.5,0.022,0.534,cd6ab588a6dbe2086a462a41804a2b80,85
2020cprize-40,2020-40,2020,2020cprize-40_p03_i00.jpg,3,0,258,83,#888e93,207.0,0.052,0.555,dee18807ccc0050b3a169d9392aa5612,86
2020cprize-44,2020-44,2020,2020cprize-44_p00_i00.jpg,0,0,560,454,#837775,7.3,0.055,0.485,698c12d79266833e735d9d00c6fbb14d,87
2020cprize-44,2020-44,2020,2020cprize-44_p00_i01.jpg,0,1,560,446,#614a39,24.8,0.258,0.302,2fe318664585e47501de84179dacc9cb,88
2020cprize-44,2020-44,2020,2020cprize-44_p04_i00.jpg,4,0,559,559,#aba7a6,9.6,0.026,0.661,a3dde119c067eec412599e507b6462fc,89
2020cprize-44,2020-44,2020,2020cprize-44_p04_i01.jpg,4,1,560,417,#eaeae9,43.5,0.028,0.917,b91f57f52fca69d0c473ae2885549988,90
2020cprize-44,2020-44,2020,2020cprize-44_p04_i02.jpg,4,2,560,320,#f1f4ef,96.6,0.192,0.947,10fd1b76689cccec80003d88d88102cc,91
2020cprize-47,2020-47,2020,2020cprize-47_p00_i00.jpg,0,0,432,560,#8f9088,68.7,0.037,0.55,498106c59ac7a2825b8de2b6000ac1a6,92
2020cprize-47,2020-47,2020,2020cprize-47_p00_i01.jpg,0,1,432,560,#616a6f,204.0,0.067,0.409,85e60f4e37096c81554e8d57dbd7d439,93
2020cprize-47,2020-47,2020,2020cprize-47_p00_i02.jpg,0,2,285,368,#969ea4,206.5,0.067,0.616,a732a294f6669a42a84a20a72012a206,94
2020cprize-47,2020-47,2020,2020cprize-47_p00_i03.jpg,0,3,433,560,#898b84,70.5,0.025,0.531,20bf75e9e997eb12b3f935532428f8c4,95
2020cprize-50,2020-50,2020,2020cprize-50_p01_i02.jpg,1,2,560,418,#e7e7e7,0.0,0.0,0.907,116d6fe78bce0882414152e95ff57646,96
2020cprize-51,2020-51,2020,2020cprize-51_p01_i00.jpg,1,0,560,374,#a5a9aa,189.3,0.029,0.657,9980082c34b46c0501629005f197a674,97
2020cprize-51,2020-51,2020,2020cprize-51_p02_i00.jpg,2,0,560,420,#393a36,82.7,0.031,0.22,446fd2836d75c7d46937f7ee5dd6aef1,98
2020cprize-51,2020-51,2020,2020cprize-51_p02_i01.jpg,2,1,560,315,#332a1f,34.7,0.241,0.16,318c8a034e12f9f7c0686ea95a60ed7c,99
2020cprize-51,2020-51,2020,2020cprize-51_p04_i00.jpg,4,0,560,315,#474b4f,208.8,0.056,0.295,815678ac61d709cd7bb136ad4022e22a,618
2020cprize-51,2020-51,2020,2020cprize-51_p04_i02.jpg,4,2,560,295,#34322e,36.6,0.059,0.192,8c7d7bb5228d50a3a8211ce21ea32f36,618
2020cprize-51,2020-51,2020,2020cprize-51_p04_i05.jpg,4,5,560,527,#666d5a,82.5,0.095,0.391,cee471597b6d3ee5b92699045244c976,102
2020cprize-51,2020-51,2020,2020cprize-51_p04_i06.jpg,4,6,522,560,#6d6e63,62.0,0.053,0.409,9ce1ca9e98c3968b3b76102e898b7e39,103
2020cprize-53,2020-53,2020,2020cprize-53_p00_i00.jpg,0,0,560,374,#949578,61.8,0.117,0.528,7b2f49043eeb58dd777b08825b65af84,187
2020cprize-53,2020-53,2020,2020cprize-53_p00_i01.jpg,0,1,560,316,#a19383,33.0,0.138,0.571,7a7e98b1a3b78aabd5968d9081f3ee2c,188
2020cprize-53,2020-53,2020,2020cprize-53_p01_i00.jpg,1,0,560,419,#8f8883,24.2,0.053,0.537,f6eb9d17de6eda4594472750b55aa895,189
2020cprize-53,2020-53,2020,2020cprize-53_p01_i01.jpg,1,1,560,485,#e3e4e3,136.2,0.025,0.891,fdfb304d1eb7e62529fdd5dad59892fb,190
2020cprize-55,2020-55,2020,2020cprize-55_p01_i00.jpg,1,0,381,499,#c7dedc,176.2,0.254,0.825,602466d6e7dea0b694d3002cecf5807e,108
2020cprize-55,2020-55,2020,2020cprize-55_p02_i00.jpg,2,0,314,560,#a5a5a5,176.4,0.001,0.648,919f801754766fb9863caba1a7e0842e,109
2020cprize-55,2020-55,2020,2020cprize-55_p03_i00.jpg,3,0,455,560,#cdd6d7,182.7,0.111,0.823,8768b37356041947fa70f082c1157877,110
2020cprize-56,2020-56,2020,2020cprize-56_p00_i00.jpg,0,0,560,363,#c4d7c1,110.6,0.223,0.801,c08e73ba455c89644042ff3eddb694c8,111
2020cprize-57,2020-57,2020,2020cprize-57_p00_i00.jpg,0,0,217,295,#7b7b7b,0.0,0.0,0.484,0e0303f7ad57db8662bd0ac07f0617dd,112
2020cprize-57,2020-57,2020,2020cprize-57_p00_i01.jpg,0,1,220,295,#aaaaaa,0.0,0.0,0.665,2507d81482b7968a59a026c039e15382,113
2020cprize-57,2020-57,2020,2020cprize-57_p00_i02.jpg,0,2,221,295,#a2a2a2,0.0,0.0,0.634,2efc3739ddc3287a7b5a5b80533c3d6c,114
2020cprize-57,2020-57,2020,2020cprize-57_p00_i03.jpg,0,3,219,295,#989898,0.0,0.0,0.595,b9f51226d01a3e0aeccfa7654ff0ff03,115
2020cprize-57,2020-57,2020,2020cprize-57_p01_i00.jpg,1,0,560,369,#7f7f7f,0.0,0.0,0.497,f99c54fa443fabed5ff0b54d1eda831c,116
2020cprize-59,2020-59,2020,2020cprize-59_p00_i00.jpg,0,0,560,339,#cdc2b6,30.2,0.187,0.76,7725a50aeb8a60ccbcf96d9f2159d0ec,117
2020cprize-60,2020-60,2020,2020cprize-60_p00_i00.jpg,0,0,311,560,#fdecf6,325.0,0.814,0.958,0260f31cdb0fc1c176471fb53cee866f,118
2020cprize-62,2020-62,2020,2020cprize-62_p00_i00.jpg,0,0,560,295,#9d8a72,33.3,0.177,0.531,6c07b946071c725a5ffda50745ea7e58,119
2020cprize-67,2020-67,2020,2020cprize-67_p00_i00.jpg,0,0,560,343,#4d4133,30.9,0.2,0.252,a730e311210184007beea1b19b7d4bf5,120
2020cprize-68,2020-68,2020,2020cprize-68_p00_i00.jpg,0,0,560,434,#a69d9e,351.3,0.048,0.632,4bb58ca04e7f7f7ad02375e5b9bbbdda,121
2020cprize-68,2020-68,2020,2020cprize-68_p00_i01.jpg,0,1,560,420,#5c5047,27.5,0.131,0.319,3513b11d1fcca9f0aa18b554345c3d54,122
2021cprize-02,2021-02,2021,2021cprize-02_p00_i00.jpg,0,0,560,558,#474e5e,221.0,0.14,0.322,9c59c6d3c94bb65d838078bf2144ebb7,123
2021cprize-02,2021-02,2021,2021cprize-02_p00_i01.jpg,0,1,551,253,#a6a294,44.6,0.093,0.616,258c75010b7e041ce0aaddcf9e93beec,124
2021cprize-02,2021-02,2021,2021cprize-02_p02_i00.jpg,2,0,551,227,#a39178,34.6,0.189,0.556,61ccf6922a3d0e8fc2195d48536b51c0,125
2021cprize-02,2021-02,2021,2021cprize-02_p03_i00.jpg,3,0,550,550,#767676,0.0,0.0,0.461,c8b51818ede6c8562a6f55ab7ae0a761,126
2021cprize-02,2021-02,2021,2021cprize-02_p04_i00.jpg,4,0,254,253,#6c6d5f,64.8,0.07,0.399,a1e5ec19b7a4068e9da1a7791e5603d2,127
2021cprize-02,2021-02,2021,2021cprize-02_p05_i02.jpg,5,2,560,370,#949d9b,166.8,0.046,0.598,ed97fae2a037a93c97456ece2f6d8af0,128
2021cprize-02,2021-02,2021,2021cprize-02_p05_i03.jpg,5,3,560,370,#a6abb3,215.3,0.075,0.677,910038e43058287caf8be6e302ccfbb5,129
2021cprize-02,2021-02,2021,2021cprize-02_p05_i04.jpg,5,4,560,370,#a1aaa8,165.0,0.049,0.648,6f24237d30090b27c3ca8dff978ee313,130
2021cprize-04,2021-04,2021,2021cprize-04_p01_i00.jpg,1,0,560,315,#78716d,20.4,0.047,0.45,842c247e8b02dff38dfbfc701da21f64,325
2021cprize-05,2021-05,2021,2021cprize-05_p00_i00.jpg,0,0,308,200,#908f9a,245.7,0.05,0.581,5cb3b714d3930987de7fa70acc44fd33,132
2021cprize-05,2021-05,2021,2021cprize-05_p00_i01.jpg,0,1,278,308,#929292,0.0,0.0,0.572,e6deb73173cd7f635616ff409bc62865,133
2021cprize-05,2021-05,2021,2021cprize-05_p00_i02.jpg,0,2,504,308,#b7b7b7,0.0,0.0,0.718,a6c127697fe5db06c6c0ea2e480247bb,134
2021cprize-06,2021-06,2021,2021cprize-06_p00_i00.jpg,0,0,508,508,#b7b5b7,297.8,0.01,0.714,48dd7f5dd74b4f8897e105aab47835b9,135
2021cprize-08,2021-08,2021,2021cprize-08_p01_i00.jpg,1,0,291,219,#266264,182.0,0.453,0.271,04e69876705e9a18935196898aa6685a,136
2021cprize-08,2021-08,2021,2021cprize-08_p02_i00.jpg,2,0,372,280,#988f8f,0.8,0.045,0.578,0057619fa55cd4caac5ee140f50d1925,137
2021cprize-08,2021-08,2021,2021cprize-08_p02_i01.jpg,2,1,560,375,#aea496,35.9,0.131,0.635,ce0a44b8b74fa72e6fd44ff2c7aae450,138
2021cprize-08,2021-08,2021,2021cprize-08_p03_i00.jpg,3,0,560,421,#8898a8,209.2,0.155,0.595,594cc37335f040c3015b2ed4168a79a5,139
2021cprize-08,2021-08,2021,2021cprize-08_p03_i01.jpg,3,1,403,533,#aea699,37.2,0.117,0.641,561c2ba52056b0c687f28ead0b86f5e3,140
2021cprize-11,2021-11,2021,2021cprize-11_p00_i00.jpg,0,0,470,424,#f6f6f6,4.0,0.01,0.964,5512875a80d165bc3aa36871f3f82c55,141
2021cprize-11,2021-11,2021,2021cprize-11_p00_i01.jpg,0,1,498,385,#919191,0.0,0.0,0.567,9455a486918f1df68278a877dec5f8a3,142
2021cprize-11,2021-11,2021,2021cprize-11_p01_i00.jpg,1,0,496,502,#f4f2f2,351.8,0.064,0.952,f6cc0e4cc5dc12bdb1aac55e0892780a,249
2021cprize-11,2021-11,2021,2021cprize-11_p01_i01.jpg,1,1,503,518,#e9e5e6,348.5,0.081,0.905,b145f492708507f8488eeb69b3c7a439,144
2021cprize-11,2021-11,2021,2021cprize-11_p01_i02.jpg,1,2,502,463,#f2edee,352.5,0.166,0.94,a4777fc8f0d1d0d0c8a023019056fb6c,145
2021cprize-12,2021-12,2021,2021cprize-12_p00_i03.jpg,0,3,560,386,#97877b,26.3,0.12,0.537,112257e31dab1cdf3c5610da157ddf12,146
2021cprize-14,2021-14,2021,2021cprize-14_p00_i149.jpg,0,149,344,560,#dcdada,16.9,0.025,0.858,06c43571e7f21e98da9c1e53ae1aabf2,147
2021cprize-14,2021-14,2021,2021cprize-14_p01_i00.jpg,1,0,407,560,#827d76,36.2,0.049,0.487,833bf8bbf8a227338bdf4d8b1b333589,148
2021cprize-14,2021-14,2021,2021cprize-14_p01_i01.jpg,1,1,526,509,#d1d0d0,17.6,0.016,0.818,11c282c592ca485cfef4c790a32b7486,149
2021cprize-14,2021-14,2021,2021cprize-14_p01_i02.jpg,1,2,260,560,#e3e7e9,197.6,0.115,0.903,48dd4a2fbaa65bccc4341f56449aa88f,150
2021cprize-14,2021-14,2021,2021cprize-14_p01_i03.jpg,1,3,218,560,#d3d1d1,5.7,0.023,0.824,eac44f9ee36bbfc82451646dcbca9e1a,151
2021cprize-14,2021-14,2021,2021cprize-14_p02_i00.jpg,2,0,560,502,#f5f0dd,46.3,0.547,0.915,89d93866c7f8aefa0cdf32dc93a324d0,152
2021cprize-14,2021-14,2021,2021cprize-14_p02_i01.jpg,2,1,379,560,#b0a597,33.0,0.139,0.641,cd550a1fa3baef2c97c1926131b49548,153
2021cprize-15,2021-15,2021,2021cprize-15_p00_i01.jpg,0,1,292,317,#3c3f59,232.5,0.197,0.291,0cbd82a5bb92418f1fb76c59e9ba33f5,154
2021cprize-15,2021-15,2021,2021cprize-15_p00_i02.jpg,0,2,535,164,#2cb7d5,190.9,0.669,0.505,3e0e22bdbe182b255c7812fabc95a6c4,155
2021cprize-15,2021-15,2021,2021cprize-15_p01_i01.jpg,1,1,261,313,#c1c3b8,70.4,0.079,0.742,e7ce22077a92d2c3daf0e24ecd4447b1,156
2021cprize-15,2021-15,2021,2021cprize-15_p01_i02.jpg,1,2,270,311,#918f87,48.2,0.041,0.55,850d8467033c83a79f673ac50de54352,157
2021cprize-15,2021-15,2021,2021cprize-15_p02_i13.jpg,2,13,271,292,#e2e2e2,0.0,0.0,0.885,2dc197379598eb77c576436b69ef10b8,158
2021cprize-18,2021-18,2021,2021cprize-18_p00_i00.jpg,0,0,560,367,#c7c1b9,34.6,0.11,0.752,7bd8596735b5e360396a972b31dd9f15,159
2021cprize-19,2021-19,2021,2021cprize-19_p00_i00.jpg,0,0,373,221,#7e7e7e,0.0,0.0,0.496,e5a7db537de4b771eb83bb7026e42844,160
2021cprize-19,2021-19,2021,2021cprize-19_p02_i00.jpg,2,0,560,293,#5f737d,200.7,0.138,0.432,b1bfa8f1bb8b22f05ae2ce414a449193,161
2021cprize-19,2021-19,2021,2021cprize-19_p02_i01.jpg,2,1,560,294,#667564,112.6,0.079,0.427,0b7ec2f7d6cc3b62bd840b9f42ad010a,162
2021cprize-20,2021-20,2021,2021cprize-20_p00_i00.jpg,0,0,560,246,#f3eef2,315.3,0.178,0.944,931873a01be60f0149662ccad583fcc6,164
2021cprize-20,2021-20,2021,2021cprize-20_p00_i03.jpg,0,3,560,255,#f1f3f4,197.2,0.144,0.951,4ebfbbae8bebee910a5099ab8ec97577,164
2021cprize-20,2021-20,2021,2021cprize-20_p00_i04.jpg,0,4,531,369,#9c6147,18.4,0.374,0.444,9ffb871c34be8d6c849902abfe939a26,165
2021cprize-20,2021-20,2021,2021cprize-20_p02_i00.jpg,2,0,560,342,#b1aaa1,32.3,0.096,0.663,245882ce5f5bd83fd3e557287b272cd1,166
2021cprize-22,2021-22,2021,2021cprize-22_p00_i00.jpg,0,0,560,252,#727272,0.0,0.0,0.447,a61ff94649657be061dc5dba938646f9,167
2021cprize-26,2021-26,2021,2021cprize-26_p00_i00.jpg,0,0,560,366,#8b1f09,10.2,0.878,0.29,7c1c43bb6adcb349e97e4c6f7fad753b,168
2021cprize-26,2021-26,2021,2021cprize-26_p00_i01.jpg,0,1,560,373,#717b8a,215.6,0.1,0.492,1c64f6bb19a96af9914d73ba2a17d6aa,169
2021cprize-26,2021-26,2021,2021cprize-26_p00_i02.jpg,0,2,560,314,#7c3023,9.0,0.56,0.312,2da146af3b8c4fdaa6e16a9f44758693,170
2021cprize-26,2021-26,2021,2021cprize-26_p00_i03.jpg,0,3,560,330,#83857d,69.7,0.031,0.505,5e6a97740d283d877784df8b45253955,171
2021cprize-26,2021-26,2021,2021cprize-26_p01_i00.jpg,1,0,463,321,#908b85,32.6,0.046,0.544,d38d3097bc330cc92f6755350bc6b21d,172
2021cprize-26,2021-26,2021,2021cprize-26_p01_i02.jpg,1,2,560,312,#a5a69c,69.4,0.056,0.631,22938d05dd19f44d64b8db3d178f7148,173
2021cprize-26,2021-26,2021,2021cprize-26_p01_i03.jpg,1,3,560,359,#8a8789,321.0,0.015,0.535,1e069a4c4f3cd38a2215bd465ed3cdda,174
2021cprize-26,2021-26,2021,2021cprize-26_p04_i00.jpg,4,0,560,426,#909090,331.0,0.0,0.563,2a565e2cd3e25804f6dfc59aecaa823d,175
2021cprize-27,2021-27,2021,2021cprize-27_p00_i00.jpg,0,0,560,420,#c9c5bb,43.3,0.115,0.761,04c96e05584bf290e60b7fd0bc30c59d,176
2021cprize-28,2021-28,2021,2021cprize-28_p00_i00.jpg,0,0,560,393,#837f71,46.3,0.076,0.479,5832d8daabc08a75c0f2b48f9d9e04ab,177
2021cprize-28,2021-28,2021,2021cprize-28_p00_i01.jpg,0,1,279,229,#7e859a,226.7,0.12,0.55,5a0ff025e7061673675d06a1ed72150c,178
2021cprize-28,2021-28,2021,2021cprize-28_p00_i02.jpg,0,2,294,229,#959783,68.3,0.088,0.554,03852581ff1e9de1b9c85a8b50828a0e,179
2021cprize-28,2021-28,2021,2021cprize-28_p01_i00.jpg,1,0,389,259,#668a75,144.4,0.148,0.471,1c5e8a57b6da3ac00377dd1d8ca82715,180
2021cprize-28,2021-28,2021,2021cprize-28_p01_i01.jpg,1,1,503,560,#474945,83.5,0.023,0.279,0dbcdcc1a89de512bce3e51a34caa94b,181
2021cprize-33,2021-33,2021,2021cprize-33_p00_i00.jpg,0,0,551,470,#717879,187.4,0.034,0.458,dfc58560f898bcad791d582b23cb32a5,182
2021cprize-33,2021-33,2021,2021cprize-33_p00_i01.jpg,0,1,557,419,#866e55,30.9,0.225,0.429,b04cd026fdb501737796af617aea209a,183
2021cprize-33,2021-33,2021,2021cprize-33_p00_i02.jpg,0,2,551,413,#777464,48.9,0.088,0.43,52cc6864f645d6b88f4d7adf3a55b175,184
2021cprize-33,2021-33,2021,2021cprize-33_p00_i03.jpg,0,3,556,418,#7b797f,261.0,0.022,0.487,a782dcc1a64301fceac442f1494d4788,185
2021cprize-33,2021-33,2021,2021cprize-33_p02_i01.jpg,2,1,461,317,#cfccd0,297.1,0.032,0.808,628058cfc595524cc602dec9c71aaf5e,186
2021cprize-34,2021-34,2021,2021cprize-34_p00_i00.jpg,0,0,560,374,#949578,61.8,0.117,0.528,7b2f49043eeb58dd777b08825b65af84,187
2021cprize-34,2021-34,2021,2021cprize-34_p00_i01.jpg,0,1,560,316,#a19383,33.0,0.138,0.571,7a7e98b1a3b78aabd5968d9081f3ee2c,188
2021cprize-34,2021-34,2021,2021cprize-34_p01_i00.jpg,1,0,560,419,#8f8883,24.2,0.053,0.537,f6eb9d17de6eda4594472750b55aa895,189
2021cprize-34,2021-34,2021,2021cprize-34_p01_i01.jpg,1,1,560,485,#e3e4e3,136.2,0.025,0.891,fdfb304d1eb7e62529fdd5dad59892fb,190
2021cprize-35,2021-35,2021,2021cprize-35_p00_i00.jpg,0,0,560,279,#827264,29.2,0.132,0.45,f4e78c1d9c0da4f2daf3daec226b1364,191
2021cprize-37,2021-37,2021,2021cprize-37_p00_i00.jpg,0,0,560,359,#937769,19.7,0.167,0.496,c9da6d85069c073438bd819779333623,192
2021cprize-37,2021-37,2021,2021cprize-37_p01_i00.jpg,1,0,560,219,#dfdddb,26.1,0.067,0.867,c70628e63992e3bbb3f6c765ba55b06c,193
2021cprize-37,2021-37,2021,2021cprize-37_p02_i00.jpg,2,0,560,269,#9a8078,13.9,0.145,0.537,c36d14ed82ff27db143cbbc911ddf472,194
2021cprize-38,2021-38,2021,2021cprize-38_p00_i00.jpg,0,0,560,377,#cecec6,60.8,0.07,0.792,28ef7da0d104e6e3b7e90522ebe3a4eb,195
2021cprize-39,2021-39,2021,2021cprize-39_p00_i00.jpg,0,0,533,372,#b1ae9b,50.1,0.124,0.652,0daa33d1551e027ad12e343d311758ff,196
2021cprize-39,2021-39,2021,2021cprize-39_p00_i01.jpg,0,1,534,376,#647792,215.5,0.184,0.483,7f0e73bc9d3907ecb8746aab79d2e6d4,197
2021cprize-39,2021-39,2021,2021cprize-39_p00_i02.jpg,0,2,538,378,#7a6f61,34.6,0.116,0.429,267ca0d842281efcbe9801720d0c9c83,198
2021cprize-39,2021-39,2021,2021cprize-39_p00_i03.jpg,0,3,534,352,#efeded,10.8,0.069,0.934,3a4f7c32b1da13a06cf05ec5c40c053e,199
2021cprize-39,2021-39,2021,2021cprize-39_p00_i04.jpg,0,4,560,184,#6c8287,191.5,0.114,0.476,bbc10013dca98ddff6597a6211288969,200
2021cprize-39,2021-39,2021,2021cprize-39_p01_i00.jpg,1,0,560,309,#877f6d,40.7,0.108,0.479,1c2f3e7a068f6baa054073b8a0bfce9c,201
2021cprize-39,2021-39,2021,2021cprize-39_p01_i01.jpg,1,1,390,519,#8e8e8b,60.5,0.01,0.551,5832ac4aa0039a383589133de4d36ab6,202
2021cprize-39,2021-39,2021,2021cprize-39_p01_i02.jpg,1,2,560,433,#cfcfd1,231.9,0.021,0.816,d7bf74375d20dcdaf584da7be6cd32ca,203
2021cprize-40,2021-40,2021,2021cprize-40_p00_i01.jpg,0,1,502,477,#235c48,159.0,0.451,0.25,8cf769201d85a664530ea17c33c9003d,686
2021cprize-40,2021-40,2021,2021cprize-40_p00_i02.jpg,0,2,272,260,#31363e,215.6,0.121,0.216,a002a2de77b693fc126746abeb09263a,205
2021cprize-40,2021-40,2021,2021cprize-40_p00_i03.jpg,0,3,228,195,#4b5f5b,168.2,0.123,0.333,9748bd4c882ad8059db2c1f2b82e6081,206
2021cprize-40,2021-40,2021,2021cprize-40_p00_i04.jpg,0,4,402,349,#658e51,99.6,0.276,0.436,656ca916e628f0c59c9b1d63a1e99014,207
2021cprize-40,2021-40,2021,2021cprize-40_p00_i05.jpg,0,5,258,218,#344242,177.8,0.119,0.233,f0349aeaec5f34422bc6921ca61fa3f0,208
2021cprize-40,2021-40,2021,2021cprize-40_p01_i00.jpg,1,0,560,461,#f0f2f1,150.0,0.063,0.945,419cfc333d9335b60820d8bb8f78e59c,209
2021cprize-41,2021-41,2021,2021cprize-41_p01_i00.jpg,1,0,542,542,#f2dcd5,14.6,0.518,0.891,ede8618c528dd53f00dbb7acbe741052,212
2021cprize-41,2021-41,2021,2021cprize-41_p01_i01.jpg,1,1,542,542,#f0ece7,34.0,0.241,0.925,dae2a2ee98251a366f00b4d06881539f,211
2021cprize-41,2021-41,2021,2021cprize-41_p01_i02.jpg,1,2,542,542,#e6e7d9,66.8,0.229,0.88,b4467153a8e8fa1ca4688f10aecdfdb0,212
2021cprize-41,2021-41,2021,2021cprize-41_p01_i03.jpg,1,3,542,542,#e3e1de,30.8,0.085,0.881,72f4646355b3872add4b17c89aa204c3,213
2021cprize-41,2021-41,2021,2021cprize-41_p03_i00.jpg,3,0,543,543,#737646,63.1,0.258,0.367,aeada199a2e93d9ff5fc0c751abf8b12,214
2021cprize-41,2021-41,2021,2021cprize-41_p03_i01.jpg,3,1,542,542,#797a5c,62.7,0.14,0.42,5530b94f14c721c8242d75f14896da81,215
2021cprize-41,2021-41,2021,2021cprize-41_p03_i02.jpg,3,2,542,542,#815635,26.3,0.421,0.357,7f14e0a4610b1516db875b03bf3adcf4,216
2021cprize-41,2021-41,2021,2021cprize-41_p03_i03.jpg,3,3,543,543,#55662f,78.8,0.366,0.292,4b75558b67463f843faed963df3b81ab,217
2021cprize-41,2021-41,2021,2021cprize-41_p03_i04.jpg,3,4,301,402,#283853,217.6,0.344,0.242,cd61c6b179af2d5376fcd45cdec44ba3,218
2021cprize-41,2021-41,2021,2021cprize-41_p03_i05.jpg,3,5,542,402,#3a324a,258.9,0.197,0.244,455e3da97a5e6e9b6050a8ff59a91cd1,219
2021cprize-41,2021-41,2021,2021cprize-41_p03_i06.jpg,3,6,560,315,#384757,211.0,0.217,0.281,406964431ed41aeb023ebc604bb0bb42,220
2021cprize-41,2021-41,2021,2021cprize-41_p03_i07.jpg,3,7,560,385,#aba5a6,348.6,0.032,0.659,cf9cb3e97b3d4773ba8339cf55744b9c,221
2021cprize-42,2021-42,2021,2021cprize-42_p04_i00.jpg,4,0,560,331,#80817e,63.1,0.011,0.499,164a3903a676c20427f98aea60e75033,222
2021cprize-43,2021-43,2021,2021cprize-43_p00_i00.jpg,0,0,560,181,#5e6773,213.9,0.098,0.41,cf5aac1c4024f19350aba1f6167c7233,223
2021cprize-43,2021-43,2021,2021cprize-43_p01_i00.jpg,1,0,560,304,#dbddde,209.2,0.049,0.865,4d2aa37977a80c96764d8a8d9b7a6d9a,224
2021cprize-43,2021-43,2021,2021cprize-43_p02_i00.jpg,2,0,560,368,#828788,192.0,0.026,0.522,8a8941d3a4390ee352e1633730376496,225
2021cprize-43,2021-43,2021,2021cprize-43_p02_i01.jpg,2,1,555,349,#808893,214.1,0.082,0.54,a552c363aee75f066384cf5bd9172e6c,226
2021cprize-43,2021-43,2021,2021cprize-43_p02_i02.jpg,2,2,560,310,#8b887d,44.6,0.057,0.518,040d2a173ffc11a4ef6796b6277bb79a,227
2021cprize-48,2021-48,2021,2021cprize-48_p00_i00.jpg,0,0,560,341,#999b9f,222.9,0.03,0.611,872dc03fbb9a99561c3ea8e0785d1e31,228
2021cprize-49,2021-49,2021,2021cprize-49_p03_i01.jpg,3,1,560,560,#f3f4ed,70.0,0.239,0.944,4422ac989b44516c626225c6980a8f37,229
2021cprize-49,2021-49,2021,2021cprize-49_p03_i03.jpg,3,3,560,409,#f6f3f1,20.9,0.189,0.955,3006868a123a960171fdf6c0c51f1621,230
2021cprize-52,2021-52,2021,2021cprize-52_p00_i00.jpg,0,0,560,362,#d0c9c8,10.7,0.08,0.8,76bfdd2fa8d6ca4de5e5f0115f8348c9,231
2021cprize-52,2021-52,2021,2021cprize-52_p00_i01.jpg,0,1,560,400,#eeecec,357.9,0.057,0.929,4b8052dfe22c95b5acf0a8bec97ea62f,232
2021cprize-53,2021-53,2021,2021cprize-53_p00_i00.jpg,0,0,246,328,#9597a0,226.9,0.056,0.605,69d3a0fcab9b7629b4839bb378b70a13,233
2021cprize-53,2021-53,2021,2021cprize-53_p00_i01.jpg,0,1,246,324,#8f8f8d,70.1,0.011,0.556,acd0ba482f0d9b9a0a2b6ec67de1903f,234
2021cprize-54,2021-54,2021,2021cprize-54_p00_i00.jpg,0,0,560,511,#8d8d8d,0.0,0.0,0.554,316661ae903cff020d125536b631e967,237
2021cprize-54,2021-54,2021,2021cprize-54_p03_i00.jpg,3,0,560,428,#c2c5a8,66.1,0.197,0.714,a3591242670bcbd10d2e4dad4f89b342,236
2021cprize-55,2021-55,2021,2021cprize-55_p00_i00.jpg,0,0,560,511,#8d8d8d,0.0,0.0,0.554,316661ae903cff020d125536b631e967,237
2021cprize-55,2021-55,2021,2021cprize-55_p00_i01.jpg,0,1,560,560,#bab6b8,324.4,0.03,0.721,12354771715ccec0b82b3a06f47230c1,238
2021cprize-55,2021-55,2021,2021cprize-55_p03_i00.jpg,3,0,365,560,#787976,80.2,0.013,0.469,c9018e129ca8967c0b302e46bd7e4d98,239
2021cprize-56,2021-56,2021,2021cprize-56_p00_i00.jpg,0,0,560,129,#6a7373,176.7,0.043,0.433,33b289a9ca7c249fbd9ba7c30e021e05,240
2021cprize-57,2021-57,2021,2021cprize-57_p00_i00.jpg,0,0,333,332,#f8f7f7,324.2,0.056,0.969,e9a7d2301f4e632f7f7e294504015685,241
2021cprize-57,2021-57,2021,2021cprize-57_p00_i02.jpg,0,2,308,545,#bbb074,50.5,0.345,0.593,3b6a3c47c965e479ea0cd64ca1619368,242
2021cprize-57,2021-57,2021,2021cprize-57_p01_i00.jpg,1,0,560,312,#d7ddd5,101.1,0.113,0.851,7f32dbe4d0fc227646f4f80637bd709a,243
2021cprize-61,2021-61,2021,2021cprize-61_p00_i00.jpg,0,0,560,389,#847f74,39.1,0.064,0.488,697b044a8a7728f32ebe5a9049cddb40,244
2021cprize-61,2021-61,2021,2021cprize-61_p00_i01.jpg,0,1,560,388,#6a8191,204.8,0.152,0.492,ad3a81fff9e6c301f47d203490e4eae9,245
2021cprize-61,2021-61,2021,2021cprize-61_p01_i00.jpg,1,0,560,218,#aea18f,36.1,0.158,0.621,05850089aa211f0a51ca3f95580b0e0b,246
2021cprize-61,2021-61,2021,2021cprize-61_p02_i00.jpg,2,0,560,201,#777763,57.8,0.094,0.428,4e5af9472bad0eef2e2aa490baebce0a,247
2021cprize-61,2021-61,2021,2021cprize-61_p02_i01.jpg,2,1,560,198,#b8712f,28.9,0.595,0.453,d74ce04d4e5edc1bfb32641ab3da6e2a,248
2021cprize-62,2021-62,2021,2021cprize-62_p00_i00.jpg,0,0,560,550,#f1f3f1,133.2,0.075,0.949,0bb558dc125212490a00d11fd9ed9aa3,249
2022cprize-01,2022-01,2022,2022cprize-01_p01_i00.jpg,1,0,560,281,#eeeff0,215.8,0.054,0.937,5d7a7ad047bbcd775dc67b947fba2972,250
2022cprize-03,2022-03,2022,2022cprize-03_p00_i01.jpg,0,1,560,442,#d7d5d7,313.3,0.031,0.839,bde007ee489aba4a72c8c46d494f182a,251
2022cprize-03,2022-03,2022,2022cprize-03_p01_i00.jpg,1,0,560,447,#c8d4d1,165.2,0.122,0.809,ebdb3e78cbb4a73114f14d5b783b225a,252
2022cprize-03,2022-03,2022,2022cprize-03_p01_i01.jpg,1,1,560,447,#c8d4d2,169.2,0.123,0.808,db9168f21d7eb6c46ff0f0d4106b1778,253
2022cprize-03,2022-03,2022,2022cprize-03_p02_i00.jpg,2,0,560,445,#685549,22.2,0.175,0.348,0a6935fd4b5dee9692d42a53496ab2d7,254
2022cprize-03,2022-03,2022,2022cprize-03_p02_i01.jpg,2,1,560,326,#6c707b,224.2,0.067,0.453,268b5b2053e56add33961d971d280ec4,255
2022cprize-03,2022-03,2022,2022cprize-03_p02_i02.jpg,2,2,560,240,#949189,43.0,0.048,0.559,f7cda43ec8306e34f79765947bbdab0a,256
2022cprize-04,2022-04,2022,2022cprize-04_p00_i00.jpg,0,0,560,507,#e9e4d9,42.6,0.261,0.881,2fe411712f70f8feb6072ce1b335f805,561
2022cprize-05,2022-05,2022,2022cprize-05_p00_i00.jpg,0,0,560,120,#e6e9ea,187.0,0.095,0.909,09763706824c9bc4e4ea8880fb9f0221,258
2022cprize-05,2022-05,2022,2022cprize-05_p01_i00.jpg,1,0,560,536,#e1e0e0,325.9,0.015,0.88,71583b499285034d4ec54728ec87dd6a,259
2022cprize-06,2022-06,2022,2022cprize-06_p00_i00.jpg,0,0,560,300,#adcbc1,159.4,0.226,0.737,11f53bdc3a251469b92ea6be1baa01c0,260
2022cprize-06,2022-06,2022,2022cprize-06_p01_i00.jpg,1,0,560,308,#747361,57.9,0.087,0.418,6c96e406990ada5e4da713c4f130b08e,261
2022cprize-07,2022-07,2022,2022cprize-07_p00_i00.jpg,0,0,560,99,#d5c6b6,32.3,0.267,0.773,81b9e377e933867e610fec513c404d59,262
2022cprize-08,2022-08,2022,2022cprize-08_p00_i00.jpg,0,0,560,464,#f8f8fa,226.4,0.132,0.975,13a803d813ef5eaff8c91b8e1e7541a3,263
2022cprize-08,2022-08,2022,2022cprize-08_p00_i01.jpg,0,1,405,560,#eaebf1,230.4,0.205,0.931,8fcfb61acbf05fb5c351386bb1074c62,264
2022cprize-08,2022-08,2022,2022cprize-08_p02_i00.jpg,2,0,560,264,#f4f4f4,342.7,0.041,0.957,d312c6c3f71a9e1146d196dd58364639,265
2022cprize-10,2022-10,2022,2022cprize-10_p00_i00.jpg,0,0,560,199,#a2a9b0,210.4,0.079,0.663,a1028660a2cb090912b93d98471b6f22,266
2022cprize-10,2022-10,2022,2022cprize-10_p00_i01.jpg,0,1,560,186,#e9eae8,89.5,0.043,0.914,545b066329d871f44efd74a0b16a4815,267
2022cprize-10,2022-10,2022,2022cprize-10_p01_i00.jpg,1,0,560,453,#595959,0.0,0.0,0.35,14363694e3b1f283e279dd43853cd98b,268
2022cprize-10,2022-10,2022,2022cprize-10_p01_i01.jpg,1,1,560,371,#776853,35.3,0.179,0.395,0c81f66c6d545d69c28c2b24dd8cb8f9,269
2022cprize-10,2022-10,2022,2022cprize-10_p01_i02.jpg,1,2,560,373,#957a6d,19.7,0.158,0.504,5082e787a045f82db76bcb2542441093,270
2022cprize-10,2022-10,2022,2022cprize-10_p02_i00.jpg,2,0,412,472,#dad5d0,29.5,0.114,0.836,22231da6248faee083e346d9418c862a,271
2022cprize-10,2022-10,2022,2022cprize-10_p02_i01.jpg,2,1,560,323,#a0a794,81.0,0.101,0.617,85bb88cee4aee3392ed444b27c800b1b,272
2022cprize-10,2022-10,2022,2022cprize-10_p02_i02.jpg,2,2,560,373,#726f70,351.2,0.012,0.442,37cf94ac249aba7577bfbc095e5ce5a2,273
2022cprize-11,2022-11,2022,2022cprize-11_p00_i00.jpg,0,0,560,301,#c1aa8f,32.8,0.291,0.658,5f2e80e387d4ea3e788522189f15c550,274
2022cprize-11,2022-11,2022,2022cprize-11_p01_i00.jpg,1,0,560,315,#e8e0de,13.8,0.164,0.89,a6255be45fffdda70c1f5e19a5688e86,275
2022cprize-11,2022-11,2022,2022cprize-11_p01_i01.jpg,1,1,560,272,#f1f1f1,200.0,0.01,0.944,17d31cdac3a5efdf2aa261dba321f59a,521
2022cprize-11,2022-11,2022,2022cprize-11_p02_i00.jpg,2,0,560,393,#dddddd,217.8,0.007,0.866,e94ab078da5e01f478a1b89661095b85,277
2022cprize-12,2022-12,2022,2022cprize-12_p00_i00.jpg,0,0,560,554,#717375,218.7,0.017,0.452,65d0834e97e15cfbbaaf343f06a2bd70,278
2022cprize-12,2022-12,2022,2022cprize-12_p00_i01.jpg,0,1,422,413,#85807b,29.2,0.038,0.503,c591f66ae471aca79659522cb6b962d9,279
2022cprize-12,2022-12,2022,2022cprize-12_p00_i02.jpg,0,2,422,413,#a2a680,65.1,0.173,0.576,791426cd25a68a295b1f1c44d6828b99,280
2022cprize-12,2022-12,2022,2022cprize-12_p00_i03.jpg,0,3,274,268,#59756c,159.9,0.137,0.405,a3d5c4eb85e5216743582edc5ca9f8c5,281
2022cprize-12,2022-12,2022,2022cprize-12_p00_i04.jpg,0,4,423,414,#8c8e8b,116.7,0.011,0.552,7ac68ee354d7feef280f44892a0ac1d0,282
2022cprize-12,2022-12,2022,2022cprize-12_p03_i01.jpg,3,1,560,557,#dbdcdb,119.2,0.012,0.861,b7dea48e25c2eb07df400c4976e7c7c2,305
2022cprize-15,2022-15,2022,2022cprize-15_p02_i00.jpg,2,0,560,315,#344d5f,205.4,0.293,0.287,1ba07aa19abcc1b27493b385585caa2b,284
2022cprize-16,2022-16,2022,2022cprize-16_p00_i01.jpg,0,1,399,560,#a7b6cb,214.8,0.258,0.727,6cd96c9e931c126f5444e35a9961365c,285
2022cprize-16,2022-16,2022,2022cprize-16_p01_i60.jpg,1,60,560,546,#e5f3f8,196.8,0.592,0.936,7d6aa59c4459f6fe6ea913eef23c8d78,286
2022cprize-16,2022-16,2022,2022cprize-16_p01_i62.jpg,1,62,560,546,#d2eaf3,196.8,0.588,0.889,2f5a1c7bd55c4ab160045bb213296f9a,287
2022cprize-16,2022-16,2022,2022cprize-16_p01_i63.jpg,1,63,560,315,#e5dee6,292.2,0.127,0.886,0336cfddda182eb0c65c1e89a2742994,521
2022cprize-16,2022-16,2022,2022cprize-16_p01_i64.jpg,1,64,560,336,#d0c9d1,290.8,0.089,0.804,56503e75370a5e87cd3570e05d89d032,289
2022cprize-17,2022-17,2022,2022cprize-17_p00_i00.jpg,0,0,543,543,#7f494c,357.0,0.268,0.394,b93beec945a42f0c1321f6466d4d9d16,290
2022cprize-17,2022-17,2022,2022cprize-17_p00_i01.jpg,0,1,560,362,#9e9a94,36.0,0.049,0.598,fce083208904fae49476e4b3dfbbcb55,291
2022cprize-17,2022-17,2022,2022cprize-17_p00_i02.jpg,0,2,560,491,#e6e6e6,18.2,0.0,0.901,24fc0f4277571cdc642c1cecb9f99b3c,292
2022cprize-18,2022-18,2022,2022cprize-18_p00_i00.jpg,0,0,560,125,#818181,0.0,0.0,0.506,d2a1a0708b7f34412e8d42d798b5c982,293
2022cprize-18,2022-18,2022,2022cprize-18_p01_i00.jpg,1,0,560,195,#698db4,211.4,0.334,0.559,9dd37d2dbb0d27558212c42254fcc4f5,294
2022cprize-18,2022-18,2022,2022cprize-18_p02_i00.jpg,2,0,560,335,#dce4e8,199.4,0.208,0.887,76ada884930f36ac1554a12c405e1119,806
2022cprize-19,2022-19,2022,2022cprize-19_p00_i00.jpg,0,0,426,560,#8c8b7d,53.9,0.061,0.52,1faf918db47fb71622ab348589f7f00a,296
2022cprize-19,2022-19,2022,2022cprize-19_p01_i00.jpg,1,0,560,416,#5f5f5b,48.9,0.024,0.366,bb17ab1bc393b565811e47836c3e7bc7,297
2022cprize-19,2022-19,2022,2022cprize-19_p02_i00.jpg,2,0,560,386,#e1e0dd,51.5,0.056,0.873,9339d9e5ee73d5a6979ea2e85caf8af7,298
2022cprize-20,2022-20,2022,2022cprize-20_p01_i00.jpg,1,0,560,132,#787672,36.2,0.029,0.459,46d74374a5f68c6f8df05486e9001860,299
2022cprize-21,2022-21,2022,2022cprize-21_p00_i00.jpg,0,0,560,560,#938a9c,271.6,0.084,0.576,09b43b25699160b1d8fd4b8ee5399871,300
2022cprize-21,2022-21,2022,2022cprize-21_p00_i01.jpg,0,1,413,413,#908a7d,41.9,0.08,0.526,af37f6b7045357249d69a05f54e3f289,301
2022cprize-21,2022-21,2022,2022cprize-21_p00_i02.jpg,0,2,413,413,#a2a8a3,133.4,0.031,0.647,23a9e6211076f46c7e452437dd4d53f7,302
2022cprize-21,2022-21,2022,2022cprize-21_p00_i03.jpg,0,3,413,413,#928979,39.5,0.1,0.524,6f0a72afd03f6da0eba1b20e7304392e,303
2022cprize-21,2022-21,2022,2022cprize-21_p00_i04.jpg,0,4,413,413,#998d89,16.1,0.074,0.568,0a30a358cfede4115e29f3fb6eef74fe,304
2022cprize-21,2022-21,2022,2022cprize-21_p03_i01.jpg,3,1,560,557,#dbdcdb,119.2,0.012,0.861,b7dea48e25c2eb07df400c4976e7c7c2,305
2022cprize-22,2022-22,2022,2022cprize-22_p00_i00.jpg,0,0,262,560,#3e3e3e,0.0,0.0,0.242,ea8488574611c50025d66906dca004cc,306
2022cprize-22,2022-22,2022,2022cprize-22_p01_i00.jpg,1,0,260,560,#b8a6af,328.8,0.114,0.686,56df4c960d0c2c82e643dc6fe68d2197,307
2022cprize-22,2022-22,2022,2022cprize-22_p02_i00.jpg,2,0,263,560,#5a504c,18.2,0.087,0.326,86ee57fecc16f37f966c872f6ea55d02,308
2022cprize-25,2022-25,2022,2022cprize-25_p02_i00.jpg,2,0,560,376,#46464d,239.8,0.046,0.287,d0ad69b237dd2361e3cab39b6a5fab64,309
2022cprize-25,2022-25,2022,2022cprize-25_p02_i01.jpg,2,1,560,373,#5e5e5e,0.0,0.0,0.369,8feeab63d7830a2f75a7b6bb5e2be445,310
2022cprize-26,2022-26,2022,2022cprize-26_p00_i00.jpg,0,0,557,560,#d4d7d8,190.7,0.056,0.839,bbee1b2a4201eb31b38bdb3defbc8174,311
2022cprize-26,2022-26,2022,2022cprize-26_p01_i00.jpg,1,0,560,371,#f2f2f2,116.7,0.011,0.948,40d156fdd02303e7d0ca872907b57079,312
2022cprize-28,2022-28,2022,2022cprize-28_p00_i00.jpg,0,0,458,473,#292321,20.2,0.113,0.144,60a59809d36c0b32bd23227838196177,313
2022cprize-28,2022-28,2022,2022cprize-28_p00_i01.jpg,0,1,541,560,#616166,231.1,0.025,0.389,585465062039e7ea1c9dfa20018b8344,314
2022cprize-28,2022-28,2022,2022cprize-28_p00_i02.jpg,0,2,546,560,#1f2226,220.7,0.098,0.137,89b076495145d02dfa5a2490550e4004,315
2022cprize-30,2022-30,2022,2022cprize-30_p00_i00.jpg,0,0,315,469,#bfbfbf,239.9,0.005,0.749,badc5adbdb16bd23a62e3aec9d81bed2,316
2022cprize-30,2022-30,2022,2022cprize-30_p00_i01.jpg,0,1,462,459,#93989b,203.7,0.039,0.593,0e270aa074c78815051d75119a76dc83,317
2022cprize-30,2022-30,2022,2022cprize-30_p01_i00.jpg,1,0,384,391,#727a69,87.1,0.078,0.444,4f2f1bc91b954fd91aed9e0949fb572a,318
2022cprize-30,2022-30,2022,2022cprize-30_p01_i01.jpg,1,1,384,391,#766d61,32.9,0.094,0.422,11c65cca6c0463c1a2db7686c957d423,319
2023cprize-02,2023-02,2023,2023cprize-02_p00_i00.jpg,0,0,560,349,#f6f5f5,348.3,0.044,0.963,ab13cdb6f18417b100fe15fccf343a52,320
2023cprize-02,2023-02,2023,2023cprize-02_p01_i00.jpg,1,0,275,560,#f7f8f9,216.7,0.1,0.973,4c8151707cc87001031868fc94b2cb59,321
2023cprize-04,2023-04,2023,2023cprize-04_p00_i00.jpg,0,0,560,357,#5b5b5b,32.4,0.003,0.357,53e3c9f8d22775f6ed77167aa085efbf,322
2023cprize-05,2023-05,2023,2023cprize-05_p00_i00.jpg,0,0,560,280,#523b2e,22.5,0.282,0.249,6c76e646a87ec2d849d47d9cb0dc3f87,323
2023cprize-05,2023-05,2023,2023cprize-05_p02_i00.jpg,2,0,560,187,#3c352c,33.0,0.15,0.204,4bd4df8cb97bda8181cbf49c175975a2,668
2023cprize-06,2023-06,2023,2023cprize-06_p00_i00.jpg,0,0,560,316,#77706c,21.1,0.047,0.446,b90f28547005552477977b42b6176056,325
2023cprize-06,2023-06,2023,2023cprize-06_p00_i02.jpg,0,2,544,364,#836f64,20.8,0.138,0.453,664533ce2a392fbfcedc5c011d6ba878,326
2023cprize-07,2023-07,2023,2023cprize-07_p00_i00.jpg,0,0,560,153,#9b1e45,341.0,0.677,0.362,0b35c337c6c47e84342fff09d1340057,327
2023cprize-07,2023-07,2023,2023cprize-07_p00_i01.jpg,0,1,560,424,#776f71,344.5,0.034,0.452,dc9cbda4c57e9b232eaf0a6e06cf418d,328
2023cprize-07,2023-07,2023,2023cprize-07_p00_i02.jpg,0,2,560,420,#5f5a54,30.0,0.064,0.352,7cb9e810c92384f183ec3127cf807c7d,329
2023cprize-07,2023-07,2023,2023cprize-07_p00_i03.jpg,0,3,560,423,#7c6752,29.9,0.205,0.404,3b40f9a771ea58a82e5165a0ce54dfdd,330
2023cprize-07,2023-07,2023,2023cprize-07_p02_i00.jpg,2,0,482,560,#ad979a,351.7,0.119,0.637,174a7fc6d44f13ebe0c8f4f8e6e2ef8a,331
2023cprize-07,2023-07,2023,2023cprize-07_p02_i01.jpg,2,1,480,560,#b7896c,22.8,0.343,0.571,49deb1ca5830a1c97316355d9a0641f4,332
2023cprize-07,2023-07,2023,2023cprize-07_p02_i02.jpg,2,2,482,560,#998273,23.8,0.159,0.525,099ac8f118d57bb5cf201e73b6cf3f80,333
2023cprize-09,2023-09,2023,2023cprize-09_p00_i00.jpg,0,0,560,282,#363636,60.2,0.005,0.212,9e0c0d8b8be35f6a9d51777417c62a4b,334
2023cprize-11,2023-11,2023,2023cprize-11_p00_i00.jpg,0,0,560,557,#cfcfcf,0.0,0.0,0.813,9f0a01ef595bae13ab1e34fea83b72d6,335
2023cprize-11,2023-11,2023,2023cprize-11_p00_i01.jpg,0,1,560,557,#a7bbbc,183.1,0.133,0.697,575efdb328c5098394ad650fbbe00589,336
2023cprize-11,2023-11,2023,2023cprize-11_p01_i00.jpg,1,0,452,452,#bbaf95,41.9,0.218,0.658,b3ca23c7750064fbd56a0f7a30bce4ab,337
2023cprize-11,2023-11,2023,2023cprize-11_p01_i01.jpg,1,1,560,554,#46846f,158.9,0.305,0.398,59c1509de736d2f87de7ea654c3aaead,338
2023cprize-11,2023-11,2023,2023cprize-11_p02_i00.jpg,2,0,560,560,#8ec9d5,189.7,0.453,0.696,e3d93632e3728ea4281da5519349b880,339
2023cprize-11,2023-11,2023,2023cprize-11_p02_i01.jpg,2,1,560,554,#928a5d,51.0,0.223,0.469,622b1fe81eb0d50783a8573e7c0e06dc,340
2023cprize-12,2023-12,2023,2023cprize-12_p00_i00.jpg,0,0,560,315,#859096,201.4,0.076,0.554,36663264541d5048bff6051cd6630ed0,341
2023cprize-13,2023-13,2023,2023cprize-13_p00_i01.jpg,0,1,560,280,#7e7a6b,46.3,0.082,0.458,43f7c511d8f99d9d748cf5598aa91b9c,342
2023cprize-14,2023-14,2023,2023cprize-14_p00_i00.jpg,0,0,560,420,#7c8785,166.8,0.044,0.509,5b1e88f9e97fd8336a246f06a7e52f8a,728
2023cprize-15,2023-15,2023,2023cprize-15_p00_i00.jpg,0,0,298,421,#8c847d,30.9,0.061,0.518,9031d75a95fbfb0f05841ddd217e0e64,344
2023cprize-15,2023-15,2023,2023cprize-15_p00_i01.jpg,0,1,492,497,#807f87,252.5,0.036,0.514,0383e5bf2adbb8737e5e743d3bcd9031,345
2023cprize-15,2023-15,2023,2023cprize-15_p00_i02.jpg,0,2,395,560,#807b7a,14.0,0.024,0.489,446c9400927bcb13be0308121af6c117,346
2023cprize-16,2023-16,2023,2023cprize-16_p00_i00.jpg,0,0,560,207,#cbc7c5,21.6,0.058,0.785,af7d63ec943e08ed13b45187bd0d936b,347
2023cprize-16,2023-16,2023,2023cprize-16_p00_i01.jpg,0,1,560,422,#87837f,30.2,0.032,0.513,03edb48a6a98bc05310f6748f6295e48,348
2023cprize-19,2023-19,2023,2023cprize-19_p00_i00.jpg,0,0,434,402,#ced6c9,95.7,0.145,0.814,603c1f43510922ac3cf8451b531253cd,349
2023cprize-19,2023-19,2023,2023cprize-19_p00_i01.jpg,0,1,274,329,#cbd6cc,128.0,0.119,0.818,29d4962fb1e6893447899b2e4d27fe72,350
2023cprize-19,2023-19,2023,2023cprize-19_p01_i03.jpg,1,3,468,560,#6d7d8d,209.6,0.127,0.491,3dd4e935155c43631259931ecd8dcd24,351
2023cprize-20,2023-20,2023,2023cprize-20_p00_i00.jpg,0,0,560,254,#b2beac,100.9,0.122,0.711,0b8ec662996fb7dbacaef34d7cebbb57,352
2023cprize-20,2023-20,2023,2023cprize-20_p01_i00.jpg,1,0,560,374,#4f4e43,56.6,0.08,0.287,ada7a9cd8ac5211eb2cbb9c09bc2510a,353
2023cprize-20,2023-20,2023,2023cprize-20_p02_i00.jpg,2,0,560,284,#64655c,64.7,0.05,0.378,349375c3c0969ae12146c982a780653a,354
2023cprize-21,2023-21,2023,2023cprize-21_p00_i00.jpg,0,0,560,410,#f3f5f1,96.5,0.147,0.953,6e8d6d86c046564db710aa8745115db9,355
2023cprize-21,2023-21,2023,2023cprize-21_p01_i00.jpg,1,0,543,560,#f1f0f0,17.5,0.013,0.943,3ae2db8d595d6a2af4dd5d653a282f93,356
2023cprize-21,2023-21,2023,2023cprize-21_p03_i00.jpg,3,0,560,420,#d0d2c9,72.6,0.098,0.806,f93c1d37146dad30feca5209ead06a2d,521
2023cprize-21,2023-21,2023,2023cprize-21_p03_i01.jpg,3,1,532,467,#a2a296,61.3,0.06,0.613,58f507a0cb75f82e7e5a0c34dbf652d3,358
2023cprize-21,2023-21,2023,2023cprize-21_p03_i02.jpg,3,2,560,385,#afafa4,60.0,0.065,0.666,9a43f3d5986737fde6c1bf64d89b4e13,359
2023cprize-22,2023-22,2023,2023cprize-22_p00_i00.jpg,0,0,560,398,#faf9f9,359.5,0.079,0.978,c0db5e6ac06e0ef85897e4633898eced,360
2023cprize-23,2023-23,2023,2023cprize-23_p00_i00.jpg,0,0,560,362,#e4cbc0,19.4,0.403,0.823,ef4e5af265a9d3d006ec3c24bfce550a,361
2023cprize-23,2023-23,2023,2023cprize-23_p00_i01.jpg,0,1,307,346,#ceb7a4,26.4,0.299,0.726,c8130b4080543ef67cdbdba615f8b794,362
2023cprize-23,2023-23,2023,2023cprize-23_p00_i02.jpg,0,2,478,274,#e3be98,30.4,0.574,0.742,41b1f85873d94dd2312af70662fe6f08,363
2023cprize-23,2023-23,2023,2023cprize-23_p02_i00.jpg,2,0,449,299,#e7e5e4,22.5,0.072,0.9,236095667e7a178fb2f85c71084f3b80,364
2023cprize-24,2023-24,2023,2023cprize-24_p00_i00.jpg,0,0,560,420,#bebebe,0.0,0.0,0.746,5836341b41ce1e34bede17ecb2c7cd1a,365
2023cprize-25,2023-25,2023,2023cprize-25_p00_i00.jpg,0,0,560,290,#f6f6f5,64.3,0.026,0.964,d18e808e9bfaf9a20346f7160851c98f,366
2023cprize-25,2023-25,2023,2023cprize-25_p00_i01.jpg,0,1,560,275,#fcfcfb,35.2,0.108,0.987,8acc82e06a6f33e1f78c988c857746bd,367
2023cprize-26,2023-26,2023,2023cprize-26_p00_i00.jpg,0,0,560,260,#ece9e8,13.3,0.105,0.917,f25fb5e3cb01130235fe82398d7d9c79,368
2023cprize-26,2023-26,2023,2023cprize-26_p01_i00.jpg,1,0,462,462,#6e6e75,236.2,0.031,0.445,ca1f78f897b246372e2e43d991499791,369
2023cprize-26,2023-26,2023,2023cprize-26_p02_i00.jpg,2,0,440,560,#708a72,125.2,0.105,0.491,325f45cc3724ca2790d347c86eaf69c8,370
2023cprize-28,2023-28,2023,2023cprize-28_p01_i00.jpg,1,0,560,214,#afabab,352.1,0.024,0.678,b4368a8fcc4a7dc0aee7b60d296c69a0,371
2023cprize-28,2023-28,2023,2023cprize-28_p01_i01.jpg,1,1,279,365,#7b2c73,306.0,0.47,0.329,ec75192fb1d5b23b84b338d1ed532920,372
2023cprize-29,2023-29,2023,2023cprize-29_p00_i00.jpg,0,0,560,370,#c8dcdc,180.6,0.222,0.825,8af7676f3a30ad1057a1db80601c4e0a,373
2023cprize-29,2023-29,2023,2023cprize-29_p00_i01.jpg,0,1,560,326,#e0cbd0,346.4,0.244,0.837,1fda38d620979be2e7bd71fc62a9fadc,374
2023cprize-29,2023-29,2023,2023cprize-29_p00_i02.jpg,0,2,560,159,#eddbdd,351.3,0.335,0.894,e53b662c7d3295770f089c831f3d6050,375
2023cprize-29,2023-29,2023,2023cprize-29_p02_i00.jpg,2,0,560,321,#6f7f81,186.6,0.075,0.469,76f26376e2280bd2c7ae5bb5a05cb1bd,376
2023cprize-29,2023-29,2023,2023cprize-29_p02_i01.jpg,2,1,560,321,#2f2f2f,225.2,0.0,0.185,ec86069a7c17a01f3566f215169883aa,377
2023cprize-29,2023-29,2023,2023cprize-29_p02_i02.jpg,2,2,560,362,#ecde88,51.3,0.728,0.731,a9271262cbf58fcc70cbab07c74ee12e,378
2023cprize-29,2023-29,2023,2023cprize-29_p02_i03.jpg,2,3,560,362,#ded1c6,26.9,0.272,0.823,75b348ac09aab2b602a3cdd05fe26a63,379
2023cprize-30,2023-30,2023,2023cprize-30_p00_i00.jpg,0,0,206,560,#9f9f9f,0.0,0.0,0.622,3bc5cb55b48b5c1ad5240f93f679117b,503
2023cprize-30,2023-30,2023,2023cprize-30_p01_i00.jpg,1,0,560,214,#8a8a8a,0.0,0.0,0.541,0ce6dfac28ae7b1840702833aabb87cd,381
2023cprize-30,2023-30,2023,2023cprize-30_p01_i01.jpg,1,1,484,361,#7a7a7a,0.0,0.0,0.477,6150a08a4900538b086f033980d0fe8d,806
2023cprize-31,2023-31,2023,2023cprize-31_p00_i00.jpg,0,0,560,368,#cabeb1,31.6,0.19,0.741,bbeab1a8721448a79cfd6f0e0dead684,383
2023cprize-31,2023-31,2023,2023cprize-31_p00_i01.jpg,0,1,488,364,#958c87,23.0,0.06,0.557,c2b8ae6c2f1a98afcc1850979187904f,384
2023cprize-31,2023-31,2023,2023cprize-31_p00_i02.jpg,0,2,492,380,#bdbaa1,54.0,0.175,0.688,d5f18fe2078dad83fd2e43e1a1ee8f10,385
2023cprize-31,2023-31,2023,2023cprize-31_p00_i03.jpg,0,3,389,560,#8c8467,46.6,0.149,0.477,8224322d03a42f2610f7d8bdfced4abe,386
2023cprize-31,2023-31,2023,2023cprize-31_p01_i00.jpg,1,0,457,560,#b2a9a4,21.8,0.082,0.671,b984891eadb121ddf0e159500e9c3382,387
2023cprize-31,2023-31,2023,2023cprize-31_p01_i02.jpg,1,2,429,560,#514233,31.2,0.229,0.258,e6f63d3d8490d48ced7264b9b659b200,388
2023cprize-31,2023-31,2023,2023cprize-31_p02_i00.jpg,2,0,410,560,#5f5550,21.3,0.086,0.342,9ebb2985b55d5c648ed08ef3e84f57c9,389
2023cprize-31,2023-31,2023,2023cprize-31_p02_i01.jpg,2,1,378,560,#8e8f81,62.5,0.058,0.533,8c908632e3631750e35fc0c048e223ce,390
2023cprize-32,2023-32,2023,2023cprize-32_p00_i00.jpg,0,0,396,560,#99a599,122.0,0.061,0.622,77976f4ff79a31b774231f598d9841a5,504
2023cprize-32,2023-32,2023,2023cprize-32_p02_i00.jpg,2,0,560,211,#e5e8eb,210.5,0.132,0.911,f1a126c4e2a0ec25be43f6288db0d12d,505
2023cprize-33,2023-33,2023,2023cprize-33_p00_i00.jpg,0,0,517,560,#938c8d,346.1,0.033,0.562,cdbc75787b4f0c3101cdefead5fc1fdf,510
2023cprize-33,2023-33,2023,2023cprize-33_p01_i00.jpg,1,0,560,416,#79929f,200.0,0.164,0.549,47ae8f2b5642e6e9ddc6a43a7e505ab7,511
2023cprize-33,2023-33,2023,2023cprize-33_p02_i00.jpg,2,0,560,241,#ccd2d3,186.2,0.08,0.813,8a2a08e2956e1bcab37635cc86e1bdb1,512
2023cprize-33,2023-33,2023,2023cprize-33_p03_i00.jpg,3,0,533,560,#d5d4be,57.9,0.211,0.791,cb1045e2882abfa46768474e066f7327,513
2023cprize-33,2023-33,2023,2023cprize-33_p03_i01.jpg,3,1,533,560,#f8f9f9,215.0,0.057,0.975,3b45c1c49e0ad325a91bfc7d52f1a236,514
2023cprize-34,2023-34,2023,2023cprize-34_p00_i00.jpg,0,0,560,246,#2d2f2e,147.7,0.018,0.181,f5dd4ad39ae32c441e070ce6a5fa40bd,398
2023cprize-34,2023-34,2023,2023cprize-34_p00_i01.jpg,0,1,560,374,#7b7065,30.0,0.097,0.44,19d18d0435b4cb41a3789d2914fc038a,399
2023cprize-34,2023-34,2023,2023cprize-34_p01_i00.jpg,1,0,560,325,#4a473f,44.5,0.078,0.269,a81d1a8a0059047d7cbd760f95d2f0e7,400
2023cprize-34,2023-34,2023,2023cprize-34_p01_i01.jpg,1,1,560,300,#53524f,33.9,0.024,0.319,6b172001cc327fe8a8d59a81b059c87d,401
2023cprize-34,2023-34,2023,2023cprize-34_p02_i00.jpg,2,0,560,280,#90786e,19.1,0.135,0.497,670a987761c695c4a74708f771598bcd,402
2023cprize-34,2023-34,2023,2023cprize-34_p02_i01.jpg,2,1,528,285,#66635b,44.5,0.058,0.379,904b7f1e8133d107d50c5824ef3f89e2,403
2023cprize-34,2023-34,2023,2023cprize-34_p03_i00.jpg,3,0,560,374,#afb2ae,104.7,0.022,0.69,86e191d494ae4ad71fb72cd8ef555140,404
2023cprize-34,2023-34,2023,2023cprize-34_p03_i01.jpg,3,1,560,373,#babdb8,99.0,0.041,0.731,9a896c1d2a6fc68c5b34d55b93ad3b0f,405
2023cprize-34,2023-34,2023,2023cprize-34_p03_i02.jpg,3,2,394,386,#838682,108.1,0.017,0.518,778059af1fee12a9b6c0a2c15e7ac8fe,406
2023cprize-34,2023-34,2023,2023cprize-34_p03_i03.jpg,3,3,393,384,#83684f,28.8,0.243,0.412,7736679d207bf8585d7dd8f7f0ef9ebd,407
2023cprize-34,2023-34,2023,2023cprize-34_p03_i04.jpg,3,4,399,387,#807364,32.2,0.124,0.448,21061c8bf8efdf03e8baba4717aa1ed8,408
2023cprize-34,2023-34,2023,2023cprize-34_p03_i05.jpg,3,5,399,382,#7c7866,46.6,0.097,0.445,6a03d48e04abf88b71daaf2695e2c17a,409
2023cprize-35,2023-35,2023,2023cprize-35_p01_i00.jpg,1,0,460,560,#dcddd4,66.4,0.11,0.849,92309a96095626109811c0cebe1d1f4e,410
2023cprize-35,2023-35,2023,2023cprize-35_p01_i01.jpg,1,1,496,560,#e9e2d2,42.0,0.338,0.867,6792d76a6492a28ebf42bc31a3ed2fff,411
2023cprize-37,2023-37,2023,2023cprize-37_p00_i00.jpg,0,0,560,100,#857975,15.0,0.064,0.491,d665920cecbe85737734e8677ae8e23d,412
2023cprize-37,2023-37,2023,2023cprize-37_p00_i01.jpg,0,1,560,100,#d9d9d5,67.8,0.045,0.844,8bebfe563d263ee37fc9d1c60d1aa546,413
2023cprize-37,2023-37,2023,2023cprize-37_p01_i00.jpg,1,0,560,100,#756f61,42.1,0.09,0.419,15094d37317b32d70c47466394921d49,414
2023cprize-37,2023-37,2023,2023cprize-37_p02_i00.jpg,2,0,560,100,#b7aca4,24.2,0.116,0.68,227cda178f0b9a9bc2bd343d8130411e,415
2023cprize-41,2023-41,2023,2023cprize-41_p00_i01.jpg,0,1,560,183,#626e41,76.1,0.26,0.343,dfabeafbc8febe29939f0112c58219f4,416
2023cprize-41,2023-41,2023,2023cprize-41_p01_i00.jpg,1,0,560,272,#d0e0dd,169.0,0.204,0.848,1f30bfa7e0b2f2849bc44ace4c54aa40,417
2023cprize-41,2023-41,2023,2023cprize-41_p01_i01.jpg,1,1,560,358,#9fa39e,110.0,0.023,0.629,c2c86dcc5ae1aee996e9db85923fd800,418
2023cprize-41,2023-41,2023,2023cprize-41_p02_i00.jpg,2,0,560,376,#8e9580,79.5,0.089,0.542,162c9ed7adf31997f6b69b6791ecf96f,419
2023cprize-41,2023-41,2023,2023cprize-41_p02_i01.jpg,2,1,560,329,#a5b1b4,192.5,0.089,0.676,e6d185955335acda93153566e208bfcf,420
2023cprize-41,2023-41,2023,2023cprize-41_p02_i02.jpg,2,2,477,411,#7b4641,4.7,0.305,0.369,79c04219203b784ce75ae7bbb821f016,421
2023cprize-41,2023-41,2023,2023cprize-41_p02_i03.jpg,2,3,420,554,#d3d2c8,52.4,0.11,0.806,4021536be00b9131c94ab02084cb492c,422
2023cprize-41,2023-41,2023,2023cprize-41_p04_i02.jpg,4,2,560,243,#5b5752,34.2,0.051,0.339,f2c000ddbb122cd4ed81d77e54695061,423
2024cprize-01,2024-01,2024,2024cprize-01_p00_i00.jpg,0,0,460,460,#b2afab,37.7,0.047,0.684,7dcd02b6eb721581d0a805cf82a8e3b5,424
2024cprize-01,2024-01,2024,2024cprize-01_p00_i01.jpg,0,1,415,456,#a69c8f,33.5,0.113,0.607,102564ef2097892ba09c40ba2cf19409,425
2024cprize-01,2024-01,2024,2024cprize-01_p00_i02.jpg,0,2,452,452,#a0988b,36.0,0.101,0.587,486dd9cc55059b37dca664d0ccd7138f,426
2024cprize-01,2024-01,2024,2024cprize-01_p00_i03.jpg,0,3,412,460,#b3ab9f,36.3,0.115,0.661,16beba8f81b63e7d37af144133745eea,427
2024cprize-01,2024-01,2024,2024cprize-01_p00_i04.jpg,0,4,436,455,#8d887c,42.9,0.07,0.52,20de7aaf0e9978ebf80d876fe3951899,428
2024cprize-01,2024-01,2024,2024cprize-01_p03_i00.jpg,3,0,560,273,#628ca6,202.5,0.274,0.517,97c2f6283be1e06e173fbf0164aa8d3a,429
2024cprize-01,2024-01,2024,2024cprize-01_p03_i01.jpg,3,1,518,388,#e3e7e6,172.3,0.066,0.898,b50b3648821b2fd3cce0e0ac3a332ced,430
2024cprize-01,2024-01,2024,2024cprize-01_p03_i02.jpg,3,2,554,334,#f3f3f4,221.0,0.029,0.954,214813708630c63120ba5fb3f4af88e3,431
2024cprize-01,2024-01,2024,2024cprize-01_p03_i03.jpg,3,3,521,402,#5d5c5b,37.8,0.014,0.36,cda51a6d36ec863aa70662a89f72fcc6,432
2024cprize-01,2024-01,2024,2024cprize-01_p03_i04.jpg,3,4,558,411,#aeaea9,63.7,0.029,0.674,dc7b45017cb7502228fe77b205d3f652,433
2024cprize-01,2024-01,2024,2024cprize-01_p03_i05.jpg,3,5,560,361,#afa497,32.7,0.132,0.638,298f51e41cef9c34b08c94c210b2b3f2,434
2024cprize-01,2024-01,2024,2024cprize-01_p03_i06.jpg,3,6,560,246,#897a6d,29.4,0.115,0.481,1f28035878bd700252e285d6e84428a6,435
2024cprize-02,2024-02,2024,2024cprize-02_p00_i01.jpg,0,1,560,433,#bbcbc1,141.3,0.131,0.765,291bfb01b3b7ace8274011daf48c1700,436
2024cprize-02,2024-02,2024,2024cprize-02_p01_i00.jpg,1,0,560,337,#83827e,49.9,0.022,0.503,068d5055b1c5273690f3d502a69ee19f,437
2024cprize-03,2024-03,2024,2024cprize-03_p00_i00.jpg,0,0,560,420,#798b9b,208.5,0.148,0.542,3d7f869dd30132eae8e5f34ca1272132,438
2024cprize-03,2024-03,2024,2024cprize-03_p01_i00.jpg,1,0,560,151,#f4f4f4,0.0,0.0,0.955,a5dfa2bce295aa63c339df1347611152,439
2024cprize-03,2024-03,2024,2024cprize-03_p02_i00.jpg,2,0,560,410,#a3a3a3,276.7,0.0,0.64,7bfec6dfcf0b920d20b2d448fd86a30a,440
2024cprize-03,2024-03,2024,2024cprize-03_p03_i00.jpg,3,0,349,560,#c6c4c7,284.5,0.026,0.774,a250499684642b6b393ee94b7e10a25b,441
2024cprize-03,2024-03,2024,2024cprize-03_p03_i01.jpg,3,1,355,560,#9e938f,17.8,0.069,0.59,5d9229c864d16d6bd998c16d2c0441d0,442
2024cprize-04,2024-04,2024,2024cprize-04_p00_i00.jpg,0,0,560,420,#e4eaed,200.8,0.199,0.912,f71e1ed3ca6aab91a0626efcd41732a3,443
2024cprize-04,2024-04,2024,2024cprize-04_p00_i01.jpg,0,1,560,306,#dbe8ed,198.6,0.342,0.895,7935a50a723efba7d76bb7d8868207ff,444
2024cprize-04,2024-04,2024,2024cprize-04_p02_i00.jpg,2,0,467,560,#9e948a,29.5,0.093,0.58,0e57a6877223bde4a902b43eec91ede8,445
2024cprize-04,2024-04,2024,2024cprize-04_p02_i01.jpg,2,1,496,300,#837a73,28.9,0.067,0.481,b568f23365739e2ff24ef9d073e8233c,446
2024cprize-05,2024-05,2024,2024cprize-05_p00_i00.jpg,0,0,560,459,#ad97aa,307.9,0.123,0.635,a0c9e0ee3b8531b9abeef707869bf75e,447
2024cprize-05,2024-05,2024,2024cprize-05_p02_i00.jpg,2,0,560,430,#8b8065,42.8,0.157,0.47,c17ee879db1f251a5aca682fb1844775,448
2024cprize-05,2024-05,2024,2024cprize-05_p03_i00.jpg,3,0,560,315,#c6abb5,337.8,0.185,0.723,ff5724f10c00b77e0e360f5b457e7c53,449
2024cprize-06,2024-06,2024,2024cprize-06_p00_i00.jpg,0,0,318,560,#d2d5d5,175.4,0.035,0.829,1d8f9aac15072ebce08a65232e5ad4b0,450
2024cprize-08,2024-08,2024,2024cprize-08_p01_i01.jpg,1,1,560,279,#807657,45.9,0.19,0.422,157c70da7967b00d6645eaea3a58e961,451
2024cprize-08,2024-08,2024,2024cprize-08_p01_i02.jpg,1,2,560,256,#a9978d,21.2,0.143,0.607,54afcc8e0b384a4bf589e378935a7a56,452
2024cprize-08,2024-08,2024,2024cprize-08_p03_i01.jpg,3,1,411,560,#eaebeb,178.3,0.009,0.92,c72d5cbfc0579867d0059f54945fdbc4,453
2024cprize-09,2024-09,2024,2024cprize-09_p00_i00.jpg,0,0,560,264,#cccac8,26.4,0.034,0.793,364244e88bccbaa6eb27ae5ca573fe57,454
2024cprize-09,2024-09,2024,2024cprize-09_p01_i00.jpg,1,0,353,181,#cea481,27.7,0.442,0.656,9357e509e69bdd4c570544f518fd7807,455
2024cprize-09,2024-09,2024,2024cprize-09_p03_i00.jpg,3,0,249,271,#8a9389,111.7,0.047,0.557,58765e2bb7c951f64ab119f964b2c58f,456
2024cprize-09,2024-09,2024,2024cprize-09_p03_i01.jpg,3,1,315,257,#eae9e0,57.5,0.189,0.897,9b7ccb7b294c10752290d0c38df3a77e,457
2024cprize-10,2024-10,2024,2024cprize-10_p02_i00.jpg,2,0,264,169,#968d86,25.3,0.07,0.557,ff178220ac2394fd9e1fc76e0e0fe76b,458
2024cprize-10,2024-10,2024,2024cprize-10_p02_i01.jpg,2,1,264,170,#ededed,163.7,0.001,0.929,78672868991472482ee05a8a2764d580,459
2024cprize-10,2024-10,2024,2024cprize-10_p02_i02.jpg,2,2,263,172,#c3c4c4,211.0,0.004,0.767,8eba13acc46a4d04376b3949a6c3cbdb,575
2024cprize-10,2024-10,2024,2024cprize-10_p02_i03.jpg,2,3,266,172,#797979,210.3,0.0,0.474,857fd04229d31c1d77b1b1555d2fb4de,461
2024cprize-11,2024-11,2024,2024cprize-11_p01_i00.jpg,1,0,560,119,#526b66,166.9,0.132,0.371,8802f53f244aa3fe249aaeb3426584cc,462
2024cprize-11,2024-11,2024,2024cprize-11_p02_i00.jpg,2,0,560,420,#757573,51.7,0.01,0.456,de43d6f77463b092bfcafc2a47c5829b,463
2024cprize-11,2024-11,2024,2024cprize-11_p02_i01.jpg,2,1,560,295,#ae8c49,40.0,0.407,0.485,236f7a399d4e109d9c7b9ca7a57ba7ad,464
2024cprize-11,2024-11,2024,2024cprize-11_p03_i00.jpg,3,0,560,310,#736f76,278.6,0.029,0.449,b796e639b3ac68d7a8d73e647c68dea1,465
2024cprize-12,2024-12,2024,2024cprize-12_p00_i00.jpg,0,0,560,236,#9faaa0,123.0,0.061,0.646,c6dfac8fd53cafa1e2d33131f4cecb45,466
2024cprize-12,2024-12,2024,2024cprize-12_p01_i00.jpg,1,0,560,205,#ae9e7e,40.1,0.228,0.589,b88a97dbdf57470268bf2346d6d2b5a2,467
2024cprize-12,2024-12,2024,2024cprize-12_p02_i00.jpg,2,0,426,426,#ececdb,60.0,0.299,0.892,a8e3d43a5710f4f015dde6499fbddd3c,468
2024cprize-16,2024-16,2024,2024cprize-16_p00_i00.jpg,0,0,279,560,#a08453,37.9,0.318,0.477,0c25d10001013dd11267e64ebf33b84f,658
2024cprize-16,2024-16,2024,2024cprize-16_p00_i01.jpg,0,1,279,560,#9c7b4e,34.6,0.33,0.459,26915baf02a7b2d46e031b4250cc9882,470
2024cprize-16,2024-16,2024,2024cprize-16_p01_i00.jpg,1,0,445,560,#d4c5c9,346.1,0.144,0.803,1e02e453f0253613c5272372ea0a49fc,471
2024cprize-16,2024-16,2024,2024cprize-16_p01_i01.jpg,1,1,393,560,#d3d7cf,88.7,0.09,0.829,7f7ca85974b2ad451d55fea4ccdf181e,472
2024cprize-18,2024-18,2024,2024cprize-18_p00_i00.jpg,0,0,512,471,#e6e8d9,65.3,0.238,0.88,58dfb84f9b034e5a1b1ddf9540f56fc4,473
2024cprize-19,2024-19,2024,2024cprize-19_p02_i00.jpg,2,0,560,528,#323030,359.7,0.017,0.193,2ae1a557d4a1c2f53efd411792ce0838,474
2024cprize-19,2024-19,2024,2024cprize-19_p02_i01.jpg,2,1,560,555,#3d3f4e,230.5,0.129,0.272,6629366e79781a7b8c3828bc6301e40b,732
2024cprize-21,2024-21,2024,2024cprize-21_p00_i00.jpg,0,0,560,410,#6d6b68,32.7,0.026,0.417,fa3f2311c0c5a9c19129609f569fdfbe,476
2024cprize-23,2024-23,2024,2024cprize-23_p01_i00.jpg,1,0,560,362,#f7f6f5,41.1,0.096,0.964,0923e97cea77bd7e62ed8b0ba17232f0,477
2024cprize-23,2024-23,2024,2024cprize-23_p01_i01.jpg,1,1,560,420,#736155,24.8,0.148,0.391,c06ae5120893569f2592be6b487767e6,478
2024cprize-23,2024-23,2024,2024cprize-23_p01_i02.jpg,1,2,560,449,#f7f7f7,0.0,0.0,0.968,3d8dcdb18baec4c6e9964209df1d36db,479
2024cprize-23,2024-23,2024,2024cprize-23_p02_i00.jpg,2,0,560,363,#777154,49.1,0.172,0.399,730d74c9ae731c75b8c7b3a668a28090,480
2024cprize-23,2024-23,2024,2024cprize-23_p02_i11.jpg,2,11,560,449,#9ea08a,66.2,0.105,0.586,ac48e4d70b7a7428a7c8089dc6c59def,481
2024cprize-24,2024-24,2024,2024cprize-24_p00_i00.jpg,0,0,560,433,#b36c04,35.6,0.955,0.36,4f3df007e7eafaf0e7cebadf25f81003,482
2024cprize-24,2024-24,2024,2024cprize-24_p00_i01.jpg,0,1,560,437,#cdc9c4,30.1,0.082,0.787,116691771539a25d85199cb05ebdb3fe,483
2024cprize-24,2024-24,2024,2024cprize-24_p01_i00.jpg,1,0,560,491,#607184,210.9,0.159,0.446,594e7343a08c5d82936f4077b35fcf3e,484
2024cprize-24,2024-24,2024,2024cprize-24_p01_i01.jpg,1,1,560,420,#817f76,45.3,0.046,0.485,1987a642b564e68af9bb4dbb937e2145,485
2024cprize-24,2024-24,2024,2024cprize-24_p01_i02.jpg,1,2,538,560,#8e8381,10.3,0.053,0.53,a61aa12364862a9f662fed2049bf750c,486
2024cprize-24,2024-24,2024,2024cprize-24_p01_i03.jpg,1,3,537,560,#8e827c,19.7,0.072,0.52,ade2ac2a73a9587e182fdea279a45f46,487
2024cprize-24,2024-24,2024,2024cprize-24_p01_i04.jpg,1,4,560,414,#6d6a5e,50.1,0.073,0.398,9c0ee79b04566a66f4478c6b27c9381d,488
2024cprize-24,2024-24,2024,2024cprize-24_p01_i05.jpg,1,5,560,424,#86887d,70.4,0.042,0.511,2d942e2e87e5a34fc6d8215738fafd40,489
2024cprize-24,2024-24,2024,2024cprize-24_p02_i00.jpg,2,0,560,437,#f2f3f0,88.0,0.127,0.947,ddd187a4282e0ec4eca521c323fdb71f,490
2024cprize-24,2024-24,2024,2024cprize-24_p02_i01.jpg,2,1,560,334,#f8f8f8,264.8,0.024,0.972,fcb3cd236814c335541b2f18851ac4aa,491
2024cprize-24,2024-24,2024,2024cprize-24_p02_i02.jpg,2,2,560,318,#737273,329.1,0.003,0.45,e44d69c2c243ff726055af226f01dd09,492
2024cprize-24,2024-24,2024,2024cprize-24_p05_i00.jpg,5,0,560,401,#b1a6a5,7.5,0.073,0.669,dee7d4efacb8061fafd6d7be4d0c4377,493
2024cprize-25,2024-25,2024,2024cprize-25_p00_i00.jpg,0,0,560,355,#fbfcfb,87.4,0.063,0.986,21cc4b29b9c61b15a6eb713ea4480664,494
2024cprize-25,2024-25,2024,2024cprize-25_p02_i00.jpg,2,0,560,363,#d9dcd4,87.9,0.102,0.848,5f3d86c52c82de758535db670f3e47a3,495
2024cprize-26,2024-26,2024,2024cprize-26_p00_i00.jpg,0,0,560,311,#e1e5e4,168.8,0.065,0.889,83ceab1395bd4435af025d3b04a82b08,496
2024cprize-26,2024-26,2024,2024cprize-26_p02_i00.jpg,2,0,560,411,#e1e2d9,66.0,0.135,0.869,554922d89e6c481a06457e11851d4c51,497
2024cprize-27,2024-27,2024,2024cprize-27_p00_i00.jpg,0,0,560,248,#aeaba7,34.1,0.041,0.669,a4dc8d8395d6fadeca7df24fb700b858,498
2024cprize-27,2024-27,2024,2024cprize-27_p01_i00.jpg,1,0,560,326,#ad968a,20.7,0.176,0.609,24e4c9c135534eff4a6e36092bdea5c5,499
2024cprize-27,2024-27,2024,2024cprize-27_p01_i01.jpg,1,1,560,347,#7d726c,18.8,0.071,0.458,22ab95f46346a5b0035d3f2bc82299f6,500
2024cprize-28,2024-28,2024,2024cprize-28_p00_i00.jpg,0,0,560,546,#5f5a56,24.0,0.046,0.355,5169f489bd3e467390132a4c896d4c95,612
2024cprize-28,2024-28,2024,2024cprize-28_p00_i01.jpg,0,1,560,315,#555555,0.0,0.0,0.334,e8c3d7ab54b14cdb321bd4ed69921721,502
2024cprize-28,2024-28,2024,2024cprize-28_p03_i00.jpg,3,0,206,560,#9f9f9f,0.0,0.0,0.623,78bfa5f62763ee56660f065cdbaaf869,503
2024cprize-29,2024-29,2024,2024cprize-29_p00_i00.jpg,0,0,396,560,#8d9b8d,122.7,0.067,0.58,e8570ddd2d533ba15322c5951a1bdf69,504
2024cprize-29,2024-29,2024,2024cprize-29_p01_i00.jpg,1,0,560,211,#e6e8eb,212.6,0.117,0.912,4931e29a63ab89e62fc7b8bd23ff5dee,505
2024cprize-29,2024-29,2024,2024cprize-29_p02_i00.jpg,2,0,560,312,#969087,36.4,0.065,0.56,2bf881089c494ab8753f5c9ff6908a88,506
2024cprize-29,2024-29,2024,2024cprize-29_p02_i01.jpg,2,1,308,487,#96837f,11.1,0.098,0.542,57036fedee5b86ef0665628b6afcb3bd,507
2024cprize-29,2024-29,2024,2024cprize-29_p02_i02.jpg,2,2,314,487,#9d998d,43.8,0.076,0.585,318d5c06394236f21e77d223dd174fe4,508
2024cprize-29,2024-29,2024,2024cprize-29_p02_i03.jpg,2,3,314,490,#84786f,25.1,0.083,0.476,c7444195026710ef0cb1dc813d08a980,509
2024cprize-30,2024-30,2024,2024cprize-30_p00_i00.jpg,0,0,516,560,#948c8e,346.4,0.034,0.565,809c3b515e1e73998b26235d4a9b6c0a,510
2024cprize-30,2024-30,2024,2024cprize-30_p01_i00.jpg,1,0,560,416,#79929f,200.0,0.164,0.549,47ae8f2b5642e6e9ddc6a43a7e505ab7,511
2024cprize-30,2024-30,2024,2024cprize-30_p02_i00.jpg,2,0,560,241,#ccd2d3,186.2,0.08,0.813,8a2a08e2956e1bcab37635cc86e1bdb1,512
2024cprize-30,2024-30,2024,2024cprize-30_p03_i00.jpg,3,0,533,560,#d5d4be,57.9,0.211,0.791,cb1045e2882abfa46768474e066f7327,513
2024cprize-30,2024-30,2024,2024cprize-30_p03_i01.jpg,3,1,533,560,#f8f9f9,215.0,0.057,0.975,3b45c1c49e0ad325a91bfc7d52f1a236,514
2024cprize-31,2024-31,2024,2024cprize-31_p00_i00.jpg,0,0,560,391,#726058,18.9,0.129,0.395,ae39967d8981bb68378bf89ac4171acc,515
2024cprize-32,2024-32,2024,2024cprize-32_p00_i00.jpg,0,0,560,166,#7a857a,118.7,0.042,0.5,9890133c682c9766e32d19ca2f954c11,516
2024cprize-32,2024-32,2024,2024cprize-32_p00_i01.jpg,0,1,560,165,#5f5d43,56.1,0.172,0.316,9d87cd16ba02b9a6653931755ef03488,517
2024cprize-32,2024-32,2024,2024cprize-32_p01_i00.jpg,1,0,560,560,#4e595a,185.8,0.073,0.331,c32bd241a5e495975627626e55c7b10d,518
2024cprize-32,2024-32,2024,2024cprize-32_p01_i01.jpg,1,1,560,560,#4b5335,75.4,0.22,0.266,61cf856400b4b43c7abb178e8f8b8925,519
2024cprize-32,2024-32,2024,2024cprize-32_p01_i02.jpg,1,2,560,560,#7f8e9b,209.3,0.124,0.554,707d48b36699d35a0b354d51c504d114,520
2024cprize-32,2024-32,2024,2024cprize-32_p02_i00.jpg,2,0,560,315,#b8b9b7,97.7,0.012,0.722,e49f08b03f8c024a5cf524c1b4541d77,521
2024cprize-34,2024-34,2024,2024cprize-34_p00_i00.jpg,0,0,425,560,#d0e4d7,140.7,0.27,0.856,265077a36112d8339090f33ce2c2b621,522
2024cprize-34,2024-34,2024,2024cprize-34_p00_i02.jpg,0,2,509,540,#bfc8aa,77.1,0.209,0.726,7865ea035e1b78cdf135a4aa8ffff33a,523
2024cprize-34,2024-34,2024,2024cprize-34_p00_i03.jpg,0,3,420,335,#f0f0f0,224.4,0.011,0.94,1cf3c97dac0bfbbcedfae8598e7fd907,524
2024cprize-34,2024-34,2024,2024cprize-34_p01_i00.jpg,1,0,375,560,#5f6659,89.8,0.072,0.374,e5af54b69bb588376d9e7da8c0934187,655
2024cprize-34,2024-34,2024,2024cprize-34_p03_i01.jpg,3,1,347,560,#caccc8,98.9,0.038,0.793,8b59fea53db98d7e03fe6c2a03449281,656
2024cprize-34,2024-34,2024,2024cprize-34_p04_i01.jpg,4,1,312,560,#838a72,76.8,0.096,0.494,a6bd928c305b6c174bc2858fec03afca,657
2024cprize-35,2024-35,2024,2024cprize-35_p00_i00.jpg,0,0,560,340,#767676,0.0,0.0,0.464,2d2b1f3580234f24047575aa604cf0f6,528
2024cprize-35,2024-35,2024,2024cprize-35_p02_i00.jpg,2,0,560,308,#bebbba,17.9,0.033,0.737,a4d2e5da7ec088a5c916cf422b13200b,529
2024cprize-35,2024-35,2024,2024cprize-35_p02_i01.jpg,2,1,560,325,#b7bdb6,112.5,0.047,0.727,98627ad0c41ff834f70f042482c46080,530
2024cprize-35,2024-35,2024,2024cprize-35_p02_i02.jpg,2,2,560,155,#5e5d5d,13.5,0.002,0.366,42a9dea2d382d6d17d475a33f33fff4b,531
2024cprize-37,2024-37,2024,2024cprize-37_p01_i00.jpg,1,0,560,435,#e1e1e1,250.3,0.0,0.884,3e933c2ad97b3dd247dfac3f33dfcc12,532
2024cprize-37,2024-37,2024,2024cprize-37_p01_i01.jpg,1,1,291,288,#808080,0.0,0.0,0.501,b356a78dea753caa1ccf3cba3c54a5ac,533
2024cprize-37,2024-37,2024,2024cprize-37_p01_i02.jpg,1,2,560,361,#79908d,172.0,0.095,0.519,dc487576d1bf6a67fb167b33656ff277,534
2024cprize-37,2024-37,2024,2024cprize-37_p01_i03.jpg,1,3,560,307,#9e8d70,37.7,0.19,0.529,fae149b9d5e8f70638cc093a8af913ba,535
2024cprize-37,2024-37,2024,2024cprize-37_p01_i04.jpg,1,4,560,475,#efefef,0.0,0.0,0.939,81fdd7929dbe58248d8ab2ee3af2faba,536
2024cprize-38,2024-38,2024,2024cprize-38_p00_i00.jpg,0,0,428,560,#7c7c7c,0.0,0.0,0.485,2b2c109367c7b80dc3172ede28934bee,537
2024cprize-38,2024-38,2024,2024cprize-38_p02_i00.jpg,2,0,560,307,#807360,35.5,0.14,0.439,b98e4f93bb31a15ec44647d615fd6fc3,538
2024cprize-39,2024-39,2024,2024cprize-39_p00_i00.jpg,0,0,560,323,#9d9aac,249.6,0.095,0.638,1b794a6e7e969485e3a28abab68353ec,539
2024cprize-39,2024-39,2024,2024cprize-39_p01_i00.jpg,1,0,560,329,#dcdbdc,278.0,0.016,0.862,8f1ae08cb1a9af1e3e1ca68e5e1deef5,540
2024cprize-40,2024-40,2024,2024cprize-40_p01_i00.jpg,1,0,560,347,#969696,0.0,0.0,0.586,627c1a77abb926e878d28b4e02c04b36,541
2024cprize-40,2024-40,2024,2024cprize-40_p01_i01.jpg,1,1,560,351,#dbdbdb,0.0,0.0,0.86,fc89a7d373cc2ae198360afc5e036f91,542
2024cprize-40,2024-40,2024,2024cprize-40_p01_i02.jpg,1,2,560,346,#5b5b5b,0.0,0.0,0.358,d07bc574ed5106b5eea839fdece757d1,543
2024cprize-40,2024-40,2024,2024cprize-40_p01_i03.jpg,1,3,560,343,#9f9f9f,0.0,0.0,0.622,a5ce9600b1c057fe41e899c7ab5c684f,544
2024cprize-40,2024-40,2024,2024cprize-40_p01_i04.jpg,1,4,560,340,#5a5a5a,0.0,0.0,0.354,30582512dbb923711941aaf6bfaecd4a,545
2024cprize-41,2024-41,2024,2024cprize-41_p00_i00.jpg,0,0,560,314,#858d96,209.6,0.075,0.554,4d0a92c5ff23ccb0e8e768ffa261ac6f,546
2024cprize-41,2024-41,2024,2024cprize-41_p01_i00.jpg,1,0,560,420,#c9d2d6,197.9,0.133,0.814,ca8d642be46a030c7ea77609d943ee9a,547
2024cprize-43,2024-43,2024,2024cprize-43_p00_i00.jpg,0,0,560,560,#ecf4eb,113.7,0.279,0.939,d5560a8d69187477e8ae3c13eb9c5409,548
2024cprize-43,2024-43,2024,2024cprize-43_p00_i01.jpg,0,1,560,281,#f4dca8,41.2,0.774,0.808,97d33598dc5e294135ef59612afce143,549
2025cprize-01,2025-01,2025,2025cprize-01_p00_i00.jpg,0,0,397,560,#cecece,0.0,0.0,0.806,b5496e9c2b87b54df93fc0946a7cc634,550
2025cprize-01,2025-01,2025,2025cprize-01_p00_i01.jpg,0,1,560,356,#babdbf,207.3,0.039,0.74,edecc58659f1c41f9b805092d9b5eb65,551
2025cprize-02,2025-02,2025,2025cprize-02_p00_i01.jpg,0,1,560,395,#f2f0f0,1.0,0.068,0.946,1c26a089d18d7c6d8b0151049a4a98f4,552
2025cprize-02,2025-02,2025,2025cprize-02_p01_i00.jpg,1,0,560,412,#f4f6f7,200.0,0.17,0.964,65a45a3fe67de43d0b86db26e0e248cc,553
2025cprize-02,2025-02,2025,2025cprize-02_p02_i00.jpg,2,0,560,430,#b39b88,26.4,0.223,0.619,391773e34c052a43dea47e389a4f10db,554
2025cprize-02,2025-02,2025,2025cprize-02_p02_i01.jpg,2,1,560,426,#9ec1df,207.5,0.504,0.747,ce482807c90f5cb4a50c1bca2d7d2fe9,555
2025cprize-03,2025-03,2025,2025cprize-03_p00_i00.jpg,0,0,366,560,#f1f1f9,243.8,0.409,0.96,42d3336f6c42c3e137f715ba248f1713,556
2025cprize-04,2025-04,2025,2025cprize-04_p00_i00.jpg,0,0,560,241,#7b7774,27.8,0.031,0.469,ad6bf21c724c93c8a6b9011bae688f9d,557
2025cprize-04,2025-04,2025,2025cprize-04_p00_i01.jpg,0,1,560,242,#5f625c,95.8,0.028,0.373,cd47f47e84a16e641a5d7aa82a30f0f4,558
2025cprize-04,2025-04,2025,2025cprize-04_p00_i02.jpg,0,2,560,241,#a49a9a,2.1,0.052,0.623,f458b5492b9d98105b94b482feadca3d,559
2025cprize-04,2025-04,2025,2025cprize-04_p00_i03.jpg,0,3,560,241,#58676e,198.9,0.109,0.388,f3657d9b380d9fae8d7608b8d1b8361c,560
2025cprize-04,2025-04,2025,2025cprize-04_p01_i00.jpg,1,0,238,323,#242528,229.5,0.048,0.148,6329cb86ef5d8fe1ab0533eeccb3eb5d,561
2025cprize-04,2025-04,2025,2025cprize-04_p01_i01.jpg,1,1,243,323,#a0896e,32.7,0.208,0.531,0bc9f80316052d2a0450e62ecbf96f4d,562
2025cprize-04,2025-04,2025,2025cprize-04_p03_i00.jpg,3,0,450,362,#dfe0dc,71.0,0.064,0.871,eecc214aa063f43684d505ae348d2972,563
2025cprize-04,2025-04,2025,2025cprize-04_p03_i01.jpg,3,1,451,296,#40413f,78.1,0.01,0.251,93f9e791a7af5d991c5ddeca64367dc7,564
2025cprize-04,2025-04,2025,2025cprize-04_p03_i02.jpg,3,2,448,330,#878787,0.0,0.0,0.528,9b547940fc48d1016df5ca53996158b3,565
2025cprize-04,2025-04,2025,2025cprize-04_p03_i03.jpg,3,3,449,349,#705d3e,37.1,0.286,0.34,53b77b2fc8fe52aae6e8c662bc2eb0fc,566
2025cprize-06,2025-06,2025,2025cprize-06_p00_i00.jpg,0,0,456,456,#d2b8b0,13.7,0.272,0.758,fa93554e870e739d9c284417571ff426,567
2025cprize-06,2025-06,2025,2025cprize-06_p00_i01.jpg,0,1,560,557,#9b8f84,28.3,0.1,0.562,b715fe64797d1a3444c737e3e533f814,568
2025cprize-06,2025-06,2025,2025cprize-06_p01_i00.jpg,1,0,455,455,#7a8368,80.0,0.112,0.461,a29f98d0aa344e5e03941b04ac5bab1b,569
2025cprize-06,2025-06,2025,2025cprize-06_p01_i01.jpg,1,1,560,554,#9f9f9f,300.0,0.0,0.623,2fb410687ab45f9433928cb49e6fac7c,570
2025cprize-06,2025-06,2025,2025cprize-06_p02_i00.jpg,2,0,454,451,#8c8c79,61.8,0.078,0.513,bb0d96579e9a4f146f4c68e4081ee5c8,571
2025cprize-06,2025-06,2025,2025cprize-06_p02_i01.jpg,2,1,455,453,#a2b086,79.0,0.21,0.606,ddb17173716c505105634351000b7d05,572
2025cprize-07,2025-07,2025,2025cprize-07_p00_i01.jpg,0,1,560,419,#dcf5df,127.8,0.552,0.912,2a50425dbcb5b02367bff92a1a78df17,573
2025cprize-07,2025-07,2025,2025cprize-07_p02_i00.jpg,2,0,560,349,#8d847d,25.3,0.069,0.522,63847aefacad8ff77d36b72399883bbb,574
2025cprize-07,2025-07,2025,2025cprize-07_p02_i01.jpg,2,1,560,365,#c4c4c4,211.8,0.004,0.769,047ff2a4f87ac6663b08f4ea53b0be33,575
2025cprize-07,2025-07,2025,2025cprize-07_p02_i02.jpg,2,2,542,304,#a7a198,35.3,0.079,0.624,cdcd4c29d97f6f8ae3b15f0d9f9db5bf,576
2025cprize-07,2025-07,2025,2025cprize-07_p02_i03.jpg,2,3,560,315,#f5ebe9,12.6,0.362,0.936,9de0530fae23eeba0dbed492c4959a17,577
2025cprize-07,2025-07,2025,2025cprize-07_p02_i04.jpg,2,4,560,350,#c6c0b2,43.8,0.145,0.737,94d85a7248f1c4368dddfa61f50c8a2a,578
2025cprize-07,2025-07,2025,2025cprize-07_p02_i05.jpg,2,5,560,320,#eaeaea,314.6,0.009,0.918,1a85d4d8b0359c9d4760fd67c0967599,579
2025cprize-08,2025-08,2025,2025cprize-08_p00_i00.jpg,0,0,560,507,#eeefeb,72.2,0.112,0.93,9394c54c6e5874eb50d10f11a3498e1a,580
2025cprize-09,2025-09,2025,2025cprize-09_p00_i00.jpg,0,0,560,373,#7b7b74,58.6,0.029,0.47,a31e7d7a7ebfb5c0705f8617c3db0fa6,581
2025cprize-09,2025-09,2025,2025cprize-09_p00_i01.jpg,0,1,560,315,#737579,217.6,0.024,0.463,f9b7da3f5288b83704314aa96d60780a,582
2025cprize-10,2025-10,2025,2025cprize-10_p05_i01.jpg,5,1,358,206,#8a807f,4.0,0.047,0.52,90611ba9199164715cfc18c5a389e53d,725
2025cprize-10,2025-10,2025,2025cprize-10_p05_i02.jpg,5,2,473,205,#666658,62.5,0.078,0.372,a4eb8e716810a9894abca7307d0ef80c,726
2025cprize-10,2025-10,2025,2025cprize-10_p05_i03.jpg,5,3,393,205,#999c8e,71.3,0.064,0.585,96d7948e91d250597baef46936761121,727
2025cprize-13,2025-13,2025,2025cprize-13_p00_i00.jpg,0,0,235,154,#696561,28.5,0.038,0.396,4993ba32a05cdc644c0e753059789c19,586
2025cprize-13,2025-13,2025,2025cprize-13_p00_i01.jpg,0,1,229,153,#6f7572,154.2,0.029,0.446,264099162af6fed7fcbe403de935dc80,587
2025cprize-13,2025-13,2025,2025cprize-13_p00_i06.jpg,0,6,236,154,#947355,28.7,0.272,0.457,675bc318bba6cac590b1ab009b07518b,588
2025cprize-13,2025-13,2025,2025cprize-13_p01_i00.jpg,1,0,242,201,#dee2e3,193.4,0.083,0.88,707291bb07a3f24df8f26a1f1c14a216,589
2025cprize-13,2025-13,2025,2025cprize-13_p01_i01.jpg,1,1,308,204,#dde3e7,205.9,0.181,0.888,8782b63841aeb3e97e1248f4c9adb38d,715
2025cprize-14,2025-14,2025,2025cprize-14_p00_i00.jpg,0,0,274,560,#e9eaeb,232.3,0.03,0.918,9223bbcb983067b082fea691bf3361d2,591
2025cprize-16,2025-16,2025,2025cprize-16_p00_i00.jpg,0,0,560,486,#f4d9d4,9.6,0.588,0.894,91e02dbecbf3c75049a8dd1f6b157c50,592
2025cprize-16,2025-16,2025,2025cprize-16_p00_i02.jpg,0,2,371,370,#a29889,35.5,0.121,0.586,a2cda9b92d0518da60aaea1ec06a0a57,593
2025cprize-16,2025-16,2025,2025cprize-16_p01_i00.jpg,1,0,266,179,#86837b,43.4,0.043,0.502,ddaf96eac5ee4b813151894a88b60346,594
2025cprize-16,2025-16,2025,2025cprize-16_p01_i01.jpg,1,1,474,306,#5a5c50,71.8,0.068,0.339,f58d51efa26d5becf6dbce4e4fb14b57,595
2025cprize-16,2025-16,2025,2025cprize-16_p02_i00.jpg,2,0,480,560,#e8e8e8,0.0,0.0,0.908,2bde02884905fc7dbe059f4c01b70b8f,596
2025cprize-16,2025-16,2025,2025cprize-16_p02_i01.jpg,2,1,542,434,#8c8c8c,0.0,0.0,0.549,c94bfd5641bd4384f67ecf1cef610916,597
2025cprize-16,2025-16,2025,2025cprize-16_p03_i00.jpg,3,0,560,423,#faf7f8,354.0,0.203,0.975,7d3da90934c62ca514a5aa1ca78d3e43,598
2025cprize-16,2025-16,2025,2025cprize-16_p04_i00.jpg,4,0,539,404,#9a897a,28.5,0.137,0.542,d256b9773cf27f9eda3b3a8245d80ad8,599
2025cprize-16,2025-16,2025,2025cprize-16_p04_i01.jpg,4,1,538,531,#696c5d,73.3,0.072,0.395,034388977af73eef42f6318fc3e54b80,600
2025cprize-16,2025-16,2025,2025cprize-16_p04_i02.jpg,4,2,322,410,#80766d,29.0,0.081,0.463,50c91cb6b21a84002d87c3857967280a,601
2025cprize-16,2025-16,2025,2025cprize-16_p04_i13.jpg,4,13,560,284,#e0ebe2,131.6,0.232,0.9,f3a7ca907aa7e6f595321909dee56d4d,602
2025cprize-16,2025-16,2025,2025cprize-16_p04_i17.jpg,4,17,560,337,#e3d6c5,34.0,0.356,0.831,42d374d265201eb6748fefba543b6b2f,603
2025cprize-18,2025-18,2025,2025cprize-18_p00_i00.jpg,0,0,560,483,#f6f9f8,162.0,0.174,0.97,5e0ed0c9d928d43946b3bfef3a549417,604
2025cprize-18,2025-18,2025,2025cprize-18_p01_i00.jpg,1,0,501,406,#a2a2a2,0.0,0.0,0.634,bf0f06903b96fd3774734250555fa640,605
2025cprize-18,2025-18,2025,2025cprize-18_p02_i00.jpg,2,0,560,393,#eaebed,218.4,0.063,0.924,7e6b9d4429af5661caa1e6d4b7efd96d,606
2025cprize-20,2025-20,2025,2025cprize-20_p03_i00.jpg,3,0,560,316,#a89e95,29.9,0.102,0.622,184450c43e9456c9b9b95d48d445030f,607
2025cprize-20,2025-20,2025,2025cprize-20_p04_i00.jpg,4,0,560,420,#82735e,34.4,0.16,0.439,2ae13c4ab3239e60aa416019f4a4fc77,608
2025cprize-20,2025-20,2025,2025cprize-20_p04_i01.jpg,4,1,400,300,#858994,223.0,0.063,0.551,a4ead91c838f8332cd62202be41a5af1,609
2025cprize-20,2025-20,2025,2025cprize-20_p04_i02.jpg,4,2,301,400,#999288,35.1,0.078,0.567,b682fb37db1c5ece7ce5f4843d5a069b,610
2025cprize-20,2025-20,2025,2025cprize-20_p05_i00.jpg,5,0,400,301,#888d94,216.2,0.052,0.557,461ed9485b6e1aabb65d6de157286fcb,611
2025cprize-21,2025-21,2025,2025cprize-21_p00_i00.jpg,0,0,560,559,#66615d,23.3,0.044,0.383,fbb7fa397cb6c46c0cfac18a1e44cc7a,612
2025cprize-22,2025-22,2025,2025cprize-22_p00_i00.jpg,0,0,405,560,#9a806c,25.4,0.183,0.514,c64047ad1982f38455587ba72ef55fa3,613
2025cprize-22,2025-22,2025,2025cprize-22_p00_i01.jpg,0,1,398,560,#a88e57,40.5,0.32,0.501,db08e22a9be38efb736a966e890f82b3,614
2025cprize-22,2025-22,2025,2025cprize-22_p00_i02.jpg,0,2,405,560,#b09d7e,37.0,0.243,0.592,801be08d8c0af18afce7a6a36a2d4c20,615
2025cprize-22,2025-22,2025,2025cprize-22_p00_i03.jpg,0,3,389,560,#927b85,333.3,0.095,0.528,767d683911bb9fdfa3ee23fbdb354cce,616
2025cprize-22,2025-22,2025,2025cprize-22_p00_i04.jpg,0,4,354,504,#9d7058,21.3,0.282,0.479,6287a2a0c975e3eb3d11e59e45159d52,617
2025cprize-22,2025-22,2025,2025cprize-22_p00_i05.jpg,0,5,399,560,#75573f,26.6,0.299,0.353,ecf4b6eda78b18df1c8d273f0fbad0c4,618
2025cprize-22,2025-22,2025,2025cprize-22_p00_i06.jpg,0,6,401,560,#708287,193.7,0.095,0.485,ea1deae937d9af1f0b428cf78ff71953,619
2025cprize-22,2025-22,2025,2025cprize-22_p00_i07.jpg,0,7,221,319,#9e8665,35.1,0.226,0.508,1fffbb40ac053ae12d74ce708e0db9d8,620
2025cprize-22,2025-22,2025,2025cprize-22_p00_i08.jpg,0,8,394,560,#856457,16.4,0.205,0.432,9965798f215eaf555e1c5a579fafc60d,621
2025cprize-22,2025-22,2025,2025cprize-22_p00_i09.jpg,0,9,361,509,#547c6d,158.3,0.194,0.407,7a19e91c109f930533bed9a2e9642772,622
2025cprize-22,2025-22,2025,2025cprize-22_p00_i10.jpg,0,10,351,560,#654c44,14.7,0.196,0.333,cd408813ad4c14e6f769e6db3c78a77c,623
2025cprize-22,2025-22,2025,2025cprize-22_p00_i11.jpg,0,11,245,355,#9b5519,28.0,0.724,0.352,652152d80d529807e1e7cef21c29d3df,624
2025cprize-22,2025-22,2025,2025cprize-22_p00_i12.jpg,0,12,406,560,#6b624a,44.0,0.183,0.355,81f08fdfbad49ac7e3fd911ba7af0006,625
2025cprize-22,2025-22,2025,2025cprize-22_p00_i13.jpg,0,13,300,504,#6c6938,55.9,0.317,0.323,8bec2ef8e7c7ec15515252b10f8c88e6,626
2025cprize-22,2025-22,2025,2025cprize-22_p00_i14.jpg,0,14,389,560,#6f8682,167.5,0.095,0.481,26774482d373a4368343436e4146eafd,627
2025cprize-22,2025-22,2025,2025cprize-22_p00_i15.jpg,0,15,300,494,#3b4d4a,168.5,0.135,0.267,270824dfc958f77d1db29c39dccdb2be,628
2025cprize-22,2025-22,2025,2025cprize-22_p00_i16.jpg,0,16,340,560,#5e564c,35.4,0.105,0.332,4c6988e8a2d006907908e73d4466de80,629
2025cprize-22,2025-22,2025,2025cprize-22_p00_i17.jpg,0,17,362,513,#93785f,28.6,0.212,0.474,af2abd737f37c26010bf96f9637d981f,630
2025cprize-22,2025-22,2025,2025cprize-22_p00_i18.jpg,0,18,396,560,#6d8562,100.6,0.152,0.454,464d9a100d8bee7f4ec8e48c574655c2,631
2025cprize-22,2025-22,2025,2025cprize-22_p00_i19.jpg,0,19,221,317,#877276,348.6,0.082,0.489,a74d11ad37ef22981cb8059a4f06d5ff,632
2025cprize-22,2025-22,2025,2025cprize-22_p00_i20.jpg,0,20,354,560,#857975,15.7,0.061,0.49,789dbf6b3036491939d7685767d39105,633
2025cprize-22,2025-22,2025,2025cprize-22_p00_i21.jpg,0,21,305,500,#97a09b,145.8,0.044,0.61,45e1bc2273196f74c4fe1cbbb5571a96,634
2025cprize-22,2025-22,2025,2025cprize-22_p00_i22.jpg,0,22,406,560,#746355,28.0,0.151,0.394,fdc3957e57857b5427c8c11f3cccbe41,635
2025cprize-22,2025-22,2025,2025cprize-22_p00_i23.jpg,0,23,416,560,#99838e,331.5,0.097,0.558,88fbf955ba3fa1cf485faa8014f4cf33,636
2025cprize-23,2025-23,2025,2025cprize-23_p00_i04.jpg,0,4,545,560,#798070,84.9,0.069,0.47,55a5c8f63af501eef5b7532e648d32a5,637
2025cprize-23,2025-23,2025,2025cprize-23_p00_i05.jpg,0,5,502,560,#737a7e,200.6,0.047,0.472,2bc9617a4afe4090322e6ec827874610,638
2025cprize-23,2025-23,2025,2025cprize-23_p00_i06.jpg,0,6,560,288,#b2b6b4,139.7,0.025,0.707,b0e4eea63966fe28f094436f2bace2db,639
2025cprize-23,2025-23,2025,2025cprize-23_p00_i07.jpg,0,7,513,229,#f2f2f2,233.0,0.007,0.948,222f6f4502b85f4a291a2b0944600422,640
2025cprize-23,2025-23,2025,2025cprize-23_p01_i03.jpg,1,3,560,389,#f4f1f0,19.5,0.149,0.948,6749886f8baa9bf4ec674b9c0a149997,641
2025cprize-24,2025-24,2025,2025cprize-24_p00_i04.jpg,0,4,560,219,#c5d3e1,210.4,0.311,0.828,9599f68f044695fff3b1de31c2588f5a,642
2025cprize-24,2025-24,2025,2025cprize-24_p00_i05.jpg,0,5,560,373,#8fa688,106.2,0.145,0.593,499e36115fdc21f28621b44de2ea5772,643
2025cprize-24,2025-24,2025,2025cprize-24_p01_i00.jpg,1,0,551,560,#c1c4ba,77.9,0.081,0.749,eee80de8fe1c3dd3926b60d95f60397f,644
2025cprize-25,2025-25,2025,2025cprize-25_p01_i00.jpg,1,0,538,316,#3b4662,222.5,0.246,0.307,1d13b24344584ba37ac92bd1680cf0c0,645
2025cprize-25,2025-25,2025,2025cprize-25_p01_i06.jpg,1,6,308,288,#666384,244.7,0.143,0.455,3979f59ee84801a7c6184613099f8240,646
2025cprize-25,2025-25,2025,2025cprize-25_p01_i07.jpg,1,7,307,271,#42424d,236.7,0.078,0.279,34c889f7592d53facd5e1e5f653bb399,647
2025cprize-25,2025-25,2025,2025cprize-25_p01_i09.jpg,1,9,560,426,#484e2d,71.1,0.267,0.243,aedf1e0a05ca30b7ab5827db53eae9d5,648
2025cprize-25,2025-25,2025,2025cprize-25_p01_i10.jpg,1,10,470,520,#726565,0.6,0.06,0.421,ed4f76c5a310e04a69276298f6c33f24,649
2025cprize-25,2025-25,2025,2025cprize-25_p01_i11.jpg,1,11,507,459,#a69293,357.7,0.101,0.612,03716b7d0ef153c8cc3fb5755a5a12d4,650
2025cprize-25,2025-25,2025,2025cprize-25_p01_i12.jpg,1,12,560,341,#2f4962,209.0,0.351,0.285,3974d85139daadf6196200237939107c,651
2025cprize-25,2025-25,2025,2025cprize-25_p02_i01.jpg,2,1,560,180,#c2c3c1,94.9,0.02,0.76,834c49bdc51296748780dc21e0dd407c,652
2025cprize-27,2025-27,2025,2025cprize-27_p00_i03.jpg,0,3,237,217,#e7e8e8,214.2,0.001,0.908,dad38c64bfa059901be4373f1cad0679,653
2025cprize-27,2025-27,2025,2025cprize-27_p01_i00.jpg,1,0,397,466,#c1dcd2,159.4,0.277,0.808,971b6ce8b8f5dedc554ce1a61e8aa503,654
2025cprize-27,2025-27,2025,2025cprize-27_p02_i00.jpg,2,0,413,560,#64685a,79.7,0.075,0.381,96878b846134b5d4a5169131806d2108,655
2025cprize-27,2025-27,2025,2025cprize-27_p03_i01.jpg,3,1,247,397,#cbceca,99.2,0.04,0.8,5f77e9a15559361770873d12788007b0,656
2025cprize-27,2025-27,2025,2025cprize-27_p04_i01.jpg,4,1,247,443,#848a72,75.8,0.095,0.495,061b3ff0c8ab973f87ba174690f1a022,657
2025cprize-29,2025-29,2025,2025cprize-29_p00_i00.jpg,0,0,179,219,#ca8616,37.3,0.804,0.438,920a852ac3823946958ee9a5440060a4,658
2025cprize-29,2025-29,2025,2025cprize-29_p00_i01.jpg,0,1,181,219,#807d65,53.9,0.118,0.45,75accf891310597d2f4d57a5d88985ee,659
2025cprize-29,2025-29,2025,2025cprize-29_p00_i02.jpg,0,2,180,219,#1f2339,231.9,0.292,0.174,62ebae6c187afd9c61defd4d261422b7,660
2025cprize-29,2025-29,2025,2025cprize-29_p00_i03.jpg,0,3,179,220,#945850,7.0,0.298,0.446,147984cf07d007a1ebe0213664d68a12,661
2025cprize-29,2025-29,2025,2025cprize-29_p00_i04.jpg,0,4,182,219,#454343,356.4,0.018,0.267,01eb5dbace1832e64b5154c8d765145f,662
2025cprize-32,2025-32,2025,2025cprize-32_p00_i00.jpg,0,0,560,301,#dfdfdf,104.5,0.002,0.875,bef0f4a2d6c670577a712a1398139771,663
2025cprize-32,2025-32,2025,2025cprize-32_p00_i01.jpg,0,1,560,380,#8c949c,210.9,0.072,0.581,3af6249f87eeab30d4cd6392c1754fc0,664
2025cprize-33,2025-33,2025,2025cprize-33_p00_i456.jpg,0,456,560,363,#f4f5f4,134.2,0.027,0.958,02307a3aae0a0071f51148fe0fa92668,665
2025cprize-33,2025-33,2025,2025cprize-33_p02_i01.jpg,2,1,560,469,#fafafa,114.2,0.019,0.982,4c4c0752925a0ffb12ed4bd78a2366a0,666
2026cprize-01,2026-01,2026,2026cprize-01_p02_i00.jpg,2,0,560,260,#dbdad6,48.0,0.076,0.849,5a22c880eb186aa9365e5ba3e2fc7034,667
2026cprize-03,2026-03,2026,2026cprize-03_p00_i01.jpg,0,1,560,354,#b1c9ab,108.0,0.215,0.729,119a295d906b982c85a6d4ee3502ff4f,668
2026cprize-03,2026-03,2026,2026cprize-03_p00_i02.jpg,0,2,560,559,#b3a07a,39.6,0.274,0.59,6f7637498b4e173beffaf5ff1e9021e3,669
2026cprize-03,2026-03,2026,2026cprize-03_p00_i03.jpg,0,3,351,353,#976614,37.4,0.763,0.337,3c108465e7e158b327e051cdc23743b7,670
2026cprize-04,2026-04,2026,2026cprize-04_p00_i00.jpg,0,0,406,477,#e5e0da,29.8,0.182,0.878,eb816ea6000137d4dba8304b41b6caa5,674
2026cprize-04,2026-04,2026,2026cprize-04_p00_i01.jpg,0,1,407,477,#eee7e2,25.3,0.265,0.91,4f302467d8b22c935e63b9df09e83da0,674
2026cprize-04,2026-04,2026,2026cprize-04_p00_i02.jpg,0,2,407,477,#eadbd4,19.5,0.354,0.875,212777bd213d9c0aac83669a8b554db9,674
2026cprize-04,2026-04,2026,2026cprize-04_p00_i03.jpg,0,3,406,477,#dfdbd6,30.7,0.123,0.858,2ac60081c56cf4544f5325c882215a5b,674
2026cprize-04,2026-04,2026,2026cprize-04_p00_i04.jpg,0,4,560,299,#dcd8d8,11.7,0.055,0.854,37f310c19594b43cf6842ccf9c8bb46c,675
2026cprize-04,2026-04,2026,2026cprize-04_p01_i00.jpg,1,0,280,560,#d4d2ce,47.1,0.061,0.819,3396faad14e413ed276fb8c2a22a9ea6,676
2026cprize-04,2026-04,2026,2026cprize-04_p01_i01.jpg,1,1,524,560,#b9a9a5,12.1,0.127,0.688,0c5cb174776442d914daf83c73ff2d91,677
2026cprize-04,2026-04,2026,2026cprize-04_p02_i00.jpg,2,0,462,560,#ae9285,18.8,0.199,0.601,74a8afd9adf9b5208adcbbc9520a57dd,678
2026cprize-04,2026-04,2026,2026cprize-04_p02_i01.jpg,2,1,466,560,#a8867c,13.1,0.201,0.573,f7aad4daf50014794c07f43b0a1d3dae,679
2026cprize-05,2026-05,2026,2026cprize-05_p00_i00.jpg,0,0,560,422,#6f3e4d,341.4,0.283,0.339,19e461eb86010fa6326bf34f3fff2acb,680
2026cprize-05,2026-05,2026,2026cprize-05_p02_i00.jpg,2,0,560,286,#858585,340.7,0.002,0.522,e049d44f30e1741e8396a348ee13cd8e,681
2026cprize-06,2026-06,2026,2026cprize-06_p01_i00.jpg,1,0,560,249,#f1f1f1,21.0,0.016,0.945,5fb2078adf2b3399610f05e9322ee817,682
2026cprize-06,2026-06,2026,2026cprize-06_p01_i01.jpg,1,1,560,288,#c4d4df,204.9,0.297,0.823,86271687c57714e30bdfe84685d2503a,683
2026cprize-06,2026-06,2026,2026cprize-06_p01_i02.jpg,1,2,560,314,#cfccc1,45.9,0.129,0.785,8d148a99526f1b9c7f6e74f47f5b50b7,684
2026cprize-08,2026-08,2026,2026cprize-08_p00_i01.jpg,0,1,560,510,#696969,0.0,0.0,0.411,ea2ad5f027ff5e764a3d4679e8e9631d,685
2026cprize-08,2026-08,2026,2026cprize-08_p01_i01.jpg,1,1,560,530,#5a4a3a,30.3,0.212,0.29,342450f9f22889f5221d0dd52b8aa291,686
2026cprize-09,2026-09,2026,2026cprize-09_p00_i00.jpg,0,0,316,560,#e9e6e8,315.3,0.071,0.907,b8678aa1ce379a15aacfb6d2b9e34179,687
2026cprize-09,2026-09,2026,2026cprize-09_p01_i00.jpg,1,0,560,359,#bfbbe5,245.4,0.452,0.816,dce6cbf7b77b4e0186b389a80af1a627,688
2026cprize-09,2026-09,2026,2026cprize-09_p01_i02.jpg,1,2,560,359,#d8d4e5,252.8,0.249,0.865,020a06f045675c21dbf62dc6e1aabc8c,689
2026cprize-09,2026-09,2026,2026cprize-09_p01_i03.jpg,1,3,560,359,#c2c1e6,243.1,0.424,0.828,1738bfce6b8e839114eca7d9a1282c70,690
2026cprize-14,2026-14,2026,2026cprize-14_p00_i00.jpg,0,0,560,420,#a4b4ac,148.3,0.097,0.674,9bb814eb427fe9dad752ac5cda08456c,691
2026cprize-14,2026-14,2026,2026cprize-14_p00_i01.jpg,0,1,560,357,#847167,20.2,0.123,0.462,647242262fb2d4e05d7ac4fdf9551284,692
2026cprize-14,2026-14,2026,2026cprize-14_p00_i02.jpg,0,2,560,373,#777777,0.0,0.0,0.466,e2f6dbc0811926c6208d56fdfab43daf,693
2026cprize-14,2026-14,2026,2026cprize-14_p01_i00.jpg,1,0,560,394,#797776,8.4,0.011,0.469,1729d9bf6d6d89e18ba17b75dc8b171a,694
2026cprize-14,2026-14,2026,2026cprize-14_p01_i01.jpg,1,1,560,381,#a1746a,11.1,0.226,0.522,23352816fb3722fbd95d840e327c5858,695
2026cprize-14,2026-14,2026,2026cprize-14_p01_i02.jpg,1,2,560,340,#a09fa1,255.9,0.01,0.628,1f29834c8031398baf800f9708cab471,696
2026cprize-14,2026-14,2026,2026cprize-14_p01_i03.jpg,1,3,560,315,#7e7a72,41.9,0.048,0.471,468dc803914c0e54eab6dbafac9c1165,697
2026cprize-14,2026-14,2026,2026cprize-14_p02_i00.jpg,2,0,560,262,#a4967a,40.2,0.188,0.562,a7a260fcb3bf14e0fffe87271d48d494,698
2026cprize-14,2026-14,2026,2026cprize-14_p02_i01.jpg,2,1,560,344,#8b8c8e,224.7,0.014,0.552,5929c5bba05e9c654e7785b240e2ad6f,699
2026cprize-14,2026-14,2026,2026cprize-14_p02_i02.jpg,2,2,560,373,#a69051,44.4,0.345,0.484,d19682e981982b3f4b3025e6ff1be336,700
2026cprize-14,2026-14,2026,2026cprize-14_p02_i03.jpg,2,3,560,374,#a09f9a,52.9,0.028,0.616,183bb56d4f22b4344697119f5a0e155e,701
2026cprize-15,2026-15,2026,2026cprize-15_p00_i01.jpg,0,1,560,338,#7a9798,181.4,0.13,0.537,3112e08272efcb9ebceeab386a7f3644,702
2026cprize-15,2026-15,2026,2026cprize-15_p00_i02.jpg,0,2,560,428,#789b9c,181.3,0.151,0.542,6807c43428422689793aacc9117d1576,703
2026cprize-15,2026-15,2026,2026cprize-15_p01_i00.jpg,1,0,364,355,#86adae,181.3,0.196,0.604,5eb5fc4d7c570d3f243e9d8ff57426ae,704
2026cprize-15,2026-15,2026,2026cprize-15_p01_i01.jpg,1,1,361,352,#668687,181.1,0.139,0.463,1322078b123a453fd8c6fbee358cc28b,705
2026cprize-15,2026-15,2026,2026cprize-15_p02_i00.jpg,2,0,364,355,#76a1a2,181.4,0.19,0.55,ec0a4575d11e3bcf20595681b8bccc59,706
2026cprize-15,2026-15,2026,2026cprize-15_p02_i01.jpg,2,1,364,356,#9ec1c2,181.6,0.232,0.691,69d79f734a9ed0a3146927b0888f18ab,707
2026cprize-16,2026-16,2026,2026cprize-16_p00_i00.jpg,0,0,396,560,#e8e5e4,24.8,0.088,0.901,9cc5f06b38d97d2973be54b4be64382d,708
2026cprize-16,2026-16,2026,2026cprize-16_p00_i01.jpg,0,1,396,560,#eceded,230.6,0.031,0.929,22e0fc1297877647962701dbc3bbbfc8,709
2026cprize-17,2026-17,2026,2026cprize-17_p00_i00.jpg,0,0,560,559,#a5a19a,33.9,0.057,0.627,53dd129bf691360b4ad74f817a6b37db,710
2026cprize-17,2026-17,2026,2026cprize-17_p02_i00.jpg,2,0,560,464,#e0dac8,44.5,0.284,0.831,2b02405b718df4f11e3714120270c237,711
2026cprize-17,2026-17,2026,2026cprize-17_p02_i01.jpg,2,1,560,465,#dbd6c9,41.8,0.199,0.824,b9e135fa0af120efbf994170408df42d,712
2026cprize-17,2026-17,2026,2026cprize-17_p02_i02.jpg,2,2,349,560,#cdcec9,70.0,0.044,0.798,4dc3aa4ffb7a40f79f56ed746aefb7c8,713
2026cprize-17,2026-17,2026,2026cprize-17_p02_i03.jpg,2,3,341,560,#cfd6d5,166.9,0.081,0.826,c8a79932ff16b18f5874dc7218c6a961,714
2026cprize-18,2026-18,2026,2026cprize-18_p01_i00.jpg,1,0,373,560,#ebeaea,53.8,0.017,0.918,5cbbe38bb45025682b1bec60703cd8bb,715
2026cprize-18,2026-18,2026,2026cprize-18_p02_i00.jpg,2,0,399,560,#d8d3c5,45.3,0.189,0.81,e6fae0e3a968807c840c53a67a535ab8,716
2026cprize-19,2026-19,2026,2026cprize-19_p00_i00.jpg,0,0,560,318,#edbb85,31.1,0.746,0.727,eadbc0dc1c35ce0ce17cdaf59e240a78,717
2026cprize-20,2026-20,2026,2026cprize-20_p00_i00.jpg,0,0,560,316,#eaeae9,49.9,0.024,0.916,dcb4cab5ca5a6461da88730b991ebd80,718
2026cprize-21,2026-21,2026,2026cprize-21_p00_i00.jpg,0,0,560,243,#d1c2af,34.5,0.266,0.752,c589148cffae21b301c29eb6a224d443,719
2026cprize-21,2026-21,2026,2026cprize-21_p00_i01.jpg,0,1,464,262,#969696,0.0,0.0,0.588,d15def3951df3d4214985adb7210dd1a,720
2026cprize-21,2026-21,2026,2026cprize-21_p00_i02.jpg,0,2,464,262,#767676,0.0,0.0,0.462,1f10589918f57b6a7846ae44dda1836d,721
2026cprize-21,2026-21,2026,2026cprize-21_p00_i03.jpg,0,3,254,260,#6e6e6e,0.0,0.0,0.43,bcdf14342ac9c78ccc9aa33db64d81b9,722
2026cprize-21,2026-21,2026,2026cprize-21_p02_i00.jpg,2,0,560,216,#ececec,0.0,0.0,0.926,f2327bc1af72626d19146b4e79bb34e7,723
2026cprize-22,2026-22,2026,2026cprize-22_p04_i00.jpg,4,0,560,503,#c4c9be,85.6,0.089,0.767,a01d5b02af755fbc17a00436c1293640,724
2026cprize-22,2026-22,2026,2026cprize-22_p05_i01.jpg,5,1,358,206,#8a807f,4.0,0.047,0.52,90611ba9199164715cfc18c5a389e53d,725
2026cprize-22,2026-22,2026,2026cprize-22_p05_i02.jpg,5,2,473,205,#666658,62.5,0.078,0.372,a4eb8e716810a9894abca7307d0ef80c,726
2026cprize-22,2026-22,2026,2026cprize-22_p05_i03.jpg,5,3,393,205,#999c8e,71.3,0.064,0.585,96d7948e91d250597baef46936761121,727
2026cprize-24,2026-24,2026,2026cprize-24_p00_i00.jpg,0,0,560,503,#fdfdfd,326.1,0.001,0.99,a5aa922b176499e2ef79407430cfedbb,728
2026cprize-27,2026-27,2026,2026cprize-27_p00_i00.jpg,0,0,560,253,#67716d,155.2,0.046,0.423,339ba16c1db115881aa3a25701d36e95,729
2026cprize-27,2026-27,2026,2026cprize-27_p01_i01.jpg,1,1,560,199,#b4b1a2,48.5,0.11,0.67,eadac5a07ce381ac898a46435f9f2e39,730
2026cprize-27,2026-27,2026,2026cprize-27_p02_i01.jpg,2,1,560,287,#c0a06f,36.2,0.393,0.595,5bd5167b73078df470b29a6057846b2d,731
2026cprize-28,2026-28,2026,2026cprize-28_p02_i00.jpg,2,0,256,253,#3d3f4f,231.1,0.129,0.273,3c7b3f2765c980bc0ebf4465a7a9fadb,732
2026cprize-28,2026-28,2026,2026cprize-28_p02_i01.jpg,2,1,406,250,#acafb2,209.9,0.039,0.686,7b587ac31406663f1d97dc6ef7195463,733
2026cprize-29,2026-29,2026,2026cprize-29_p00_i00.jpg,0,0,560,536,#dfe3db,87.7,0.117,0.875,cd2ed20aa6f72a38fcb384d81edaae28,734
2026cprize-29,2026-29,2026,2026cprize-29_p00_i01.jpg,0,1,560,413,#c9ccc6,89.1,0.054,0.788,7bbd241d59e038b81ef57e6cd69a00c3,735
2026cprize-29,2026-29,2026,2026cprize-29_p02_i00.jpg,2,0,560,374,#68757c,199.0,0.089,0.446,0ea1ac51fcc2445aa66b9395df22e8c5,736
2026cprize-29,2026-29,2026,2026cprize-29_p02_i01.jpg,2,1,366,383,#586281,224.6,0.19,0.424,84c9092c6d00e987f30746745368d875,737
2026cprize-29,2026-29,2026,2026cprize-29_p02_i02.jpg,2,2,560,363,#625858,358.6,0.054,0.366,c4e30511fbf8e8d79303112dc1faadf1,738
2026cprize-29,2026-29,2026,2026cprize-29_p02_i03.jpg,2,3,560,362,#656a51,70.5,0.135,0.365,6caf1b94fe97405337f058f77a03d3f9,739
2026cprize-29,2026-29,2026,2026cprize-29_p02_i04.jpg,2,4,560,363,#5a5749,50.2,0.105,0.318,ae6258ece5ccc204cfb3eb252fc17920,740
2026cprize-29,2026-29,2026,2026cprize-29_p02_i05.jpg,2,5,560,362,#50504f,60.5,0.005,0.312,3af86dfdcb27d2733814454070eafe7b,741
2026cprize-30,2026-30,2026,2026cprize-30_p00_i00.jpg,0,0,560,320,#a9a7a2,45.3,0.04,0.648,bfa265f975ece13abf8c3b7545e81411,742
2026cprize-30,2026-30,2026,2026cprize-30_p01_i00.jpg,1,0,560,315,#b49f7d,36.7,0.266,0.598,532c75817297e08c360b8503436bb2cc,743
2026cprize-31,2026-31,2026,2026cprize-31_p00_i02.jpg,0,2,335,489,#706a60,38.0,0.076,0.408,27fd10455adc272c34ef9d41091dec81,744
2026cprize-31,2026-31,2026,2026cprize-31_p00_i03.jpg,0,3,337,489,#857b66,39.7,0.134,0.461,03b505c1f0485ac3d9fd4b5ee2c2cc40,745
2026cprize-31,2026-31,2026,2026cprize-31_p00_i04.jpg,0,4,335,489,#79746a,43.1,0.065,0.444,d84e38562ab920eb475e6bbdb8376ef2,746
2026cprize-32,2026-32,2026,2026cprize-32_p01_i00.jpg,1,0,560,220,#f3f5f3,137.3,0.12,0.957,005ae564bda2dd46d98962198b12af33,749
2026cprize-32,2026-32,2026,2026cprize-32_p01_i01.jpg,1,1,560,220,#f3f3f3,97.3,0.023,0.953,e7e3f4f1013238642e3bb78319ae21fb,749
2026cprize-32,2026-32,2026,2026cprize-32_p01_i02.jpg,1,2,560,220,#f3f5f3,134.0,0.104,0.957,d5cc06ea2f6f63d6b665df111f3e32e5,749
2026cprize-33,2026-33,2026,2026cprize-33_p00_i01.jpg,0,1,445,391,#e8e8e8,0.0,0.0,0.912,a060f07cf4ec83228b72407b91e12197,750
2026cprize-33,2026-33,2026,2026cprize-33_p00_i02.jpg,0,2,245,337,#656365,287.2,0.013,0.393,7d10c4c5e966ca44a5087096d6c4cf49,751
2026cprize-33,2026-33,2026,2026cprize-33_p00_i03.jpg,0,3,261,135,#5d6453,83.5,0.093,0.358,a060106ca98cf2d54b6d7f82ae58be17,752
2026cprize-33,2026-33,2026,2026cprize-33_p01_i00.jpg,1,0,560,500,#afa18c,35.6,0.18,0.617,acf97db06df1832be2262bd62e6362cc,753
2026cprize-33,2026-33,2026,2026cprize-33_p01_i01.jpg,1,1,463,338,#bfbba5,48.8,0.17,0.7,78387a79f47e3a770c3939e6ea850ad5,754
2026cprize-33,2026-33,2026,2026cprize-33_p01_i02.jpg,1,2,560,316,#898b67,63.7,0.151,0.474,622283d4d1c99a77007e30496a6b9a13,755
2026cprize-33,2026-33,2026,2026cprize-33_p02_i00.jpg,2,0,362,560,#d9c1ac,28.5,0.372,0.762,8f43d0f836e92265c797964026be1772,756
2026cprize-33,2026-33,2026,2026cprize-33_p02_i01.jpg,2,1,420,560,#9e8f76,37.5,0.171,0.543,57d69f375a34101141e92d768e58e2f9,757
2026cprize-33,2026-33,2026,2026cprize-33_p02_i02.jpg,2,2,269,560,#7c6a53,33.2,0.198,0.405,cfe2d759ae720b198f6fb43da5145e64,758
2026cprize-34,2026-34,2026,2026cprize-34_p00_i00.jpg,0,0,560,323,#75796c,77.6,0.06,0.449,541f0745bd678d3fb31e380b1f305edf,759
2026cprize-34,2026-34,2026,2026cprize-34_p00_i01.jpg,0,1,560,421,#cfcfc5,60.6,0.092,0.791,312f7927679d81d18f7e4379ba55afc9,760
2026cprize-34,2026-34,2026,2026cprize-34_p00_i02.jpg,0,2,560,419,#967951,34.6,0.295,0.454,1f6700a053311af82d25f6fb1d4f7851,761
2026cprize-36,2026-36,2026,2026cprize-36_p00_i00.jpg,0,0,560,373,#8f8c91,270.0,0.02,0.56,a48c7186eeaa329bc9cc1e129971457a,762
2026cprize-36,2026-36,2026,2026cprize-36_p00_i01.jpg,0,1,560,379,#bebebf,269.4,0.009,0.746,4942b7dc62c7851be83f4e14ac42c726,763
2026cprize-37,2026-37,2026,2026cprize-37_p00_i00.jpg,0,0,560,313,#504838,38.6,0.177,0.268,f6bbf37d5056193fb1ef7d9144926b3d,764
2026cprize-37,2026-37,2026,2026cprize-37_p01_i00.jpg,1,0,560,357,#f2f2f1,77.3,0.052,0.947,9cdfdd3e8039e6146972bb0abef4b0b8,765
2026cprize-37,2026-37,2026,2026cprize-37_p02_i00.jpg,2,0,560,373,#f6f6f6,89.3,0.047,0.965,b5c0e89be256889b2f77efa18a96937f,766
2026cprize-37,2026-37,2026,2026cprize-37_p02_i11.jpg,2,11,560,371,#797f78,106.9,0.031,0.484,6eb1d3df2dfe3d67d9ef18ea970aab6e,767
2026cprize-37,2026-37,2026,2026cprize-37_p02_i12.jpg,2,12,560,374,#a8a38b,50.0,0.14,0.601,d753991379560a320d12e0aa4e8c4fb8,768
2026cprize-38,2026-38,2026,2026cprize-38_p00_i00.jpg,0,0,560,373,#824836,13.9,0.412,0.362,6b3553b17bfe934b2ecfb0382f8db188,769
2026cprize-38,2026-38,2026,2026cprize-38_p00_i01.jpg,0,1,342,247,#6c6968,18.2,0.021,0.415,d3de59cec967e85cf3972fbe712236a1,770
2026cprize-39,2026-39,2026,2026cprize-39_p01_i00.jpg,1,0,560,481,#f0f0f0,0.0,0.0,0.941,4b2a24132d3d6f34256f38ffdd150680,771
2026cprize-39,2026-39,2026,2026cprize-39_p01_i01.jpg,1,1,560,420,#e7e7e7,0.0,0.0,0.907,78641fcef68983de15f8e104f71b1380,772
2026cprize-39,2026-39,2026,2026cprize-39_p01_i02.jpg,1,2,560,458,#d2d1d1,357.6,0.006,0.822,50c60846adacf0d5b039b7ff815ef479,773
2026cprize-39,2026-39,2026,2026cprize-39_p02_i00.jpg,2,0,560,162,#ddecf0,194.1,0.395,0.905,01310476d018e85fe90be5ee3962a8a3,774
2026cprize-42,2026-42,2026,2026cprize-42_p04_i06.jpg,4,6,560,143,#d9dadf,225.5,0.083,0.862,bc620d9af47633a49879ad3e5ea83169,775
2026cprize-43,2026-43,2026,2026cprize-43_p00_i00.jpg,0,0,560,373,#724842,7.8,0.267,0.354,10d40ff64368c63cd3cf8e1c41f15faf,776
2026cprize-43,2026-43,2026,2026cprize-43_p00_i01.jpg,0,1,560,373,#504b50,298.6,0.034,0.304,0cfd49c00129a80fa447bb8bf27e9f55,777
2026cprize-43,2026-43,2026,2026cprize-43_p01_i00.jpg,1,0,560,371,#776870,326.3,0.071,0.437,2a711945b8c5378d8066fabe7692655a,778
2026cprize-43,2026-43,2026,2026cprize-43_p02_i00.jpg,2,0,433,560,#f5d8c1,27.1,0.717,0.858,3a9b86ed9a70aa1f2dca8ee343ee3517,779
2026cprize-44,2026-44,2026,2026cprize-44_p00_i01.jpg,0,1,560,234,#837e74,39.6,0.062,0.485,3f8c0a75cfe6864cacb9014d3bc8dd2d,780
2026cprize-44,2026-44,2026,2026cprize-44_p02_i00.jpg,2,0,432,560,#e4e4e4,0.0,0.0,0.895,592279430d397a0e7b62bbe694a69e4c,781
2026cprize-44,2026-44,2026,2026cprize-44_p02_i01.jpg,2,1,178,560,#a59483,30.4,0.161,0.58,cf445902e3beab5a6345571ddf1cb9fb,782
2026cprize-45,2026-45,2026,2026cprize-45_p00_i00.jpg,0,0,560,112,#fcf4f5,351.9,0.519,0.973,78b5d049f43c2c45436b69ccddc772ab,783
2026cprize-45,2026-45,2026,2026cprize-45_p00_i01.jpg,0,1,194,480,#a2938e,14.0,0.095,0.595,ef010ef0dff4c6618f34eab4cbe87708,784
2026cprize-45,2026-45,2026,2026cprize-45_p01_i00.jpg,1,0,560,422,#8f785b,33.7,0.221,0.459,ab1a326391c2ddf29bbe6da71d9a2eef,785
2026cprize-45,2026-45,2026,2026cprize-45_p02_i00.jpg,2,0,560,176,#717378,221.0,0.026,0.457,112a1da772aa106cac020293e91d04f0,786
2026cprize-45,2026-45,2026,2026cprize-45_p02_i01.jpg,2,1,174,452,#918b83,36.3,0.061,0.541,7628d83ef72275459e520a8d724eeb74,787
2026cprize-46,2026-46,2026,2026cprize-46_p00_i00.jpg,0,0,560,203,#fafafa,95.5,0.004,0.982,254218b6665398fcd03316c6e8a68896,788
2026cprize-46,2026-46,2026,2026cprize-46_p00_i01.jpg,0,1,560,421,#cdd0d2,197.8,0.058,0.813,38b6f64e152a68ea4cdceb41d666b2b8,789
2026cprize-46,2026-46,2026,2026cprize-46_p00_i02.jpg,0,2,560,209,#f0f0f0,192.8,0.031,0.941,bf7fdbd13b87430373533908e4b89e23,790
2026cprize-46,2026-46,2026,2026cprize-46_p01_i00.jpg,1,0,560,272,#e7e7e7,292.7,0.003,0.907,6994a34db6a3e2bc408ef7b04c81af88,791
2026cprize-46,2026-46,2026,2026cprize-46_p02_i01.jpg,2,1,560,500,#e2e2e2,0.0,0.0,0.885,e4969dde5921bf28700110e6e5db5914,792
2026cprize-46,2026-46,2026,2026cprize-46_p03_i00.jpg,3,0,215,325,#b6a79f,20.5,0.134,0.668,7994f04da89ad844fa33148c836d110a,793
2026cprize-46,2026-46,2026,2026cprize-46_p03_i01.jpg,3,1,288,416,#8a8887,10.0,0.011,0.536,cc084d791eb8bf70aff7e0fdaac36b1f,794
2026cprize-46,2026-46,2026,2026cprize-46_p03_i02.jpg,3,2,388,560,#5eb522,95.6,0.687,0.421,5d089f7b52e13adf10d54b528d83d3b9,795
2026cprize-47,2026-47,2026,2026cprize-47_p00_i00.jpg,0,0,560,216,#89745e,31.1,0.188,0.452,5310a00679704114f79db60600433864,796
2026cprize-47,2026-47,2026,2026cprize-47_p01_i00.jpg,1,0,560,276,#8c8c83,61.0,0.039,0.532,434b6f6a3df51cbd714cc1ad92a93242,797
2026cprize-48,2026-48,2026,2026cprize-48_p00_i00.jpg,0,0,441,330,#5e5973,250.5,0.129,0.401,94c6124c7a65a32629639357053becf0,798
2026cprize-49,2026-49,2026,2026cprize-49_p01_i00.jpg,1,0,560,363,#8f92ca,237.1,0.355,0.676,c86e6f8a5f2d330dc9dcb87ee987b87e,799
2026cprize-49,2026-49,2026,2026cprize-49_p01_i01.jpg,1,1,560,433,#f1e7dc,32.1,0.428,0.904,b0f68af81f2b3388fea4a04f6c5afd3b,800
2026cprize-49,2026-49,2026,2026cprize-49_p01_i02.jpg,1,2,560,433,#ece0df,2.8,0.244,0.9,5e5f893735bcd5aa3af428d10a43becb,801
2026cprize-49,2026-49,2026,2026cprize-49_p01_i03.jpg,1,3,560,433,#e7dbd9,5.8,0.219,0.879,5406aa4896ff630002dc0d09a135a594,802
2026cprize-49,2026-49,2026,2026cprize-49_p01_i04.jpg,1,4,560,433,#f0e5d6,34.0,0.453,0.89,6b89e2fb9b436ac6033113d760d3e8cf,803
2026cprize-49,2026-49,2026,2026cprize-49_p01_i05.jpg,1,5,467,560,#dedddd,0.8,0.022,0.868,38d20e67278eabe4282a23d4e741060a,804
2026cprize-49,2026-49,2026,2026cprize-49_p04_i01.jpg,4,1,474,474,#cdbf9a,43.6,0.333,0.704,5ced8e83068e06761214c4c7810c9b3a,805
2026cprize-49,2026-49,2026,2026cprize-49_p04_i02.jpg,4,2,560,427,#eccdc3,15.4,0.517,0.844,ba47bf5662099fe4e833309be8be73fd,806
2026cprize-50,2026-50,2026,2026cprize-50_p00_i00.jpg,0,0,383,371,#e9e9e4,66.7,0.102,0.905,2787d7eeec82bba180cb1f8d7607e838,807
2026cprize-50,2026-50,2026,2026cprize-50_p00_i01.jpg,0,1,224,369,#f3f2eb,56.2,0.234,0.936,2b2faf08d40a18fcb8ed3ffc4a7bdb61,808
2026cprize-50,2026-50,2026,2026cprize-50_p00_i02.jpg,0,2,560,310,#dbdbdb,0.0,0.0,0.861,3183e886f6bcdcb21c2176ca14fa2ded,809
2026cprize-50,2026-50,2026,2026cprize-50_p00_i03.jpg,0,3,560,282,#e1e1e1,0.0,0.0,0.884,adaf1e35d33abdad747d78980e931af8,810
2026cprize-50,2026-50,2026,2026cprize-50_p01_i00.jpg,1,0,337,225,#9f8569,30.8,0.222,0.517,b73db1a33d3ae9fa6a48f155b93a2d38,811
2026cprize-50,2026-50,2026,2026cprize-50_p01_i01.jpg,1,1,299,224,#7f817a,70.9,0.026,0.492,75266ae214f8e2b5ccc03e85414b7303,812
2026cprize-50,2026-50,2026,2026cprize-50_p01_i02.jpg,1,2,314,230,#6f7778,189.3,0.04,0.453,c73e6162ede5a2beac0f028e7ea23ae2,813
2026cprize-50,2026-50,2026,2026cprize-50_p01_i03.jpg,1,3,313,232,#8c8a83,43.6,0.038,0.532,ddaf76a1753084f7591aa0c566a9f42a,814
2026cprize-51,2026-51,2026,2026cprize-51_p00_i00.jpg,0,0,560,475,#9b8360,35.8,0.237,0.491,8c56d3e23cd86af2e979b7ab8632b2a7,815
2026cprize-51,2026-51,2026,2026cprize-51_p00_i01.jpg,0,1,560,293,#c4b090,37.7,0.307,0.666,3626bd5604747362ad488df37dda657d,816
2026cprize-51,2026-51,2026,2026cprize-51_p01_i00.jpg,1,0,560,293,#d3e3dd,158.1,0.227,0.859,008682559030ff498867df8cceb6d870,817
2026cprize-51,2026-51,2026,2026cprize-51_p01_i01.jpg,1,1,560,259,#fcfcfb,54.7,0.078,0.986,682eb3667eb329ffda5f0befde0f6ace,818
2026cprize-51,2026-51,2026,2026cprize-51_p01_i02.jpg,1,2,560,363,#f6f2f0,26.5,0.229,0.952,af9815ba6785102385615a51938bb2b3,819
2026cprize-52,2026-52,2026,2026cprize-52_p00_i00.jpg,0,0,560,288,#e5e9ec,200.3,0.151,0.911,9d7fe83ed850de7b4d424c034d61de92,820
2026cprize-56,2026-56,2026,2026cprize-56_p00_i00.jpg,0,0,560,208,#b6b5b4,33.3,0.015,0.71,1685e5eb500846043edb90c8490c6353,821
2026cprize-56,2026-56,2026,2026cprize-56_p01_i00.jpg,1,0,560,560,#8abbd1,198.9,0.434,0.681,7a4038236134e56982b71df105ee9606,822
2026cprize-56,2026-56,2026,2026cprize-56_p01_i01.jpg,1,1,392,393,#d1d4d0,117.9,0.041,0.825,6ad5c23361ea2c04689509ab5a72a49d,823
2026cprize-56,2026-56,2026,2026cprize-56_p01_i02.jpg,1,2,388,393,#827977,8.5,0.044,0.489,95792f43f41d97f5822463e73968cb1e,824
2026cprize-56,2026-56,2026,2026cprize-56_p01_i03.jpg,1,3,560,547,#878d7d,80.5,0.066,0.52,3db685db5f99326fd34c7e425360b9f0,825
2026cprize-56,2026-56,2026,2026cprize-56_p02_i00.jpg,2,0,320,336,#828064,55.5,0.132,0.451,a1cbd6cb7639220d682ab62f34b01d39,826
2026cprize-57,2026-57,2026,2026cprize-57_p00_i00.jpg,0,0,560,304,#b8ad87,46.1,0.259,0.626,6f095547331a5772f09878e5d5db5dff,827
2026cprize-57,2026-57,2026,2026cprize-57_p01_i00.jpg,1,0,336,560,#c3bfb2,43.8,0.129,0.732,1ee5d79dea23988773455228e42372a5,828
2026cprize-57,2026-57,2026,2026cprize-57_p01_i01.jpg,1,1,529,236,#e8e9e9,184.7,0.018,0.911,2a21c246981be7e0d66cd72d1b84fc1a,829
2026cprize-57,2026-57,2026,2026cprize-57_p01_i02.jpg,1,2,560,390,#878681,51.3,0.024,0.517,9adec3d8c60633b6a2b9b525682c8c2f,830
2026cprize-57,2026-57,2026,2026cprize-57_p02_i00.jpg,2,0,560,210,#9e684e,19.2,0.339,0.463,6fa7758b5e071b2a7c9cfdd36d0aa7b6,831
2026cprize-59,2026-59,2026,2026cprize-59_p00_i00.jpg,0,0,508,338,#afb3a6,81.4,0.08,0.677,5c9291526a029c132584072b1f3079d9,832
2026cprize-59,2026-59,2026,2026cprize-59_p00_i01.jpg,0,1,498,385,#a09b86,48.7,0.122,0.577,e52bcc236a654132633ba858f5204bde,833
2026cprize-59,2026-59,2026,2026cprize-59_p00_i02.jpg,0,2,556,383,#8c8c79,59.4,0.077,0.512,72460f5a68496a8fa91a1f16493723a1,834
2026cprize-59,2026-59,2026,2026cprize-59_p00_i03.jpg,0,3,560,408,#4e5155,221.2,0.041,0.321,c006c1a581cf29fcb3cc578e65788584,835
2026cprize-59,2026-59,2026,2026cprize-59_p01_i00.jpg,1,0,494,450,#746a5a,36.9,0.124,0.403,6f464caa384301e574443a05e75dfd6f,836
2026cprize-59,2026-59,2026,2026cprize-59_p01_i01.jpg,1,1,504,417,#6e645a,28.5,0.1,0.393,bc060023ea5663a56d2d41cb12ef6dd9,837
2026cprize-59,2026-59,2026,2026cprize-59_p01_i02.jpg,1,2,318,205,#867e72,35.9,0.08,0.485,ab0343bc816a8a3880fe8eb7fb5315fc,838
2026cprize-59,2026-59,2026,2026cprize-59_p01_i03.jpg,1,3,271,206,#787265,41.7,0.083,0.433,7982202f77882993baa6a8544a5d46b1,839
2026cprize-59,2026-59,2026,2026cprize-59_p02_i00.jpg,2,0,560,191,#b4ac9b,41.4,0.147,0.657,8663f9cd35c2ec4bc3d69d05c2d27158,840
2026cprize-60,2026-60,2026,2026cprize-60_p00_i00.jpg,0,0,529,331,#7e929f,203.8,0.143,0.559,a510e6547eaed25382132162ee797fca,841
2026cprize-60,2026-60,2026,2026cprize-60_p00_i01.jpg,0,1,560,322,#9da3af,218.3,0.1,0.65,4a296194f35b47e59b4d89c8549b1ea6,842
2026cprize-60,2026-60,2026,2026cprize-60_p00_i02.jpg,0,2,261,196,#a4a2a3,332.5,0.015,0.639,5db1c43b9cae61c39af47146c9e769de,843
2026cprize-61,2026-61,2026,2026cprize-61_p00_i00.jpg,0,0,423,260,#50403f,3.3,0.121,0.279,d57c4727ea51350c848708aee7342ec7,844
2026cprize-62,2026-62,2026,2026cprize-62_p00_i00.jpg,0,0,560,334,#8b7c67,34.4,0.149,0.475,cf23aaf02a051147ddd4bd43d8d367ad,845
2026cprize-63,2026-63,2026,2026cprize-63_p00_i00.jpg,0,0,560,347,#f3f2f1,30.5,0.079,0.948,940798d1e74814ed57a142199144f160,846
2026cprize-63,2026-63,2026,2026cprize-63_p01_i01.jpg,1,1,560,301,#f3f2f1,37.7,0.106,0.949,44c99faee0e67fff009e4739158b07f0,847
2026cprize-65,2026-65,2026,2026cprize-65_p00_i00.jpg,0,0,560,357,#b0a593,37.5,0.157,0.632,55de15e6d38e9ebba235dcc319b6458a,848
2026cprize-66,2026-66,2026,2026cprize-66_p00_i00.jpg,0,0,560,489,#605362,292.8,0.082,0.354,3a0c5ecc7123bdd4316ef415b6459f24,849
