"title","authors","year_published","type","total_citations","2020","2021","2022","2023","2024","2025","2026","matched_keywords","matched_go_words","source_syllabi"
"Carbon Democracy: Political Power in the Age of Oil","Timothy Mitchell","2011","book","18","8","4","1","1","1","2","1","carbon","oil, carbon","2020cprize-06; 2020cprize-09; 2020cprize-25; 2020cprize-29; 2020cprize-34; 2020cprize-43; 2020cprize-44; 2020cprize-46; 2021cprize-02; 2021cprize-17; 2021cprize-43; 2021cprize-52; 2024cprize-06; 2023cprize-31; 2025cprize-01; 2022cprize-26; 2026cprize-16; 2025cprize-03"
"Down to Earth: Politics in the New Climatic Regime","Bruno Latour","2018","book","18","10","2","0","2","1","0","3","","earth","2020cprize-09; 2020cprize-12; 2020cprize-20; 2020cprize-24; 2020cprize-34; 2020cprize-42; 2020cprize-57; 2020cprize-60; 2020cprize-62; 2020cprize-66; 2021cprize-15; 2021cprize-52; 2024cprize-01; 2023cprize-31; 2023cprize-07; 2026cprize-31; 2026cprize-09; 2026cprize-16"
"Staying with the Trouble: Anthropocene, Capitalocene and Chthulucene","Donna J. Haraway","2016","book","18","2","1","5","2","2","1","5","","anthropocene","2022cprize-12; 2022cprize-15; 2022cprize-18; 2026cprize-48; 2026cprize-56; 2020cprize-44; 2020cprize-49; 2021cprize-17; 2024cprize-01; 2024cprize-35; 2022cprize-28; 2022cprize-22; 2023cprize-04; 2023cprize-07; 2026cprize-20; 2026cprize-08; 2026cprize-16; 2025cprize-22"
"Design with Nature (1969)","Ian L. McHarg","1969","book","16","7","1","0","3","3","1","1","nature","design","2020cprize-04; 2020cprize-05; 2020cprize-08; 2020cprize-30; 2020cprize-45; 2020cprize-65; 2020cprize-68; 2021cprize-28; 2023cprize-39; 2024cprize-17; 2023cprize-27; 2023cprize-33; 2024cprize-30; 2024cprize-34; 2026cprize-14; 2025cprize-27"
"Petrochemical America","Richard Misrach; Kate Orff","2014","book","15","6","2","1","1","2","1","2","","","2022cprize-17; 2020cprize-06; 2020cprize-16; 2020cprize-21; 2020cprize-29; 2020cprize-36; 2020cprize-53; 2021cprize-34; 2021cprize-43; 2024cprize-12; 2024cprize-19; 2023cprize-03; 2026cprize-28; 2026cprize-34; 2025cprize-18"
"The Agency of Mapping: Speculation, Critique, and Invention","James Corner","2002","chapter","15","4","2","3","2","0","1","3","","map, speculate, agency","2021cprize-61; 2026cprize-65; 2020cprize-34; 2020cprize-40; 2020cprize-62; 2020cprize-68; 2021cprize-52; 2023cprize-29; 2022cprize-23; 2022cprize-26; 2022cprize-30; 2023cprize-02; 2026cprize-20; 2026cprize-34; 2025cprize-18"
"Design with Climate: A Bioclimatic Approach to Architectural Regionalism","Victor Olgyay; A. Olgyay; D. Lyndon; V. W. Olgyay; J. Reynolds; K. Yeang","2015","book","13","2","2","1","3","4","0","1","climate","climate, design","2022cprize-07; 2026cprize-66; 2020cprize-05; 2020cprize-62; 2021cprize-11; 2021cprize-31; 2024cprize-08; 2024cprize-15; 2023cprize-14; 2023cprize-28; 2023cprize-33; 2024cprize-24; 2024cprize-27"
"Ecological Urbanism","M. Mostafavi; Gareth Doherty; Harvard University Graduate School of Design","2010","book","13","4","4","1","2","0","0","2","ecological","ecological","2026cprize-60; 2020cprize-04; 2020cprize-06; 2020cprize-16; 2020cprize-68; 2021cprize-27; 2021cprize-28; 2021cprize-45; 2021cprize-49; 2023cprize-28; 2023cprize-09; 2022cprize-25; 2026cprize-05"
"Geostories: Another Architecture for the Environment","Rania Ghosn; El Hadi Jazairy","2018","book","13","2","1","1","0","3","1","5","environmental","architecture","2026cprize-48; 2026cprize-55; 2020cprize-12; 2020cprize-57; 2021cprize-47; 2024cprize-01; 2024cprize-19; 2024cprize-38; 2022cprize-22; 2026cprize-28; 2026cprize-31; 2026cprize-16; 2025cprize-04"
"Lo-TEK: Design by Radical Indigenism","Julia Watson; Wade Davis","2020","book","13","0","3","0","1","4","0","5","","radical, design","2026cprize-45; 2026cprize-56; 2026cprize-62; 2021cprize-07; 2021cprize-39; 2021cprize-47; 2024cprize-01; 2024cprize-23; 2024cprize-24; 2024cprize-32; 2023cprize-01; 2026cprize-06; 2026cprize-08"
"Cradle to Cradle: Remaking the Way We Make Things","William McDonough; Michael Braungart","2002","book","12","3","4","1","1","1","0","2","","make","2021cprize-58; 2021cprize-62; 2022cprize-08; 2026cprize-52; 2020cprize-08; 2020cprize-33; 2020cprize-67; 2021cprize-41; 2021cprize-45; 2023cprize-32; 2024cprize-29; 2026cprize-14"
"The Mushroom at the End of the World: On the Possibility of Life in Capitalist Ruins","Anna Lowenhaupt Tsing","2015","book","12","3","2","1","1","1","1","3","world","capitalism, world","2021cprize-60; 2022cprize-17; 2026cprize-48; 2020cprize-56; 2020cprize-58; 2020cprize-61; 2021cprize-08; 2024cprize-01; 2023cprize-07; 2026cprize-20; 2026cprize-34; 2025cprize-22"
"Reciprocal Landscapes: material portraits in New York City and elsewhere","Jane Elizabeth Hutton","2019","book","11","1","3","2","1","2","0","2","material","material, landscape, city","2022cprize-08; 2022cprize-17; 2026cprize-55; 2020cprize-53; 2021cprize-16; 2021cprize-17; 2021cprize-34; 2024cprize-12; 2024cprize-24; 2023cprize-01; 2026cprize-34"
"The Climate of History: Four Theses","Dipesh Chakrabarty","2009","article","11","4","2","2","1","0","1","1","climate","climate, history","2022cprize-02; 2022cprize-15; 2020cprize-02; 2020cprize-05; 2020cprize-21; 2020cprize-25; 2021cprize-31; 2021cprize-46; 2023cprize-14; 2025cprize-01; 2026cprize-30"
"Hyperobjects: Philosophy and Ecology After the End of the World","Timothy Morton","2014","book","10","3","3","3","0","0","1","0","world, ecological","world, ecological","2021cprize-61; 2022cprize-03; 2020cprize-05; 2020cprize-16; 2020cprize-35; 2021cprize-43; 2021cprize-48; 2022cprize-28; 2022cprize-22; 2025cprize-22"
"Slow Violence and the Environmentalism of the Poor","Rob Nixon","2011","book","10","2","1","1","2","0","2","2","","","2021cprize-60; 2022cprize-17; 2020cprize-02; 2020cprize-57; 2023cprize-12; 2023cprize-16; 2026cprize-20; 2026cprize-34; 2025cprize-04; 2025cprize-22"
"The Architecture of the Well-Tempered Environment","Reyner Banham","1969","book","10","2","3","0","2","2","0","1","environmental","architecture","2020cprize-28; 2020cprize-45; 2021cprize-11; 2021cprize-15; 2021cprize-49; 2023cprize-14; 2023cprize-28; 2024cprize-24; 2024cprize-40; 2026cprize-16"
"The Death and Life of Great American Cities","Jane Jacobs","1961","book","10","1","4","2","0","0","0","3","","","2022cprize-15; 2026cprize-46; 2020cprize-04; 2021cprize-12; 2021cprize-27; 2021cprize-28; 2021cprize-45; 2022cprize-25; 2026cprize-02; 2026cprize-14"
"After Comfort: A User's Guide","Daniel A. Barber; et al.","2019","article","9","1","1","1","1","4","1","0","","","2020cprize-25; 2021cprize-08; 2023cprize-14; 2024cprize-23; 2024cprize-24; 2024cprize-27; 2024cprize-30; 2022cprize-21; 2025cprize-08"
"Introduction","Birgit Schneider; Thomas Nocke","1991","chapter","9","3","0","0","1","4","1","0","","","2020cprize-17; 2020cprize-21; 2020cprize-35; 2024cprize-05; 2024cprize-09; 2024cprize-15; 2024cprize-18; 2023cprize-09; 2025cprize-26"
"Thermal Delight in Architecture","Lisa Herschong","2002","book","9","1","2","0","1","1","1","3","","architecture","2020cprize-33; 2021cprize-11; 2021cprize-15; 2023cprize-28; 2024cprize-24; 2026cprize-22; 2026cprize-33; 2026cprize-01; 2025cprize-10"
"Critical Care: Architecture and Urbanism for a Broken Planet","Angelika Fitz; Elke Krasny (eds.)","2020","book","8","2","1","1","1","2","1","0","critical","critical, planet, architecture","2022cprize-14; 2020cprize-12; 2020cprize-50; 2021cprize-16; 2024cprize-01; 2024cprize-09; 2023cprize-15; 2025cprize-12"
"Design and the Green New Deal","Billy Flemming","2019","article","8","3","3","0","0","2","0","0","","design","2020cprize-02; 2020cprize-34; 2020cprize-60; 2021cprize-39; 2021cprize-52; 2021cprize-56; 2024cprize-01; 2024cprize-32"
"The Sixth Extinction: An Unnatural History","Elizabeth Kolbert","2009","book","8","1","1","1","2","2","1","0","","history","2022cprize-15; 2020cprize-66; 2021cprize-17; 2024cprize-01; 2024cprize-41; 2023cprize-07; 2023cprize-11; 2025cprize-04"
"This Changes Everything: Capitalism vs. The Climate","Naomi Klein","2015","book","8","4","0","0","0","3","1","0","climate","capitalism, climate","2020cprize-42; 2020cprize-57; 2020cprize-59; 2020cprize-66; 2024cprize-01; 2024cprize-15; 2024cprize-41; 2025cprize-04"
"Climate Change 2022: Impacts, Adaptation, and Vulnerability. Contribution of Working Group II to the Sixth Assessment Report of the Intergovernmental Panel on Climate Change","K. Calvin; D. Dasgupta; G. Krinner; A. Mukherji; P. W. Thorne; C. Trisos; J. Romero; P. Aldunce; K. Barrett; G. Blanco; W. W. L. Cheung; S. Connors; F. Denton; A. Diongue-Niang; D. Dodman; M. Garschagen; O. Geden; B. Hayward; C. Jones; C. Péan","2014","report","7","0","1","0","3","2","1","0","climate, change","climate, change","2021cprize-47; 2023cprize-41; 2024cprize-07; 2024cprize-10; 2023cprize-20; 2023cprize-36; 2025cprize-07"
"Embodied Energy and Design: Making Architecture Between Metrics and Narratives","David N. Benjamin","2018","book","7","3","1","0","0","0","1","2","energy","energy, embodied, design, architecture","2020cprize-45; 2020cprize-46; 2020cprize-57; 2021cprize-26; 2026cprize-33; 2025cprize-29; 2026cprize-14"
"Modern Architecture and Climate: Design before Air Conditioning","Daniel A. Barber","2020","book","7","0","1","0","2","2","0","2","climate","climate, air, design, architecture","2026cprize-55; 2021cprize-31; 2024cprize-15; 2023cprize-14; 2023cprize-28; 2024cprize-24; 2026cprize-42"
"Projective Ecologies","Chris Reed; Nina-Marie Lister","2014","book","7","3","0","0","0","1","2","1","","ecological","2020cprize-16; 2020cprize-20; 2020cprize-45; 2024cprize-34; 2026cprize-31; 2025cprize-29; 2025cprize-27"
"Vibrant Matter: A Political Ecology of Things","Jane Bennett","2009","book","7","3","1","2","1","0","0","0","ecological","ecological","2022cprize-15; 2022cprize-18; 2020cprize-12; 2020cprize-16; 2020cprize-44; 2021cprize-54; 2023cprize-31"
"A Planet to Win: Why We Need a Green New Deal","Kate Aronoff; Alyssa Battistoni; Daniel Aldana Cohen; Thea Riofrancos","2019","book","6","1","3","0","1","0","1","0","","planet","2020cprize-42; 2021cprize-02; 2021cprize-16; 2021cprize-17; 2023cprize-37; 2025cprize-28"
"Anthropocene: The Human Epoch","Jennifer Baichwal; Nicholas de Pencier; Edward Burtynsky","2018","other","6","0","0","3","0","1","1","1","human","human, anthropocene","2022cprize-15; 2022cprize-17; 2022cprize-18; 2024cprize-19; 2026cprize-28; 2025cprize-04"
"Architecture Without Architects: A Short Introduction to Non-Pedigreed Architecture","Bernard Rudofsky","1964","book","6","1","0","2","0","1","0","2","","architecture","2022cprize-07; 2026cprize-45; 2020cprize-05; 2024cprize-23; 2022cprize-20; 2026cprize-14"
"Architecture2030.org","Architecture 2030","","website","6","1","1","0","1","0","2","1","","architecture","2020cprize-07; 2021cprize-36; 2023cprize-37; 2025cprize-33; 2026cprize-01; 2025cprize-13"
"Arts of Living on a Damaged Planet: Ghosts and Monsters of the Anthropocene","Anna Lowenhaupt Tsing; Heather Anne Swanson; Elaine Gan; Nils Bubandt (eds.)","2017","book","6","2","0","0","1","1","1","1","","anthropocene, planet","2020cprize-21; 2020cprize-66; 2024cprize-01; 2023cprize-07; 2026cprize-05; 2025cprize-09"
"Assessing daylight performance in atrium buildings by using Climate Based Daylight Modeling","Mahsan Mohsenin; J. Hu","2015","article","6","1","0","0","2","2","0","1","climate","model, performance, climate","2020cprize-38; 2023cprize-24; 2023cprize-25; 2024cprize-25; 2024cprize-26; 2026cprize-39"
"Braiding Sweetgrass: Indigenous Wisdom, Scientific Knowledge, and the Teachings of Plants","Robin Wall Kimmerer","2015","book","6","0","0","0","0","2","0","4","","science, indigenous, knowledge","2026cprize-58; 2024cprize-32; 2024cprize-35; 2026cprize-24; 2026cprize-33; 2026cprize-08"
"Decolonization Is Not a Metaphor","Eve Tuck; K. Wayne Yang","2012","article","6","2","1","0","1","1","0","1","","","2026cprize-61; 2020cprize-14; 2020cprize-43; 2021cprize-17; 2024cprize-09; 2023cprize-34"
"Fire and Memory: On Architecture and Energy","Fernández-Galiano, Luis","2000","book","6","1","3","1","0","0","0","1","energy","energy, architecture","2022cprize-02; 2026cprize-66; 2020cprize-45; 2021cprize-11; 2021cprize-15; 2021cprize-26"
"Landscape and Infrastructure: Re-Imagining the Pastoral Paradigm for the Twenty-first Century","Ying-Yu Hung; Gerdo Aquino","2019","book","6","2","0","0","2","1","1","0","infrastructure","infrastructure, landscape","2020cprize-03; 2020cprize-15; 2024cprize-35; 2023cprize-03; 2023cprize-09; 2025cprize-04"
"Race and Modern Architecture: a Critical History from the Enlightenment to the Present","Irene Cheng; Charles L. Davis II; Mabel O. Wilson","2020","book","6","2","1","2","0","1","0","0","critical","critical, history, architecture, race","2022cprize-19; 2020cprize-14; 2020cprize-25; 2021cprize-47; 2024cprize-08; 2022cprize-20"
"Silent Spring","Rachel Carson","2002","book","6","0","0","2","1","2","0","1","","","2022cprize-15; 2022cprize-17; 2026cprize-58; 2024cprize-01; 2023cprize-32; 2024cprize-29"
"The Air from Other Planets: A Brief History of Architecture to Come","Sean Lally","2014","book","6","4","0","1","0","0","0","1","","history, air, architecture","2022cprize-14; 2026cprize-66; 2020cprize-06; 2020cprize-12; 2020cprize-16; 2020cprize-66"
"The Cannibal's Cookbook: Mining Myths of Cyclopean Construction","Brandon Clifford","2017","book","6","2","2","1","0","0","0","1","","construction","2022cprize-17; 2020cprize-33; 2020cprize-53; 2021cprize-30; 2021cprize-34; 2026cprize-34"
"The Color of Law: A Forgotten History of How Our Government Segregated America","Richard Rothstein","2017","book","6","0","1","1","0","1","1","2","","history","2022cprize-19; 2026cprize-61; 2021cprize-50; 2024cprize-08; 2026cprize-13; 2025cprize-19"
"The Great Derangement: Climate Change and the Unthinkable","Amitav Ghosh","2016","book","6","2","0","0","0","0","2","2","climate, change","climate, change","2020cprize-47; 2020cprize-57; 2026cprize-21; 2026cprize-31; 2025cprize-04; 2025cprize-22"
"The Image of the City","Kevin Lynch","1960","book","6","0","2","0","1","0","2","1","","city","2021cprize-12; 2021cprize-28; 2023cprize-29; 2026cprize-22; 2025cprize-10; 2025cprize-26"
"The Role of Retrofits in Architecture Education","Mahsan Mohsenin","2018","other","6","1","0","0","2","2","0","1","","architecture","2020cprize-38; 2023cprize-24; 2023cprize-25; 2024cprize-25; 2024cprize-26; 2026cprize-39"
"The Uninhabitable Earth: Life After Warming","David Wallace-Wells","2019","book","6","2","2","0","0","2","0","0","","earth, warming","2020cprize-25; 2020cprize-66; 2021cprize-08; 2021cprize-56; 2024cprize-23; 2024cprize-39"
"Thermally Active Surfaces in Architecture","Kiel Moe","2010","book","6","1","2","0","1","2","0","0","","architecture","2020cprize-62; 2021cprize-11; 2021cprize-26; 2023cprize-28; 2024cprize-24; 2024cprize-27"
"Towards an Urban Ecology","Kate Orff; SCAPE","2016","book","6","1","0","0","1","2","0","2","ecological","ecological, urban","2020cprize-16; 2024cprize-01; 2024cprize-35; 2023cprize-09; 2026cprize-04; 2026cprize-05"
"Abolish Oil: From Green New Deal to Green Reconstruction","Reinhold Martin","2020","article","5","0","2","1","2","0","0","0","","oil","2022cprize-02; 2021cprize-52; 2021cprize-54; 2023cprize-37; 2023cprize-03"
"After Oil: what Malaysia and Iran may look like in a post-fossil-fuel future","A. Mehan; R. Abdul Razak","2016","article","5","1","1","0","0","1","1","1","future","oil, future","2020cprize-25; 2021cprize-43; 2024cprize-06; 2026cprize-30; 2025cprize-03"
"AIA Framework for Design Excellence","AIA","2019","report","5","1","2","1","1","0","0","0","","design","2020cprize-07; 2021cprize-36; 2021cprize-45; 2023cprize-37; 2022cprize-25"
"Architecture And the Death of Carbon Modernity","Elisa Iturbe","2019","article","5","1","2","1","1","0","0","0","carbon","architecture, carbon","2021cprize-59; 2020cprize-25; 2021cprize-18; 2023cprize-39; 2022cprize-21"
"Climate Justice+Sea Level Rise","Mahsan Mohsenin; Andrew Chin","2022","article","5","0","0","0","2","2","0","1","climate, justice","climate, justice, sea","2023cprize-24; 2023cprize-25; 2024cprize-25; 2024cprize-26; 2026cprize-39"
"Daylight Prediction in Individual Floors Using Well Index","Mahsan Mohsenin; J. Hu","2017","article","5","1","0","0","2","2","0","0","","","2020cprize-38; 2023cprize-24; 2023cprize-25; 2024cprize-25; 2024cprize-26"
"Ecology Without Nature: Rethinking Environmental Aesthetics","Timothy Morton","2009","book","5","1","1","2","0","1","0","0","environmental, ecological, nature","ecological","2022cprize-15; 2022cprize-18; 2020cprize-35; 2021cprize-48; 2024cprize-13"
"Empire, State & Building","Kiel Moe","2017","book","5","2","1","1","0","0","0","1","","building","2022cprize-17; 2020cprize-05; 2020cprize-53; 2021cprize-34; 2026cprize-34"
"Extraction Empire: Undermining the Systems, States, and Scales of Canada's Global Resource Empire","Pierre Bélanger","2018","book","5","2","2","0","0","1","0","0","systems, global, resource","resource, extraction, system, global","2020cprize-02; 2020cprize-29; 2021cprize-43; 2021cprize-54; 2024cprize-12"
"Extrastatecraft: The Power of Infrastructure Space","Keller Easterling","2014","book","5","2","0","0","0","1","0","2","infrastructure","infrastructure, space","2026cprize-55; 2020cprize-02; 2020cprize-43; 2024cprize-35; 2026cprize-34"
"Heating, Cooling, Lighting: Sustainable Design Strategies Towards Net Zero Architecture, 5th Edition","Norbert Lechner","2015","book","5","0","1","1","0","0","0","3","sustainable","sustainability, design, architecture","2022cprize-07; 2026cprize-63; 2021cprize-11; 2026cprize-01; 2026cprize-02"
"Integration of Building Energy Modeling in Architecture Education","Mahsan Mohsenin","2017","other","5","1","0","0","2","2","0","0","energy","energy, building, model, architecture","2020cprize-38; 2023cprize-24; 2023cprize-25; 2024cprize-25; 2024cprize-26"
"Landscape as Urbanism: A General Theory","Charles Waldheim","2006","book","5","4","0","0","0","0","0","1","","landscape, theory","2020cprize-04; 2020cprize-06; 2020cprize-15; 2020cprize-16; 2026cprize-29"
"Light and Building Skins in Beginning Design","Mahsan Mohsenin","2019","other","5","1","0","0","2","2","0","0","","building, design","2020cprize-38; 2023cprize-24; 2023cprize-25; 2024cprize-25; 2024cprize-26"
"Los Angeles: The Architecture of Four Ecologies","Reyner Banham; Joe Day","2000","book","5","1","0","1","0","1","1","1","","ecological, architecture","2022cprize-16; 2026cprize-61; 2020cprize-68; 2024cprize-39; 2025cprize-36"
"Manual of Biogenic House Sections","Paul Lewis; Marc Tsurumaki; David J. Lewis","2022","book","5","0","0","0","0","0","2","3","","house","2026cprize-45; 2026cprize-62; 2025cprize-29; 2025cprize-33; 2026cprize-15"
"Medium Design: Knowing How to Work on the World","Keller Easterling","2021","book","5","2","0","1","0","0","0","2","world","world, design","2022cprize-12; 2020cprize-46; 2020cprize-60; 2026cprize-09; 2026cprize-11"
"Performance Analysis of Biomimetic Facades","Mahsan Mohsenin","2020","other","5","1","0","0","2","2","0","0","","performance","2020cprize-38; 2023cprize-24; 2023cprize-25; 2024cprize-25; 2024cprize-26"
"Regenerative Development & Design: A Framework for Evolving Sustainability","Pamela Mang; Ben Haggard","2016","book","5","0","2","0","1","1","0","1","sustainable","regenerative, sustainability, design","2021cprize-33; 2021cprize-40; 2023cprize-41; 2024cprize-07; 2026cprize-34"
"Seeing Like a State: How Certain Schemes to Improve the Human Condition Have Failed","James C. Scott","1998","book","5","2","2","0","0","0","1","0","human","human","2021cprize-60; 2020cprize-02; 2020cprize-32; 2021cprize-47; 2025cprize-18"
"Smart Cities: Big Data, Civic Hackers, and the Quest for a New Utopia","Germaine R. Halegoua","2015","book","5","0","0","2","0","0","1","2","data","data","2022cprize-27; 2022cprize-25; 2026cprize-26; 2026cprize-16; 2025cprize-08"
"Spatial Agency: Other Ways of Doing Architecture","Nishat Awan; Tatjana Schneider; Jeremy Till","2011","book","5","1","1","1","0","1","0","1","","space, architecture, agency","2020cprize-23; 2021cprize-44; 2024cprize-41; 2022cprize-28; 2026cprize-36"
"Subnature: Architecture's Other Environments (Part One)","David Gissen","2012","book","5","3","1","0","1","0","0","0","","architecture","2020cprize-02; 2020cprize-16; 2020cprize-45; 2021cprize-18; 2023cprize-14"
"The 'Anthropocene'","Paul J. Crutzen; Eugene F. Stoermer","2018","other","5","3","1","0","1","0","0","0","","anthropocene","2020cprize-12; 2020cprize-33; 2020cprize-67; 2021cprize-46; 2023cprize-14"
"The Eyes of the Skin: Architecture and the Senses","Juhani Pallasmaa","1996","book","5","0","2","0","0","0","1","2","","architecture","2021cprize-03; 2021cprize-19; 2026cprize-22; 2026cprize-01; 2025cprize-10"
"The Green New Deal: Why the Fossil Fuel Civilization Will Collapse by 2028, and the Bold Economic Plan to Save Life on Earth","Jeremy Rifkin","2018","book","5","3","1","0","0","0","0","1","economic","economy, plan, earth, fossil fuel","2020cprize-38; 2020cprize-66; 2020cprize-69; 2021cprize-33; 2026cprize-14"
"The impact of street properties on cognitive maps","Mahsan Mohsenin; A. Sevtsuk","2013","article","5","1","0","0","2","2","0","0","impact","","2020cprize-38; 2023cprize-24; 2023cprize-25; 2024cprize-25; 2024cprize-26"
"The Underdome Guide to Energy Reform","Janette Kim (ed.); Erik Carver (ed.)","2015","book","5","1","1","2","1","0","0","0","energy","energy","2022cprize-07; 2022cprize-12; 2020cprize-66; 2021cprize-49; 2023cprize-28"
"The World Without Us","Alan Weisman","2008","book","5","1","2","1","1","0","0","0","world","world","2022cprize-17; 2020cprize-53; 2021cprize-34; 2021cprize-41; 2023cprize-12"
"User Interface for Atrium Daylight and Thermal Performances","Mahsan Mohsenin","2016","other","5","1","0","0","2","2","0","0","","","2020cprize-38; 2023cprize-24; 2023cprize-25; 2024cprize-25; 2024cprize-26"
"Views from the Plastisphere: A Preface to Post-Rock Architecture (in Climates: Architecture and the Planetary Imaginary)","Meredith Miller","2016","chapter","5","2","0","1","0","1","0","1","","planet, architecture","2020cprize-46; 2020cprize-62; 2024cprize-40; 2022cprize-21; 2026cprize-30"
"A Billion Black Anthropocenes or None","Kathryn Yousoff","2018","book","4","1","2","1","0","0","0","0","","","2022cprize-17; 2020cprize-53; 2021cprize-16; 2021cprize-34"
"Against the Anthropocene: Visual Culture and Environment Today","Thomas J. Demos","2017","book","4","2","1","0","0","0","0","1","environmental","anthropocene, visual, culture","2020cprize-12; 2020cprize-21; 2021cprize-48; 2026cprize-24"
"Air Conditioning: Taming the Climate as a Dream of Civilization (in Climates: Architecture and the Planetary Imaginary)","Eva Horn","2016","chapter","4","1","0","1","2","0","0","0","climate","climate, planet, air, architecture","2022cprize-02; 2020cprize-62; 2023cprize-14; 2023cprize-15"
"Architectural Theories of the Environment: Posthuman Territory","Ariane Lourie Harrison","2013","book","4","1","0","2","0","1","0","0","environmental","territory, posthuman","2022cprize-15; 2022cprize-18; 2020cprize-49; 2024cprize-01"
"Architecture Depends","Jeremy Till","2009","book","4","2","1","0","0","0","0","1","","architecture","2020cprize-35; 2020cprize-60; 2021cprize-48; 2026cprize-36"
"Architecture in the Anthropocene: Encounters Among Design, Deep Time, Science and Philosophy","Etienne Turpin (ed.)","2013","book","4","2","0","0","0","1","1","0","science","science, anthropocene, design, architecture","2020cprize-21; 2020cprize-54; 2024cprize-13; 2025cprize-09"
"Beyond Shelter: Architecture and Human Dignity","Alfredo Brillembourg; et al.","2011","book","4","1","1","1","0","0","1","0","human","human, architecture","2022cprize-09; 2020cprize-50; 2021cprize-37; 2025cprize-12"
"Beyond the City: Resource Extraction Urbanism in South America","Felipe Correa","2016","book","4","2","1","1","0","0","0","0","resource","resource, extraction, city","2022cprize-02; 2020cprize-29; 2020cprize-62; 2021cprize-43"
"Biomimicry: Innovation Inspired by Nature","Janine Benyus","1997","book","4","0","1","0","1","1","1","0","nature","innovation","2021cprize-46; 2023cprize-37; 2024cprize-34; 2025cprize-27"
"Climates: Architecture and the Planetary Imaginary","James Graham; Caitlin Blanchfield; Alissa Anderson; Jordan Carver; Jacob Moore","2016","book","4","2","2","0","0","0","0","0","","planet, architecture","2020cprize-02; 2020cprize-66; 2021cprize-01; 2021cprize-46"
"Cultivated Building Materials: Industrialized Natural Resources for Architecture and Construction","Dirk Hebel; Felix Heisel","2017","book","4","1","0","1","0","1","1","0","material, resource, nature","material, construction, building, natural, resource, architecture","2022cprize-14; 2020cprize-33; 2024cprize-23; 2025cprize-13"
"Decolonizing the Chicago Cultural Center","Settler Colonial City Project","","other","4","1","1","1","0","0","0","1","","culture","2022cprize-17; 2020cprize-53; 2021cprize-34; 2026cprize-34"
"Delirious New York: A Retroactive Manifesto for Manhattan","Rem Koolhaas","1994","book","4","1","2","0","1","0","0","0","","","2020cprize-51; 2021cprize-15; 2021cprize-28; 2023cprize-39"
"Designs for the Pluriverse: Radical Interdependence, Autonomy, and the Making of Worlds","Arturo Escobar","2018","book","4","1","1","0","0","1","0","1","","radical","2026cprize-60; 2020cprize-14; 2021cprize-17; 2024cprize-13"
"Doughnut Economics: Seven Ways to Think like a 21st Century Economist","Kate Raworth","2012","book","4","0","1","0","0","2","0","1","","","2021cprize-40; 2024cprize-14; 2024cprize-21; 2026cprize-36"
"Emerging Ecologies: Architecture and the Rise of Environmentalism","Carson Chan","2023","book","4","0","0","0","0","1","2","1","","ecological, architecture","2024cprize-40; 2025cprize-33; 2026cprize-05; 2025cprize-04"
"Envisioning Information","Edward R. Tufte","1990","book","4","1","1","0","0","0","1","1","","","2020cprize-39; 2021cprize-20; 2026cprize-22; 2025cprize-10"
"Histories of Ecological Design: An Unfinished Cyclopedia","Lydia Kallipoliti","2024","book","4","0","0","0","0","0","2","2","ecological","ecological, design","2026cprize-56; 2026cprize-24; 2025cprize-29; 2025cprize-04"
"How Buildings Learn: What Happens After They're Built","Stewart Brand","1994","book","4","1","1","1","0","0","1","0","","","2022cprize-08; 2020cprize-26; 2021cprize-12; 2025cprize-29"
"Learning from Las Vegas","Robert Venturi; Scott Brown, Denise; Steven Izenour","1972","book","4","0","0","1","0","1","0","2","","","2022cprize-03; 2026cprize-46; 2024cprize-33; 2026cprize-14"
"Maintenance and Care: A working guide to the repair of rust, dust, cracks, and corrupted code in our cities, our homes, and our social relations","Shannon Mattern","2018","article","4","2","1","0","0","1","0","0","","social","2020cprize-40; 2020cprize-46; 2021cprize-16; 2024cprize-09"
"Manufactured Landscapes: The Photographs of Edward Burtynsky","Jennifer Baichwal; Edward Burtynsky","2006","film","4","0","0","2","1","0","1","0","","landscape","2022cprize-15; 2022cprize-18; 2023cprize-31; 2025cprize-04"
"Margins in Our Midst","Matthew Coolidge","","chapter","4","1","1","1","0","0","0","1","","","2022cprize-17; 2020cprize-53; 2021cprize-34; 2026cprize-34"
"Matters of Care: Speculative Ethics in More than Human Worlds","María Puig de la Bellacasa","2017","book","4","1","1","0","0","2","0","0","human","human, speculate, ethics","2020cprize-09; 2021cprize-16; 2024cprize-01; 2024cprize-21"
"Net Zero Energy Buildings: International Projects of Carbon Neutrality in Buildings","K. Voss; Eike Musall","2012","book","4","2","2","0","0","0","0","0","energy, carbon","energy, international, carbon","2020cprize-19; 2020cprize-41; 2021cprize-29; 2021cprize-51"
"Operating Manual for Spaceship Earth","Richard Buckminster Fuller","1969","book","4","3","0","1","0","0","0","0","","earth","2022cprize-02; 2020cprize-05; 2020cprize-45; 2020cprize-66"
"Poetics of Relation","Edouard Glissant","1997","book","4","1","1","0","0","0","1","1","","","2020cprize-61; 2021cprize-17; 2026cprize-35; 2025cprize-34"
"Politics of Nature: How to Bring the Sciences into Democracy","Bruno Latour; Catherine Porter","2011","article","4","1","1","1","0","0","1","0","science, nature","science","2020cprize-35; 2021cprize-48; 2022cprize-30; 2025cprize-09"
"Rebuilding the American City","Patty Heyda; David Gamble","2016","book","4","1","1","0","1","1","0","0","","city","2020cprize-34; 2021cprize-52; 2023cprize-33; 2024cprize-30"
"Subtraction","Keller Easterling","2014","book","4","2","1","0","0","0","0","1","","","2020cprize-46; 2020cprize-66; 2021cprize-08; 2026cprize-30"
"Sun, Wind, and Light: Architectural Design Strategies","G. Z. Brown; Mark DeKay","2001","book","4","1","0","0","1","1","0","1","","design","2020cprize-30; 2023cprize-37; 2024cprize-08; 2026cprize-01"
"Sustainable Urbanism: Urban Design with Nature","Douglas Farr","2008","book","4","0","1","2","0","0","1","0","sustainable, nature","sustainability, urban, design","2021cprize-45; 2022cprize-24; 2022cprize-25; 2025cprize-12"
"Taking Measures across the American Landscape","James M. Corner; Alex S. MacLean","2000","book","4","1","0","0","1","0","1","1","","landscape","2020cprize-16; 2025cprize-02; 2023cprize-02; 2026cprize-04"
"The Architect as Worker: Immaterial Labor, the Creative Class, and the Politics of Design","Peggy Deamer","2015","book","4","1","1","1","0","0","1","0","","labor, design, architect","2020cprize-02; 2021cprize-44; 2022cprize-24; 2025cprize-28"
"The Architecture of Waste: Design for a Circular Economy","Caroline O'Donnell; Dillon Pranger","2020","book","4","2","0","1","0","1","0","0","economic","economy, waste, design, architecture","2022cprize-14; 2020cprize-45; 2020cprize-55; 2024cprize-42"
"The Atmosphere as a Cultural Object","Jorge Otero-Pailos","2016","chapter","4","1","1","1","0","1","0","0","","culture","2022cprize-14; 2020cprize-21; 2021cprize-08; 2024cprize-15"
"The Granite Garden: Urban Nature and Human Design","Anne Whiston Spirn","1984","book","4","3","1","0","0","0","0","0","human, nature","human, urban, design","2020cprize-27; 2020cprize-31; 2020cprize-68; 2021cprize-27"
"The Ministry for the Future","Kim Stanley Robinson","2020","book","4","0","1","0","0","2","0","1","future","future","2021cprize-56; 2024cprize-19; 2024cprize-32; 2026cprize-28"
"The Planet after Geoengineering: Design Earth","Rania Ghosn; El Hadi Jazairy","2021","book","4","0","0","1","0","2","0","1","","planet, earth, design","2022cprize-12; 2026cprize-48; 2024cprize-39; 2024cprize-42"
"The Quadrivium Industrial Complex","Mark Jarzombek","2019","article","4","2","1","0","0","0","1","0","","","2020cprize-02; 2020cprize-29; 2021cprize-43; 2025cprize-06"
"The Right to the City: Social Justice and the Fight for Public Space","Henri Lefebvre","2003","book","4","0","2","0","1","0","0","1","justice","public, social, space, justice, city","2021cprize-26; 2021cprize-52; 2023cprize-26; 2026cprize-10"
"Towards a New Architecture?","Le Corbusier; Frederick Etchells","1986","book","4","1","0","1","1","0","0","1","","architecture","2020cprize-23; 2023cprize-37; 2022cprize-20; 2026cprize-14"
"Toxic Communities: Environmental Racism, Industrial Pollution, and Residential Mobility","Dorceta E. Taylor","2014","book","4","0","1","0","0","1","2","0","environmental, community","","2021cprize-43; 2024cprize-13; 2025cprize-09; 2025cprize-19"
"Undermining: a Wild Ride Through Land Use, Politics, and Art in the Changing West","Lucy Lippard","2014","book","4","1","1","2","0","0","0","0","","land","2022cprize-03; 2020cprize-29; 2021cprize-43; 2022cprize-28"
"What Does Climate Change? (For Architecture)","Amale Andraos","2016","chapter","4","2","1","0","0","1","0","0","climate, change","climate, change, architecture","2021cprize-63; 2020cprize-21; 2020cprize-46; 2024cprize-15"
"Wood Urbanism: From the Molecular to the Territorial","Kiel Moe; Daniel Ibañez; Jane Hutton","2020","book","4","0","1","0","1","1","0","1","","","2021cprize-47; 2023cprize-13; 2024cprize-23; 2026cprize-33"
"14 Patterns of Biophilic Design: Improving Health & Well-Being in the Built Environment","William D. Browning; Catherine O. Ryan; Joseph O. Clancy","2014","report","3","0","1","0","0","0","0","2","environmental, health","design","2026cprize-63; 2021cprize-40; 2026cprize-44"
"1493: Uncovering the New World Columbus Created","Charles C. Mann","2012","book","3","0","1","0","0","1","0","1","world","world","2021cprize-16; 2024cprize-19; 2026cprize-28"
"A Cyborg Manifesto: Science, Technology, and Socialist-Feminism in the Late Twentieth Century","Donna Haraway","1985","article","3","0","0","2","0","0","0","1","science","technology, science","2022cprize-15; 2022cprize-18; 2026cprize-56"
"A Field Guide to Sprawl","Dolores Hayden","2004","book","3","0","1","0","1","1","0","0","","","2021cprize-27; 2023cprize-33; 2024cprize-30"
"A History of the World in Seven Cheap Things: A Guide to Capitalism, Nature, and the Future of the Planet","Jason W. Moore; Raj Patel","2018","book","3","0","1","1","1","0","0","0","future, world, nature","capitalism, world, planet, history, future","2022cprize-12; 2021cprize-17; 2023cprize-11"
"A Home is Not a House","Reyner Banham","1965","article","3","0","2","0","0","1","0","0","","house","2021cprize-15; 2021cprize-18; 2024cprize-24"
"A Paradise Built in Hell: The Extraordinary Communities that Arise in Disaster","Rebecca Solnit","2009","book","3","0","0","0","2","0","1","0","community","disaster","2023cprize-12; 2023cprize-06; 2025cprize-14"
"A Pattern Language","Christopher Alexander; Sara Ishikawa; Murray Silverstein","1977","book","3","0","1","0","0","0","1","1","","","2021cprize-27; 2026cprize-22; 2025cprize-10"
"A Pedagogical Context to Integrate Trend Forecasting Techniques into Innovative Design","","2021","article","3","0","0","0","0","0","3","0","","design","2025cprize-23; 2025cprize-24; 2025cprize-25"
"A Third Space: Neither Fully Urban nor Fully of the Biosphere","S. Sassen","2016","chapter","3","0","1","0","1","0","0","1","","space, urban","2021cprize-63; 2023cprize-06; 2026cprize-29"
"A Vast Machine: Computer Models, Climate Data, and the Politics of Global Warming","Paul Edwards","2010","book","3","1","1","0","0","0","1","0","climate, global, data","data, climate, global, warming","2020cprize-43; 2021cprize-47; 2025cprize-32"
"After Nature: The Politics of the Anthropocene","Jedediah Purdy","2015","book","3","1","2","0","0","0","0","0","nature","anthropocene","2020cprize-55; 2021cprize-08; 2021cprize-17"
"American Building 2: The Environmental Forces That Shape It","James Marston Fitch","1999","book","3","1","2","0","0","0","0","0","environmental","building","2020cprize-39; 2021cprize-11; 2021cprize-20"
"Architecture for the Poor: An Experiment in Rural Egypt","Hassan Fathy","1973","book","3","1","0","0","0","1","0","1","","rural, architecture","2026cprize-45; 2020cprize-33; 2024cprize-27"
"Architecture, Environment, History: Questions and Consequences","Daniel A. Barber; Lee Stickells; Daniel J. Ryan; Maren Koehler; Andrew Leach; Philip Goad; Deborah van der Plaat; Cathy Keys; Farhan Karim","2018","article","3","3","0","0","0","0","0","0","environmental","history, architecture","2020cprize-14; 2020cprize-25; 2020cprize-59"
"Archives of the Present-Future: On Climate Change and Representational Breakdown","Emily Eliza Scott","2016","chapter","3","2","0","1","0","0","0","0","climate, change, future","climate, change, future","2020cprize-21; 2020cprize-46; 2022cprize-22"
"At the Border of Decolonization","Ana María Leon; Andrew Herscher","2020","article","3","0","1","0","1","1","0","0","","","2021cprize-17; 2024cprize-09; 2023cprize-11"
"Being Ecological","Timothy Morton","2018","book","3","2","1","0","0","0","0","0","ecological","ecological","2020cprize-12; 2020cprize-62; 2021cprize-43"
"Beyond Nature and Culture","Philippe Descola; Janet Lloyd","2013","book","3","0","0","0","0","2","0","1","nature","culture","2026cprize-45; 2024cprize-13; 2024cprize-40"
"Blue Dunes: Climate Change By Design","Jesse Keenan; Claire Weisz","2017","book","3","2","0","1","0","0","0","0","climate, change","climate, change, design","2022cprize-16; 2020cprize-12; 2020cprize-66"
"Building Better - Less - Different: Circular Construction and Circular Economy","Felix Heisel; Dirk E. Hebel; Ken Webster","2022","book","3","0","0","0","0","2","1","0","economic","economy, construction, building","2024cprize-25; 2024cprize-26; 2025cprize-13"
"Capitalism and the Web of Life: Ecology and the Accumulation of Capital","Jason Moore","2015","book","3","2","0","0","0","0","1","0","ecological","capitalism, ecological","2020cprize-02; 2020cprize-09; 2025cprize-04"
"Cartographic Grounds: Projecting the Landscape Imaginary","Jill Desimini; Charles Waldheim","2016","book","3","1","0","0","1","1","0","0","","landscape","2020cprize-16; 2024cprize-12; 2023cprize-09"
"Changes in the Land: Indians, Colonists, and the Ecology of New England","William Cronon","2003","book","3","0","2","0","1","0","0","0","ecological","land, ecological","2021cprize-16; 2021cprize-47; 2023cprize-31"
"Cities as Sustainable Ecosystems: Principles and Practices","Peter Newman; Isabella Jennings","2008","book","3","0","1","0","0","1","0","1","sustainable","sustainability","2021cprize-56; 2024cprize-32; 2026cprize-36"
"Cities for People","Jan Gehl","2010","book","3","0","1","0","1","0","1","0","","","2021cprize-12; 2023cprize-39; 2025cprize-12"
"City of Flows: Modernity, Nature, and the City","Maria Kaika","2004","book","3","1","1","1","0","0","0","0","nature","city","2020cprize-58; 2021cprize-16; 2022cprize-24"
"Climate Justice: Case Studies in Global and Regional Governance Challenges","Randall S. Abate","2016","book","3","0","0","0","0","2","1","0","climate, global, justice","climate, global, justice","2024cprize-07; 2024cprize-32; 2025cprize-35"
"Close Up at a Distance: Mapping, Technology, and Politics","Laura Kurgan","2013","book","3","1","1","0","0","0","0","1","","technology, map","2026cprize-61; 2020cprize-02; 2021cprize-16"
"Collapse: How Societies Choose To Fail Or Survive","Jared Diamond","2011","book","3","2","1","0","0","0","0","0","","","2020cprize-35; 2020cprize-59; 2021cprize-48"
"Colonial Lives of Property: Law, Land, and Racial Regimes of Ownership","Brenna Bhandar","2018","book","3","1","0","1","1","0","0","0","","land, property, colonial, race","2022cprize-02; 2020cprize-14; 2023cprize-03"
"Convergence: An Architectural Agenda for Energy","Kiel Moe","2013","book","3","0","1","0","2","0","0","0","energy","energy","2021cprize-11; 2023cprize-37; 2023cprize-01"
"Crabgrass Frontier: The Suburbanization of the United States","Kenneth Jackson","1987","book","3","0","1","0","1","1","0","0","","","2021cprize-27; 2023cprize-33; 2024cprize-30"
"Critical climate justice","F. Sultana","2022","article","3","0","0","0","1","1","1","0","climate, critical, justice","critical, climate, justice","2023cprize-38; 2024cprize-10; 2025cprize-07"
"Dark Ecology: For a Logic of Future Coexistence","Timothy Morton","2016","book","3","2","0","0","0","0","1","0","future, ecological","ecological, future","2020cprize-25; 2020cprize-66; 2025cprize-04"
"Delphi Method as a Morphological Catalyst for Foresight-Oriented Design Research","","2022","article","3","0","0","0","0","0","3","0","","research, design","2025cprize-23; 2025cprize-24; 2025cprize-25"
"Deserts Are Not Empty","Samia Henni","2022","book","3","0","0","0","0","1","1","1","","","2024cprize-19; 2025cprize-02; 2026cprize-28"
"Design Like You Give a Damn: Architectural Responses to Humanitarian Crises","Cameron Sinclair; Architecture for Humanity","2009","book","3","1","2","0","0","0","0","0","","design","2020cprize-23; 2021cprize-26; 2021cprize-37"
"Designer's Guide to Lab Practice","Assia Crawford","2023","book","3","0","0","0","1","0","0","2","","","2026cprize-45; 2023cprize-07; 2026cprize-08"
"Diagrams of Power: Visualizing, Mapping and Performing Resistance","Patricio Davila","2019","book","3","1","1","1","0","0","0","0","","map","2020cprize-34; 2021cprize-52; 2022cprize-26"
"Dingbat 2.0: The Iconic Los Angeles Apartment as Projection of a Metropolis","","2016","book","3","1","1","0","0","0","0","1","","","2020cprize-53; 2021cprize-34; 2026cprize-34"
"Diversity by Design: Feminist Reflections on the Future of Architectural Education and Practice","Beth Tauke; Korydon H. Smith; Charles L. Davis","2016","book","3","1","0","1","1","0","0","0","future","design, future","2022cprize-19; 2020cprize-54; 2023cprize-18"
"Driving the Golden Spike","Brian Holmes","","article","3","1","1","1","0","0","0","0","","","2022cprize-17; 2020cprize-53; 2021cprize-34"
"Eco-city Planning: Policies, practice and Design","T.X. Wong; B. Yuen","2011","book","3","0","0","0","1","1","1","0","","city, design","2023cprize-38; 2024cprize-10; 2025cprize-07"
"Ecologies of prosperity","M. Jover; A. Wall","2019","book","3","0","0","0","1","1","1","0","","ecological","2023cprize-38; 2024cprize-10; 2025cprize-07"
"Energy as a Spatial Project","Rania Ghosn","2009","article","3","2","1","0","0","0","0","0","energy","energy, space","2020cprize-29; 2020cprize-46; 2021cprize-43"
"Facing Gaia: Eight Lectures on the New Climatic Regime","Bruno Latour","2017","book","3","1","1","1","0","0","0","0","","","2022cprize-15; 2020cprize-21; 2021cprize-08"
"Feminist City: Claiming Space in a Man-made World","L. Kern","2020","book","3","0","0","0","1","1","1","0","world","world, space, city","2023cprize-38; 2024cprize-10; 2025cprize-07"
"Fossil Capital: The Rise of Steam Power and the Roots of Global Warming","Andreas Malm","2016","book","3","1","1","0","0","1","0","0","global","global, warming","2020cprize-29; 2021cprize-43; 2024cprize-12"
"Gaïa Global Circus: A Climate Tragicomedy","Rania Ghosn; El Hadi Jazairy","2016","chapter","3","1","0","0","1","0","0","1","climate, global","climate, global","2020cprize-21; 2023cprize-31; 2026cprize-30"
"Geographies of Trash","Rania Ghosn; El Hadi Jazairy","2015","book","3","2","0","0","0","0","0","1","","","2026cprize-48; 2020cprize-21; 2020cprize-46"
"Global Warming of 1.5°C: Special Report","IPCC","2018","report","3","2","1","0","0","0","0","0","global","global, warming","2020cprize-07; 2020cprize-15; 2021cprize-36"
"Governing the Commons: The Evolution of Institutions for Collective Action","Elinor Ostrom","1990","book","3","2","0","0","0","0","0","1","","","2020cprize-32; 2020cprize-60; 2026cprize-09"
"Green Vision: Greenspace Planning and Design in Nordic Cities","K. Nilsson; R. Webber; L. Rohrer","2021","book","3","0","0","0","1","1","1","0","","design","2023cprize-38; 2024cprize-10; 2025cprize-07"
"Half-Earth Socialism: A Plan to Save the Future from Extinction, Climate Change, and Pandemics","Troy Vettese; Drew Pendergrass","2022","book","3","0","0","0","0","2","0","1","climate, change, future","climate, plan, earth, change, future","2024cprize-19; 2024cprize-32; 2026cprize-28"
"Heat Wave: A Social Autopsy of Disaster in Chicago","U.S. Global Change Research Program","2015","book","3","0","0","1","1","0","0","1","","social, heat, disaster","2022cprize-05; 2023cprize-23; 2026cprize-02"
"How Climate Change Migration Will Reshape America","Abrahm Lustgarten","2020","article","3","0","1","0","1","0","0","1","climate, change","climate, change, migration","2021cprize-04; 2023cprize-06; 2026cprize-37"
"How Decades of Racist Housing Policy Left Neighborhoods Sweltering","Brad Plumer; Nadja Popovich","2020","article","3","0","1","1","0","0","0","1","","house","2022cprize-02; 2021cprize-29; 2026cprize-13"
"How Forests Think: Toward an Anthropology Beyond the Human","Eduardo Kohn","2013","book","3","0","0","0","1","1","0","1","human","human","2026cprize-56; 2024cprize-03; 2023cprize-07"
"Human Ecology: Biocultural Adaptations in Human Communities","Holger Schutkowski","2011","book","3","0","0","1","0","1","1","0","human, ecological, community","human, ecological","2024cprize-34; 2022cprize-24; 2025cprize-27"
"Icebergs, Zombies, and the Ultra Thin: Architecture and Capitalism in the Twenty-First Century","M. Soules","2021","book","3","0","0","0","1","1","1","0","","capitalism, architecture","2023cprize-38; 2024cprize-10; 2025cprize-07"
"Implosions/Explosions: Towards a Study of Planetary Urbanization","Neil Brenner (ed.)","2014","book","3","2","1","0","0","0","0","0","","planet","2020cprize-05; 2020cprize-34; 2021cprize-52"
"In Catastrophic Times: Resisting the Coming Barbarism","Isabelle Stengers","2015","book","3","2","0","0","0","0","1","0","","","2020cprize-09; 2020cprize-21; 2025cprize-16"
"In the Heat of the Past: Towards a History of the Fossil Economy","Andreas Malm","2016","chapter","3","1","1","1","0","0","0","0","economic","economy, heat, history","2022cprize-04; 2020cprize-09; 2021cprize-54"
"Integrated Design in Contemporary Architecture","Kiel Moe","2008","book","3","1","1","0","1","0","0","0","","design, architecture","2020cprize-30; 2021cprize-11; 2023cprize-37"
"Landscape Ecology Principles in Landscape Architecture and Land-Use Planning","Dramstad; Olson; Forman","","book","3","0","0","0","0","2","1","0","ecological","land, landscape, ecological, architecture","2024cprize-30; 2024cprize-34; 2025cprize-27"
"Learning Through Prototyping","M. Mohsenin","2018","other","3","1","0","0","2","0","0","0","","","2020cprize-38; 2023cprize-24; 2023cprize-25"
"Less is More: How Degrowth Will Save the World","E. Goldern; G. Proksch","2022","book","3","0","0","0","0","1","1","1","world","world","2024cprize-32; 2026cprize-36; 2025cprize-15"
"Liveable Cities: Urbanising World","C. Gossop; S. Nan","2011","book","3","0","0","0","1","1","1","0","world","world","2023cprize-38; 2024cprize-10; 2025cprize-07"
"Local Architecture: Building Place, Craft, and Community","Brian Mackay-Lyons; Robert McCarter (ed.)","2015","book","3","1","0","1","0","0","0","1","community","building, local, place, architecture","2020cprize-03; 2022cprize-23; 2026cprize-14"
"Local Code: 3659 Proposals about Data, Design, and the Nature of Cities","Nicholas De Monchaux","2015","book","3","1","1","1","0","0","0","0","data, nature","data, local, design","2020cprize-57; 2021cprize-15; 2022cprize-25"
"LOG 47: Overcoming Carbon Form","Elisa Iturbe","2019","book","3","0","3","0","0","0","0","0","carbon","carbon","2021cprize-41; 2021cprize-43; 2021cprize-52"
"Many Norths: Spatial Practice in a Polar Territory","Lola Sheppard; Mason White","2017","book","3","0","0","0","1","0","1","1","","territory, space","2026cprize-48; 2025cprize-02; 2023cprize-02"
"Mapping Controversies in Architecture","Albena Yaneva","2016","book","3","1","1","0","1","0","0","0","","map, architecture","2020cprize-34; 2021cprize-52; 2023cprize-09"
"Mass Timber: Design and Research","Susan Jones","2019","book","3","1","0","0","1","1","0","0","","timber, research, design","2020cprize-26; 2024cprize-18; 2023cprize-13"
"McMansion Hell","Kate Wagner","","website","3","1","0","0","1","1","0","0","","","2020cprize-33; 2023cprize-33; 2024cprize-30"
"Modern Architecture: A Critical History, 5th ed.","Kenneth Frampton","2023","book","3","1","0","0","0","1","0","1","critical","critical, history, architecture","2020cprize-03; 2024cprize-40; 2026cprize-14"
"Moosewood Cookbook","Molly Katzen","1977","book","3","0","0","0","1","1","1","0","","","2023cprize-30; 2024cprize-28; 2025cprize-21"
"Naturalizing Capitalism: The Next Great Transformation","Paul Hawken; Amory Lovins; Hunter Lovins","1999","book","3","1","1","1","0","0","0","0","","capitalism","2020cprize-62; 2021cprize-52; 2022cprize-26"
"New Geographies 02: Landscapes of Energy","Mariano Gómez Luque; Ghazal Jafari","2016","book","3","1","1","0","1","0","0","0","energy","energy, landscape","2020cprize-54; 2021cprize-52; 2023cprize-09"
"New York 2140","Kim Stanley Robinson","2018","book","3","1","1","0","0","1","0","0","","","2020cprize-66; 2021cprize-56; 2024cprize-41"
"Non-Human Rights","Paulo Tavares","2014","chapter","3","1","0","1","1","0","0","0","human","non-human, human","2022cprize-04; 2020cprize-56; 2023cprize-11"
"On Fire: The (Burning) Case for a Green New Deal","Naomi Klein","2019","book","3","2","1","0","0","0","0","0","","","2020cprize-66; 2020cprize-69; 2021cprize-54"
"Only One Earth: The Care and Maintenance of a Small Planet","Barbara Ward; Rene Dubos","1972","book","3","1","1","1","0","0","0","0","","planet, earth","2020cprize-34; 2021cprize-52; 2022cprize-26"
"Operative Mapping: Maps as Design Tools","Roger Paez","2019","book","3","0","1","0","0","0","1","1","","map, design","2021cprize-52; 2025cprize-02; 2026cprize-04"
"Organization Space: Landscapes, Highways, and Houses in America","Keller Easterling","2001","book","3","3","0","0","0","0","0","0","","landscape, space","2020cprize-26; 2020cprize-31; 2020cprize-66"
"Our History Is the Future: Standing Rock versus the Dakota Access Pipeline, and the Long Tradition of Indigenous Resistance","Nick Estes","2019","book","3","1","2","0","0","0","0","0","future","indigenous, history, future","2020cprize-14; 2021cprize-16; 2021cprize-17"
"Overcoming Carbon Form","Elisa Iturbe; Cynthia Davidson","2019","article","3","0","0","1","0","1","0","1","carbon","carbon","2022cprize-12; 2026cprize-55; 2024cprize-01"
"Palaces for the People: How Social Infrastructure Can Help Fight Inequality, Polarization, and the Decline of Civic Life","Eric Klinenberg","2018","book","3","0","0","0","0","1","1","1","infrastructure","infrastructure, social","2024cprize-24; 2026cprize-36; 2025cprize-28"
"Planet of Slums","Mike Davis","2006","book","3","1","0","0","0","1","0","1","","planet","2020cprize-47; 2024cprize-29; 2026cprize-31"
"Planning for Climate Change: A Reader in Green Infrastructure and Sustainable Design for Resilient Cities","E.M.H. Infield; Y. Abunnasr; R.L. Ryan","2019","book","3","1","1","0","0","0","0","1","climate, change, sustainable, infrastructure","infrastructure, climate, resiliency, change, sustainability, design","2020cprize-27; 2021cprize-22; 2026cprize-26"
"Range of Motions: Granite from Vinalhaven, Maine, to Broadway, 1892","Jane Hutton","2020","chapter","3","1","0","2","0","0","0","0","","","2022cprize-04; 2020cprize-46; 2022cprize-30"
"Rapson Group: Site Index","John Roloff","","other","3","1","1","1","0","0","0","0","","site","2022cprize-17; 2020cprize-53; 2021cprize-34"
"Resilient Cities: Meaning, Models, and Metaphor for Integrating the Ecological, Socio-Economic, and Planning Realms","S. T. A. Pickett; M. L. Cadenasso; J. M. Grove","2012","book","3","0","2","1","0","0","0","0","ecological, economic","economy, ecological, resiliency","2021cprize-22; 2021cprize-56; 2022cprize-29"
"Rethinking Repair","Stevan J. Jackson","2014","chapter","3","1","0","0","0","1","0","1","","","2020cprize-09; 2024cprize-09; 2026cprize-15"
"Rethinking the Power of Maps","Denis Wood; John Fels; John Krygier","2010","book","3","0","0","0","0","0","1","2","","","2025cprize-02; 2026cprize-20; 2026cprize-04"
"Salt: A World History","Mark Kurlansky","","book","3","1","1","1","0","0","0","0","world","world, history","2022cprize-17; 2020cprize-53; 2021cprize-34"
"Site Analysis: A contextual approach to sustainable land planning and site design","James A. LaGro Jr.","2008","book","3","0","0","0","1","1","1","0","sustainable","site, land, sustainability, design","2023cprize-38; 2024cprize-10; 2025cprize-07"
"Smelting Pot","Jennifer Scappettone","","chapter","3","1","1","1","0","0","0","0","","","2022cprize-17; 2020cprize-53; 2021cprize-34"
"Sorry, out of Gas: Architecture's Response to the 1973 Oil Crisis","Giovanna Borasi; Mirko Zardini","2007","book","3","3","0","0","0","0","0","0","","crisis, oil, architecture","2020cprize-05; 2020cprize-29; 2020cprize-64"
"Spatial Planning and Climate Change","E. Wilson; J. Piper","2010","book","3","0","0","0","1","1","1","0","climate, change","climate, space, change","2023cprize-38; 2024cprize-10; 2025cprize-07"
"Speculative Everything: Design, Fiction, and Social Dreaming","Anthony Dunne; Fiona Raby","2013","book","3","0","1","0","0","0","1","1","","social, speculate, design","2021cprize-17; 2026cprize-11; 2025cprize-22"
"Sustainable Construction: Green Building Design and Delivery","Charles J. Kibert","2020","book","3","0","1","1","0","0","0","1","sustainable","construction, building, sustainability, design","2026cprize-64; 2021cprize-45; 2022cprize-31"
"Sustainable Development Goals Summary","United Nations","2020","website","3","1","0","0","0","0","1","1","sustainable","sustainability","2020cprize-08; 2026cprize-41; 2025cprize-08"
"System Failure: Oil, Futurity, and the Anticipation of Disaster","Imre Szeman","","article","3","2","1","0","0","0","0","0","systems","system, disaster, oil","2020cprize-25; 2020cprize-29; 2021cprize-43"
"Teaching Carbon Neutral Design in North America: Twenty Award-Winning Architectural Design Studio Methodologies","Robin Z. Puttock","2024","book","3","0","0","0","0","1","1","1","carbon","design, carbon","2024cprize-34; 2026cprize-38; 2025cprize-27"
"Terra Forma: A Book of Speculative Maps","F. Ait-Touati; A. Arenes; A. Gregoire","2022","book","3","0","0","0","1","1","0","1","","speculate","2024cprize-19; 2023cprize-31; 2026cprize-28"
"Terror from the Air","Peter Sloterdijk","2009","book","3","1","0","0","1","0","0","1","","air","2026cprize-48; 2020cprize-09; 2023cprize-14"
"The Architectural Model: Histories of the Miniature and the Prototype, the Exemplar and the Muse","Matthew Mindrup","","book","3","1","1","0","0","1","0","0","","model","2020cprize-51; 2021cprize-11; 2024cprize-01"
"The Arsenal of Exclusion & Inclusion","T. Armborst; D. D'Oca; G. Theodore; R. Gold","2014","book","3","1","0","2","0","0","0","0","","","2022cprize-03; 2020cprize-27; 2022cprize-28"
"The Circular Economy and the Built Environment","F. Pomponi; A. Moncaster","2019","report","3","0","0","0","0","2","0","1","environmental, economic","economy","2026cprize-49; 2024cprize-25; 2024cprize-26"
"The City of Tomorrow: Sensors, Networks, Hackers, and the Future of Urban Life","Carlo Ratti; Matthew Claudel","2016","book","3","1","1","1","0","0","0","0","future","city, urban, future","2020cprize-66; 2021cprize-45; 2022cprize-25"
"The Function of Form","F. Moussavi; D. López-Pérez; G. Ambrose; B. Fortunato; A. Schricker; R. Ludwig","2009","book","3","0","1","0","0","1","1","0","","","2021cprize-45; 2024cprize-14; 2025cprize-28"
"The Future of Architecture Education Is the Future of Civilization","Ned Cramer","2019","article","3","1","2","0","0","0","0","0","future","architecture, future","2021cprize-58; 2020cprize-07; 2021cprize-36"
"The Genealogy of Tropical Architecture: Colonial Networks, Nature, and Technoscience","Jiat-Hwee Chang","2016","book","3","1","2","0","0","0","0","0","nature","colonial, architecture","2020cprize-05; 2021cprize-31; 2021cprize-47"
"The Green Collar Economy","Van Jones","2008","book","3","1","1","1","0","0","0","0","economic","economy","2020cprize-34; 2021cprize-52; 2022cprize-26"
"The Green Studio Handbook: Environmental Strategies for Schematic Design","Alison G. Kwok; Walter T. Grondzik","2007","book","3","0","2","0","1","0","0","0","environmental","design","2021cprize-26; 2021cprize-45; 2023cprize-37"
"The Hierarchy of Energy in Architecture: Emergy Analysis","Ravi Srinivasan; Kiel Moe","2015","book","3","1","1","1","0","0","0","0","energy","energy, architecture","2022cprize-02; 2020cprize-45; 2021cprize-15"
"The Inflatocookbook","Ant Farm","1973","book","3","0","0","0","1","1","1","0","","","2023cprize-30; 2024cprize-28; 2025cprize-21"
"The Infrastructural City: Networked Ecologies in Los Angeles","Kazys Varnelis","2009","book","3","1","0","0","0","1","1","0","infrastructure","infrastructure, ecological, city","2020cprize-43; 2024cprize-39; 2025cprize-36"
"The Living and Its Milieu [1951]","Georges Canguilhem","2001","article","3","0","1","1","0","1","0","0","","","2021cprize-18; 2024cprize-24; 2022cprize-30"
"The New Carbon Architecture: Building to Cool the Climate","B. King","2017","book","3","0","1","0","0","0","2","0","climate, carbon","building, climate, architecture, carbon","2021cprize-01; 2025cprize-33; 2025cprize-19"
"The Paris Agreement","United Nations Climate Change (UNCC)","2015","report","3","2","0","0","0","0","1","0","","","2020cprize-04; 2020cprize-66; 2025cprize-08"
"The Posthuman","Rosi Braidotti","2013","book","3","1","0","2","0","0","0","0","","posthuman","2022cprize-15; 2022cprize-18; 2020cprize-45"
"The Production of Space","Henri Lefebvre; Donald Nicholson-Smith","1974","book","3","0","1","0","0","0","2","0","","space","2021cprize-52; 2025cprize-01; 2025cprize-18"
"The Stack","Benjamin H. Bratton","2015","book","3","2","0","0","0","0","0","1","","","2020cprize-51; 2020cprize-66; 2026cprize-11"
"The Three Ecologies","Guattari, Félix","2001","book","3","1","0","0","0","0","0","2","","ecological","2026cprize-58; 2026cprize-65; 2020cprize-67"
"The Trouble with Wilderness: Or, Getting Back to the Wrong Nature","William Cronon","1995","article","3","1","1","0","1","0","0","0","nature","","2020cprize-68; 2021cprize-27; 2023cprize-15"
"Thinking in Systems: A Primer","Donella Meadows; Diana Wright","2008","book","3","0","1","0","1","1","0","0","systems","system","2021cprize-46; 2024cprize-14; 2023cprize-20"
"Tools for Conviviality","Ivan Illich","1977","book","3","1","0","0","2","0","0","0","","","2020cprize-09; 2023cprize-31; 2023cprize-11"
"Towards a Critical Regionalism: Six Points for an Architecture of Resistance (in The Anti-Aesthetic: Essays on Postmodern Culture)","Kenneth Frampton","1983","chapter","3","1","1","1","0","0","0","0","critical","critical, culture, architecture","2020cprize-32; 2021cprize-31; 2022cprize-23"
"Upscaling Earth: Material, Process, Catalyst","Anna Heringer; Lindsay Blair Howe; Martin Rauch","2019","book","3","0","1","0","0","1","1","0","material","material, earth","2021cprize-30; 2024cprize-27; 2025cprize-08"
"Urban Ecology: Science of Cities","Richard T. T. Forman","2014","book","3","0","0","0","1","1","0","1","ecological, science","science, ecological, urban","2023cprize-33; 2024cprize-30; 2026cprize-31"
"Urbanism in the Age of Climate Change","Peter Calthorpe","2011","book","3","0","2","0","0","0","0","1","climate, change","climate, change","2021cprize-01; 2021cprize-22; 2026cprize-26"
"Vernacular Architecture in the 21st Century: Theory, Education and Practice","Lindsay Asquith; Marcel Vellinga","2006","book","3","0","2","0","0","0","0","1","","vernacular, theory, architecture","2021cprize-20; 2021cprize-37; 2026cprize-06"
"Water in times of Climate Change","J.J. Hasselaar; E. Ijmker","2021","book","3","0","0","0","1","1","1","0","climate, change","water, climate, change","2023cprize-38; 2024cprize-10; 2025cprize-07"
"Who Builds Your Architecture?: An Advocacy Report","Kadambari Baxi; Jordan Carver; Mabel Wilson","","website","3","3","0","0","0","0","0","0","","architecture","2020cprize-02; 2020cprize-12; 2020cprize-46"
"Why We Disagree About Climate Change: Understanding Controversy, Inaction, and Opportunity","Mike Hulme","2009","book","3","2","1","0","0","0","0","0","climate, change","climate, change","2020cprize-21; 2020cprize-55; 2021cprize-47"
"With A Green New Deal, Here's What the World Could Look Like for the Next Generation","Kate Aronoff","2018","article","3","1","1","0","0","1","0","0","world","world","2020cprize-60; 2021cprize-56; 2024cprize-32"
"Yamuna River Project: New Delhi Urban Ecology","Inaki Alday; Pankaj Vir Gupta","2018","book","3","1","0","0","0","1","0","1","ecological","ecological, river, urban","2020cprize-47; 2024cprize-20; 2026cprize-31"
"""Accumulation"" series","Nick Axel; Daniel A. Barber; Nikolaus Hirsch; Anton Vidokle","2018","other","2","1","0","0","0","1","0","0","","","2020cprize-25; 2024cprize-01"
"(IN)FORMAL L.A.: The Space of Politics","Victor J. Jones","2014","book","2","0","0","0","0","0","1","1","","space","2026cprize-61; 2025cprize-36"
"10 Stories of Collective Housing","A. Per Fernandez; J. Mozas; A. Ollero","2013","book","2","0","1","1","0","0","0","0","","house","2022cprize-07; 2021cprize-15"
"1491: New Revelations of the Americas before Columbus","Charles C. Mann","2006","book","2","0","0","0","0","1","0","1","","","2024cprize-19; 2026cprize-28"
"160 Years of Borders Evolution in Dunkirk: Petroleum, Permeability, and Porosity","S. Hauser; P. Zhu; A. Mehan","2021","article","2","0","0","0","0","1","1","0","","","2024cprize-06; 2025cprize-03"
"A Commentary: Breathing Together Now","Timothy Choy","2020","article","2","0","0","0","1","1","0","0","","","2023cprize-14; 2024cprize-42"
"A Distant Bridge / Un pont à part","Victor J. Jones","2016","book","2","0","0","0","0","0","1","1","","","2026cprize-61; 2025cprize-36"
"A Green New Deal for Housing","Daniel Aldana Cohen","2019","article","2","0","1","0","0","0","1","0","","house","2021cprize-02; 2025cprize-28"
"A House in the Sun: Modern Architecture and Solar Energy","Daniel Barber","2016","book","2","1","1","0","0","0","0","0","energy","energy, house, architecture","2020cprize-30; 2021cprize-02"
"A New Philosophy of Society: Assemblage Theory and Social Complexity","Manuel DeLanda","2006","book","2","1","0","0","0","0","0","1","society","social, theory","2020cprize-45; 2026cprize-11"
"A People's Archive of Sinking and Melting","Amy Balkin","2012","other","2","1","1","0","0","0","0","0","","archive","2020cprize-21; 2021cprize-13"
"A Safe Operating Space for Humanity","J. Rockström; W. Steffen; K. Noone; et al.","2009","article","2","1","1","0","0","0","0","0","","space","2020cprize-09; 2021cprize-40"
"A World Built on Sand and Oil","Laleh Khalili","","article","2","1","1","0","0","0","0","0","world","world, oil","2020cprize-29; 2021cprize-43"
"Activism in Architecture: Bright Dreams of Passive Energy Design","Carolina Dayer; Kimberly McDonald","2019","book","2","1","0","0","1","0","0","0","energy","energy, design, architecture","2020cprize-65; 2023cprize-27"
"Adapting Buildings and Cities for Climate Change","S. Roaf; et al.","2005","book","2","1","0","0","1","0","0","0","climate, change","climate, change","2020cprize-65; 2023cprize-27"
"Adaptive Thermal Comfort: Foundations and Analysis","R. de Dear; G. Brager","2018","book","2","0","0","0","0","0","0","2","","adaptive","2026cprize-66; 2026cprize-02"
"Affective Architectures","Angela Person","2020","book","2","0","1","0","1","0","0","0","","","2021cprize-04; 2023cprize-06"
"After the City","Lars Lerup","","book","2","1","1","0","0","0","0","0","","city","2020cprize-29; 2021cprize-43"
"Agency at the Time of the Anthropocene","Bruno Latour","2014","article","2","2","0","0","0","0","0","0","","anthropocene, agency","2020cprize-21; 2020cprize-54"
"AIA Guide to Life-Cycle Assessment of Buildings","AIA","2010","report","2","1","1","0","0","0","0","0","","","2020cprize-07; 2021cprize-36"
"AIA Resolution for Urgent and Sustained Climate Action","AIA","2019","report","2","1","1","0","0","0","0","0","climate","climate","2020cprize-07; 2021cprize-36"
"Air as Medium","Eva Horn","2018","article","2","1","0","0","0","0","0","1","","air","2026cprize-48; 2020cprize-02"
"Air-Conditioning America: Engineers and the Controlled Environment, 1900-1960","Gail Cooper","2002","book","2","1","0","0","0","1","0","0","environmental","air","2020cprize-24; 2024cprize-24"
"An Indigenous Peoples' History of the United States","Roxanne Dunbar-Ortiz","2015","book","2","1","1","0","0","0","0","0","","indigenous, history","2020cprize-14; 2021cprize-17"
"An Outline Of Philosophy","Bertrand Russell","1995","book","2","1","1","0","0","0","0","0","","","2020cprize-35; 2021cprize-48"
"Andy Goldsworthy: Anthropocentric/Ecocentric Beauty","Andy Goldsworthy","1990","book","2","0","0","1","0","1","0","0","","","2024cprize-23; 2022cprize-30"
"Anthropocene, Capitalocene, Plantationocene, Chthulucene: Making Kin","Donna Haraway","2015","article","2","2","0","0","0","0","0","0","","anthropocene","2020cprize-54; 2020cprize-58"
"Anthropozine #0","Andy Yang","","other","2","1","1","0","0","0","0","0","","","2020cprize-53; 2021cprize-34"
"Apocalypse Forever? Post-political Populism and the Spectre of Climate Change","Erik Swyngedouw","2010","article","2","2","0","0","0","0","0","0","climate, change","climate, change","2020cprize-09; 2020cprize-32"
"Architectural History in the Anthropocene: Towards Methodology","Esther da Costa Meyer","2016","article","2","1","0","0","1","0","0","0","","anthropocene, history","2020cprize-54; 2023cprize-14"
"Architectural Research in an Age of Open Systems","Kiel Moe","2018","article","2","0","1","0","1","0","0","0","systems","system, research","2021cprize-15; 2023cprize-36"
"Architectural Research Methods","Linda N. Groat; David Wang","2013","book","2","0","1","0","1","0","0","0","","research","2021cprize-20; 2023cprize-09"
"Architecture and Climate Change: 20 interviews on the Future of Building","The American Institute of Architects (AIA)","2014","report","2","1","0","0","0","0","1","0","climate, change, future","building, climate, change, architecture, future","2020cprize-21; 2025cprize-19"
"Architecture and Climate: An Environmental History of British Architecture 1600-2000","Dean Hawkes","2012","book","2","2","0","0","0","0","0","0","climate, environmental","climate, history, architecture","2020cprize-05; 2020cprize-49"
"Architecture and Energy: Performance and Style","William W. Braham; Daniel Willis","2013","book","2","0","1","0","1","0","0","0","energy","energy, performance, architecture","2021cprize-49; 2023cprize-28"
"Architecture as Measure","Irénée Scalbert","2020","book","2","0","0","1","1","0","0","0","","architecture","2023cprize-23; 2022cprize-30"
"Architecture from the Outside: Essays on Virtual and Real Space","Elizabeth A. Grosz","2001","book","2","0","1","1","0","0","0","0","","virtual, space, architecture","2021cprize-61; 2022cprize-28"
"Architecture on the Edge: The Sea Level Rise Studio","Gabriel Kaprielian","2019","other","2","1","1","0","0","0","0","0","","sea, architecture","2020cprize-68; 2021cprize-27"
"Architecture, Animal, Human: The Asymmetrical Condition","Catherine Ingraham","2005","book","2","0","0","2","0","0","0","0","human","human, architecture","2022cprize-15; 2022cprize-18"
"Arcology: The City in the Image of Man","Paolo Soleri","1983","book","2","0","0","1","0","0","0","1","","city","2022cprize-24; 2026cprize-38"
"Are We Human?","Beatriz Colomina; Mark Wigley","2016","book","2","0","0","2","0","0","0","0","human","human","2022cprize-15; 2022cprize-18"
"Are We Human? Notes on an Archaeology of Design","Beatriz Colomina; Mark Wigley","2016","book","2","0","1","0","0","1","0","0","human","human, design","2021cprize-41; 2024cprize-42"
"Arguing Globalizations: Propositions towards an Investigation of Global Formation","P. James","2005","article","2","1","1","0","0","0","0","0","global","global","2020cprize-35; 2021cprize-48"
"As We Have Always Done: Indigenous Freedom Through Radical Resistance","Leanne Betasamosake Simpson","2017","book","2","1","0","0","0","0","0","1","","indigenous, radical","2020cprize-14; 2026cprize-20"
"ASHRAE Standard 209-2018: Energy Simulation Aided Design for Buildings except Low-Rise Residential Buildings","ASHRAE","2018","report","2","0","1","0","0","1","0","0","energy","energy, design","2021cprize-58; 2024cprize-24"
"Atlas of AI: Power, Politics, and the Planetary Costs of Artificial Intelligence","Kate Crawford; et al.","2021","book","2","0","0","0","0","1","0","1","","planet, artificial, intelligence, ai","2026cprize-45; 2024cprize-39"
"Atlas of Another America","Keith Krumwiede","","book","2","0","0","0","1","1","0","0","","","2023cprize-33; 2024cprize-30"
"Atmospheres and Thinking Architecture","Peter Zumthor","","book","2","0","0","0","0","1","1","0","","architecture","2024cprize-34; 2025cprize-27"
"Becoming Oil Incarnate in Houston's Weiss Energy Hall","Daryl Meador","","article","2","1","1","0","0","0","0","0","energy","energy, oil","2020cprize-29; 2021cprize-43"
"Being and Swine: The End of Nature (As We Knew It)","Fahim Amir","2020","book","2","0","0","2","0","0","0","0","nature","","2022cprize-03; 2022cprize-28"
"Being Digital","Nicholas Negroponte","1995","book","2","0","0","0","0","1","0","1","","digital","2024cprize-23; 2026cprize-11"
"Between Land and Sea: An Approach for Resilient Waterfront Development Along the San Francisco Bay","Gabriel Kaprielian","2017","article","2","1","1","0","0","0","0","0","","land, resiliency, sea","2020cprize-68; 2021cprize-27"
"Beyond Sustaining Beauty: Musings on a Manifesto","Elizabeth Meyer","2015","chapter","2","2","0","0","0","0","0","0","","","2020cprize-41; 2020cprize-55"
"Beyond Zero: The Time Value of Carbon","Erin McDade","2017","chapter","2","1","0","1","0","0","0","0","carbon","carbon","2020cprize-33; 2022cprize-21"
"Biomimetics in Architecture: Architecture of Life and Buildings","P. Gruber","2011","book","2","0","1","0","1","0","0","0","","architecture","2021cprize-46; 2023cprize-37"
"Biophilic Design: The Theory, Science and Practice of Bringing Buildings to Life","Stephen R. Kellert; Judith Heerwagen; Martin Mador","2008","book","2","1","0","0","0","0","0","1","science","science, theory, design","2020cprize-30; 2026cprize-44"
"Bloodchild & other stories","Octavia Butler","1995","book","2","0","0","2","0","0","0","0","","","2022cprize-15; 2022cprize-18"
"Blue Infrastructures: An Exploration of Oceanic Networks and Urban–Industrial–Energy Interactions in the Gulf of Mexico","A. Mehan; Z.S. Casey","2023","article","2","0","0","0","0","1","1","0","energy","energy, urban","2024cprize-06; 2025cprize-03"
"Bodily Natures: Science, Environment, and the Material Self","Stacy Alaimo","2010","book","2","0","0","2","0","0","0","0","environmental, material, science","material, science","2022cprize-15; 2022cprize-18"
"Borderwall as Architecture: A Manifesto for the U.S.-Mexico Boundary","Ronald Rael","2017","book","2","1","0","1","0","0","0","0","","architecture","2020cprize-45; 2022cprize-20"
"Brave New Home","Diana Lind","","book","2","0","0","0","1","1","0","0","","","2023cprize-33; 2024cprize-30"
"Build beyond Zero: New Ideas for Carbon-Smart Architecture","Bruce King; Chris Magwood","2022","book","2","0","0","0","0","0","1","1","carbon","build, architecture, carbon","2026cprize-50; 2025cprize-33"
"Building Codes Illustrated: a Guide to Understanding the 2018 International Building Code","Francis D. K. Ching; Steven R. Winkel","2018","book","2","2","0","0","0","0","0","0","","building, international","2020cprize-16; 2020cprize-57"
"Building Dynamics: Exploring Architecture of Change","Branko Kolarevic; Vera Parlac","2015","book","2","1","0","0","0","0","0","1","change","building, change, architecture","2026cprize-66; 2020cprize-45"
"Building from Tradition: Local Materials and Methods in Contemporary Architecture","Simon J. Bronner","2006","chapter","2","0","0","0","0","1","0","1","material","material, building, local, architecture","2026cprize-57; 2024cprize-27"
"Building from Waste: Recovered Materials in Architecture and Construction","F. Heisel; D. E. Hebel; M. H. Wisniewska","2014","book","2","0","0","0","0","1","1","0","material","material, construction, building, waste, architecture","2024cprize-04; 2025cprize-13"
"Building Resilience: Social Capital in Post-Disaster Recovery","Daniel P. Aldrich","2018","website","2","0","1","0","1","0","0","0","resilience","social, building, disaster","2021cprize-29; 2023cprize-06"
"Building Systems: Design, Technology, and Society","Kiel Moe; Ryan E. Smith","","book","2","0","1","0","0","1","0","0","systems, society","social, building, technology, system, design","2021cprize-11; 2024cprize-01"
"Building the Dream: A Social History of Housing in America","Gwendolyn Wright","1983","chapter","2","0","1","0","0","1","0","0","","social, building, house, history","2021cprize-15; 2024cprize-01"
"Building with Earth: Design and Technology of a Sustainable Architecture","Steven J. Stein; Michael G. Reynolds","","book","2","0","0","0","0","1","0","1","sustainable","building, technology, earth, sustainability, design, architecture","2024cprize-27; 2026cprize-34"
"Buildings Don't Use Energy: People Do","Kathryn B. Janda","2011","article","2","1","1","0","0","0","0","0","energy","energy","2020cprize-39; 2021cprize-20"
"Cadillac Desert: The American West and Its Disappearing Water","M. Reisner; L. Mott","1986","book","2","0","0","0","0","1","0","1","","water","2026cprize-55; 2024cprize-15"
"Can Architects Be Socially Responsible?","Margaret Crawford","1991","chapter","2","0","1","1","0","0","0","0","","","2021cprize-44; 2022cprize-24"
"Cannibals with Forks: The Triple Bottom Line of 21st Century Business","John Elkington","1997","book","2","1","0","0","0","0","1","0","","","2020cprize-08; 2025cprize-11"
"Capital: The Eruption of Delhi","R. Dasgupta","2014","book","2","1","0","0","0","0","0","1","","","2020cprize-47; 2026cprize-31"
"Capitalism vs the Climate","Naomi Klein","2015","book","2","1","1","0","0","0","0","0","climate","capitalism, climate","2020cprize-34; 2021cprize-52"
"Capitalizing on Environmental Injustice: The Polluter-Industrial Complex in the Age of Globalization","Daniel Faber","2008","book","2","1","1","0","0","0","0","0","environmental","injustice","2020cprize-34; 2021cprize-52"
"Cartographies of Time: A History of the Timeline","Daniel Rosenberg; Anthony Grafton","2012","book","2","0","0","0","0","0","1","1","","history","2025cprize-02; 2026cprize-04"
"Challenging Conventional Wisdom in the Age of Computing","Khaled Mansy","2018","other","2","1","1","0","0","0","0","0","","","2020cprize-07; 2021cprize-36"
"Chapter 1: Introduction: Emergy and Real Wealth","Matti Kuittinen; Alan Organschi; Andrew Ruff","1996","chapter","2","1","0","0","0","0","0","1","","","2020cprize-09; 2026cprize-03"
"Circular Options for Building Services Report","Ben Croxford; Ramon Mendoza; Simon-Joe Portal; Dimitrios Rovas","2018","report","2","0","0","0","0","2","0","0","","building","2024cprize-25; 2024cprize-26"
"City Making","Gerald Frug","1999","book","2","1","1","0","0","0","0","0","","city","2020cprize-34; 2021cprize-52"
"Clay: The History and Evolution of Humankind's Relationship with Earth's Most Primal Element","Suzanne Staubach","","book","2","1","1","0","0","0","0","0","","earth, history","2020cprize-53; 2021cprize-34"
"Climate Action Plan: The Climate Imperative","City of Houston","2020","report","2","0","2","0","0","0","0","0","climate","climate, plan","2021cprize-29; 2021cprize-36"
"Climate adaptation and resilience across scales: From buildings to cities","N. B. Rajkovich; S. H. Holmes","2022","book","2","0","0","0","0","0","0","2","climate, resilience","climate","2026cprize-26; 2026cprize-12"
"Climate and architecture: Designing for the dynamics of nature","Jeffrey Ellis Aronin","1953","book","2","1","0","0","0","1","0","0","climate, nature","climate, architecture","2020cprize-05; 2024cprize-15"
"Climate change and infrastructure, urban systems, and vulnerabilities: Technical report for the US Department of Energy in support of the national climate assessment","Thomas J. Wilbanks; Steven Fernandez","2014","book","2","2","0","0","0","0","0","0","climate, change, systems, energy, infrastructure","energy, infrastructure, technology, technical, climate, system, change, urban","2020cprize-15; 2020cprize-31"
"Climate Change: What Everyone Needs to Know","Joseph Romm","2015","book","2","1","1","0","0","0","0","0","climate, change","climate, change","2020cprize-59; 2021cprize-27"
"Climate Control: From Emergency to Emergence","T. J. Demos","2019","article","2","1","0","0","1","0","0","0","climate","climate, emergency","2020cprize-66; 2023cprize-14"
"Climate Crisis and the Global Green New Deal: The Political Economy of Saving the Planet","Noam Chomsky; Robert Pollin","2020","book","2","0","2","0","0","0","0","0","climate, global, economic","economy, climate, global, planet, crisis","2021cprize-02; 2021cprize-17"
"Climate Impact Assessment for the City of Houston","City of Houston","2020","report","2","0","1","0","1","0","0","0","climate, impact","climate, city","2021cprize-49; 2023cprize-28"
"Climate justice planning in the global south: Applying a coupled nature-human flood risk assessment framework in a case for Ho Chi Minh City, Vietnam","C. F. Wu; S. H. Chen; C. Cheng; L. V. T. Trac","2021","article","2","0","0","0","0","1","1","0","climate, global, human, justice, nature","human, risk, climate, global, justice, flood, city","2024cprize-10; 2025cprize-07"
"Climate Report, Summary for Policy Makers","IPCC","","report","2","0","0","0","1","1","0","0","climate","climate","2023cprize-33; 2024cprize-30"
"Climate-Driven Design I: Building Energy Use, Climate and Comfort, Passive Design Strategies","Christophe Reinhart","2025","book","2","0","0","0","0","0","0","2","climate, energy","energy, building, climate, design","2026cprize-33; 2026cprize-07"
"Climate-Informed Capital Investment Planning","J. Whittington; A. I. Greve","2020","report","2","1","0","0","1","0","0","0","climate","climate","2020cprize-65; 2023cprize-27"
"Clip, Stamp, Fold: The Radical Architecture of Little Magazines 196X to 197X","Beatriz Colomina; Craig Buckley","2010","book","2","0","0","0","0","1","1","0","","radical, architecture","2024cprize-28; 2025cprize-21"
"Cloud Atlas","David Mitchell","2012","book","2","1","1","0","0","0","0","0","","","2020cprize-33; 2021cprize-56"
"Community Lifelines Implementation Toolkit, Version 2.0","Federal Emergency Management Agency (FEMA)","2019","report","2","1","0","0","1","0","0","0","community","","2020cprize-65; 2023cprize-27"
"Compelling yet Unreliable Theories of Sustainability","Kiel Moe","2007","article","2","0","2","0","0","0","0","0","sustainable","sustainability","2021cprize-15; 2021cprize-33"
"Complex Adaptive Systems","J. Holland","2014","chapter","2","1","1","0","0","0","0","0","systems","adaptive, system","2020cprize-35; 2021cprize-48"
"Concrete and Clay: Reworking Nature in New York City","Matthew Gandy","2002","book","2","1","0","0","0","0","1","0","nature","city","2020cprize-27; 2025cprize-18"
"Congressional Policy Tracker","Utility Dive","2019","website","2","1","1","0","0","0","0","0","","","2020cprize-34; 2021cprize-52"
"Container Atlas","Han Slawik; Julia Bergmann; Matthias Buchmeier","","book","2","0","0","0","1","1","0","0","","","2023cprize-32; 2024cprize-29"
"Contesting climate justice in the city: Examining politics and practice in urban climate change experiments","H. Bulkeley; G. A. S. Edwards; S. Fuller","2014","article","2","0","0","0","0","1","1","0","climate, change, justice","climate, justice, change, city, urban","2024cprize-10; 2025cprize-07"
"Cool Cities: Urban Sovereignty and the Fix for Global Warming","B. Barber","2017","book","2","1","0","0","1","0","0","0","global","global, warming, urban","2020cprize-65; 2023cprize-27"
"Coupling: Strategies for Infrastructural Opportunism","Neeraj Bhatia","2011","book","2","0","0","0","1","0","1","0","infrastructure","infrastructure","2025cprize-02; 2023cprize-02"
"Creating a New City: Columbia, Maryland","Robert Tennenbaum","1996","book","2","0","2","0","0","0","0","0","","city","2021cprize-12; 2021cprize-45"
"Critical Path","R. Buckminster Fuller","1981","book","2","1","0","1","0","0","0","0","critical","critical","2020cprize-62; 2022cprize-25"
"Critical Spatial Practice 4: Subtraction","Keller Easterling","2014","book","2","1","0","1","0","0","0","0","critical","critical, space","2022cprize-08; 2020cprize-46"
"Critical Zones: The Science and Politics of Landing on Earth","Bruno Latour; Peter Weibel","2020","book","2","0","0","0","0","0","1","1","critical, science","science, critical, earth","2026cprize-20; 2025cprize-09"
"Cultural Assumptions Against Sustainability: An International Survey","B. Gambini","2006","article","2","1","1","0","0","0","0","0","sustainable","international, culture, sustainability","2020cprize-35; 2021cprize-48"
"Cyborg Landscapes: Choreographing resilient interactions between infrastructure, ecology, and society","Emanuele Coccia","2025","chapter","2","1","0","0","0","0","0","1","infrastructure, society, ecological","infrastructure, social, landscape, ecological, resiliency","2026cprize-56; 2020cprize-40"
"Daylight Rules-of-Thumb Experimentally Examined","Khaled Mansy","2017","other","2","1","1","0","0","0","0","0","","","2020cprize-07; 2021cprize-36"
"Deceit and Denial: The Deadly Politics of Industrial Pollution","Gerald Markowitz; David Rosner","2013","book","2","1","1","0","0","0","0","0","","","2020cprize-34; 2021cprize-52"
"Desert Solitaire","E. Abbey","1990","book","2","0","0","0","1","1","0","0","","","2023cprize-32; 2024cprize-41"
"Design as Play! The Sea Level Rise Board Game","Gabriel Kaprielian","2018","other","2","1","1","0","0","0","0","0","","sea, design","2020cprize-68; 2021cprize-27"
"Design at the Edges: Crossing Boundaries of Space and Practice","M. Mick; F. Wettstein","2023","article","2","0","0","0","0","1","1","0","","space, design","2024cprize-34; 2025cprize-27"
"Design Guidelines for Sustainable Biological Field Stations","K. Mansy; G. Gundersen; M. W. Palmer","2010","report","2","1","1","0","0","0","0","0","sustainable","sustainability, design","2020cprize-07; 2021cprize-36"
"Design with Nature Now","Steiner; Weller; M'Closkey; Fleming","","book","2","0","0","0","0","1","1","0","nature","design","2024cprize-34; 2025cprize-27"
"Design-build in Architectural Education: Motivations, Practices, Challenges, Successes and Failures","Canizaro, Vincent","2012","article","2","1","1","0","0","0","0","0","","build, design","2020cprize-39; 2021cprize-20"
"Designing Environmental Relations: From Opacity to Textility","Mike Anusas; Tim Ingold","2013","article","2","1","0","0","0","0","0","1","environmental","","2026cprize-59; 2020cprize-46"
"Designing from Place: A Regenerative Framework and Methodology","Pamela Mang; Bill Reed","2012","article","2","0","1","0","0","1","0","0","","regenerative, place","2021cprize-46; 2024cprize-07"
"Designing the Forest and other Mass Timber Futures","Lindsey Wikstrom","2023","book","2","0","0","0","0","1","1","0","","timber","2024cprize-23; 2025cprize-33"
"Detail in Contemporary Residential Architecture: Includes CD-ROM","David Phillips; Megumi Yamashita","","book","2","0","1","0","0","1","0","0","","architecture","2021cprize-11; 2024cprize-01"
"Detail in Contemporary Timber Architecture","Christine Killory; Rene Davids","2007","book","2","1","1","0","0","0","0","0","","timber, architecture","2020cprize-16; 2021cprize-11"
"Development Against Freedom and Sustainability","D. Debal","2006","article","2","1","1","0","0","0","0","0","sustainable","sustainability","2020cprize-35; 2021cprize-48"
"Development of methods and practices of virtual reality as a tool for participatory urban planning: a case study of Vilnius City as an example for improving environmental, social and energy sustainability","G. Stauskis","","report","2","0","0","0","0","0","1","1","environmental, energy, sustainable","energy, social, virtual, tool, sustainability, city, urban","2026cprize-22; 2025cprize-10"
"Digital Fabrication and 'Making' in Education: The Democratization of Invention","Paulo Blikstein","2013","chapter","2","1","1","0","0","0","0","0","","digital, fabrication","2020cprize-39; 2021cprize-20"
"Disposable City: Miami's Future on the Shores of Climate Catastrophe","Mario Alejandro Ariza","2020","book","2","0","0","1","0","0","1","0","climate, future","climate, city, future","2022cprize-16; 2025cprize-16"
"Do Alaska Native People Get Free Medical Care and Other Frequently Asked Questions about Alaska Native Issues and Cultures","Libby Roderick","2008","book","2","0","0","0","1","0","1","0","issue","","2025cprize-02; 2023cprize-02"
"Drawdown: The Most Comprehensive Plan Ever Proposed to Reverse Global Warming","Paul Hawken","2017","book","2","1","0","1","0","0","0","0","global","global, plan, warming","2022cprize-12; 2020cprize-59"
"Drawing Deserts, Making Worlds","Danika Cooper","2022","chapter","2","0","0","0","0","0","0","2","","drawing","2026cprize-55; 2026cprize-04"
"Drosscape","Alan M. Berger","2006","book","2","0","0","0","1","0","1","0","","","2023cprize-32; 2025cprize-26"
"Earth, Sky, Wind, and Weather","Tim Ingold","2007","article","2","1","0","0","0","0","0","1","","weather, earth","2026cprize-59; 2020cprize-12"
"Ecofeminism and climate change","Greta Gaard","2015","article","2","1","1","0","0","0","0","0","climate, change","climate, change","2020cprize-35; 2021cprize-48"
"Ecological Architecture: Adaptive Systems and Design Ethics","Simone Ferracina","2005","book","2","0","0","1","0","0","0","1","systems, ecological","adaptive, system, ecological, ethics, design, architecture","2022cprize-20; 2026cprize-38"
"Ecology and Design: Frameworks for Learning","Bart Johnson; Kristina Hill","","book","2","0","0","0","0","1","1","0","ecological","ecological, design","2024cprize-34; 2025cprize-27"
"Ecology and Landscape as Agents of Creativity","James Corner","1997","chapter","2","1","0","1","0","0","0","0","ecological","landscape, ecological","2020cprize-04; 2022cprize-30"
"Ecology of Cities","Nancy Grimm","","book","2","0","0","0","1","1","0","0","ecological","ecological","2023cprize-33; 2024cprize-30"
"Edge City: Life on the New Frontier","James O'Leary; Kristen Kreider","2013","book","2","0","1","0","0","0","0","1","","city","2021cprize-12; 2026cprize-30"
"Educating the 21st Century Architect: Complexity, Innovation, Interdisciplinary Methods, and Research in Design","Michael Jenson","2007","chapter","2","1","1","0","0","0","0","0","","innovation, research, design, architect","2020cprize-35; 2021cprize-48"
"Effect of Water Resources in the Queretaro River: Climate Analysis and Other Changes","E. Gonzalez-Sosa; N. M. Ramos-Salinas; C. A. Mastachi-Loza; R. Becerril-Pin","2013","chapter","2","0","0","0","0","1","1","0","climate, resource","water, resource, climate, river","2024cprize-10; 2025cprize-07"
"Embedding Justice in Resilient Climate Change Action","A. Mehan; B. Tafrata","2022","chapter","2","0","0","0","0","1","1","0","climate, change, justice","climate, resiliency, justice, change","2024cprize-06; 2025cprize-03"
"Emergence: The Connected Lives of Ants, Brains, Cities, and Software","Steven Johnson","2001","book","2","1","0","1","0","0","0","0","","","2020cprize-45; 2022cprize-25"
"Ending fossil fuels: Why net zero is not enough","Holly Jean Buck","2021","book","2","0","0","0","0","1","1","0","","fossil fuel","2024cprize-12; 2025cprize-33"
"Energy and Experience: An Essay in Nafthology","Antti Salminen; Vadén, Tere","","book","2","1","1","0","0","0","0","0","energy, experience","energy, experience","2020cprize-29; 2021cprize-43"
"Energy Performance within Integrative Design, Barriers in Academia","Khaled Mansy","2017","other","2","1","1","0","0","0","0","0","energy","energy, performance, design","2020cprize-07; 2021cprize-36"
"Energy Politics","Bret Gustafson","2019","book","2","0","2","0","0","0","0","0","energy","energy","2021cprize-02; 2021cprize-52"
"Energy Transitions, Dominant Fuels","Vaclav Smil","","chapter","2","1","1","0","0","0","0","0","energy","energy","2020cprize-29; 2021cprize-43"
"Energyscapes, Architecture, and the Expanded Field of Postindustrial Philosophy","Jeff Diamanti","","article","2","1","1","0","0","0","0","0","","architecture","2020cprize-29; 2021cprize-43"
"Enlightenment Anthropocene","Alan Mikhail","2016","article","2","1","1","0","0","0","0","0","","anthropocene","2020cprize-35; 2021cprize-48"
"Entangled Life: How Fungi Make Our Worlds, Change Our Minds & Shape Our Futures","Merlin Sheldrake","2020","book","2","0","0","0","1","1","0","0","change","make, change","2024cprize-01; 2023cprize-07"
"Environment, c. 1973","Reinhold Martin","2004","article","2","2","0","0","0","0","0","0","environmental","","2020cprize-43; 2020cprize-51"
"Environmental history of modern oil in India","G. Prakash","2017","chapter","2","0","0","0","0","1","1","0","environmental","history, oil","2024cprize-06; 2025cprize-03"
"Environmental Justice: A Case Study into the Heat Vulnerable Neighborhoods of Philadelphia","E. May; P. Du; V. Martine","2023","other","2","0","0","0","1","0","1","0","environmental, justice","heat, justice","2023cprize-35; 2025cprize-19"
"Environmental Law in a Nutshell","Daniel A. Farber","2019","book","2","1","1","0","0","0","0","0","environmental","","2020cprize-34; 2021cprize-52"
"Environmental Management (in The Architecture of the Well-Tempered Environment)","Reyner Banham","1984","chapter","2","0","1","0","1","0","0","0","environmental","management, architecture","2021cprize-18; 2023cprize-17"
"Environmentalism and social justice in Texas: Oil, power, and pollution","R. Peckham; S. M. Walcott","2019","book","2","0","0","0","0","1","1","0","justice, texas","social, justice, oil","2024cprize-06; 2025cprize-03"
"Erasure Urbanism","Patty Heyda","2017","chapter","2","1","0","0","1","0","0","0","","","2020cprize-34; 2023cprize-33"
"Expanding Architecture: Design as Activism","Steve Badanes; Roberta Feldman; Sergio Palleroni; Katie Swenson; Thomas Fisher","2008","book","2","0","1","0","0","0","0","1","","design, architecture","2021cprize-37; 2026cprize-38"
"Extrastatecraft","Keller Easterling","2016","book","2","0","0","0","1","0","0","1","","","2023cprize-29; 2026cprize-11"
"Extreme Cities: The Peril and Promise of Urban Life in the Age of Climate Change","Ashley Dawson","2017","book","2","1","0","0","0","0","1","0","climate, change","climate, change, urban","2020cprize-12; 2025cprize-22"
"Fata Morgana","Werner Herzog","1971","other","2","0","0","0","1","0","0","1","","","2023cprize-23; 2026cprize-30"
"Food Sovereignty, Justice, and Indigenous Peoples: An Essay on Settler Colonialism and Collective Continuance","Kyle Whyte","2018","chapter","2","0","0","1","0","1","0","0","justice","indigenous, justice, food","2022cprize-02; 2024cprize-11"
"Foreclosed: Rehousing the American Dream","Barry Bergdoll; Reinhold Martin","2012","book","2","1","0","0","0","1","0","0","","","2020cprize-28; 2024cprize-01"
"Four Walls and a Roof: The Complex Nature of a Simple Profession","Reinier de Graaf","2017","book","2","1","0","1","0","0","0","0","nature","","2022cprize-03; 2020cprize-60"
"Fresh Water: Design Research for inland water territories","M.P. McGuire; J.M. Henson","2021","book","2","0","0","0","1","1","0","0","","water, research, design","2023cprize-38; 2024cprize-10"
"From environmental to climate justice: climate change and the discourse of environmental justice","David Schlosberg; Lisette B. Collins","2014","article","2","0","0","1","0","0","1","0","climate, change, environmental, justice","climate, justice, change","2022cprize-05; 2025cprize-35"
"From Exigent to Adaptive","Liz Gálvez","2019","article","2","0","1","0","0","1","0","0","","adaptive","2021cprize-18; 2024cprize-24"
"From the politics of nature to the politics of the urban: Cultivating the urban commons","E. Swyngedouw","2015","article","2","0","0","0","0","1","1","0","nature","urban","2024cprize-06; 2025cprize-03"
"Ganges Water Machine: Designing New India's Ancient River","A. Acciavatti; A. Bierig; D. Corrigall","2015","book","2","1","0","0","0","0","0","1","","water, river","2020cprize-47; 2026cprize-31"
"Geographies of Extraction and Industrialization: Oil and Gas Development in China and the United States","H. Wang","2019","book","2","0","0","0","0","1","1","0","","extraction, oil","2024cprize-06; 2025cprize-03"
"Geological Form","Stan Allen","","chapter","2","1","1","0","0","0","0","0","","","2020cprize-53; 2021cprize-34"
"Geothermal Brines Could Propel California's Green Economy","Julie Chao","2020","website","2","0","0","0","0","1","0","1","economic","economy","2024cprize-19; 2026cprize-28"
"Give Me a Gun and I Will Make All Buildings Move","Bruno Latour; Albena Yaneva","2008","chapter","2","1","0","0","0","1","0","0","","make","2020cprize-09; 2024cprize-09"
"Global Status Report","Global Alliance for Buildings and Construction","2018","report","2","1","1","0","0","0","0","0","global","global","2020cprize-33; 2021cprize-27"
"Global Warming's Terrifying New Math","Bill McKibben","2012","article","2","2","0","0","0","0","0","0","global","global, warming","2020cprize-15; 2020cprize-21"
"Globalization and environmental education: looking beyond sustainable development","B. Jickling; Arjen E.J. Wals","2008","article","2","1","1","0","0","0","0","0","environmental, sustainable","sustainability","2020cprize-35; 2021cprize-48"
"H.Res.109: Recognizing the Duty of the Federal Government to Create a Green New Deal","Alexandria Ocasio-Cortez; et al.","2019","report","2","0","2","0","0","0","0","0","","","2021cprize-52; 2021cprize-56"
"Habitat: Vernacular Architecture for a Changing Climate","Sandra Piesik","2024","book","2","0","0","0","0","1","0","1","climate","vernacular, climate, architecture","2026cprize-64; 2024cprize-08"
"Handbook of Tyranny","Theo Deutinger","2018","book","2","0","0","0","1","0","1","0","","","2023cprize-40; 2025cprize-31"
"Happy City: Transforming Our Lives Through Urban Design","Charles Montgomery","","book","2","0","0","0","0","0","1","1","","city, urban, design","2026cprize-22; 2025cprize-10"
"Healthy Materials Lab","Parsons New School of Design","2023","website","2","0","0","0","0","2","0","0","material","material","2024cprize-25; 2024cprize-26"
"Hijacking Sustainability","Adrian Parr","2009","book","2","1","1","0","0","0","0","0","sustainable","sustainability","2020cprize-35; 2021cprize-48"
"Historical and Cultural Influences on Comfort Expectations","Gail Brager; Richard de Dear","2008","article","2","0","1","0","1","0","0","0","","culture","2021cprize-20; 2023cprize-28"
"History of the Earth: Darwin, Geology and Landscape Art","Rebecca Bedell","","other","2","1","1","0","0","0","0","0","","landscape, earth, history, geology","2020cprize-53; 2021cprize-34"
"House Resolution 109: The Green New Deal Resolution","","2019","other","2","2","0","0","0","0","0","0","","house","2020cprize-41; 2020cprize-60"
"Housing the Contingent Life Course: Domestic Aspiration and Extreme Poverty in Peruvian Shantytowns","Kristin Skrabut","2018","other","2","1","1","0","0","0","0","0","","house","2020cprize-33; 2021cprize-30"
"How the Pentagon Countered China's Designs on Greenland","","","website","2","0","0","0","0","1","0","1","","","2024cprize-19; 2026cprize-28"
"How the Refrigerator Got Its Hum","Ruth Schwartz Cowan","1985","chapter","2","1","1","0","0","0","0","0","","","2020cprize-09; 2021cprize-15"
"How to Make Almost Anything: The Digital Fabrication Revolution","Neil Gershenfeld","2012","article","2","1","1","0","0","0","0","0","","digital, fabrication, make","2020cprize-39; 2021cprize-20"
"Human-Technology-World","D. Weiss","2008","article","2","1","1","0","0","0","0","0","world, human","technology, human, world","2020cprize-35; 2021cprize-48"
"Humanitarian Architecture: 15 Stories of Architects Working after Disaster","Esther Charlesworth","2014","book","2","0","2","0","0","0","0","0","","disaster, architecture","2021cprize-26; 2021cprize-37"
"Humankind: Solidarity with Non-Human People","Timothy Morton","2019","book","2","1","0","0","0","1","0","0","human","non-human, human","2020cprize-66; 2024cprize-01"
"Hydraulic Houston","Dominic Boyer; Mark Vardy","","article","2","1","1","0","0","0","0","0","","","2020cprize-29; 2021cprize-43"
"Ice Watch","Olafur Eliasson","2014","other","2","0","2","0","0","0","0","0","","","2021cprize-08; 2021cprize-13"
"Imagining Urban Futures: Cities in Science Fiction and What We Might Learn from Them","Carl Abbott","2016","book","2","0","1","0","0","1","0","0","science","science, urban","2021cprize-56; 2024cprize-32"
"Imperfect Health: The Medicalization of Architecture","M. Zardini; G. Borasi; M. Campbell","2012","book","2","0","2","0","0","0","0","0","health","architecture","2021cprize-22; 2021cprize-45"
"In Praise of Shadows","Junichiro Tanizaki","1977","book","2","0","2","0","0","0","0","0","","","2021cprize-11; 2021cprize-12"
"In the Aura of a Hole: Exploring Sites of Material Extraction","A. Laurie Palmer","","book","2","1","1","0","0","0","0","0","material","material, extraction","2020cprize-53; 2021cprize-34"
"Indigenous Weaving Techniques in Shaping Building Skins","K. Spence; M. Mohsenin","2022","other","2","0","0","0","2","0","0","0","","building, indigenous","2023cprize-24; 2023cprize-25"
"Infrastructure Space","Keller Easterling","2017","book","2","1","0","0","0","0","0","1","infrastructure","infrastructure, space","2020cprize-21; 2026cprize-42"
"Insulating Modernism: Isolated and Non-Isolated Thermodynamics in Architecture","Kiel Moe","2014","book","2","0","1","0","0","0","0","1","","architecture","2021cprize-11; 2026cprize-33"
"Integrative Design: Building Systems for Architects and Architectural Engineers","Khaled Mansy","2016","book","2","1","1","0","0","0","0","0","systems","building, system, design","2020cprize-07; 2021cprize-36"
"Interview","Sascha Roesler","2015","chapter","2","2","0","0","0","0","0","0","","","2020cprize-17; 2020cprize-20"
"Invisible Cities","Italo Calvino; William Weaver","","book","2","0","1","0","0","1","0","0","","","2021cprize-12; 2024cprize-16"
"Inviting Atmospheres to the Architecture Table","Nerea Calvillo","2018","chapter","2","1","0","0","0","0","0","1","","architecture","2026cprize-48; 2020cprize-21"
"Junkspace with Running Room","R. Koolhaas; H. Foster","2016","article","2","1","1","0","0","0","0","0","","","2020cprize-62; 2021cprize-45"
"Just transition: Integrating climate, energy and environmental justice","D. McCauley; R. Heffron","2018","article","2","0","0","0","0","1","1","0","climate, environmental, energy, justice","energy, climate, justice","2024cprize-10; 2025cprize-07"
"Just Transitions/Design for Transitions: Preliminary Notes on a Design Politics for a Green New Deal","Damian White","2019","article","2","0","1","0","1","0","0","0","","design","2021cprize-17; 2023cprize-36"
"Kosmos: A General Survey of the Physical Phenomena of the Universe","Alexander von Humboldt","1845","book","2","0","1","1","0","0","0","0","","physical","2021cprize-54; 2022cprize-30"
"Kuala Lumpur: Community, Infrastructure, and Urban Inclusivity","A. Mehan","2020","book","2","0","0","0","0","1","1","0","infrastructure, community","infrastructure, urban","2024cprize-06; 2025cprize-03"
"Lab for Suburbia","Kroeber; Heyda; Hoeferlin; McAnally; Sheren","","website","2","0","0","0","1","1","0","0","","","2023cprize-33; 2024cprize-30"
"Land Arts of the American West","","2009","website","2","0","0","0","1","0","0","1","","land","2026cprize-55; 2023cprize-31"
"Landform building: Architecture's New Terrain","Stan Allen; Marc McQuade","2011","book","2","0","0","1","1","0","0","0","","building, terrain, architecture","2022cprize-15; 2023cprize-31"
"Landscape Approach: From Local Communities to Territorial Systems","Zander; McCartney; Solano; Vangjeli","","book","2","0","0","0","0","1","1","0","systems, community","system, landscape, local","2024cprize-34; 2025cprize-27"
"Landscapes of Energy","Rania Ghosn","2009","book","2","1","0","0","1","0","0","0","energy","energy, landscape","2020cprize-34; 2023cprize-09"
"Le Corbusier, the Brise-Soleil, and the Socio-climatic Project of Modern Architecture, 1929–1963","Daniel Barber","2012","article","2","0","0","1","0","1","0","0","","architecture","2022cprize-02; 2024cprize-08"
"Learning by Doing in the Age of Design Computation","Özkar, Mine","2007","other","2","1","1","0","0","0","0","0","","design, computation","2020cprize-39; 2021cprize-20"
"Learning How to Die in the Anthropocene","Roy Scranton","2013","chapter","2","1","1","0","0","0","0","0","","anthropocene","2021cprize-60; 2020cprize-25"
"Lessons of Darkness","Werner Herzog","1992","other","2","1","1","0","0","0","0","0","","","2020cprize-29; 2021cprize-43"
"Library as Stoa: Snøhetta, Public Space, and Academic Mission in Snøhetta's Charles Library","Phillip Crosby; Kate Wingert-Playdon","2020","book","2","0","1","0","0","1","0","0","","public, space","2021cprize-56; 2024cprize-32"
"Life After Cars: Freeing Ourselves from the Tyranny of the Automobile","Sarah Goodyear; Doug Gordon; Aaron Naparstek","2024","book","2","1","0","0","0","0","0","1","","","2026cprize-46; 2020cprize-41"
"Life Between Buildings: Using Public Space","Jan Gehl","2011","book","2","0","1","0","1","0","0","0","","public, space","2021cprize-27; 2023cprize-39"
"Living Oil: Petroleum Culture in the American Century","Le Menager, Stephanie","2014","book","2","1","0","0","0","0","0","1","","culture, oil","2026cprize-55; 2020cprize-29"
"Machine Landscapes: Architectures of the Post Anthropocene","Liam Young","2019","book","2","0","0","1","0","0","1","0","","anthropocene, landscape","2022cprize-03; 2025cprize-04"
"Making Coal Historical (a Road Trip)","James Graham","2018","article","2","1","1","0","0","0","0","0","","","2020cprize-46; 2021cprize-54"
"Making Room for the Future: Rebuilding California's Infrastructure","D. Dowall; J. Whittington","2003","report","2","1","0","0","1","0","0","0","future, infrastructure","infrastructure, future","2020cprize-65; 2023cprize-27"
"Making the Middle Landscape","Peter Rowe","","book","2","0","0","0","1","1","0","0","","landscape","2023cprize-33; 2024cprize-30"
"Making the Modern World: Materials and Dematerialization","Vaclav Smil","2014","book","2","1","1","0","0","0","0","0","material, world","material, world","2020cprize-33; 2021cprize-30"
"Man, Climate, and Architecture","Baruch Givoni","1969","book","2","2","0","0","0","0","0","0","climate","climate, architecture","2020cprize-05; 2020cprize-62"
"Mapping the Global Architect of Alterity: Convention, Practice, Representation, and Education","Michael Jenson","2014","book","2","1","1","0","0","0","0","0","global","map, representation, global, architect","2020cprize-35; 2021cprize-48"
"Mapping the Power of Fossil Capital","Bill Carroll","2019","article","2","0","1","1","0","0","0","0","","map","2021cprize-52; 2022cprize-26"
"Mapping: An Illustrated Guide To Graphic Navigational Systems","Robert Fawcett-Tang; William Owen","2005","book","2","0","0","0","0","0","1","1","systems","map, system","2025cprize-02; 2026cprize-04"
"Material Misuse","Sheila Kennedy","2015","book","2","1","0","0","0","1","0","0","material","material","2020cprize-49; 2024cprize-24"
"Material Reform: Building for a Post-Carbon Future","Material Cultures; Amica Dall","2022","book","2","0","0","0","0","1","0","1","material, future, carbon","material, building, carbon, future","2026cprize-56; 2024cprize-08"
"Materialism and the Critique of Energy","Brent Ryan Bellamy; Jeff Diamanti","2018","book","2","1","1","0","0","0","0","0","energy","energy","2020cprize-25; 2021cprize-52"
"Materiality: Mirrors","Reinhold Martin","","chapter","2","1","1","0","0","0","0","0","","","2020cprize-29; 2021cprize-43"
"Materials for Design 1","Victoria Bell; Patrick Rand","2006","book","2","2","0","0","0","0","0","0","material","material, design","2020cprize-16; 2020cprize-50"
"Maximum City: Bombay Lost and Found","Suketu Mehta","2004","book","2","1","0","0","0","0","0","1","","city","2020cprize-47; 2026cprize-31"
"Maybe We're Not Really Doomed After All: We Have The Brains To Slow Climate Change. Do We Have The Will?","J. Gertner","2019","article","2","1","1","0","0","0","0","0","climate, change","climate, change","2020cprize-35; 2021cprize-48"
"Measure for the Anthropocene","Neyran Turan","2016","chapter","2","1","0","0","0","1","0","0","","anthropocene","2020cprize-55; 2024cprize-15"
"Mechanical and Electrical Equipment for Buildings, 11th Edition","W.T. Grondzik; Alison G. Kwok","2019","book","2","0","2","0","0","0","0","0","","","2021cprize-11; 2021cprize-51"
"Mediating Environments","Leena Cho; et al.","2019","book","2","0","0","0","1","0","1","0","","","2025cprize-02; 2023cprize-02"
"Merchants of Doubt: How a Handful of Scientists Obscured the Truth on Issues from Tobacco Smoke to Climate Change","Naomi Oreskes; Erik Conway","2011","book","2","0","0","0","1","0","1","0","climate, change, issue","climate, change","2023cprize-23; 2025cprize-32"
"Metropolis","Fritz Lang","1927","film","2","0","1","1","0","0","0","0","","","2022cprize-15; 2021cprize-56"
"Mississippi: An Anthropocene River","HKW Anthropocene Curriculum","2018","other","2","2","0","0","0","0","0","0","","anthropocene, river","2020cprize-21; 2020cprize-42"
"Mobility and the American Dream","Darren Moen","","book","2","0","0","0","1","1","0","0","","","2023cprize-33; 2024cprize-30"
"Mobilizing Materialities: A Dialogue on the Planetary Condition, and New Aesthetic Environmental Imaginaries","Emily Eliza Scott; Ursula Biemann","2019","chapter","2","0","0","0","1","0","1","0","environmental","planet","2023cprize-11; 2025cprize-06"
"Modern Architecture and Climate Design Before Air Conditioning","Daniel A. Barber","2020","book","2","0","0","0","1","0","0","1","climate","climate, air, design, architecture","2023cprize-13; 2026cprize-14"
"Modernism's Visible Hand: Architecture and Regulation in America","Michael Osman","2018","book","2","1","0","0","0","0","1","0","","architecture","2020cprize-02; 2025cprize-32"
"Modernity at Large: Cultural Dimensions of Globalization","Arjun Appadurai","1996","book","2","0","0","0","0","1","0","1","","culture","2024cprize-42; 2026cprize-06"
"My Beautiful City Austin","David Heymann","2014","book","2","1","0","0","1","0","0","0","","city","2020cprize-11; 2023cprize-13"
"Météorologie des sentiments","Philippe Rahm","2015","book","2","1","0","0","0","1","0","0","","","2020cprize-05; 2024cprize-15"
"Natural Energy and Vernacular Architecture: Principles and Examples with Reference to Hot Arid Climates","Hassan M. Fathy; Walter L. Shearer; Abd al-Rahman Sultan","1986","book","2","0","1","0","0","1","0","0","energy, nature","energy, natural, vernacular, architecture","2021cprize-37; 2024cprize-08"
"Nature's Metropolis: Chicago and the Great West","William Cronin","1992","book","2","1","1","0","0","0","0","0","nature","","2020cprize-58; 2021cprize-16"
"Necropolitics","Achille Mbembe; Libby Meintjes","2003","book","2","0","0","0","1","1","0","0","","","2023cprize-16; 2024cprize-38"
"New Orleans - Ecological Urbanism","Victor J. Jones","2013","chapter","2","0","0","0","0","0","1","1","ecological","ecological","2026cprize-61; 2025cprize-36"
"Object-Oriented Ontology: A New Theory of Everything","Graham Harman","2018","book","2","1","1","0","0","0","0","0","","theory","2020cprize-35; 2021cprize-48"
"Oil Heritage in Iran and Malaysia: The Future Energy Legacy in the Persian Gulf and the South China Sea","A. Mehan; R. Abdul Razak","2022","chapter","2","0","0","0","0","1","1","0","energy, future","energy, oil, sea, future","2024cprize-06; 2025cprize-03"
"Oil Heritage in the Golden triangle: Spindeltop-Gladys City Boomtown","Z.J. Casey; A. Mehan","2023","article","2","0","0","0","0","1","1","0","","oil, city","2024cprize-06; 2025cprize-03"
"Oil refineries in the urban fabric: Spatial development trends and environmental risks","N. Trofimova","2018","article","2","0","0","0","0","1","1","0","environmental","space, oil, urban","2024cprize-06; 2025cprize-03"
"On Inhumanity: Dehumanization and How to Resist It","David Livingston-Smith","2020","book","2","0","0","2","0","0","0","0","","","2022cprize-15; 2022cprize-18"
"On the Banks of Bayou City: The Center for Land Use Interpretation in Houston","Center for Land Use Interpretation; University of Houston","","book","2","1","1","0","0","0","0","0","","land, city","2020cprize-29; 2021cprize-43"
"On the Origin of Species","Charles Darwin","1830","book","2","0","0","2","0","0","0","0","","species","2022cprize-15; 2022cprize-18"
"On Weathering: The Life of Buildings in Time","Mohsen Mostafavi; David Leatherbarrow","1993","book","2","0","0","0","0","1","0","1","","","2026cprize-62; 2024cprize-42"
"One Million Acres and No Zoning","Lars Lerup","","book","2","1","1","0","0","0","0","0","","","2020cprize-29; 2021cprize-43"
"One Thousand Years of Non-Linear History","Manuel DeLanda","","book","2","1","1","0","0","0","0","0","","history","2020cprize-53; 2021cprize-34"
"Oneness vs. the 1%: Shattering Illusions, Seeding Freedom","Vandana Shiva","2010","book","2","0","0","2","0","0","0","0","","","2022cprize-15; 2022cprize-18"
"Operational Landscapes: Hinterlands of the Capitalocene","Neal Brenner; Nikos Katsikis","2020","article","2","0","0","0","0","1","0","1","","landscape","2024cprize-19; 2026cprize-28"
"Out of Order: Understanding Repair and Maintenance","Stephen Graham; Nigel Thrift","2007","article","2","1","0","0","0","1","0","0","","","2020cprize-46; 2024cprize-09"
"Out of the Land of Oz: the importance of tackling wicked environmental problems without taming them","C. Stahl","2014","article","2","1","1","0","0","0","0","0","environmental","land","2020cprize-35; 2021cprize-48"
"Pamphlet Architecture 16: Architecture as a Translation of Music","Stasus (Firm)","2012","book","2","1","0","1","0","0","0","0","","architecture","2020cprize-59; 2022cprize-20"
"Part II: The American Acceleration (in Modern Architecture and Climate: Design Before Air Conditioning)","Siegfried Giedion","1948","chapter","2","0","1","1","0","0","0","0","climate","climate, air, design, architecture","2022cprize-11; 2021cprize-18"
"Part III Disturbed Beginnings: Unintentional Design (in The Mushroom at the End of the World)","Anna Lowenhaupt Tsing","2015","chapter","2","1","1","0","0","0","0","0","world","world, design","2020cprize-61; 2021cprize-18"
"Passive and Low Energy Cooling of Buildings","Baruch Givoni","1994","book","2","0","1","0","1","0","0","0","energy","energy","2021cprize-49; 2023cprize-28"
"Past, Present, Future: The Landscape as Design Collaborator","Gabriel Kaprielian","2018","other","2","1","1","0","0","0","0","0","future","landscape, design, future","2020cprize-68; 2021cprize-27"
"Performance-Oriented Architecture: Rethinking Architectural Design and the Built Environment","Michael Hensel","2013","book","2","1","1","0","0","0","0","0","environmental","performance, design, architecture","2020cprize-45; 2021cprize-49"
"Petroleum Industry Museums in Iran","A. Mehan","2022","article","2","0","0","0","0","1","1","0","","","2024cprize-06; 2025cprize-03"
"Planetary Mine: Territories of Extraction under Late Capitalism","Martín Arboleda","2020","book","2","0","1","1","0","0","0","0","","capitalism, extraction, planet","2022cprize-02; 2021cprize-54"
"Plastic Ocean","Charles Moore","2012","book","2","0","0","0","1","1","0","0","","","2023cprize-32; 2024cprize-29"
"Points + Lines: Diagrams and Projects for the City","Stan Allen","2012","book","2","1","1","0","0","0","0","0","","city","2020cprize-16; 2021cprize-28"
"Policy Paradox","Deborah Stone","1988","book","2","1","1","0","0","0","0","0","","","2020cprize-34; 2021cprize-52"
"Pollution is Colonialism","Max Liboiron","2021","book","2","0","0","1","1","0","0","0","","","2022cprize-02; 2023cprize-03"
"Poor Economics: A Radical Rethinking of the Way to Fight Global Poverty","Abhijit Banerjee; Esther Duflo","2011","book","2","1","0","0","0","0","0","1","global","global, radical","2020cprize-47; 2026cprize-31"
"Populating the Climate","T. Corballis","2019","article","2","1","1","0","0","0","0","0","climate","climate","2020cprize-35; 2021cprize-48"
"Port Cities and Mega-Trends: Glocal Approaches to Sustainable Transitions","A. Mehan","2021","website","2","0","0","0","0","1","1","0","sustainable","sustainability","2024cprize-06; 2025cprize-03"
"Positive Social Interactions by Spatial Design: A Systematic Review of Empirical Literature in Memory Care Facilities for People Experiencing Dementia","F. Ferdous","2019","article","2","0","1","0","0","0","0","1","","social, space, design","2021cprize-22; 2026cprize-25"
"Power from Wind: A History of Windmill Technology","Richard Leslie Hills","1996","book","2","0","0","0","1","1","0","0","","technology, history","2023cprize-17; 2024cprize-37"
"Powers of Ten","Charles Eames; Ray Eames","1977","other","2","0","2","0","0","0","0","0","","","2021cprize-13; 2021cprize-29"
"Practice: Architecture, Technique, and Representation","Stan Allen","2009","book","2","1","0","0","0","0","0","1","","representation, architecture","2020cprize-31; 2026cprize-35"
"Prefab Architecture: A Guide for Architects and Construction Professionals","Ryan E. Smith","2011","book","2","1","0","0","0","0","0","1","","construction, architecture","2026cprize-54; 2020cprize-50"
"President Trump Eyes a New Real-Estate Purchase: Greenland","","","website","2","0","0","0","0","1","0","1","","","2024cprize-19; 2026cprize-28"
"Professional Real Estate Development","Richard Peiser; Anne Frej","","book","2","0","0","0","1","1","0","0","","","2023cprize-33; 2024cprize-30"
"Programming the Urban Surface","James Corner; Alex Wall","1999","chapter","2","0","0","1","0","0","1","0","","urban","2022cprize-11; 2025cprize-26"
"Promoting Social Equity and Building Resilience through Value-Inclusive Design","Eric Harris; Anna Franz; Sabine O'Hara","2023","article","2","0","0","0","0","0","1","1","resilience","social, building, design","2026cprize-22; 2025cprize-10"
"Proto architecture: analogue and digital hybrids","B. Sheil","2024","book","2","0","0","0","0","0","1","1","","digital, architecture","2026cprize-24; 2025cprize-23"
"Provisional Cities: Cautionary Tales for the Anthropocene","Renata Tyszczuk","2018","book","2","1","0","0","0","0","0","1","","anthropocene","2020cprize-21; 2026cprize-17"
"Queer Ecology","Timothy Morton","2010","article","2","0","0","2","0","0","0","0","ecological","ecological","2022cprize-15; 2022cprize-18"
"Race After Technology: Abolitionist Tools for the New Jim Code","Ruha Benjamin","2019","book","2","0","1","0","0","0","0","1","","technology, race","2026cprize-45; 2021cprize-47"
"Race for Profit: How Banks and the Real Estate Industry Undermined Black Homeownership","Keeanga-Yamahtta Taylor","2020","book","2","0","0","1","0","0","1","0","","race","2022cprize-02; 2025cprize-28"
"Race, Class, and Politics In the Cappuccino City","Derek S. Hyra","","book","2","0","0","0","0","0","1","1","","city, race","2026cprize-22; 2025cprize-10"
"Radical Suburbs","Amanda Kolson Hurley","","book","2","0","0","0","1","1","0","0","","radical","2023cprize-33; 2024cprize-30"
"Re-theorizing the collective action to address the climate change challenges: Towards resilient and inclusive agenda","A. Mehan","2023","article","2","0","0","0","0","1","1","0","climate, change","climate, resiliency, change","2024cprize-06; 2025cprize-03"
"Reclaimed! The Past, Present, and Future of Contested Urban Waterfronts","Gabriel Kaprielian","2018","other","2","1","1","0","0","0","0","0","future","urban, future","2020cprize-68; 2021cprize-27"
"Reclaiming Indigenous Planning","Ryan Walker; T. Jojola; D. Natcher","2013","book","2","0","1","0","0","0","0","1","","indigenous","2021cprize-21; 2026cprize-33"
"Recommended Practice for Daylighting Buildings (IES RP-5-13)","Khaled Mansy","2013","report","2","1","1","0","0","0","0","0","","","2020cprize-07; 2021cprize-36"
"Reconstructing Italy: The Ina-Casa Neighborhoods of the Postwar Era","Stephanie Pilat","2014","book","2","0","1","0","1","0","0","0","","","2021cprize-04; 2023cprize-06"
"Red Skins, White Masks: Rejecting the Colonial Politics of Recognition","Glen Sean Coulthard","2014","book","2","1","1","0","0","0","0","0","","colonial","2020cprize-14; 2021cprize-47"
"Redesigning Memory Care in the COVID-19 Era: Interdisciplinary Spatial Design Interventions to Minimize Social Isolation in Older Adults","F. Ferdous","2021","article","2","0","1","0","0","0","0","1","","social, space, design","2021cprize-22; 2026cprize-25"
"Redesigning the American Dream: The Future of Housing, Work and Family Life","Dolores Hayden","","book","2","0","0","0","0","2","0","0","future","house, future","2024cprize-01; 2024cprize-30"
"Redesigning the House","Ellen Dunham-Jones","","website","2","0","0","0","1","1","0","0","","house","2023cprize-33; 2024cprize-30"
"Redevelopment and Race: Planning A Finer City in Post-War Detroit","June Manning Thomas","","book","2","0","0","0","0","0","1","1","","city, race","2026cprize-22; 2025cprize-10"
"Refabricating Architecture","Stephen Kieran; James Timberlake","2004","book","2","1","0","0","0","1","0","0","","architecture","2020cprize-50; 2024cprize-01"
"Regeneration: Ending the Climate Crisis in One Generation","Paul Hawken","2021","book","2","0","0","0","0","2","0","0","climate","climate, crisis","2024cprize-07; 2024cprize-41"
"Removable Courthouse","Cepezed","2022","article","2","0","0","0","0","2","0","0","","","2024cprize-25; 2024cprize-26"
"Renegades: Bruce Goff and the American School of Architecture","Angela Person; Luca Guido","2020","book","2","0","1","0","1","0","0","0","","architecture","2021cprize-04; 2023cprize-06"
"Resilience Thinking: Sustaining Ecosystems and People in a Changing World","Brian Walker; David Salt","2012","book","2","0","0","0","0","0","0","2","world, resilience","world","2026cprize-60; 2026cprize-10"
"Resilience through Transaction Cost Economic Evaluation: Recognizing the Cost-Effectiveness of Sustainable Development","J. Whittington; S. Young","2013","article","2","1","0","0","1","0","0","0","sustainable, resilience, economic","economy, sustainability","2020cprize-65; 2023cprize-27"
"Responsibility for the End of Nature; or, How I Learned to Stop Worrying and Love Global Warming","A. Thompson","2009","chapter","2","1","1","0","0","0","0","0","global, nature","global, warming","2020cprize-35; 2021cprize-48"
"Responsive Landscapes: Strategies for Responsive Technologies in Landscape Architecture","B. Cantrell; J. Holzman","2016","book","2","0","0","1","0","1","0","0","","technology, landscape, architecture","2024cprize-35; 2022cprize-22"
"Rethinking Environmental Racism: White Privilege and Urban Development in Southern California","Laura Pulido","2000","article","2","0","0","0","0","1","0","1","environmental","urban","2026cprize-61; 2024cprize-38"
"Revisiting Philosophical Tools for Technological Culture","J. Hickman","2003","article","2","1","1","0","0","0","0","0","","technology, culture","2020cprize-35; 2021cprize-48"
"Rising Currents: Projects for New York's Waterfront","E. Bunge; M. Hoang","","website","2","1","0","0","1","0","0","0","","","2020cprize-66; 2023cprize-20"
"River, Space, Design: Planning Strategies, Methods and Projects for Urban Rivers","Martin Prominski; et al.","2012","book","2","0","0","0","0","1","0","1","","space, river, urban, design","2024cprize-20; 2026cprize-31"
"Roden Crater","James Turrell","1977","other","2","1","1","0","0","0","0","0","","","2020cprize-33; 2021cprize-13"
"Russia Is Amassing Unprecedented Military Might in the Arctic","","","website","2","0","0","0","0","1","0","1","","","2024cprize-19; 2026cprize-28"
"Scarcity: Architecture in an Age of Depleting Resources","J. Goodbun; J. Till; Deljana; L. Lossifova","2012","book","2","1","1","0","0","0","0","0","resource","resource, architecture","2020cprize-35; 2021cprize-48"
"Settler Colonialism and the Elimination of the Native","Patrick Wolfe","2006","article","2","2","0","0","0","0","0","0","","","2020cprize-14; 2020cprize-43"
"Shifting from 'Sustainability' to Regeneration","Bill Reed","2007","article","2","0","0","0","1","1","0","0","sustainable","sustainability","2023cprize-41; 2024cprize-07"
"Sick Building Syndrome and the Problem of Uncertainty: Environmental Politics, Technoscience, and Women Workers","Michelle Murphy","2006","book","2","1","0","0","1","0","0","0","environmental","building","2020cprize-24; 2023cprize-14"
"Simians, Cyborgs, and Women: The Reinvention of Nature","Donna Jeanne Haraway","1991","book","2","0","1","0","0","1","0","0","nature","","2021cprize-47; 2024cprize-42"
"Sixth Assessment Report (AR6): Impacts, Adaptation and Vulnerability","Intergovernmental Panel on Climate Change (IPCC)","2021","report","2","0","0","1","0","0","0","1","","","2022cprize-14; 2026cprize-60"
"Slumdog Cities: Rethinking Subaltern Urbanism","Ananya Roy","2011","article","2","2","0","0","0","0","0","0","","","2020cprize-25; 2020cprize-58"
"Smart Materials and New Technologies: For the Architecture and Design Professions","Michelle Addington; Danielle Schodek","2005","book","2","1","1","0","0","0","0","0","material","material, technology, design, architecture","2020cprize-39; 2021cprize-26"
"Social Distancing vs Social Interactions for Long Term Care Facilities in the Midst of the COVID-19 Pandemic: A Rapid Review and Synthesis of Action Plans","F. Ferdous","2021","article","2","0","1","0","0","0","0","1","","social","2021cprize-22; 2026cprize-25"
"Social Formation and Symbolic Landscape","D. E. Cosgrove","1985","book","2","0","1","0","0","1","0","0","","social, landscape","2021cprize-16; 2024cprize-05"
"Spatial practices and the making of cultural landscapes","F. Steiner","2014","book","2","0","0","0","0","1","1","0","","landscape, space, culture","2024cprize-06; 2025cprize-03"
"Speculative Realism: An Introduction","Graham Harman","2016","book","2","1","1","0","0","0","0","0","","speculate","2020cprize-35; 2021cprize-48"
"Spiral Jetty","Robert Smithson","1970","other","2","0","1","0","1","0","0","0","","","2021cprize-13; 2023cprize-31"
"Stop Saving the Planet! An Environmentalist Manifesto","Jenny Price","2021","article","2","0","1","1","0","0","0","0","","planet","2021cprize-52; 2022cprize-26"
"Storytelling and Urban Design","Mark C. Childs","2008","article","2","0","1","0","0","1","0","0","","urban, design","2021cprize-56; 2024cprize-32"
"Strike for Sunshine: To Defeat Fossil Fuel, We Need a Low-Carbon Labor Movement","Kate Aronoff; et al.","2019","article","2","0","1","1","0","0","0","0","carbon","labor, fossil fuel, carbon","2021cprize-52; 2022cprize-26"
"Summary for Policymakers (in Global Warming of 1.5°C. An IPCC Special Report)","Intergovernmental Panel on Climate Change","2018","report","2","1","1","0","0","0","0","0","global","global, warming","2020cprize-33; 2021cprize-30"
"Sun Rhythm, Form","Ralph Knowles","","book","2","0","0","0","1","1","0","0","","","2023cprize-33; 2024cprize-30"
"Sustainability's Image Problem","Esther Choi","2019","article","2","1","0","0","0","1","0","0","sustainable","sustainability","2020cprize-28; 2024cprize-40"
"Sustainability: Ethics or Technology?","Michael Jenson","2010","chapter","2","1","1","0","0","0","0","0","sustainable","technology, ethics, sustainability","2020cprize-35; 2021cprize-48"
"Sustainable Design for the Built Environment, 2nd Edition","R. Fleming; S. Roberts; C. Isaac","2025","book","2","1","0","0","0","0","0","1","environmental, sustainable","sustainability, design","2026cprize-64; 2020cprize-08"
"SustainaSpeak: A Guide to Sustainable Design Terms","Elizabeth Lewis","2018","book","2","0","0","0","2","0","0","0","sustainable","sustainability, design","2023cprize-24; 2023cprize-25"
"Systems thinking: Unlocking the Sustainable Development Goals","Center for Ecoliteracy","2012","website","2","1","1","0","0","0","0","0","systems, sustainable","system, sustainability","2021cprize-62; 2020cprize-59"
"Tackling Wicked Problems Through Transdisciplinary Imagination and Design","V. Brown; J. Harris; J. Russell","2010","book","2","1","1","0","0","0","0","0","","design","2020cprize-35; 2021cprize-48"
"Tapestry Lifemode Group Segmentation","ESRI","","other","2","0","0","0","1","1","0","0","","","2023cprize-33; 2024cprize-30"
"Techne, Technology and Tragedy","D. Tabachnick","2004","article","2","1","1","0","0","0","0","0","","technology","2020cprize-35; 2021cprize-48"
"Technics and Civilization","Lewis Mumford","1934","book","2","0","0","1","0","0","1","0","","","2022cprize-11; 2025cprize-01"
"Technology and Values: Essential Readings","Craig Hanks","2009","book","2","1","1","0","0","0","0","0","","technology","2020cprize-35; 2021cprize-48"
"Tehran: from Sacred to Radical","A. Mehan","2022","book","2","0","0","0","0","1","1","0","","radical","2024cprize-06; 2025cprize-03"
"Tending the Wild: Native American Knowledge and the Management of California's Natural Resources","M. Kat Anderson","2013","book","2","1","0","1","0","0","0","0","resource, nature","natural, resource, knowledge, management","2022cprize-02; 2020cprize-14"
"Tentacular Thinking: Anthropocene, Capitalocene, Chthulucene","Donna Haraway","2016","chapter","2","0","0","0","0","0","0","2","","anthropocene","2026cprize-48; 2026cprize-30"
"Tex-Mex Urbanism: Architecture, Cultural Exchange, and the Shaping of the Built Environment","G. Valdivia","2018","book","2","0","0","0","0","1","1","0","environmental","culture, architecture","2024cprize-06; 2025cprize-03"
"Texas Oil: An Economic Geography","S. Kirsch","2014","book","2","0","0","0","0","1","1","0","economic, texas","economy, oil","2024cprize-06; 2025cprize-03"
"The 2030 Palette","","","website","2","0","0","0","1","0","1","0","","","2023cprize-37; 2025cprize-33"
"The 2100 Project: An Atlas for the Green New Deal","Billy Fleming; et al.","2020","report","2","0","2","0","0","0","0","0","","","2021cprize-52; 2021cprize-56"
"The Aesthetic Revolution and Its Outcomes","Rancière, Jacques","2002","article","2","1","0","0","0","1","0","0","","","2020cprize-28; 2024cprize-40"
"The Age of Surveillance Capitalism: The Fight for a Human Future at the New Frontier of Power","Shoshana Zuboff","2020","book","2","0","0","0","0","1","0","1","future, human","capitalism, human, future","2024cprize-19; 2026cprize-28"
"The Alphabet and the Algorithm","Mario Carpo","2011","book","2","0","0","1","0","1","0","0","","","2024cprize-23; 2022cprize-27"
"The Architecture of Closed Worlds, or, What Is the Power of Shit?","Lydia Kallipoliti","2018","book","2","1","0","1","0","0","0","0","","architecture","2020cprize-44; 2022cprize-22"
"The Architecture of Closed Worlds: Or, What Is the Power of Shit?","Lydia Kallipoliti","2018","book","2","1","0","0","0","1","0","0","","architecture","2020cprize-05; 2024cprize-01"
"The Architecture of Good Behavior: Psychology and Modern Institutional Design in Postwar America","Nick Axel","2020","book","2","2","0","0","0","0","0","0","","design, architecture","2020cprize-24; 2020cprize-46"
"The Architecture of the City","A. Rossi; P. Eisenman; J. Henry; Graham Foundation for Advanced Studies in the Fine Arts; Institute for Architecture and Urban Studies","1982","book","2","1","0","0","0","0","0","1","","city, architecture","2020cprize-06; 2026cprize-14"
"The Art of Architectural Grafting","Jeanne Gang","2024","book","2","0","0","0","0","0","1","1","","","2026cprize-33; 2025cprize-29"
"The Art of Earth Architecture: Past, Present, Future","Jean Dethier","2020","book","2","0","0","0","0","1","1","0","future","earth, architecture, future","2024cprize-27; 2025cprize-08"
"The Art Of Philosophizing And Other Essays","Bertrand Russell","1974","book","2","1","1","0","0","0","0","0","","","2020cprize-35; 2021cprize-48"
"The Big Data of Ice, Rocks, Soils, and Sediments","Shannon Mattern","2017","article","2","1","0","0","0","0","0","1","data","data","2026cprize-48; 2020cprize-21"
"The Care and Keeping of Cultural Institutions","Angela Person","2014","book","2","0","1","0","1","0","0","0","","culture","2021cprize-04; 2023cprize-06"
"The Carrier Bag Theory of Fiction","Le Guin, Ursula K.","1989","article","2","0","0","0","0","0","1","1","","theory","2026cprize-48; 2025cprize-22"
"The Case for Retreat","Liz Koslov","2016","article","2","1","0","0","0","0","1","0","","","2020cprize-32; 2025cprize-28"
"The Climate of History in a Planetary Age","Dipesh Chakrabarty","2021","book","2","0","0","0","0","1","1","0","climate","climate, planet, history","2024cprize-13; 2025cprize-09"
"The Companion Species Manifesto: Dogs, People, and Significant Otherness","Donna Jeanne Haraway","2003","book","2","0","1","0","0","1","0","0","","species","2021cprize-47; 2024cprize-13"
"The Culture of Cities","Lewis Mumford","1970","book","2","0","2","0","0","0","0","0","","culture","2021cprize-12; 2021cprize-45"
"The Dawn of Everything: A New History of Humanity","David Graeber; David Wengrow","2021","book","2","0","0","0","1","1","0","0","","history","2024cprize-33; 2023cprize-05"
"The Deadly Life of Logistics: Mapping Violence in Global Trade","Deborah Cowen","2015","book","2","1","0","0","0","0","0","1","global","map, global","2020cprize-43; 2026cprize-20"
"The Death of Nature","Carolyn Merchant","1980","book","2","0","0","2","0","0","0","0","nature","","2022cprize-15; 2022cprize-18"
"The Dialectic of Radical Ecologies","Joel Kovel","2003","article","2","1","1","0","0","0","0","0","","ecological, radical","2020cprize-35; 2021cprize-48"
"The Dispossessed","Ursula K. Le Guin","1974","book","2","0","1","0","0","1","0","0","","","2021cprize-56; 2024cprize-09"
"The Drowned World","J. G. Ballard","1962","book","2","0","1","0","0","0","1","0","world","world","2021cprize-56; 2025cprize-22"
"The Ecological Thought","Timothy Morton","2010","book","2","2","0","0","0","0","0","0","ecological","ecological","2020cprize-25; 2020cprize-56"
"The Effects of Historical Housing Policies on Resident Exposure to Intra-Urban Heat: A Study of 108 US Urban Areas","Jeremy S. Hoffman; Vivek Shandas; Nicholas Pendleton","2020","article","2","0","0","1","0","0","1","0","","house, heat, urban","2022cprize-05; 2025cprize-35"
"The Empire Remains Shop","Cooking Sections","2018","book","2","2","0","0","0","0","0","0","","","2020cprize-02; 2020cprize-21"
"The Eye of the Storm: Visual Perception and the Weather","Tim Ingold","2005","article","2","1","0","0","0","0","0","1","","visual, weather","2026cprize-59; 2020cprize-12"
"The Forgotten Legacy: Oil Heritage Sites in Iran","A. Mehan; M. Behzadfar","2018","chapter","2","0","0","0","0","1","1","0","","oil","2024cprize-06; 2025cprize-03"
"The Form and Climate Research group, or Scales of Architectural History","Daniel A. Barber","2016","chapter","2","0","1","0","0","1","0","0","climate","climate, history, research","2021cprize-63; 2024cprize-15"
"The global and the local: Understanding the spatiality of globalization","G. Lipsitz","2019","book","2","0","0","0","0","1","1","0","global","global, local","2024cprize-06; 2025cprize-03"
"The Global Nomad: Navigating Mediated Space at a Global Scale","Michael Jenson","2011","chapter","2","1","1","0","0","0","0","0","global","global, space","2020cprize-35; 2021cprize-48"
"The Great Acceleration: An Environmental History Of The Anthropocene Since 1945","J.R. McNeill; Peter Engelke","2014","book","2","1","1","0","0","0","0","0","environmental","anthropocene, history","2020cprize-35; 2021cprize-48"
"The Great Displacement: Climate Change and the Next American Migration","Jake Bittle","2024","book","2","0","0","0","0","0","1","1","climate, change","climate, change, migration","2026cprize-37; 2025cprize-28"
"The Handbook to Building a Circular Economy","David Cheshire","2021","book","2","0","0","0","0","2","0","0","economic","economy, building","2024cprize-25; 2024cprize-26"
"The Hidden Life of Trees: What They Feel, How They Communicate—Discoveries from a Secret World","Peter Wohlleben","2016","book","2","0","0","0","1","0","0","1","world","world","2026cprize-58; 2023cprize-07"
"The House of Light and Entropy: Inhabiting the American Desert","Alessandra Ponte","2014","article","2","1","1","0","0","0","0","0","","house","2020cprize-62; 2021cprize-18"
"The Human City: Urbanism For the Rest of Us","Joel Kotkin","","book","2","0","0","0","0","0","1","1","human","human, city","2026cprize-22; 2025cprize-10"
"The Human Planet: How We Created the Anthropocene","Simon L. Lewis; Mark A. Maslin","2018","book","2","1","0","0","1","0","0","0","human","human, anthropocene, planet","2020cprize-66; 2023cprize-07"
"The Ice At The End Of The World: An Epic Journey Into Greenland's Buried Past And Our Perilous Future","J. Gertner","2019","book","2","1","1","0","0","0","0","0","future, world","world, future","2020cprize-35; 2021cprize-48"
"The Invented Landscape","T. Turner","1994","chapter","2","1","1","0","0","0","0","0","","landscape","2020cprize-35; 2021cprize-48"
"The Land of Open Graves: Living and Dying on the Migrant Trail","Jason de Leon","2015","book","2","0","2","0","0","0","0","0","","land","2021cprize-60; 2021cprize-17"
"The Landscape Imagination: Collected Essays of James Corner 1990-2010","James Corner","2014","book","2","0","0","1","0","0","1","0","","landscape","2022cprize-28; 2025cprize-34"
"The Language of Landscape","Anne Whiston Spirn","","book","2","0","0","0","0","1","1","0","","landscape","2024cprize-34; 2025cprize-27"
"The Meanings of Technology","E. Innis","2003","article","2","1","1","0","0","0","0","0","","technology","2020cprize-35; 2021cprize-48"
"The Moment of Complexity: Emerging Network Cultures","M. Taylor","2003","book","2","1","1","0","0","0","0","0","","","2020cprize-35; 2021cprize-48"
"The Myth of a Wilderness Without Humans","Mark Dowie","2019","article","2","0","0","0","1","0","0","1","","","2023cprize-06; 2026cprize-29"
"The Omnivore's Dilemma","Michael Pollan","2006","book","2","0","0","0","1","1","0","0","","","2023cprize-37; 2024cprize-17"
"The Philosophy of Walking","Frederic Gros","","book","2","0","0","0","0","0","1","1","","","2026cprize-22; 2025cprize-10"
"The Poetics of Space","Gaston Bachelard","1969","book","2","0","1","0","0","1","0","0","","space","2021cprize-12; 2024cprize-08"
"The Politics and Poetics of Infrastructure","Brian Larkin","2013","article","2","1","0","0","0","0","1","0","infrastructure","infrastructure","2020cprize-38; 2025cprize-01"
"The Practical Wisdom Of Permaculture: An Anthropoharmonic Phronesis For Moving Towards An Ecological Epoch","M. Hathaway","2015","article","2","1","1","0","0","0","0","0","ecological","ecological","2020cprize-35; 2021cprize-48"
"The Question Concerning Technology","Martin Heidegger","1969","book","2","1","1","0","0","0","0","0","","technology","2020cprize-35; 2021cprize-48"
"The Race for What's Left: The Global Scramble for the World's Last Resources","Michael T. Klare","","book","2","1","1","0","0","0","0","0","global, world, resource","resource, world, global, race","2020cprize-29; 2021cprize-43"
"The Resilient City: How Modern Cities Recover from Disaster","Lawrence J. Vale; Thomas J. Campanella","2005","book","2","0","0","0","0","0","0","2","","resiliency, disaster, city","2026cprize-60; 2026cprize-26"
"The Rule of Logistics: Walmart and the Architecture of Fulfillment","Jesse LeCavalier","2016","book","2","2","0","0","0","0","0","0","","architecture","2020cprize-02; 2020cprize-66"
"The Second Digital Turn: Design Beyond Intelligence","Mario Carpo","2017","book","2","0","0","1","0","1","0","0","","digital, intelligence, design","2024cprize-23; 2022cprize-27"
"The Shape of Green: Aesthetics, Ecology, and Design","Lance Hosey","2012","book","2","0","1","0","0","0","0","1","ecological","ecological, design","2021cprize-50; 2026cprize-44"
"The Sheltering Sky","Bernardo Bertolucci","1990","film","2","0","0","1","1","0","0","0","","","2022cprize-02; 2023cprize-23"
"The Stack: On Software and Sovereignty","Benjamin H. Bratton","2015","book","2","0","0","0","0","0","0","2","","","2026cprize-45; 2026cprize-52"
"The Third Industrial Revolution: How Lateral Power is Transforming Energy, the Economy, and the World","Jeremy Rifkin","2013","book","2","1","1","0","0","0","0","0","energy, world, economic","energy, economy, world","2020cprize-34; 2021cprize-52"
"The Trouble with Wilderness; or, Getting Back to the Wrong Nature","William Cronon","1995","chapter","2","1","1","0","0","0","0","0","nature","","2020cprize-35; 2021cprize-48"
"The Truman Show: The Shooting Script","Andrew Niccol","1998","book","2","1","1","0","0","0","0","0","","","2020cprize-51; 2021cprize-56"
"The Urbanization of Oil: The Impact of the Oil Industry on Cities and Their Residents","M. Vlasic","2020","article","2","0","0","0","0","1","1","0","impact","oil","2024cprize-06; 2025cprize-03"
"The Visual Culture Reader","Nicholas Mirzoeff","2013","book","2","0","0","0","0","1","0","1","","visual, culture","2024cprize-19; 2026cprize-28"
"The Wealth of Nature: Lumber","William Cronon","1992","chapter","2","2","0","0","0","0","0","0","nature","","2020cprize-24; 2020cprize-56"
"The Weather Project","Tomas Garcia Piriz","2003","book","2","2","0","0","0","0","0","0","","weather","2020cprize-55; 2020cprize-62"
"The Whole Earth Catalog: Access to Tools","Stewart Brand","1968","other","2","1","0","0","0","0","1","0","","earth","2020cprize-05; 2025cprize-04"
"Theoretical Introduction","Georges Bataille","1991","chapter","2","1","0","0","1","0","0","0","","","2020cprize-09; 2023cprize-04"
"There's Something in the Water: Environmental Racism in Indigenous & Black Communities","Ellen Page; Ian Daniel","2020","book","2","0","1","0","0","1","0","0","environmental, community","water, indigenous","2021cprize-43; 2024cprize-38"
"Thermal comfort and climatic design in the tropics: an historical critique","Jiat-Hwee Chang","2016","article","2","0","0","0","1","0","0","1","","design","2026cprize-57; 2023cprize-14"
"Thoughts on Dirt: Walter De Maria's The New York Earth Room and Robert Smithson's Partially Buried Woodshed (in Artists on Walter De Maria)","Jeanne Dunning","2017","chapter","2","0","1","0","0","1","0","0","","earth","2021cprize-18; 2024cprize-24"
"Three Scenarios for the Future of Climate Change","E. Kolbert","2020","article","2","0","1","0","1","0","0","0","climate, change, future","climate, change, future","2021cprize-04; 2023cprize-06"
"Three Species of Technological Dependency","J. Gerrie","2008","article","2","1","1","0","0","0","0","0","","technology, species","2020cprize-35; 2021cprize-48"
"Time's Up, CO2","Marcia McNutt","2019","article","2","1","1","0","0","0","0","0","","","2020cprize-07; 2021cprize-36"
"Tomás Saraceno: Aerosolar Journeys Catalogue","Sabine Schaschl (ed.)","2017","other","2","1","0","0","0","1","0","0","","","2020cprize-21; 2024cprize-42"
"Toward Climate Form","Lizzie Yarina","2019","article","2","0","0","1","0","0","1","0","climate","climate","2022cprize-21; 2025cprize-18"
"Towards Zero Energy Architecture: New Solar Design","Mary Guzowski","2010","book","2","0","1","0","1","0","0","0","energy","energy, design, architecture","2021cprize-40; 2023cprize-37"
"Trajan's Hollow","Stein","2019","book","2","1","1","0","0","0","0","0","","","2020cprize-53; 2021cprize-34"
"Transitioning from Green to Regenerative Design","Raymond J. Cole","2012","article","2","0","0","0","1","1","0","0","","regenerative, design","2023cprize-41; 2024cprize-07"
"Transmaterial Next: A Catalog of Materials that Redefine Our Future","Blaine Brownell","2017","book","2","0","0","0","0","0","1","1","material, future","material, future","2025cprize-29; 2026cprize-04"
"Trump Promises Not to Do 'This' to Greenland","Madeleine Aggeler","2019","website","2","0","0","0","0","1","0","1","","","2024cprize-19; 2026cprize-28"
"Understanding Media: The Extensions of Man","Marshall McLuhan","1994","book","2","0","0","2","0","0","0","0","","media","2022cprize-27; 2022cprize-25"
"Uneven Development: Social Change & Spatial Divisions of Labor / Space, Place & Gender","Doreen Massey","2008","book","2","0","1","0","1","0","0","0","change","social, labor, space, change, place","2021cprize-52; 2023cprize-03"
"Unfathomable City: A New Orleans Atlas","Rebecca Solnit; Rebecca Snedeker","2013","book","2","2","0","0","0","0","0","0","","city","2020cprize-36; 2020cprize-42"
"Unless: The Seagram Building Construction Ecology","Kiel Moe","2020","book","2","1","0","1","0","0","0","0","ecological","construction, building, ecological","2022cprize-08; 2020cprize-05"
"Urban Architecture for Well-Being: A Design Canvas for Inclusive Green Cities","Eric Harris; Anna Franz; Marian Stuiver; Shahryar Ershad Sarabi","2022","chapter","2","0","0","0","0","0","1","1","","urban, design, architecture","2026cprize-22; 2025cprize-10"
"Urban Engineering for Sustainability","Sybil Derrible","2019","book","2","0","1","1","0","0","0","0","sustainable","engineer, sustainability, urban","2021cprize-45; 2022cprize-25"
"Urban Fortunes: The Political Economy of Place","John Logan; Harvey Molotch","2007","book","2","1","1","0","0","0","0","0","economic","economy, place, urban","2020cprize-34; 2021cprize-52"
"Urban Heat Management and the Legacy of Redlining","Bev Wilson","2020","article","2","0","0","1","0","0","1","0","","heat, management, urban","2022cprize-05; 2025cprize-35"
"Urban Infill Diagrammatically","Terry Schwarz; Karen Lewis","2012","article","2","0","1","1","0","0","0","0","","urban","2021cprize-52; 2022cprize-26"
"Urban Mining Design in der Praxis / Urban Mining Design in Practice","Anja Rosen; Marc Matzken","2022","article","2","0","0","0","0","2","0","0","","urban, design","2024cprize-25; 2024cprize-26"
"Urban Sustainability Transitions","T. Moore; F. De Haan; R. Horne; B. J. Gleeson","2018","book","2","0","0","0","0","1","1","0","sustainable","sustainability, urban","2024cprize-10; 2025cprize-07"
"Utopie: Texts and Projects, 1967–1978","Craig Buckley; Jean-Louis Violeau","2011","book","2","0","0","0","0","1","1","0","","","2024cprize-28; 2025cprize-21"
"Venus in Two Acts","Saidiya Hartman","2008","article","2","1","0","0","0","0","0","1","","","2026cprize-48; 2020cprize-21"
"Visions of Eternity: Plastic and the Ontology of Oil","Amanda Boetzkes; Andrew Pendakis","","article","2","1","1","0","0","0","0","0","","oil","2020cprize-29; 2021cprize-43"
"Visualisation and Cognition: Drawing Things Together","Bruno Latour","1986","chapter","2","1","0","0","0","0","1","0","","drawing","2020cprize-02; 2025cprize-18"
"Visualizing the Inequities","Elgin Cleckley","2020","other","2","0","1","1","0","0","0","0","","","2021cprize-52; 2022cprize-26"
"Vulnerability assessment studies on climate change: A review of the research in Mexico","A. Nájera González","2022","article","2","0","0","0","0","1","1","0","climate, change","climate, change, research","2024cprize-10; 2025cprize-07"
"Walking the Clouds: An Anthology of Indigenous Science Fiction","Grace L. Dillon","2012","book","2","0","1","0","0","0","1","0","science","science, indigenous","2021cprize-47; 2025cprize-22"
"Wasteland: A History","Vittoria Di Palma","2014","book","2","0","1","1","0","0","0","0","","history","2021cprize-07; 2022cprize-28"
"Waterfront Ecologies: Redefining the Urban Edge","Gabriel Kaprielian; Carlos Sandoval","2017","article","2","1","1","0","0","0","0","0","","ecological, urban","2020cprize-68; 2021cprize-27"
"We Don't Mine Enough Rare Earth Metals to Replace Fossil Fuels With Renewable Energy","","","website","2","0","0","0","0","1","0","1","energy","energy, earth, fossil fuel","2024cprize-19; 2026cprize-28"
"We Have Never Been Modern","Bruno Latour","1993","book","2","1","0","0","0","0","0","1","","","2020cprize-55; 2026cprize-06"
"Welcome to the Plastisphere (in Climates: Architecture and the Planetary Imaginary)","Meredith Miller","2016","chapter","2","0","1","0","0","1","0","0","","planet, architecture","2021cprize-18; 2024cprize-24"
"What About Typology? An Update for Late Capitalism","Patty Heyda","","article","2","0","0","0","1","1","0","0","","capitalism","2023cprize-33; 2024cprize-30"
"What's In A Name? In Defense Of Ecofeminism (Not Ecological Feminisms, Feminist Ecology, Or Gender And The Environment...)","Chaone Mallory","2018","article","2","1","1","0","0","0","0","0","environmental, ecological","ecological","2020cprize-35; 2021cprize-48"
"Why Ecological Urbanism? Why Now?","Mohsen Mostafavi","2010","article","2","2","0","0","0","0","0","0","ecological","ecological","2020cprize-15; 2020cprize-67"
"Why Materials Matter: Responsible Design for a Better World","Seetal Solanki","2018","book","2","0","0","0","0","1","0","1","material, world","material, world, design","2026cprize-45; 2024cprize-23"
"You Are the Weather: Philippe Rahm's A Sentimental Meteorology","Shantel Blakely","2018","article","2","1","0","0","0","1","0","0","","weather","2020cprize-62; 2024cprize-15"
"Zero Code","Architecture 2030","2018","report","2","1","1","0","0","0","0","0","","","2020cprize-07; 2021cprize-36"
"""Green City"" initiatives in Europe","K. Schilbel","2020","chapter","1","0","1","0","0","0","0","0","","city","2021cprize-63"
"#ArchSoWhite","Patty Heyda","","article","1","0","0","0","1","0","0","0","","","2023cprize-33"
"'A Volcanic Incident': Towards a Geopolitical Aesthetics of the Subterranean","Harriet Hawkins","2020","article","1","0","0","0","0","0","0","1","","","2026cprize-48"
"'Accidental' urban wetlands: ecosystem functions in unexpected places","M.A. Palta; N.B. Grimm; P.M. Groffman","2017","article","1","0","0","1","0","0","0","0","","urban","2022cprize-13"
"'Animals are Part of the Working Class': A Challenge to Labor History","Jason Hribal","","article","1","1","0","0","0","0","0","0","","labor, history","2020cprize-56"
"'Authentic' Anxieties","Dell Upton","2001","chapter","1","0","0","0","0","1","0","0","","","2024cprize-13"
"'Beyond Catastrophic': The Climate Crisis, Carbon Criminals, and Climate Change","Ronald C. Kramer","2020","chapter","1","0","1","0","0","0","0","0","climate, change, carbon","climate, crisis, change, carbon","2021cprize-54"
"'Black Eden,' The Town That Segregation Built","A. Robinson","2012","article","1","0","0","1","0","0","0","0","","","2022cprize-23"
"'By Our Metaphors You Shall Know Us': The 'Fix' of Geographical Political Economy","Rachel Bok","","article","1","0","0","0","0","0","1","0","economic","economy","2025cprize-01"
"'Dreams of Oriental Romance': Reinventing Chinatown in 1930s Los Angeles","Josi Ward","2013","article","1","0","1","0","0","0","0","0","","","2021cprize-53"
"'Eating Well,' or the Calculation of the Subject","Jacques Derrida; Jean-Luc Nancy","1991","chapter","1","0","0","0","1","0","0","0","","","2023cprize-03"
"'It's Not Balancing Out Like It Should Be': Perceptions of Local Climate Variability in Native Oklahoma","Randy A. Peppler","2017","article","1","0","0","0","0","0","0","1","climate","climate, local","2026cprize-59"
"'Le bâti ment' (Built lies)? A Story of Antagonist Aesthetics in French Eco-neighbourhoods","","2022","article","1","0","0","0","0","0","1","0","","","2025cprize-09"
"'Not Just for the Fun of It!': Governmental Restraints on Black Leisure, Social Inequality, and the Privatization of Public Space","Regina Austin","1998","article","1","0","0","0","1","0","0","0","","public, social, space","2023cprize-08"
"'Project Heat' and Sensory Developments in Redeveloping Chicago Public Housing","Catherine Fennell","2011","article","1","0","1","0","0","0","0","0","","public, house, heat","2021cprize-60"
"'Scarier than Another Storm': Values at Risk in the Mapping and Insuring of US Floodplains","Rebecca Elliott","2019","article","1","0","0","0","0","0","1","0","","map, risk","2025cprize-18"
"'Something We Can Call Our Own': The Heyday of Michigan's Black Resorts","J. Francis","2021","article","1","0","0","1","0","0","0","0","","","2022cprize-23"
"'Subordination' in Modern Architecture, 1960s-1980s: Case Studies of Crypto-Colonialism","Supasai Vongkulbhisal","2022","chapter","1","0","0","0","0","0","0","1","","architecture","2026cprize-57"
"'We're moving to higher ground': America's era of climate mass migration is here","Oliver Milman","2018","article","1","1","0","0","0","0","0","0","climate","climate, migration","2020cprize-66"
"(Dis)location/Black Exodus","Anti-Eviction Mapping Project","2019","other","1","0","1","0","0","0","0","0","","","2021cprize-39"
"(Re)designing the Continuum of Care for Older Adults: The Future of Long-Term Care Settings","F. Ferdous; E. Roberts","2023","book","1","0","0","0","0","0","0","1","future","future","2026cprize-25"
"(un)familiar mediums","Ragnar Kjartansson","","other","1","1","0","0","0","0","0","0","","","2020cprize-55"
"...and never the twain shall meet: Baltimore's east-west expressway and the construction of the Highway to Nowhere","A. M. Giguere","2009","other","1","0","0","1","0","0","0","0","","construction","2022cprize-13"
"10 Abandoned Resorts from the Borscht Belt, America's Jewish Vacationland in Catskills, New York","E. Cabrey","","website","1","0","0","1","0","0","0","0","","","2022cprize-23"
"10 Years to Transform the Future of Humanity, or Destabilize the Planet","Johan Rockström","","other","1","0","1","0","0","0","0","0","future","planet, future","2021cprize-50"
"10,000 Year Clock","","","other","1","0","1","0","0","0","0","0","","","2021cprize-13"
"100 Contemporary Green Buildings","","2013","book","1","0","0","0","0","0","0","1","","","2026cprize-24"
"100 Resilient Cities","Rockefeller Foundation","","website","1","1","0","0","0","0","0","0","","resiliency","2020cprize-66"
"113th ACSA Annual Meeting Proceedings: Repair","Jensen Carr, Sara; García, Rubén","2025","report","1","0","0","0","0","0","0","1","","","2026cprize-51"
"12th Isle","Al White","2021","other","1","0","0","1","0","0","0","0","","","2022cprize-28"
"1492: A New World View","Sylvia Wynter","1995","chapter","1","0","0","0","1","0","0","0","world","world","2023cprize-03"
"1968 Survey Drawings: Delaware, Lackawanna & Western Railroad Mattes Street Building Signal Tower","","1968","report","1","0","0","0","0","0","0","1","","building","2026cprize-15"
"2.5% The Osa Peninsula","E. Elterman; M. Bollinger","2015","film","1","0","0","1","0","0","0","0","","","2022cprize-06"
"2009 ASHRAE Handbook: Fundamentals","Heather E. Kennedy; Mark S. Owen","2009","book","1","0","1","0","0","0","0","0","","","2021cprize-11"
"2018 CDP Report, ECOSOC and GA Resolutions","United Nations","2018","report","1","0","0","0","0","0","1","0","","","2025cprize-13"
"2018 Coal and Mining Report","Pennsylvania Department of Environmental Protection","2018","website","1","0","1","0","0","0","0","0","","","2021cprize-55"
"2019 Global Status Report for Buildings and Construction Sector","UNEP","2019","report","1","0","1","0","0","0","0","0","global","construction, global","2021cprize-29"
"2020 COTE Competition Winners","ACSA","2020","website","1","0","1","0","0","0","0","0","","","2021cprize-09"
"2020 Is Our Last, Best Chance to Save the Planet","Justin Worland","2020","article","1","0","1","0","0","0","0","0","","planet","2021cprize-09"
"22 Propositions for Re-Materializing Construction","Sarah Nichols","2020","chapter","1","0","0","1","0","0","0","0","","construction","2022cprize-14"
"25 Tropical Houses in Indonesia","","","book","1","0","1","0","0","0","0","0","","","2021cprize-03"
"3 Ways We Can Redesign Cities for Equity and Inclusion","Vishaan Chakrabarti","2020","website","1","0","1","0","0","0","0","0","","","2021cprize-09"
"3D Concrete Printing Frame Structure in Granular Medium","Il Hwan Kim","2024","article","1","0","0","0","0","0","0","1","","structure","2026cprize-66"
"3D-printed terracotta cooler gives a modern yet traditional makeover to air-conditioning","T. Joshi","2023","website","1","0","0","0","0","0","0","1","","air","2026cprize-23"
"40 Percent of the Buildings in Manhattan Could Not Be Built Today","Quoctrung Bui; Matt A. V.","2016","website","1","1","0","0","0","0","0","0","","","2020cprize-57"
"400 years of land use impacts on landscape structure and riparian sediment dynamics: investigations using chromite mining waste and property mosaics","D. J. Bain","2004","other","1","0","0","1","0","0","0","0","","land, landscape, property, structure, waste","2022cprize-13"
"6 Architectural Responses to Climate Change in 2018","Niall Walsh","2018","article","1","1","0","0","0","0","0","0","climate, change","climate, change","2020cprize-38"
"6 Modalities of Engineering Building – Kit of Parts: Open Studio Space","Johnson, Vincente","2025","other","1","0","0","0","0","0","0","1","","building, engineer, space","2026cprize-63"
"6th Assessment Report Summary for Policy Makers","IPCC","2023","report","1","0","0","0","0","0","0","1","","","2026cprize-24"
"99 Percent Invisible","Roman Mars","","other","1","0","0","0","0","1","0","0","","","2024cprize-23"
"[a kit of these some parts]","stock-a-studio","2019","other","1","0","0","1","0","0","0","0","","","2022cprize-28"
"[Re] Connecting the Creative Community Corridor: A Community Design Intervention to Foster Diversity along Georgia Avenue, Washington D.C.","F. Ferdous","2018","other","1","0","1","0","0","0","0","0","community","design","2021cprize-22"
"[Re]Constructing Real Estate: The Question of Value","Emmanuel Pratt","","other","1","0","1","0","0","0","0","0","","","2021cprize-44"
"A 'Social Model' of Design: Issues of Practice and Research","Victor Margolin; Sylvia Margolin","2002","article","1","1","0","0","0","0","0","0","issue","social, model, research, design","2020cprize-45"
"A 3D concrete printing prefabrication platform for bespoke columns","A. Anton; L. Reiter; T. Wangler; V. Frangez; R. J. Flatt; B. Dillenburger","2021","article","1","0","0","0","0","1","0","0","","","2024cprize-37"
"A Bill: Green New Deal for Housing Act","","","report","1","1","0","0","0","0","0","0","","house","2020cprize-60"
"A Biophilic Approach to Net-Positive Design","Mary Guzowski","2020","article","1","0","1","0","0","0","0","0","","design","2021cprize-40"
"A Brief History of Sustainable Architecture","Vandana Baweja","2017","chapter","1","0","0","0","0","0","1","0","sustainable","history, sustainability, architecture","2025cprize-35"
"A Built Environment Perspective on Adaptation in Urban Informal Settlements, Khulna, Bangladesh","A. Parvin; A. F. M. A. Alam; R. Asad","2016","chapter","1","0","1","0","0","0","0","0","environmental","urban","2021cprize-63"
"A Case for Infrastructural Opportunism","L. Samuels","2019","article","1","1","0","0","0","0","0","0","infrastructure","infrastructure","2020cprize-15"
"A Circular Economy for Buildings: How to Design for Material Reuse","Ellen MacArthur Foundation","2018","report","1","0","0","0","0","0","0","1","material, economic","material, economy, reuse, design","2026cprize-49"
"A city for children","M. Gutman","2014","book","1","0","0","0","1","0","0","0","","city","2023cprize-18"
"A Coal Miner's Evidence","Charles Dickens","1842","article","1","0","1","0","0","0","0","0","","","2021cprize-54"
"A comparative analysis of urban heat and trees at multiple scales in Denver and Baltimore","R. Taylor; A. Troy; M. Heris","2016","other","1","0","0","1","0","0","0","0","","heat, urban","2022cprize-13"
"A Contribution to the Critique of the Political Economy","Karl Marx","1859","book","1","0","1","0","0","0","0","0","economic","economy","2021cprize-03"
"A Contribution to Urban Sustainability: Analco, a Historic Neighbourhood in Puebla, Mexico","Marie Lessard; Guadalupe Milian Avila","2005","article","1","1","0","0","0","0","0","0","sustainable","sustainability, urban","2020cprize-58"
"A Country of Cities a Manifesto for an Urban America","Vishaan Chakrabarti; Norman Foster","2013","book","1","1","0","0","0","0","0","0","","urban","2020cprize-57"
"A Country of Cities: A Manifesto for an Urban America","Vishaan Chakrabarti","2013","book","1","1","0","0","0","0","0","0","","urban","2020cprize-66"
"A Critical Analysis of Hazard Resilience Measures Within Sustainability Assessment Frameworks","Elizabeth Matthews; Meredith Sattler; Carol Friedland","2014","article","1","0","1","0","0","0","0","0","sustainable, critical, resilience","critical, sustainability","2021cprize-47"
"A Cup of Water","Johan Silas","","other","1","0","1","0","0","0","0","0","","water","2021cprize-12"
"A Cyborg Manifesto in Science, Technology, and Socialist-Feminism in the Late Twentieth Century","Donna Haraway","1991","chapter","1","1","0","0","0","0","0","0","science","technology, science","2020cprize-54"
"A Cyborg Manifesto in the Late 20th Century","Donna Haraway","1991","chapter","1","1","0","0","0","0","0","0","","","2020cprize-55"
"A Design-Integrated Framework for Neuro-Architectural Research","Na Wei; Erick Gustavo Chuquichambi; Claudia Damiano; Keaton Bruce; Dirk B. Walther","","article","1","0","0","0","0","0","0","1","","research, design","2026cprize-43"
"A Difference-in-Differences Analysis of Health, Safety, and Greening Vacant Urban Space","Branas; Cheney; MacDonald; Tam; Jackson; Have","2011","article","1","0","0","1","0","0","0","0","health","space, urban","2022cprize-13"
"A Fable for Tomorrow","Rachel Carson","1962","chapter","1","0","0","0","0","0","0","1","","","2026cprize-48"
"A Gendered Profession","","2017","book","1","1","0","0","0","0","0","0","","","2020cprize-49"
"A Geography of the Moving Image","Giuliana Bruno","2002","chapter","1","0","0","0","0","1","0","0","","","2024cprize-05"
"A Global Green New Deal: Rethinking the Economic Recovery","Edward B. Barbier","2010","report","1","0","1","0","0","0","0","0","global, economic","economy, global","2021cprize-17"
"A Global Sense of Place","Doreen Massey","","article","1","0","0","0","0","0","0","1","global","global, place","2026cprize-06"
"A Globalized Studio Environment: Configuring Reflexive Spatial Agendas","Michael Jenson","2009","article","1","0","1","0","0","0","0","0","environmental","space","2021cprize-48"
"A Guide to Zero Energy and Zero Energy Ready K–12 Schools","National Renewable Energy Laboratory","","report","1","0","1","0","0","0","0","0","energy","energy","2021cprize-19"
"A Habiter Autrement","","2021","book","1","0","0","0","0","0","0","1","","","2026cprize-24"
"A History of Solar Power (in Art and Design)","Alex Nathanson","2021","chapter","1","0","0","0","1","0","0","0","","history, design","2023cprize-17"
"A History of the World in 100 Objects","Neil MacGregor","2012","book","1","0","0","0","0","1","0","0","world","world, history","2024cprize-23"
"A House for Mr Biswas","V. S. Naipaul","1961","book","1","1","0","0","0","0","0","0","","house","2020cprize-61"
"A House Is Not Just A House","Tatiana Bilbao","2018","article","1","1","0","0","0","0","0","0","","house","2020cprize-23"
"A Just Transition for the Building Sector","The Architecture Lobby; Green New Deal Working Group","2021","report","1","0","0","0","0","0","1","0","","building","2025cprize-28"
"A Lamp Falls","Amitav Ghosh","","chapter","1","0","0","1","0","0","0","0","","","2022cprize-04"
"A Landscape for Humans","Peter van Dresser","1973","book","1","1","0","0","0","0","0","0","","landscape","2020cprize-05"
"A Landscape Manifesto","Pierre Belanger","2016","chapter","1","0","0","0","0","1","0","0","","landscape","2024cprize-02"
"A Landscape of Energy Abundance: Anthracite Coal Canals and the Roots of American Fossil Fuel Dependence, 1820–1860","Christopher F. Jones","2010","article","1","0","0","0","0","0","1","0","energy","energy, landscape, fossil fuel","2025cprize-01"
"A Lecture on Serpent Ritual","A. M. Warburg","1939","article","1","0","0","0","0","1","0","0","","","2024cprize-15"
"A Legacy of Coal: The Coal Company Towns of Southwestern Pennsylvania","Margaret M. Mulrooney","1991","article","1","0","1","0","0","0","0","0","","","2021cprize-54"
"A Letter to Chamoiseau","Derek Walcott","1997","article","1","1","0","0","0","0","0","0","","","2020cprize-61"
"A Life Cycle Approach to Buildings: Principles, Calculations, Design tools","Holger Konig; et al.","2010","book","1","0","0","0","0","0","1","0","","design","2025cprize-11"
"A longitudinal analysis of park equity in Baltimore, 1930-2000","E.; C. G. Boone","2009","other","1","0","0","1","0","0","0","0","","park","2022cprize-13"
"A low-carbon, funicular concrete floor system: design and engineering of the HiLo floor","F. Ranaudo; T. Van Mele; P. Block","2021","article","1","0","0","0","0","0","1","0","systems, carbon","engineer, system, design, carbon","2025cprize-13"
"A manifesto for abundant futures","R. C. Collard; J. Dempsey; J. Sundberg","2015","article","1","0","0","0","0","1","0","0","","","2024cprize-12"
"A Matter of Choice: Historical Lessons for Disaster Recovery","M. P. Powers","2006","chapter","1","0","1","0","0","0","0","0","","disaster","2021cprize-63"
"A Message from the Future II: The Years of Repair","Naomi Klein; The Intercept; The Leap","2020","other","1","0","0","0","0","1","0","0","future","future","2024cprize-09"
"A More Monumental, Non-Naturalistic Environment","D. Gissen","2012","article","1","0","0","1","0","0","0","0","environmental","","2022cprize-22"
"A Mosque in Somalia","S. Padget","2011","article","1","1","0","0","0","0","0","0","","","2020cprize-30"
"A Moving Border: Alpine Cartographies of Climate Change","Marco Ferrari; Elisa Pasqual; Andrea Bagnato","","book","1","0","0","0","0","0","0","1","climate, change","climate, change","2026cprize-48"
"A Multidisciplinary Definition and Evaluation of Resilience: The Role of Social Justice in Defining Resilience","Neelke Doorn; Paolo Gardoni; Colleen Murphy","2019","article","1","0","0","0","0","0","1","0","justice, resilience","social, justice","2025cprize-35"
"A Native American Perspective on Sustainable and Resilient Infrastructure in Southern California","Marta Miletić; Fatima Shahine; Mahasweta Sarkar; Amy Quandt","2022","article","1","0","0","0","0","1","0","0","sustainable, infrastructure","infrastructure, resiliency, sustainability","2024cprize-02"
"A Natural History of the Sonoran Desert","Sonoran Desert Museum","2015","book","1","1","0","0","0","0","0","0","nature","natural, history","2020cprize-45"
"A New Circular Economy Action Plan For a cleaner and more competitive Europe","European Commission","2020","report","1","0","0","1","0","0","0","0","economic","economy, plan","2022cprize-08"
"A New Climate for Society","Sheila Jasanoff","2010","article","1","0","1","0","0","0","0","0","climate, society","social, climate","2021cprize-18"
"A new group of experts wants to eradicate modern slavery in the built environment","Sydney Franklin","2019","article","1","1","0","0","0","0","0","0","environmental","","2020cprize-49"
"A New Kind of Medical Disaster in the United States","E. Franklin","2006","chapter","1","0","1","0","0","0","0","0","","disaster","2021cprize-63"
"A New Model for Code Compliance","Khaled Mansy; Bileha","2014","other","1","1","0","0","0","0","0","0","","model","2020cprize-07"
"A New Model for Code Compliance, Smart, Sustainable and Healthy Cities","Mansy; Bileha","2014","article","1","0","1","0","0","0","0","0","sustainable","model, sustainability","2021cprize-36"
"A new paradigm for design studio education","T. Wang","2010","article","1","0","0","0","0","0","1","0","","design","2025cprize-23"
"A New Reality","Jonas Salk; Jonathon Salk","1981","book","1","0","0","0","0","0","1","0","","","2025cprize-14"
"A New Theory of Urban Design","Christopher Alexander","","book","1","0","1","0","0","0","0","0","","theory, urban, design","2021cprize-12"
"A Norwegian ZEB Definition Guideline","S.M. Fufa; T. Berker; M. Drescher; H.S. Furuholmen; A. Gustavsen; H. Heimdal; A.G. Hestnes; A.P. Indergaard; M.R. Kjendseth Wiik; A. Moum; C. Ohren; I. Sartori; T. Wigenstad","2016","report","1","0","0","0","0","0","0","1","","","2026cprize-12"
"A Pedagogic Approach Serving Inclusive Design","Hichem Gallouzi","2024","article","1","0","0","0","0","0","0","1","","design","2026cprize-38"
"A people's curriculum for the earth","B. Bigelow (Ed.); T. Swinehart (Ed.)","2014","book","1","0","0","0","1","0","0","0","","earth","2023cprize-18"
"A Place at the Table","Lori Silverbush; Kristi Jacobson","2021","film","1","0","0","1","0","0","0","0","","place","2022cprize-06"
"A Place for Stories","William Cronon","1992","article","1","0","0","0","1","0","0","0","","place","2023cprize-29"
"A Place of Utopia","Kevin Lynch","1981","chapter","1","0","0","1","0","0","0","0","","place","2022cprize-07"
"A Place-Based Model for Understanding Community Resilience to Natural Disasters","Susan L. Cutter; et al.","2008","article","1","0","0","0","1","0","0","0","community, resilience, nature","model, natural, place","2023cprize-06"
"A Political Ecology of Things","Jane Bennett","","book","1","0","0","0","0","1","0","0","ecological","ecological","2024cprize-01"
"A Pre-history of Green Architecture: Otto Koenigsberger and Tropical Architecture, from Princely Mysore to Post-colonial London","Vandana Baweja","2008","other","1","1","0","0","0","0","0","0","","history, colonial, architecture","2020cprize-05"
"A prehistory of parametric architecture","Alicia Imperiale","2018","article","1","1","0","0","0","0","0","0","","architecture","2020cprize-49"
"A Prehistory of the Cloud","Tung-Hui Hu","","book","1","0","0","0","0","0","0","1","","","2026cprize-52"
"A Prosperous Way Down: Principles and Policies","H. T. Odum; E. Odum","2001","book","1","1","0","0","0","0","0","0","","","2020cprize-09"
"A protocol for an intercomparison of biodiversity and ecosystem services models using harmonized land-use and climate scenarios","H. Kim; I. M. D. Rosa; R. Alkemade; P. Leadley; G. Hurtt; A. Popp; van Vuuren, D. P.; P. Anthoni; A. Arneth","2018","article","1","1","0","0","0","0","0","0","climate","climate, land","2020cprize-41"
"A Pueblo by the Porciuncula, 1781-1840","David Samuel Torres-Rouff","2013","chapter","1","0","1","0","0","0","0","0","","","2021cprize-53"
"A Quake in Being (in Hyperobjects)","Timothy Morton","2013","chapter","1","0","1","0","0","0","0","0","","","2021cprize-18"
"A Questionnaire on Monuments","Lucia Allais; et al.","2018","other","1","0","1","0","0","0","0","0","","","2021cprize-53"
"A quincentennial map of American Indian history","George L. Russell","1992","other","1","0","0","0","1","0","0","0","","map, history","2023cprize-31"
"A Real Living Contact with the Things Themselves: Landscape Painters and Architects, 1600-1850","Irenee Scalbert","","article","1","0","1","0","0","0","0","0","","landscape","2021cprize-08"
"A retreat critique: Deliberations on design and ethics in the flood zone","Lizzie Yarina; Miho Mazereeuw; Larisa Ovalles","2019","article","1","0","0","0","0","0","1","0","","ethics, flood, design","2025cprize-18"
"A Review of Climate Change Impacts on the Built Environment","Robert L. Wilby","2007","article","1","0","1","0","0","0","0","0","climate, change, environmental","climate, change","2021cprize-29"
"A review of mitigating strategies to improve the thermal environment and thermal comfort in urban outdoor spaces","D. Lai; W. Liu; T. Gan; K. Liu; Q. Chen","2019","article","1","0","0","0","1","0","0","0","environmental","urban","2023cprize-22"
"A River and Its City: The Nature of Landscape in New Orleans","Ari Kelman","2003","book","1","1","0","0","0","0","0","0","nature","landscape, river, city","2020cprize-32"
"A Sedimentation of the Mind: Earth Projects","Robert Smithson","1968","article","1","1","0","0","0","0","0","0","","earth","2020cprize-21"
"A Semidesert with a Desert Heart","Marc Reisner","1993","chapter","1","1","0","0","0","0","0","0","","","2020cprize-62"
"A Sense of Place, a Sense of Time","John Brinckerhoff Jackson","1996","book","1","0","0","0","0","0","0","1","","place","2026cprize-14"
"A Simulation and Evaluation Model of Building Occupancy Scenarios at Design Phase Using Pedestrian Dynamics and Agent-Based Systems","Saied Zarrinmehr","2016","other","1","0","0","1","0","0","0","0","systems","building, model, system, design","2022cprize-09"
"A Social Ecological Approach to Architecture and Planning","Richard Graves; B. Keeler; M. Hamann; E. Kutschke; C. Nootenboom","2019","article","1","0","1","0","0","0","0","0","ecological","social, ecological, architecture","2021cprize-40"
"A Social-Ecological Ethic for Architecture","Richard Graves","","article","1","0","1","0","0","0","0","0","ecological","social, ecological, architecture","2021cprize-40"
"A Stone of Contention: The New Town Hall of Byblos, Lebanon","Hashim Sarkis","2014","chapter","1","1","0","0","0","0","0","0","","","2020cprize-17"
"A Stranger Silence Still: The Need for Feminist Social Research on Climate Change","Sherilyn MacGregor","2009","article","1","1","0","0","0","0","0","0","climate, change","social, climate, change, research","2020cprize-49"
"A study of shoreline regulations and managed retreat for Hawaiʻi: A cost analysis for Paumalū, Oʻahu","Institute for Sustainability and Resilience","2023","report","1","0","0","0","0","0","0","1","","","2026cprize-27"
"A surrogate-assisted optimization framework for microclimate-sensitive urban design practice","Y. Wu; Q. Zhan; S.J. Quan; Y. Fan; Y. Yang","2021","article","1","0","0","0","1","0","0","0","","optimization, urban, design","2023cprize-22"
"A Systematic Review of the Development and Validation of the Heat Vulnerability Index: Major Factors, Methods, and Spatial Units","Y. Niu; Z. Li; Y. Gao; X. Liu; L. Xu; S. Vardoulakis; Y. Yue; J. Wang; Q. Liu","2021","article","1","0","0","0","1","0","0","0","","space, heat","2023cprize-35"
"A Tale of Two City Blocks: Differences in Immature and Adult Mosquito Abundances between Socioeconomically Different Urban Blocks in Baltimore (Maryland, USA)","B. Becker; P.T. Leisnham; S.L. LaDeau","2014","article","1","0","0","1","0","0","0","0","","city, urban","2022cprize-13"
"A Tale of Two Scales: Evaluating the Relationship Among Life Satisfaction, Social Capital, Income, and the Natural Environment at Individual and Neighborhood Levels in Metropolitan Baltimore","A.W. Vemuri; J.M. Grove; M.A. Wilson; W.R. Burch","2011","article","1","0","0","1","0","0","0","0","environmental, nature","social, natural, neighborhood","2022cprize-13"
"A Temporary Paradise: A Look at the Special Landscape of the San Diego Region","Kevin Lynch; Donald Appleyard","2018","book","1","0","1","0","0","0","0","0","","landscape","2021cprize-04"
"A Theoretical Framework for Incorporating Ecological Consideration in the Design and Planning of the Built Environment","Kenneth King-Mun Yeang","1980","other","1","1","0","0","0","0","0","0","environmental, ecological","ecological, design","2020cprize-05"
"A Thousand Plateaus","Gilles Deleuze; Félix Guattari","1987","book","1","0","0","0","1","0","0","0","","","2023cprize-05"
"A Tool for Fair Measure","Ben Nicholson","2000","book","1","0","1","0","0","0","0","0","","tool","2021cprize-61"
"A Tuning Guide to Formulating Degree Programme Including Programme Competences and Programme Learning Outcomes","J. Lokhoff; Bas Wegewijs; et al.","2010","report","1","0","0","0","0","0","1","0","","","2025cprize-23"
"A Validation of Metrics for Community Resilience to Natural Hazards and Disasters Using the Recovery from Hurricane Katrina as a Case Study","Christopher G. Burton","2015","article","1","0","0","0","0","0","1","0","community, resilience, nature","natural","2025cprize-35"
"A View of the River","L.B. Leopold","1994","book","1","0","0","0","0","0","0","1","","river","2026cprize-54"
"A Virtual Environment for Conceptual Design in Architecture","L. Anderson; J. Esser; V. Enterttant","2013","article","1","0","0","0","0","0","1","0","environmental","virtual, design, architecture","2025cprize-25"
"A Visitor from Outer Space: Soviet Science Fiction","Alexandr Beliaev; et al.","1961","book","1","0","0","0","0","0","1","0","science","science, space","2025cprize-22"
"A Wartime Plan for Electrifying America","","","other","1","0","0","1","0","0","0","0","","plan","2022cprize-01"
"A Way, Away (Listen While I Say)","Amanda Williams","2017","other","1","0","1","0","0","0","0","0","","","2021cprize-08"
"A Year without a Winter","Dehlia Hannah","2018","book","1","1","0","0","0","0","0","0","","","2020cprize-21"
"Abadan: Planning and Architecture Under the Anglo-Iranian Oil Company","Mark Crinson","","article","1","1","0","0","0","0","0","0","","oil, architecture","2020cprize-29"
"Abolition Democracy: Beyond Empire, Prisons, and Torture","Angela Y. Davis","2014","book","1","0","0","0","0","0","1","0","","","2025cprize-31"
"Abolition Geography: Essays Toward Liberation","Ruth Wilson Gilmore","2022","book","1","0","0","0","0","0","1","0","","","2025cprize-31"
"About the Center","The Center for Land Use Interpretation","2021","website","1","0","0","1","0","0","0","0","","","2022cprize-28"
"About the Nation / Our Heritage / Our Lands / Our People","Catawba Indian Nation","","website","1","0","1","0","0","0","0","0","","","2021cprize-19"
"About This. And That. (lecture)","Jan De Vylder","2015","other","1","0","0","0","0","0","0","1","","","2026cprize-15"
"Absolutes and Intermediates","Agnes Denes","2020","other","1","1","0","0","0","0","0","0","","","2020cprize-21"
"Absolutism and Air Conditioning in Early Twentieth Century Bangkok Cinemas","Lawrence Chua","2011","article","1","0","1","0","0","0","0","0","","air","2021cprize-31"
"Abundance and Scarcity","B. Baker","1983","article","1","0","0","0","0","0","1","0","","","2025cprize-15"
"Acceleration (in Anthropocene Unseen: A Lexicon)","David Rojas","2020","chapter","1","0","0","0","1","0","0","0","","anthropocene","2023cprize-23"
"Access to environmental amenities in Baltimore, Maryland: patterns and processes, 1900-2000","G. L. Buckley; C. G. Boone","2009","other","1","0","0","1","0","0","0","0","environmental","","2022cprize-13"
"Accommodating the Nature Tourist in the National Parks, 1903 (in Architecture and Nature)","Christine Macy; Sarah Bonnemaison","2003","chapter","1","0","0","0","1","0","0","0","nature","architecture","2023cprize-15"
"Accumulating Extinction: Planetary Catastrophism in the Necrocene","Justin McBrien","2016","chapter","1","0","1","0","0","0","0","0","","planet","2021cprize-17"
"Accumulation","e-flux","","website","1","0","1","0","0","0","0","0","","","2021cprize-43"
"Accurate Quantitative Estimation of Energy Performance of Residential Buildings Using Statistical Machine Learning Tools","Athanasios Tsanas; Angeliki Xifara","","article","1","0","1","0","0","0","0","0","energy","energy, performance","2021cprize-58"
"Acta Futura: Space Architecture","European Space Agency","2016","report","1","0","1","0","0","0","0","0","","space, architecture","2021cprize-46"
"Acts of Remembering","Betty Yu","2021","article","1","0","0","0","1","0","0","0","","","2023cprize-26"
"Acupuncture Architecture: From Practice to Pedagogy, A Methodology of Strategic Intervention","Na Wei","","article","1","0","0","0","0","0","0","1","","architecture","2026cprize-43"
"AD Energies: New Material Boundaries","Helen Castle (ed.)","2007","book","1","1","0","0","0","0","0","0","material","energy, material","2020cprize-16"
"Adaptability of the Built Environment of Informal Settlements to Increase Climate Resilience in Dhaka, Bangladesh","Huraera Jabeen","","chapter","1","0","0","0","0","0","1","0","climate, environmental, resilience","climate","2025cprize-35"
"Adapting Miami","E. Howler; C. Zehngebot; J.M. Keenan","2020","report","1","0","0","1","0","0","0","0","","","2022cprize-16"
"Adapting Waterfronts: A Sea Level Rise Toolkit for a Resilient Future","Gabriel Kaprielian; Gary Scales","2020","other","1","0","1","0","0","0","0","0","future","resiliency, sea, future","2021cprize-27"
"Adaptive capacity to extreme urban heat: The dynamics of differing narratives","M. Guardaro; D.M. Hondula","2022","article","1","0","0","0","0","1","0","0","","adaptive, heat, urban","2024cprize-24"
"Adaptive Midsole: Granular Convection for Use-Activated Custom Footwear","Il Hwan Kim","2024","article","1","0","0","0","0","0","0","1","","adaptive","2026cprize-66"
"Adaptive Reuse in Architecture: A Typological Index","Liliane Wong","","book","1","0","0","0","0","0","1","0","","adaptive, reuse, architecture","2025cprize-29"
"Adaptive Reuse of the Built Heritage","Bie Plevoets; Koenraad Van Cleempoel","2019","book","1","0","0","0","0","0","0","1","","adaptive, reuse","2026cprize-14"
"Adaptive Transformation of Existing Housing","Lacaton & Vassal","","other","1","0","0","0","0","0","0","1","","adaptive, house","2026cprize-42"
"Addis Ababa: A Manifesto on African Progress","Felix Heisel","2019","book","1","0","0","1","0","0","0","0","","","2022cprize-14"
"Addressing Barriers for Bamboo: Techniques for Altering Cultural Perception","K. Schumann; K. MacDonald; J. Hauptman","2019","article","1","0","0","0","0","1","0","0","","culture","2024cprize-23"
"Adolf Loos: Our Contemporary","Yehuda Safran","2012","book","1","0","0","0","0","1","0","0","","","2024cprize-16"
"Advanced 3d Printing with Grasshopper: Clay and FDM","Diego Garcia Cuevas; Gianluca Pugliese","","book","1","0","0","0","0","1","0","0","","","2024cprize-01"
"Advanced Energy Design Guide for K-12 School Buildings: Achieving 50% Energy Savings toward a Net Zero Energy Building","S. Pless; American Society of Heating, Refrigerating and Air-Conditioning Engineers","2011","report","1","1","0","0","0","0","0","0","energy","energy, building, design","2020cprize-19"
"Advancing Equity Planning Now","Norman Krumholz; Kathryn Wertheim","","book","1","0","1","0","0","0","0","0","","","2021cprize-36"
"Advancing Urban Ecology toward a Science of Cities","McPhearson; Pickett; Grimm; Niemelä; Alberti; Elmqvist; Weber; Haase; Breuste; Qureshi","2016","article","1","0","0","1","0","0","0","0","ecological, science","science, ecological, urban","2022cprize-13"
"Aerial Representation and the Making of Landscape","James Corner","1996","chapter","1","1","0","0","0","0","0","0","","representation, landscape","2020cprize-40"
"Aerial Representation and the Recovery of Landscape","Charles Waldheim","1999","chapter","1","1","0","0","0","0","0","0","","representation, landscape","2020cprize-40"
"Aerial View of America's Catfish Farm","Brian Skerry","","other","1","0","0","0","0","0","1","0","","","2025cprize-04"
"Affluence and Freedom: An Environmental History of Political Ideas","P. Charbonnier","","book","1","0","0","0","1","0","0","0","environmental","history","2023cprize-31"
"Africa: A Biography of the Continent","John Reader","1999","book","1","0","0","0","1","0","0","0","","","2023cprize-05"
"African Americans of Portland","Oregon Black Pioneers","","book","1","0","0","0","0","1","0","0","","","2024cprize-33"
"African Ecomedia: Network Forms, Planetary Politics","Cajetan Iheka","2021","book","1","0","0","0","1","0","0","0","","planet","2023cprize-03"
"African Humanity: Creativity, Identity and Personhood","A.O. Asojo; T. Falola","2020","book","1","0","1","0","0","0","0","0","","","2021cprize-40"
"African Nomadic Architecture","Labelle Prussin","1995","book","1","0","0","0","1","0","0","0","","architecture","2023cprize-05"
"After Art","David Joselit","2013","book","1","0","1","0","0","0","0","0","","","2021cprize-59"
"After Coal: Welsh and Appalachian Mining Communities","Tom Hansell","2016","other","1","0","1","0","0","0","0","0","community","","2021cprize-54"
"After Geoengineering: Climate Tragedy, Repair, and Restoration","Holly Jean Buck","2019","book","1","0","0","1","0","0","0","0","climate","climate","2022cprize-12"
"After Great Disasters: In Depth Analysis of How Six Countries Managed Community Recovery","Laurie A. Johnson; Robert B. Olshansky","2016","book","1","0","0","0","0","0","1","0","community","","2025cprize-14"
"After Oil (Kuwait Pavilion, 2016 Venice Biennale)","Design Earth","2016","other","1","1","0","0","0","0","0","0","","oil","2020cprize-29"
"After the House, Beyond the Nuclear Family; Transformations of Privacy","Niklas Maak","2015","chapter","1","0","0","1","0","0","0","0","","house","2022cprize-07"
"After the Map: Cartography, Navigation, and the Transformation of Territory in the Twentieth Century","Bill Rankin","2016","book","1","1","0","0","0","0","0","0","","map, territory","2020cprize-54"
"After the White Cube","Hal Foster","2015","article","1","0","1","0","0","0","0","0","","","2021cprize-59"
"Aftershocks of Disaster: Puerto Rico Before and After the Storm","Y. Bonilla (ed.); M. Lebrón (ed.)","2019","book","1","0","0","0","1","0","0","0","","disaster","2023cprize-34"
"Against crisis epistemology","K. P. Whyte","2020","chapter","1","0","0","0","0","0","0","1","","crisis, epistemology","2026cprize-24"
"Against Muerto Rico: Lessons from the Verano Boricua","Marisol Lebrón","2021","book","1","0","0","0","1","0","0","0","","","2023cprize-34"
"Against Nature (Untimely Meditations)","Lorraine Daston","2019","book","1","1","0","0","0","0","0","0","nature","","2020cprize-12"
"Against the Anthropocene. A Neo-Materialist Perspective","T. LeCain","2015","article","1","1","0","0","0","0","0","0","","anthropocene","2020cprize-35"
"Against the Forces of Nature: Tackling Floods with Resilient Vernacular Architecture in Chikwawa","Abhilaash","2016","website","1","1","0","0","0","0","0","0","nature","vernacular, resiliency, architecture","2020cprize-58"
"Against the Regime of 'Emptiness' (in Deserts Are Not Empty)","Samia Henni","2022","chapter","1","0","0","0","1","0","0","0","","","2023cprize-15"
"Age of Entanglement","Neri Oxman","","article","1","0","0","0","0","1","0","0","","","2024cprize-23"
"Age of Man: Enter the Anthropocene","Elizabeth Kolbert","2019","article","1","1","0","0","0","0","0","0","","anthropocene","2020cprize-67"
"Agents of Mechanization","Lewis Mumford","","chapter","1","1","0","0","0","0","0","0","","","2020cprize-63"
"Agnotology: A Missing Term to Describe the Cultural Production of Ignorance","R. Proctor","2008","chapter","1","1","0","0","0","0","0","0","","culture","2020cprize-09"
"Agricola","","","website","1","1","0","0","0","0","0","0","","","2020cprize-12"
"Agricultural Technologies for Climate Change in Developing Countries: Policy Options for Innovation and Technology Diffusion","Travis Lybbert; Daniel Sumner","2012","article","1","0","1","0","0","0","0","0","climate, change","technology, climate, change, innovation","2021cprize-20"
"AI & Architecture: An Experimental Perspective","Stanislas Chaillou","2019","website","1","0","1","0","0","0","0","0","","ai, architecture","2021cprize-58"
"AIA 2030 Commitment","AIA","","report","1","1","0","0","0","0","0","0","","","2020cprize-69"
"AIA Climate Change","","","website","1","1","0","0","0","0","0","0","climate, change","climate, change","2020cprize-45"
"AIA COTE (Committee on the Environment) Measures of Sustainable Design","AIA","2017","report","1","1","0","0","0","0","0","0","environmental, sustainable","sustainability, design","2020cprize-07"
"AIA COTE Measures of Sustainable Design","AIA","2017","report","1","0","1","0","0","0","0","0","sustainable","sustainability, design","2021cprize-36"
"AIA COTE Top 10","AIA","","website","1","0","0","0","0","0","0","1","","","2026cprize-01"
"AIA COTE Top Ten for Students Studio Guide","AIA","","website","1","0","0","0","1","0","0","0","","","2023cprize-37"
"AIA-CLF Embodied Carbon Toolkit for Architects, Part 1, 2, & 3","Meghan Lewis; Monica Huang; Stephanie Carlisle; Kate Simonen","2021","report","1","0","0","0","0","0","0","1","carbon","embodied, carbon","2026cprize-15"
"Air Alliance Houston","Air Alliance Houston","","website","1","0","1","0","0","0","0","0","","air","2021cprize-43"
"Air Conditioned Distancing","Jiat-Hwee Chang","","article","1","0","0","1","0","0","0","0","","air","2022cprize-02"
"Air-Conditioning and the Homogenization of People and Built Environments","Stephen Healy","2008","article","1","0","0","0","1","0","0","0","","air","2023cprize-14"
"Air/Condition (in Terror From the Air)","Peter Sloterdijk","2009","chapter","1","0","1","0","0","0","0","0","","air","2021cprize-18"
"Airforming: Incremental Formwork-Free Molding of a Freeform Surface through the Application of Heat under Variable Pressure","K. Schumann; R.L. Johns","2019","article","1","0","0","0","0","1","0","0","","heat","2024cprize-23"
"Alabama Marble","Karin Kirk","2021","other","1","0","0","0","0","0","1","0","","","2025cprize-04"
"Alabama PFAS Manufacturing Plant Creates The Climate Pollution of 125,000 Cars","Elizabeth Gribkoff","2021","article","1","0","0","0","0","0","1","0","climate","climate","2025cprize-04"
"Albert Kahn: Architect of Ford","Federico Bucci","1993","book","1","0","0","0","0","1","0","0","","architect","2024cprize-21"
"Alberto Piwonka Ovalle: En el cruce de las ideas de la modernidad en Chile","García, Rubén","2018","book","1","0","0","0","0","0","0","1","","","2026cprize-51"
"Alchemical Acts","Ang Li","2017","article","1","0","0","1","0","0","0","0","","","2022cprize-30"
"Alcoa Cruising the Caribbean (in Aluminum Dreams)","Mimi Sheller","2014","chapter","1","0","0","0","1","0","0","0","","","2023cprize-15"
"Alejandro Aravena: Elemental: The Architect's Studio","M. Holm","2018","book","1","0","0","0","0","0","1","0","","architect","2025cprize-12"
"Algorithms of Oppression: How Search Engines Reinforce Racism","Safiya Umoja Noble","2018","book","1","0","0","0","0","0","0","1","","","2026cprize-45"
"All In: All-Inclusive Engagement in Architecture","F. Ferdous; B. Bell","2021","book","1","0","0","0","0","0","0","1","","architecture","2026cprize-25"
"All Is Lost: Notes on Broken World Design","K. Moe; D. Friedman","2020","article","1","0","0","1","0","0","0","0","world","world, design","2022cprize-22"
"All Systems Go: Recovering Hans Haacke's Systems in Art (in October Files 18)","Luke Skrebowski","","chapter","1","0","1","0","0","0","0","0","systems","system","2021cprize-18"
"All That Breathes","Shaunak Sen","2022","other","1","0","0","0","0","0","0","1","","","2026cprize-31"
"All the Islands of all the Seas","Tania Kovats","2008","other","1","0","0","1","0","0","0","0","","","2022cprize-28"
"All Those Numbers","Jesse LeCavalier","2010","article","1","1","0","0","0","0","0","0","","","2020cprize-46"
"All We Can Save: Truth, Courage, and Solutions for the Climate Crisis","Ayana Elizabeth Johnson; Katharine Wilkinson","","book","1","0","0","0","0","0","1","0","climate","climate, crisis","2025cprize-34"
"All We Imagine as Light","Payal Kapadia","2024","other","1","0","0","0","0","0","0","1","","","2026cprize-31"
"Alpine Cartographies of Climate Change","Marco Ferrari; Elisa Pasqual; et al.","2018","book","1","1","0","0","0","0","0","0","climate, change","climate, change","2020cprize-21"
"Alpine Modernism: Sensitive Identities and Regional Placemaking","K. Schumann","2019","chapter","1","0","0","0","0","1","0","0","","","2024cprize-23"
"Altered Carbon","Laeta Kalogridis","2018","other","1","0","1","0","0","0","0","0","carbon","carbon","2021cprize-56"
"Alternative Actuation Techniques for Kinetic Surface (in abstract book of UIA 2017 Seoul World Architects Congress)","J. Song; J. Shim","2017","other","1","0","0","0","1","0","0","0","world","world","2023cprize-19"
"Alternative Cement","Paul Hawken","2017","chapter","1","0","0","1","0","0","0","0","","","2022cprize-21"
"Alternative Construction: Contemporary Natural Building Methods","Lynne Elizabeth; Cassandra Adams","2005","book","1","0","0","0","1","0","0","0","nature","construction, building, natural","2023cprize-01"
"Alternative Outlines of Immigration. A Case of Repopulation of Existing Abandoned Spanish Towns","R. González","2016","article","1","0","1","0","0","0","0","0","","","2021cprize-12"
"Alternative Villages","R. González","2015","article","1","0","1","0","0","0","0","0","","","2021cprize-12"
"Aluminum Surfaces: A Guide to Alloys, Finishes, Fabrication and Maintenance in Architecture and Art","William Zahner","2019","book","1","0","1","0","0","0","0","0","","fabrication, architecture","2021cprize-11"
"Amazing Archigram: A Supplement","Peter Cook; Warren Chalk","1967","article","1","0","0","0","0","0","0","1","","","2026cprize-14"
"Amazing Stories","Hugo Gernsback","","other","1","0","0","0","0","0","1","0","","","2025cprize-22"
"Ambiguous Territory","Cathryn Dwyre; Chris Perry","","book","1","1","0","0","0","0","0","0","","territory","2020cprize-49"
"America Is Warming Fast. See How Your City's Weather Will Be Different by 2050","Umair Irfan; et al.","2019","article","1","0","1","0","0","0","0","0","","weather, warming, city","2021cprize-29"
"American Babylon: Race and the Struggle for Postwar Oakland","Robert O. Self","2005","book","1","0","0","1","0","0","0","0","","race","2022cprize-02"
"American Beach, Jacksonville, Florida (1936- )","R. Stephens","2011","website","1","0","0","1","0","0","0","0","","","2022cprize-23"
"American Community Survey 5-Year Estimates","U.S. Census Bureau","2022","report","1","0","0","0","0","0","0","1","community","","2026cprize-60"
"American Project: The Rise and Fall of a Modern Ghetto","Sudhir Venkatesh","","book","1","0","1","0","0","0","0","0","","","2021cprize-02"
"Americas Cities were Designed to Oppress","Bryan Lee Jr.","2020","article","1","0","1","0","0","0","0","0","","","2021cprize-09"
"Amphibious Architecture","Emily Anthes","2018","article","1","0","1","0","0","0","0","0","","architecture","2021cprize-38"
"An Alabama Coal Plant Once Again Nabs the Dubious Title of the Nation's Worst Greenhouse Gas Polluter","Lee Hedgepeth","","article","1","0","0","0","0","0","1","0","","","2025cprize-04"
"An Analysis of Runoff Ratios Across Urbanizing Gradients","C. Jermyn","2018","other","1","0","0","1","0","0","0","0","","","2022cprize-13"
"An Archaeological Collection from Macas, on the Eastern Slopes of the Ecuadorian Andes","G.H. Bushnell","1946","article","1","0","0","0","0","1","0","0","","","2024cprize-03"
"An Architecture of the Seven Senses","Juhani Pallasmaa","2007","chapter","1","1","0","0","0","0","0","0","","architecture","2020cprize-20"
"An Assessment and Explanation of Environmental Inequity in Baltimore","C.G. Boone","2002","article","1","0","0","1","0","0","0","0","environmental","","2022cprize-13"
"An Assessment of the Impacts of Climate Change in Illinois","The Nature Conservancy","","report","1","0","0","1","0","0","0","0","climate, change","climate, change","2022cprize-19"
"An Atlas of Commoning, Places of Collective Production","","2018","article","1","1","0","0","0","0","0","0","","","2020cprize-60"
"An Automated Workflow for Urban Greening Based on Photosynthetic Radiation Modeling","M. Kyropoulou; S. Subramaniam; S. Hoffmann","2021","article","1","0","0","0","1","0","0","0","","model, urban","2023cprize-28"
"An ecological worldview as basis for a regenerative sustainability paradigm for the built environment","C. Du Plessis; P. Brandon","2015","article","1","0","0","0","0","1","0","0","environmental, sustainable, ecological","regenerative, ecological, sustainability","2024cprize-07"
"An Ecomodernist Manifesto","Earle Ellis; Stewart Brand; et al.","2015","report","1","0","1","0","0","0","0","0","","","2021cprize-47"
"An Engine, Not a Camera: How Financial Models Shape Markets","Donald A. MacKenzie","2008","book","1","0","0","0","0","0","1","0","","","2025cprize-18"
"An Environmental Life Cycle Approach to Design: LCA for Designers and the Design Market","John Cays","2021","book","1","0","0","0","0","0","1","0","environmental","design","2025cprize-11"
"An Essay on the Principle of Population","T.R. Malthus","1798","book","1","0","1","0","0","0","0","0","","","2021cprize-57"
"An Exploration of the Relationship Between Improvements in Energy Efficiency and Life-Cycle Energy and Carbon Emissions Using the BIRDS Low-Energy Residential Database","J. Kneifel; E. O'Rear; D. Webb; C. O'Fallon","2018","article","1","0","1","0","0","0","0","0","energy, carbon","energy, emissions, carbon","2021cprize-57"
"An Inconvenient Truth","Davis Guggenheim","2006","other","1","0","1","0","0","0","0","0","","","2021cprize-22"
"An Integrated Daylighting Design Process","Mary Guzowski","2019","article","1","0","1","0","0","0","0","0","","design","2021cprize-40"
"An interface for instrumental reconciliation","Alexander Robinson","2016","chapter","1","1","0","0","0","0","0","0","","","2020cprize-40"
"An overview of Arup Computational Fluid Dynamics Projects","Jennifer Keenahan; Cristina Paduano; Réamonn MacRéamoinn","2016","article","1","0","0","0","0","1","0","0","","computation","2024cprize-37"
"An overview of forecasting methodology","D. S. Walonick","1993","report","1","0","0","0","0","0","1","0","","","2025cprize-23"
"An Unnatural Metropolis: Wresting New Orleans from Nature","Craig E. Colten","2005","book","1","1","0","0","0","0","0","0","nature","","2020cprize-32"
"An Urban Project: Golden Lane Housing. An Application of the Principles of Urban-re-identification","A. Smithson; P. Smithson","","article","1","0","1","0","0","0","0","0","","house, urban","2021cprize-02"
"Analog Science Fiction/Science Fact","","","other","1","0","0","0","0","0","1","0","science","science","2025cprize-22"
"Analysis and Computation: Sustainable Design in Practice","A. Aksamija","2010","article","1","0","1","0","0","0","0","0","sustainable","sustainability, design, computation","2021cprize-01"
"Analysis and Quantification of Visual Glare Caused by Photovoltaic Panels Installations in Urban Canyons","Rania Labib; Juan Carlos Baltazar","","other","1","0","1","0","0","0","0","0","","visual, urban","2021cprize-58"
"Analysis of Architectural Façade Elements in Tropical Climates for Daylight, Thermal Comfort and Passive Climatization","E. McCormick; J.A. Jakubiec; M. Budig","2017","other","1","0","1","0","0","0","0","0","","","2021cprize-20"
"Analysis of Impact of Window Design Detail on Energy Demand Profile of Typical Hotel","Nea Maloo; J. Onyango","2019","article","1","0","1","0","0","0","0","0","energy, impact","energy, design","2021cprize-50"
"Analyzing the effects of green investments on localized crime using a difference in differences approach","A. Troy; E. Rosenlieb","2016","other","1","0","0","1","0","0","0","0","","","2022cprize-13"
"Anatomy of a Trend","H. Vejlgaard","2012","book","1","0","0","0","0","0","1","0","","","2025cprize-23"
"Anatomy of Reality (with essay ""Convergence"" by Ruth Nanda Anshen)","Jonas Salk","1983","book","1","0","0","0","0","0","1","0","","","2025cprize-14"
"Anatomy of The Line","Esjieun Kim","2016","other","1","0","0","1","0","0","0","0","","","2022cprize-28"
"Anatomy of Urbanism; Anatomy of Privacy","S. Chermayeff; C. Alexander","","chapter","1","0","0","1","0","0","0","0","","","2022cprize-07"
"Andreas Gursky and the Contemporary Sublime","Alex Ohlin","2014","book","1","0","0","1","0","0","0","0","","","2022cprize-03"
"Andscapes. Concepts of Nature and Culture for Landscape Architecture in the Anthropocene","Martin Prominski","2014","article","1","1","0","0","0","0","0","0","nature","anthropocene, landscape, culture, architecture","2020cprize-55"
"Animal Architecture: Beasts, Buildings, and Us","Paul Dobraszczyk","2023","book","1","0","0","0","0","0","0","1","","architecture","2026cprize-05"
"Animal City: The Domestication of America","Andrew A. Robichaud","","book","1","0","0","0","0","1","0","0","","city","2024cprize-01"
"Anna Tsing on Landscape and the Anthropocene","","2016","other","1","0","1","0","0","0","0","0","","anthropocene, landscape","2021cprize-60"
"Another Architecture for the Environment","Rania Ghosn; El Hadi Jazairy","2018","chapter","1","1","0","0","0","0","0","0","environmental","architecture","2020cprize-21"
"Another Architecture for the Environment (in Geostories)","Rania Ghosn; El Hadi Jazairy","2019","chapter","1","0","1","0","0","0","0","0","environmental","architecture","2021cprize-18"
"Another Look at Progress","D. Noble","1993","chapter","1","1","0","0","0","0","0","0","","","2020cprize-09"
"ANSI/ASHRAE Standard 55-2017: Thermal Environmental Conditions for Human Occupancy","ASHRAE","2017","report","1","0","1","0","0","0","0","0","environmental, human","human","2021cprize-18"
"ANSI/ASHRAE Standard 62.2-2019: Ventilation and Acceptable Indoor Air Quality in Residential Buildings","ASHRAE","2019","report","1","0","1","0","0","0","0","0","","air","2021cprize-18"
"Anthracite Coal Mines and Mining","Rosamond D. Rohne","1902","article","1","0","1","0","0","0","0","0","","","2021cprize-54"
"Anthropocene Air","Tobias Menely","2014","article","1","0","0","0","1","0","0","0","","anthropocene, air","2023cprize-14"
"Anthropocene architecture: Design Earth's Geostories","P. Anker; N. E. Anker","2018","article","1","0","0","0","0","0","0","1","","anthropocene, earth, design, architecture","2026cprize-30"
"Anthropocene City: Houston as Hyperobject","Roy Scranton","2022","chapter","1","0","0","0","0","0","1","0","","anthropocene, city","2025cprize-06"
"Anthropocene or Capitalocene? On the Nature and Origins of Our Ecological Crisis","Jason W. Moore","2015","chapter","1","0","0","0","1","0","0","0","ecological, nature","anthropocene, ecological, crisis","2023cprize-03"
"Anthropocene River Campus / The Human Delta","Anthropocene Curriculum","","other","1","0","1","0","0","0","0","0","human","human, anthropocene, river","2021cprize-43"
"Anthropocene: A Very Short Introduction","Erle C. Ellis","2018","book","1","1","0","0","0","0","0","0","","anthropocene","2020cprize-05"
"Anthropological Lens on Climate Change","M. Singer","2019","chapter","1","0","1","0","0","0","0","0","climate, change","climate, change","2021cprize-63"
"Anthropological locations: Boundaries and grounds of a field science","A. Gupta","2010","book","1","0","0","0","0","1","0","0","science","science","2024cprize-15"
"Anti-Crisis","Janet Roitman","2013","book","1","0","1","0","0","0","0","0","","crisis","2021cprize-60"
"Anti-Oedipus: Capitalism and Schizophrenia","Gilles Deleuze; Félix Guattari","","book","1","0","0","0","1","0","0","0","","capitalism","2023cprize-04"
"Antifragile: Things that Gain from Disorder","Nassim Nicholas Taleb","2012","book","1","0","1","0","0","0","0","0","","","2021cprize-15"
"Antilla Tower","Perkins + Will","","other","1","1","0","0","0","0","0","0","","","2020cprize-33"
"Antiquity on Display: Regimes of the Authentic in Berlin's Pergamon Museum","Can Bilsel","2012","book","1","1","0","0","0","0","0","0","","museum","2020cprize-43"
"Anxious modernisms: Experimentation in postwar architectural culture","Réjean Legault; S. W. Goldhagen","2000","book","1","0","0","0","0","1","0","0","","culture","2024cprize-15"
"Anywhere, USA: Aramco's Housing in Saudi Arabia's Desert","Dalal Musaed Alsayer","2022","chapter","1","0","0","0","0","0","0","1","","house","2026cprize-55"
"Aphorism 1067","F. Nietzsche","1968","book","1","1","0","0","0","0","0","0","","","2020cprize-09"
"Applications of Urban Tree Canopy Assessment and Prioritization Tools: Supporting Collaborative Decision Making to Achieve Urban Sustainability Goals","Locke; Grove; Galvin; O'Neil-Dunne; Murphy","2013","article","1","0","0","1","0","0","0","0","sustainable","collaboration, sustainability, urban","2022cprize-13"
"Applying Australian Aboriginal Knowledge to Improve Urban Sustainability","Dave Griggs; Ruben Berg; Marin Gordana","2016","other","1","1","0","0","0","0","0","0","sustainable","knowledge, sustainability, urban","2020cprize-58"
"Applying the Principles of Ecological Emergence in Building Design and Construction","T. F. H. Allen","2002","chapter","1","1","0","0","0","0","0","0","ecological","construction, building, ecological, design","2020cprize-09"
"Appraisal Map [1934]","J. M. Brewer","1934","other","1","0","0","0","0","1","0","0","","map","2024cprize-14"
"Approaches to Sustainability in a Shrinking City: A Collaborative Urban Design Studio in Toledo's Civic Center Mall","S. Shetty; A. Luescher","2017","chapter","1","0","0","1","0","0","0","0","sustainable","collaboration, sustainability, city, urban, design","2022cprize-05"
"Appropriation, Subdivision, Abstraction: A Political History of the Urban Grid","Pier Vittorio Aureli","2018","article","1","0","0","0","1","0","0","0","","history, urban","2023cprize-04"
"Aquaculture Landscapes: Fish Farms and the Public Realm","Michael Ezban","2019","book","1","1","0","0","0","0","0","0","","public, landscape","2020cprize-40"
"Aqueduct: Colonialism, Resources, and the Histories We Remember","Adele Perry","","book","1","1","0","0","0","0","0","0","resource","resource","2020cprize-14"
"AR6 Synthesis Report","IPCC","2023","report","1","0","0","0","0","0","0","1","","","2026cprize-51"
"Archaeologies of the Future: The Desire Called Utopia and Other Science Fictions","Fredric Jameson","2005","book","1","0","0","1","0","0","0","0","future, science","science, future","2022cprize-27"
"Architects and Post-Disaster Housing: A Comparative Study in South India","Gertrud Tauber","2014","book","1","1","0","0","0","0","0","0","","house, disaster","2020cprize-50"
"Architects Without Frontiers","Esther Charlesworth","2007","book","1","0","1","0","0","0","0","0","","","2021cprize-37"
"Architects' People","Dana Cuff; W.R. Ellis","1989","book","1","0","0","0","0","0","0","1","","","2026cprize-17"
"Architectural Affects after Deleuze and Guattari","","2020","book","1","0","1","0","0","0","0","0","","","2021cprize-16"
"Architectural Atmospheres: On Experience and Politics of Architecture","Christian Borch","2014","book","1","0","0","0","0","0","1","0","experience","experience, architecture","2025cprize-04"
"Architectural Botany: A conversation with William Balée on constructed forests","P. Tavares","2023","chapter","1","0","0","0","0","0","0","1","","","2026cprize-24"
"Architectural Composition and Building Typology: Interpreting Basic Building","Gianfranco Caniggia; Gian Luigi Maffei","2001","book","1","0","0","0","0","0","0","1","","building","2026cprize-20"
"Architectural Ecologies of Care","Peg Rawes","2013","chapter","1","1","0","0","0","0","0","0","","ecological","2020cprize-21"
"Architectural Education ‘In,’ ‘For,’ and ‘Through’ Heritage","R. Rodi; et al.","2025","article","1","0","0","0","0","0","0","1","","","2026cprize-38"
"Architectural Exclusion: Discrimination and Segregation Through Physical Design of the Built Environment","Sarah Schindler","2015","article","1","0","1","0","0","0","0","0","environmental","physical, design","2021cprize-38"
"Architectural Forum","Brent Sturlaugson","2014","article","1","1","0","0","0","0","0","0","","","2020cprize-46"
"Architectural Graphic Standards (11th Edition)","AIA","","book","1","1","0","0","0","0","0","0","","","2020cprize-16"
"Architectural Information Modeling (AIM): Teaching Formal Concepts Of Design Using Building Information Modeling (BIM)","Nancy Alassaf","2019","other","1","0","0","1","0","0","0","0","","building, model, design","2022cprize-09"
"Architectural Judgment: The Problem of Codes in the United States","Steven Moore; Barbara Wilson","2013","book","1","0","1","0","0","0","0","0","","","2021cprize-33"
"Architectural Lighting Graphics","John E. Flynn; Samuel M. Mills","1962","book","1","0","1","0","0","0","0","0","","","2021cprize-11"
"Architectural Metal Surfaces","William Zahner","","book","1","0","1","0","0","0","0","0","","","2021cprize-11"
"Architectural Regionalism: Collected Writings on Place, Identity, Modernity, and Tradition","Vincent B. Canizaro","2007","book","1","0","0","0","1","0","0","0","","place","2023cprize-01"
"Architecture Against the Post-Political","","2014","book","1","0","1","0","0","0","0","0","","architecture","2021cprize-16"
"Architecture and Adaptation","Socrates Yiannoudes","","book","1","1","0","0","0","0","0","0","","architecture","2020cprize-33"
"Architecture and Biopolitics at Les Halles","Meredith TenHoor","","article","1","0","1","0","0","0","0","0","","architecture","2021cprize-16"
"Architecture and Capitalism: 1845 to the Present","Peggy Deamer","","book","1","0","0","0","0","0","1","0","","capitalism, architecture","2025cprize-28"
"Architecture and Carbon Modernity","Elisa Iturbe","","article","1","0","0","0","0","1","0","0","carbon","architecture, carbon","2024cprize-09"
"Architecture and Care (in Critical Care: Architecture and Urbanism for a Broken Planet)","Elke Krasny","2019","chapter","1","0","0","0","0","1","0","0","critical","critical, planet, architecture","2024cprize-31"
"Architecture and Feminisms","","2017","book","1","0","1","0","0","0","0","0","","architecture","2021cprize-16"
"Architecture and High Performance Building at Georgia Tech: Teaching Design and Technology in the Environmental Context","Michael Gamble; Godfried Augenbroe; Russell Gentry","2015","article","1","1","0","0","0","0","0","0","environmental","building, technology, performance, design, architecture","2020cprize-67"
"Architecture and Labor","Peggy Deamer","","book","1","0","0","0","0","0","1","0","","labor, architecture","2025cprize-28"
"Architecture and Landscape","Peter Zumthor","2009","chapter","1","0","0","1","0","0","0","0","","landscape, architecture","2022cprize-30"
"Architecture and Representation: The Arab City","","2016","book","1","1","0","0","0","0","0","0","","representation, city, architecture","2020cprize-21"
"Architecture and Social Distancing: A Long View","Ann-Marie Akehurst","2020","article","1","0","0","0","1","0","0","0","","social, architecture","2023cprize-14"
"Architecture and the City in the United States: The Progressive Era and the New Deal, 1910-1940","Francesco Dal Co; Manfredo Tafuri","1979","chapter","1","0","1","0","0","0","0","0","","city, architecture","2021cprize-02"
"Architecture and the Forest Aesthetic: A New Look at Design and Resilient Urbanism","VanderGoot","","book","1","1","0","0","0","0","0","0","","resiliency, design, architecture","2020cprize-41"
"Architecture and the Housing Question","Can Bilsel; Juliana Maxim","2020","book","1","1","0","0","0","0","0","0","","house, architecture","2020cprize-43"
"Architecture and the Text: The (S)crypts of Joyce and Piranesi","Jennifer Bloomer","1995","book","1","0","0","0","1","0","0","0","","architecture","2023cprize-04"
"Architecture and the Virtual: Toward a New Materiality","Antoine Picon","2003","book","1","0","1","0","0","0","0","0","","virtual, architecture","2021cprize-27"
"Architecture and Tourism: Perception, Performance and Place","B. McLaren; M. Lasansky","2008","book","1","0","0","1","0","0","0","0","","performance, place, architecture","2022cprize-06"
"Architecture and Utopia: Design and Capitalist Development","Manfredo Tafuri","1976","book","1","0","1","0","0","0","0","0","","capitalism, design, architecture","2021cprize-16"
"Architecture as a Performing Art","","2013","book","1","1","0","0","0","0","0","0","","architecture","2020cprize-22"
"Architecture as a Plant","Sylvia Lavin","","article","1","0","0","0","0","0","1","0","","architecture","2025cprize-22"
"Architecture as an Art of Immersion","P. Sloterdijk","2011","article","1","0","0","1","0","0","0","0","","architecture","2022cprize-22"
"Architecture as Embodied Knowledge","Alberto Perez-Gomez","1987","article","1","0","0","0","0","0","0","1","","embodied, knowledge, architecture","2026cprize-33"
"Architecture as Environmental Media: Rendering the Planetary","Daniel Jacobs","2025","book","1","0","0","0","0","0","1","0","environmental","media, planet, architecture","2025cprize-06"
"Architecture as the Ethics of Climate","Jin Baek","2016","book","1","1","0","0","0","0","0","0","climate","climate, ethics, architecture","2020cprize-03"
"Architecture at the end of the world","J. Beal","2024","article","1","0","0","0","0","0","0","1","world","world, architecture","2026cprize-30"
"Architecture Beyond Extraction","Neeraj Bhatia; Jane Mah Hutton; Zannah Matson; Brittany Utting","2025","article","1","0","0","0","0","0","0","1","","extraction, architecture","2026cprize-55"
"Architecture Degree Zero","Tamar Zinguer","","other","1","0","0","0","0","0","0","1","","architecture","2026cprize-59"
"Architecture for a Shifting Ground","Marina Tabassum","2024","article","1","0","0","0","0","0","1","0","","architecture","2025cprize-06"
"Architecture in a Climate of Change","P. F. Smith","2005","book","1","0","1","0","0","0","0","0","climate, change","climate, change, architecture","2021cprize-22"
"Architecture in Play: Intimations of Modernism in Architectural Toys","Tamar Zinguer","2015","book","1","0","0","0","0","0","0","1","","architecture","2026cprize-59"
"Architecture in Reverse","Lionel Devlieger","2017","article","1","0","0","1","0","0","0","0","","architecture","2022cprize-08"
"Architecture in the Age of Divided Representation: The Question of Creativity in the Shadow of Production","Dalibor Vesely","2004","book","1","1","0","0","0","0","0","0","","representation, architecture","2020cprize-61"
"Architecture in the Digital Age: Design and Manufacturing","B. Kolarevic","2003","book","1","1","0","0","0","0","0","0","","digital, design, architecture","2020cprize-06"
"Architecture in the United States","Dell Upton","1998","book","1","1","0","0","0","0","0","0","","architecture","2020cprize-05"
"Architecture is not made with the brain: The Smithsons and the Economist Building Plaza","Scalbert, Irénée","2019","chapter","1","1","0","0","0","0","0","0","","building, architecture","2020cprize-28"
"Architecture Live Projects: Pedagogy into Practice","","2014","book","1","1","0","0","0","0","0","0","","architecture","2020cprize-49"
"Architecture météorologique","Philippe Rahm; Martine Bouchier","2009","book","1","1","0","0","0","0","0","0","","architecture","2020cprize-05"
"Architecture Now! 2","","2011","book","1","0","0","0","0","0","0","1","","architecture","2026cprize-24"
"Architecture of Regionalism in the Age of Globalization: Peaks and Valleys in the Flat World","Liane Lefaivre; Alexander Tzonis","2021","book","1","0","0","0","1","0","0","0","world","world, architecture","2023cprize-01"
"Architecture of the Everyday","Steven Harris; Deborah Berke","1997","book","1","0","0","1","0","0","0","0","","architecture","2022cprize-03"
"Architecture of the Salish Sea Tribes of the Pacific Northwest","Christina L. Wallace","2017","article","1","0","0","0","0","0","0","1","","sea, architecture","2026cprize-50"
"Architecture of the Territory","Milica Topalović","2016","other","1","0","0","0","1","0","0","0","","territory, architecture","2023cprize-09"
"Architecture of the World: Oekoumenos redux","Hashim Sarkis","2014","chapter","1","1","0","0","0","0","0","0","world","world, architecture","2020cprize-54"
"Architecture or Revolution: Taylorism, Technocracy, and Social Change","Mary McLeod","","article","1","1","0","0","0","0","0","0","change","social, change, architecture","2020cprize-46"
"Architecture Philosophy: The Journal of the International Society for the Philosophy of Architecture","","2014","other","1","1","0","0","0","0","0","0","society","social, international, architecture","2020cprize-07"
"Architecture Research / Arhitektura, raziskave, The Line: Notes on Politics / Crta: Zapisi o politiki","","2020","book","1","0","0","0","1","0","0","0","","research, architecture","2023cprize-31"
"Architecture School: Three Centuries of Educating Architects in North America","Joan Ockman","","book","1","0","0","0","0","0","0","1","","architecture","2026cprize-46"
"Architecture without Land: Commodity Housing Forms in Post-socialist Shanghai","","","other","1","0","0","0","0","0","0","1","","land, house, architecture","2026cprize-17"
"Architecture, Culture, Humanitarian Expertise: From the Tropics to Shelter, 1953-93","Anooradha Iyer Siddiqi","2017","article","1","1","0","0","0","0","0","0","","culture, architecture","2020cprize-43"
"Architecture, Ecological Design and Human Ecology","David Orr","2001","chapter","1","1","0","0","0","0","0","0","human, ecological","human, ecological, design, architecture","2020cprize-62"
"Architecture, Modernity, Crisis","Timothy Hyde","2015","article","1","1","0","0","0","0","0","0","","crisis, architecture","2020cprize-28"
"Architecture: In Fashion","Paulette Singley","","book","1","0","1","0","0","0","0","0","","architecture","2021cprize-53"
"Architecture: Meaning and Place","Christian Norberg-Schulz","","book","1","0","1","0","0","0","0","0","","place, architecture","2021cprize-12"
"Architecture: The Story of Practice","Dana Cuff","1989","book","1","0","0","0","0","0","0","1","","architecture","2026cprize-17"
"Architectures for Steam (in The Architecture of Science)","M. Norton Wise","2015","chapter","1","0","0","0","1","0","0","0","science","science, architecture","2023cprize-17"
"Architectures of Obsolescence: Lessons for History","Daniel M. Abramson","2015","chapter","1","0","0","0","0","0","0","1","","history","2026cprize-15"
"Architectures of Spatial Justice","Dana Cuff","2023","book","1","0","0","0","0","1","0","0","justice","space, justice","2024cprize-37"
"Architectures of Weaving: From Fibers and Yarns to Scaffolds and Skins","Christiane Sauer; Mareike Stoll","2023","book","1","0","0","0","0","0","0","1","","","2026cprize-59"
"Architectures of White Supremacy: Measuring Racism in College Campus Design","Shawhin Roudbari; Aspen Randolph; Chloe Nicklas","2024","other","1","0","0","0","0","0","1","0","","design","2025cprize-31"
"ARCHIVE FEVERS","A. Yaneva","2020","chapter","1","0","0","0","0","0","0","1","","archive","2026cprize-30"
"Archive for 57 People","Dan Peterman","","website","1","0","0","0","0","0","1","0","","archive","2025cprize-06"
"Arctic Terrestrial Ecosystems and Environmental Change","T.V. Callaghan; et al.","1995","article","1","0","1","0","0","0","0","0","change, environmental","change","2021cprize-46"
"Ardbeg: A Peaty Provenance","Gavin D. Smith; Graem Wallace","2008","book","1","1","0","0","0","0","0","0","","","2020cprize-12"
"Are Urban Planners Staying Silent on Climate Gentrification?","Colleen O'Connor-Grant","2022","article","1","0","0","0","1","0","0","0","climate","climate, urban","2023cprize-08"
"Are We Now Living in the Anthropocene?","Jan Zalasiewicz; et al.","2008","article","1","0","1","0","0","0","0","0","","anthropocene","2021cprize-47"
"Area students will help explore city's environment","T. Lincoln","1998","article","1","0","0","1","0","0","0","0","environmental","city","2022cprize-13"
"Arium: Weather + Architecture","Mayer H., Jürgen; Neeraj Bhatia","","book","1","0","0","0","0","0","0","1","","weather, architecture","2026cprize-59"
"Arizona and Its Natural Resources","United States Department of the Interior","1955","other","1","0","0","0","0","1","0","0","resource, nature","natural, resource","2024cprize-05"
"Arnstein's Ladder, Repositioned","Patty Heyda","2020","other","1","1","0","0","0","0","0","0","","","2020cprize-34"
"Arresting Decay: Tropical Hardwood from Pará, Brazil, to the High Line","Jane Hutton","2020","chapter","1","0","0","1","0","0","0","0","","","2022cprize-30"
"Art and the Power of Placement","Victoria Newhouse","2005","book","1","0","1","0","0","0","0","0","","","2021cprize-59"
"Art in the Anthropocene: Encounters Among Aesthetics, Politics, Environments and Epistemologies","Heather Davis; Etienne Turpin","2015","book","1","1","0","0","0","0","0","0","","anthropocene","2020cprize-21"
"Art of Architectural Daylighting","Mary Guzowski","2018","book","1","0","1","0","0","0","0","0","","","2021cprize-40"
"Art on My Mind: Visual Politics","Bell Hooks","1998","book","1","0","0","0","0","1","0","0","","visual","2024cprize-08"
"Arthur Takeuchi memorial exhibition","","","other","1","0","0","0","0","0","1","0","","","2025cprize-14"
"Artifice (chapter in Common Landscape of America)","John Stilgoe","1983","chapter","1","1","0","0","0","0","0","0","","landscape","2020cprize-34"
"Artificial intelligence in the design process","Fabio Antonio Figoli; Francesca Mattioli; Lucia Rampino","2022","book","1","0","0","0","0","0","1","0","","artificial, intelligence, design","2025cprize-25"
"Arts of Noticing; Interlude. Tracking","Anna Lowenhaupt Tsing","2015","chapter","1","0","0","0","0","0","0","1","","","2026cprize-56"
"Arts, Sciences and Climate Change: Practices and Politics at the Threshold","Jennifer Gabrys; Kathryn Yusoff","2012","article","1","1","0","0","0","0","0","0","climate, change, science","science, climate, change","2020cprize-21"
"Assemblage Urbanism and the Challenges of Critical Urban Theory","Neil Brenner","2011","article","1","1","0","0","0","0","0","0","critical","critical, theory, urban","2020cprize-62"
"Assembling the Real Imaginary City","Dennis Maher","2021","chapter","1","0","0","0","0","0","0","1","","city","2026cprize-15"
"Assessing brain activations associated with emotional regulation during VR mood induction procedures","A. Rodriguez; B. Rey; M. Clemente; M. Wrzesien; M. Alcaniz","2015","article","1","0","0","0","0","0","1","0","","","2025cprize-25"
"Assessing the Interplay between Human Mobility and Mosquito Borne Diseases in Urban Environments","Emanuele Massaro; Daniel Kondor; Carlo Ratti","2019","article","1","0","0","1","0","0","0","0","human","human, urban","2022cprize-25"
"Assessment of Student Learning in Context: What We Know; What We Are Learning","C. L. Lopez","2001","other","1","0","0","0","0","0","1","0","","","2025cprize-23"
"Assessment of tall buildings' environmental sustainability: Frameworks and tools","R. Azari; P. Du","2022","chapter","1","0","0","0","1","0","0","0","environmental, sustainable","sustainability","2023cprize-35"
"Assorted Drawings","Edie Fake","2015","other","1","0","0","1","0","0","0","0","","","2022cprize-28"
"At many river deltas, scientists are missing a major source of sea level rise","Paul Voosen","","article","1","1","0","0","0","0","0","0","","sea, river","2020cprize-36"
"At the Dam","Joan Didion","1979","chapter","1","1","0","0","0","0","0","0","","","2020cprize-17"
"Atchafalaya","John McPhee","1989","chapter","1","1","0","0","0","0","0","0","","","2020cprize-62"
"Atelier Van Lieshout","Jennifer Allen; et al.","2006","book","1","0","1","0","0","0","0","0","","","2021cprize-61"
"Atlas of Emotion: Journeys in Art, Architecture, and Film","Giuliana Bruno","","book","1","0","0","0","0","1","0","0","","architecture","2024cprize-42"
"Atlas of Fabrication","Barkow Leibinger","","book","1","0","0","0","0","1","0","0","","fabrication","2024cprize-01"
"Atlas of Material Worlds: Mapping the Agency of Matter for a New Landscape Practice","Matthew Seibert","","book","1","0","0","0","1","0","0","0","material","material, map, landscape, agency","2023cprize-02"
"Atlas of Novel Tectonics","Jesse Reiser; Nanako Umemoto","2006","book","1","0","0","1","0","0","0","0","","","2022cprize-15"
"Atlas of the Upper Gila River Watershed","","","website","1","0","0","0","0","0","1","0","","river","2025cprize-02"
"Atmosphere Anatomies: On Design, Weather and Sensation","Silvia Benedito","2021","book","1","0","0","0","0","0","0","1","","weather, design","2026cprize-59"
"Atmosphere, Atmosphere","Bruno Latour","","other","1","1","0","0","0","0","0","0","","","2020cprize-20"
"Atmospheres of Institutional Critique: Haus-Rucker-Co's Pneumatic Temporality (in Hippie Modernism)","Esther Choi","","chapter","1","0","0","0","1","0","0","0","","","2023cprize-14"
"Atmospheric Homeostasis by and for the Biosphere: The Gaia Hypothesis","James Lovelock; Lynn Margulis","1974","article","1","0","1","0","0","0","0","0","","","2021cprize-47"
"Atmospheric Pressures: Victor Lundy's AEC Pavilion","Susanneh Bieber","2019","article","1","0","0","0","1","0","0","0","","","2023cprize-14"
"Atmospheric Reentry","Maiko Takeda","2013","other","1","1","0","0","0","0","0","0","","","2020cprize-33"
"Atomic Tattoos","","2019","other","1","0","1","0","0","0","0","0","","","2021cprize-60"
"Attainable Solutions for Sustainable Campuses: Energy Efficient and Daylighting Strategies","E. Lewis; M. Mohsenin","2016","other","1","1","0","0","0","0","0","0","energy, sustainable","energy, sustainability","2020cprize-38"
"Attunement: Architectural Meaning after the Crisis of Modern Science","Alberto Pérez Gómez","2016","book","1","0","0","0","0","1","0","0","science","science, crisis","2024cprize-42"
"Augmented Reality for Construction from Steam-Bent Timber","G. Jahn; C. Newnham; N. van den Berg","2022","article","1","0","0","0","0","1","0","0","","construction, timber","2024cprize-37"
"Austerity Urbanism and the Makeshift City","F. Tonkiss","2013","article","1","0","0","1","0","0","0","0","","city","2022cprize-13"
"Automated Architectures of Leisure","Manuel Shvartzberg Carrió","","chapter","1","0","0","1","0","0","0","0","","","2022cprize-04"
"Automated Computer Vision Recognition Based Method to Determine Glare Causing Patches on Reflective Façades","Rania Labib; Mark Clayton","2020","other","1","0","1","0","0","0","0","0","","","2021cprize-58"
"Automobiles by Architects","Ivan Margolis","2000","book","1","0","0","0","0","0","0","1","","","2026cprize-46"
"Autonomous Design and the Emergent Transnational Critical Design Studies Field","Arturo Escobar","2018","article","1","0","1","0","0","0","0","0","critical","critical, design","2021cprize-17"
"Autonomous Technology: Technics-out-of-Control as a Theme in Political Thought","Langdon Winner","1977","book","1","1","0","0","0","0","0","0","","technology","2020cprize-44"
"Axioms of Resilience","L. Vale; T. Campanella","2005","chapter","1","0","0","0","1","0","0","0","resilience","","2023cprize-06"
"Aztec State Making: Ecology, Structure, and the Origin of the State","Elizabeth M. Brumfiel","1983","article","1","1","0","0","0","0","0","0","ecological","ecological, structure","2020cprize-24"
"Backpedaling via Upcycling: Sustainable Material-Logics as Re-Instigator of Foundational Studies","Meredith Sattler","2014","article","1","0","1","0","0","0","0","0","material, sustainable","material, sustainability","2021cprize-47"
"Bad New Days: Art, Criticism, Emergency","Hal Foster","","book","1","1","0","0","0","0","0","0","","emergency","2020cprize-51"
"Baku: Oil and Urbanism","Eve Blau; Ivan Rupnik","","book","1","1","0","0","0","0","0","0","","oil","2020cprize-29"
"Baltimore's changing neighborhoods: a case study of Federal Hill, Little Italy, Washington Village/Pigtown, and Penn-North 1970-2000","M.J. Koenig","2004","other","1","0","0","1","0","0","0","0","","","2022cprize-13"
"Baltimore: the City as an Ecosystem","M. Leffler","1999","article","1","0","0","1","0","0","0","0","","city","2022cprize-13"
"Barbicania","Ila Beka; Luis Lemoine","2014","other","1","0","0","0","0","0","0","1","","","2026cprize-30"
"Basic Design Layout","Paul Harris; Gavin Ambrose","2011","book","1","0","1","0","0","0","0","0","","design","2021cprize-45"
"Basin and Range","John McPhee","1981","book","1","0","0","1","0","0","0","0","","","2022cprize-04"
"Bauhaus Descendants: Stories from the Archives","K. Jones","2019","other","1","0","0","0","0","0","1","0","","","2025cprize-14"
"Bauhaus Weaving Theory: From Feminine Craft to Mode of Design","Smith, T'ai","2014","book","1","0","0","0","0","0","0","1","","theory, design","2026cprize-59"
"Bauhäusler and the Second Chicago School of Architecture: Enduring Student Exercises","K. Jones; Z. Garcia-Requejo","2021","article","1","0","0","0","0","0","1","0","","architecture","2025cprize-14"
"Bay Area Challenge: Resilient By Design","","","website","1","1","0","0","0","0","0","0","","resiliency, design","2020cprize-66"
"Bayou Harvest: Subsistence Practice in Coastal Louisiana","Helen A. Regis; Shana Walton","2024","book","1","0","0","0","0","0","0","1","","coast","2026cprize-37"
"BC Passive House Prefabrication","","","website","1","0","0","0","0","0","0","1","","house","2026cprize-50"
"Beating the Heat: A Sustainable Cooling Handbook for Cities","United Nations Environment Programme","2021","report","1","0","0","0","1","0","0","0","sustainable","heat, sustainability","2023cprize-22"
"Beautiful Evidence","Edward Tufte","2006","book","1","0","0","0","1","0","0","0","","","2023cprize-29"
"Because We're Dying in Here: A Study of Environmental Vulnerability and Climate Risks in Incarceration Infrastructure","Ben Nevis Barron; Shawhin Roudbari; Phaedra C. Pezzullo; Shideh Dashti; Abbie B. Liel","2024","article","1","0","0","0","0","0","1","0","climate, environmental, infrastructure","infrastructure, climate","2025cprize-31"
"Becoming Jane Jacobs","Peter Laurence","2016","book","1","0","0","0","0","0","0","1","","","2026cprize-46"
"Becoming Places: Urbanism/Architecture/Identity/Power","Kim Dovey","","book","1","0","0","0","0","0","1","0","","architecture","2025cprize-34"
"Becoming Planetary","Jennifer Gabrys","","article","1","0","0","0","0","0","0","1","","planet","2026cprize-48"
"Beef Cattle Feedlots: Design and Construction","Meat & Livestock Australia","","report","1","0","1","0","0","0","0","0","","construction, design","2021cprize-19"
"Before Air Conditioning","Arthur Miller","1998","article","1","0","1","0","0","0","0","0","","air","2021cprize-60"
"Before Stock Trades, Georgia Senator Faced Scrutiny Over Dollar General Sale","Daniel Jackson","2020","article","1","0","0","1","0","0","0","0","","","2022cprize-03"
"Before the Flood","","2016","other","1","1","0","0","0","0","0","0","","flood","2020cprize-50"
"Before the Green Book, These Resorts Offered Hidden Safe Havens for Black Americans","B. Little","2019","website","1","0","0","1","0","0","0","0","","","2022cprize-23"
"Beginnings","John Stilgoe","1998","chapter","1","1","0","0","0","0","0","0","","","2020cprize-62"
"Behind the Green Door: A Critical Look at Sustainable Architecture through 600 Objects","Rotor","2014","book","1","1","0","0","0","0","0","0","sustainable, critical","critical, sustainability, architecture","2020cprize-05"
"Being Alive: Essays on Movement, Knowledge and Description","Tim Ingold","","book","1","0","0","0","0","1","0","0","","knowledge","2024cprize-42"
"Being Material","Marie-Pier Boucher; et al.","","book","1","0","0","0","0","1","0","0","material","material","2024cprize-23"
"Being Plastic","Ingrid Halland","2019","article","1","0","0","1","0","0","0","0","","","2022cprize-21"
"Belltown Paradise/Making Their Own Plans","Brett Bloom; Ava Bromberg","2004","book","1","1","0","0","0","0","0","0","","","2020cprize-27"
"Belonging: A Culture of Place","bell hooks","2009","book","1","0","0","0","0","1","0","0","","culture, place","2024cprize-42"
"Below the Surface of These Unliving Husks: On the Representation of Boundaries, Structure, and Organization in 19th-Century Cellular Biology and Architecture","","2019","article","1","0","0","0","0","0","1","0","","representation, structure, architecture","2025cprize-29"
"Benchmarking Architectural Engineering Capstones","Ryan Solnosky","2019","other","1","1","0","0","0","0","0","0","","engineer","2020cprize-07"
"Berlin: A Morphology of Walls","Anna Kostreva","2014","book","1","0","1","0","0","0","0","0","","","2021cprize-60"
"Better Than Weather: The Austin Air-Conditioned Village","Srdjan Jovanovic Weiss","","article","1","0","0","0","0","1","0","0","","weather, air","2024cprize-24"
"Better Weather?: The Cultivation of the Sky","Mike Hulme","2015","article","1","0","0","0","1","0","0","0","","weather","2023cprize-14"
"Between Washington and Du Bois: The Racial Politics of James Edward Shepard","Reginald Ellis","2018","book","1","0","1","0","0","0","0","0","","race","2021cprize-38"
"Beyond choice architecture: A building code for structuring climate risk management decisions","J. Árvai; R. Gregory","2021","article","1","0","0","0","1","0","0","0","climate","building, risk, climate, management, architecture","2023cprize-20"
"Beyond failure: Forensic case studies for civil engineers","N. J. Delatte","2009","book","1","0","0","0","1","0","0","0","","","2023cprize-20"
"Beyond Petropolis: Designing a Practical Utopia in Nueva Loja","Ana María Durán Calisto","2015","book","1","0","0","0","0","1","0","0","","","2024cprize-03"
"Beyond Settler Time: Temporal Sovereignty and Indigenous Self-Determination","Mark Rifkin","2017","book","1","0","1","0","0","0","0","0","","indigenous","2021cprize-47"
"Beyond Shelter, Architecture and Human Dignity","Alfredo Brillembourg; Hubert Klumpner","","book","1","0","1","0","0","0","0","0","human","human, architecture","2021cprize-26"
"Beyond smart cities: How cities network, learn and innovate","T. Campbell","2012","book","1","0","0","0","0","0","1","0","","innovation","2025cprize-12"
"Beyond Sustainable: Architecture's Evolving Environments of Habitation","Ryan Ludwig","2021","book","1","0","0","0","0","0","1","0","sustainable","sustainability, architecture","2025cprize-28"
"Beyond technical fixes: Climate solutions and the great derangement","A. J. Nightingale; S. Eriksen; M. Taylor; et al.","2020","article","1","0","0","0","0","1","0","0","climate","technology, technical, climate","2024cprize-12"
"Beyond the Big Ditch: Politics, Ecology, and Infrastructure at the Panama Canal","Ashley Carse","","book","1","0","0","0","0","0","0","1","infrastructure, ecological","infrastructure, ecological","2026cprize-34"
"Beyond the networked city: Situated practices of citizenship and grassroots agency in water infrastructure provision in Dar es Salaam","Elizabeth Wamuchiru","2017","article","1","1","0","0","0","0","0","0","infrastructure","infrastructure, water, city, agency","2020cprize-58"
"Beyond the Subterranean Energy Regime? Fuel, Land Use and the Production of Space","M. T. Huber; J. McCarthy","2017","article","1","1","0","0","0","0","0","0","energy","energy, land, space","2020cprize-09"
"Beyond the West: New Global Architecture","","2020","book","1","0","0","0","0","0","0","1","global","global, architecture","2026cprize-43"
"Beyond Wiindigo Infrastructure","Winona LaDuke; Deborah Cowen","2020","article","1","0","0","0","0","0","0","1","infrastructure","infrastructure","2026cprize-37"
"BigRobot Mk. 1","Hiroo Iwata","2015","other","1","0","0","1","0","0","0","0","","","2022cprize-28"
"Bike City Amsterdam: How Amsterdam Became the Cycling Capital of the World","Fred Feddes","2019","book","1","0","0","0","0","0","0","1","world","world, city","2026cprize-46"
"Billion-Dollar Weather and Climate Disasters: Overview","National Climatic Data Center","2020","report","1","0","1","0","0","0","0","0","climate","climate, weather","2021cprize-29"
"BIM-Based Building Performance Analysis in Architectural Practice: Using Data to Drive Sustainable Design Strategies","A. Aksamija","2018","chapter","1","0","1","0","0","0","0","0","sustainable, data","building, performance, data, sustainability, design","2021cprize-01"
"Binational Commons: Institutional Development and Governance on the US-Mexico Border","Tony Payan; Pamela L. Cruz (eds.)","2020","book","1","0","0","0","1","0","0","0","","","2023cprize-16"
"Biobricks and Crocheted Coral: Dispatches from the Life Sciences in the Age of Fabrication","Sophia Roosth","2013","article","1","0","0","0","0","0","0","1","science","science, fabrication","2026cprize-48"
"Bioclimatic Double-Skin Facades","Mary Ben Bonham","2019","book","1","0","0","0","0","0","0","1","","","2026cprize-38"
"Biodiversity International","","","website","1","1","0","0","0","0","0","0","","international","2020cprize-12"
"Biogenic Construction: Materials Architecture Tectonics","Anne Beim","","book","1","0","0","0","0","0","0","1","material","material, construction, architecture","2026cprize-45"
"Biological and Biomimetic Materials and Surfaces","Stanislav Gorb; Thomas Speck","2017","article","1","0","1","0","0","0","0","0","material","material","2021cprize-46"
"Biomaterials for low-carbon built environment: fostering the new good","Petrović, E.K.; M. Walker; M. Murray; D. McMeel; D. Kawiti","2025","report","1","0","0","0","0","0","0","1","environmental, carbon","carbon","2026cprize-62"
"Biometric Mirror","Lucy McRae","2018","other","1","0","0","1","0","0","0","0","","","2022cprize-28"
"Biomimetic Design for Climate Change Adaptation and Mitigation","M. Pedersen Zari","2010","article","1","0","1","0","0","0","0","0","climate, change","climate, change, mitigation, design","2021cprize-46"
"Biomimetics: Materials, Structures and Processes: Examples, Ideas and Case Studies","P. Gruber; D. Bruckner; C. Hellmich; H.B. Schmiedmayer; H. Stachelberger; I.C. Gebeshuber","2011","book","1","0","1","0","0","0","0","0","material","material","2021cprize-46"
"Biomimicry Resource Handbook: A Seed Bank of Best Practices","D. Baumeister","2014","book","1","0","1","0","0","0","0","0","resource","resource","2021cprize-46"
"Biophilia","E.O. Wilson","","book","1","1","0","0","0","0","0","0","","","2020cprize-08"
"Biophilia and Healing Environments","Nikos A. Salingaros","2015","report","1","0","1","0","0","0","0","0","","","2021cprize-40"
"Biophilic Design & Climate Change: Performance Parameters for Health","J. Africa; J. Heerwegan; V. Loftness; C.R. Balagtas","2019","article","1","0","1","0","0","0","0","0","climate, change, health","performance, climate, change, design","2021cprize-40"
"Biophilic Design Guidebook","International Living Future Institute","2018","report","1","0","1","0","0","0","0","0","","design","2021cprize-40"
"Biophilic Design in the Built Environment to Improve Well-Being: A Systematic Review of Practices","Samia Ebrahiem","2018","article","1","0","0","1","0","0","0","0","environmental","design","2022cprize-31"
"Biophilic Design Patterns: Emerging Nature-Based Parameters for Health and Well-Being in the Built Environment","Namita Kallianpurkar","2014","article","1","1","0","0","0","0","0","0","environmental, health, nature","design","2020cprize-58"
"Bioplastic Cook Book","Margaret Dunne","","other","1","0","1","0","0","0","0","0","","","2021cprize-41"
"Bioplastics","Paul Hawken","2017","chapter","1","0","0","1","0","0","0","0","","","2022cprize-21"
"Biopolis: Patrick Geddes and the City of Life","Volker M. Welter","2002","book","1","1","0","0","0","0","0","0","","city","2020cprize-05"
"Bios in Search of Zoe","Assia Crawford","2025","book","1","0","0","0","0","0","0","1","","","2026cprize-08"
"Bioscleave House","Madeline Gins; Arakawa","","other","1","1","0","0","0","0","0","0","","house","2020cprize-33"
"BIPOC Awareness","Quinlin Messenger","2020","other","1","0","1","0","0","0","0","0","","","2021cprize-09"
"Bird-Friendly Building Design","C. Sheppard","2011","report","1","0","0","0","0","0","0","1","","building, design","2026cprize-05"
"Bjarke Ingels and the Art of Greenwashing","Alexander Hadley","2020","article","1","0","1","0","0","0","0","0","","","2021cprize-44"
"Black & Green, the New Integration – 5 Names in Urban Ecology You Should Know","D. N. Lee","2012","article","1","0","0","1","0","0","0","0","ecological","ecological, urban","2022cprize-13"
"Black Built: History and Architecture in the Black Community","Paul Wellington","2019","book","1","0","0","1","0","0","0","0","community","history, architecture","2022cprize-19"
"Black Lives Matter in a Changing Climate: Why Racial Equality and Climate Justice are Inextricably Linked","Andre Floyd","","article","1","1","0","0","0","0","0","0","climate, justice","climate, justice, race","2020cprize-69"
"Black Panther","Ryan Coogler","2018","other","1","0","1","0","0","0","0","0","","","2021cprize-56"
"Black Resistance in Louisiana's Cancer Alley","Robin McDowell","2019","article","1","0","1","0","0","0","0","0","","","2021cprize-43"
"Black Utopia: The History of an Idea from Black Nationalism to Afrofuturism","Alex Zamalin","2019","book","1","0","1","0","0","0","0","0","","history","2021cprize-47"
"Blackfish City","Sam J. Miller","2018","book","1","0","1","0","0","0","0","0","","city","2021cprize-56"
"Blackness and the Pitfalls of Anthropocene Ethics","Axelle Karera","2019","article","1","0","0","0","1","0","0","0","","anthropocene, ethics","2023cprize-03"
"Blade Runner","Ridley Scott","1982","other","1","0","1","0","0","0","0","0","","","2021cprize-56"
"Blade Runner 2049","Denis Villeneuve","2017","other","1","0","1","0","0","0","0","0","","","2021cprize-56"
"Bleeding Albina: A History of Community Disinvestment, 1940-2000","Karen Gibson","","article","1","0","0","0","0","1","0","0","community","history","2024cprize-33"
"Blink Blur Chair (Metastasis)","Katherine E. Bash","2003","other","1","0","0","1","0","0","0","0","","","2022cprize-28"
"Blokable's Quest to Disrupt Prefab","Karrie Jacobs","2018","article","1","1","0","0","0","0","0","0","","","2020cprize-23"
"Blue Monday: Stories of Absurd Realities and Natural Philosophies","Robert Sumrell; Kazys Varnelis","","book","1","0","0","0","0","1","0","0","nature","natural","2024cprize-39"
"Blueprint: The Evolutionary Origins of a Good Society","Nicholas A. Christakis","2019","book","1","0","1","0","0","0","0","0","society","social","2021cprize-48"
"Blurred Borders: Transnational Migration between the Hispanic Caribbean and the United States","Jorge Duany","","book","1","0","0","0","1","0","0","0","","migration","2023cprize-34"
"Bodies of Extraction and the Making of Urban Environments","Martín Arboleda","2020","chapter","1","0","1","0","0","0","0","0","","extraction, urban","2021cprize-54"
"Body Architecture","Studio Orta","1998","other","1","0","0","1","0","0","0","0","","architecture","2022cprize-28"
"Body in Pieces: Desiring the Barcelona Pavilion","George Dodds","2001","article","1","0","0","0","1","0","0","0","","","2023cprize-17"
"Body Object Series","Ann Hamilton","1981","other","1","0","0","1","0","0","0","0","","","2022cprize-28"
"Body of Work: Water and Reimagining the Sahara in the Era of Decolonization","George R. Trumbull","2011","chapter","1","1","0","0","0","0","0","0","","water","2020cprize-17"
"Book for Architects","Wolfgang Tillmans","2014","book","1","0","1","0","0","0","0","0","","","2021cprize-08"
"Boomtown: A solar land rush in the West","H. Angelo","2023","article","1","0","0","0","0","1","0","0","","land","2024cprize-12"
"Border Trilogy","Latif Nasser","","other","1","0","1","0","0","0","0","0","","","2021cprize-60"
"Bound for Freedom: Black Los Angeles in Jim Crow America","Douglas Flamming","","book","1","0","0","0","0","0","0","1","","","2026cprize-61"
"Boundary Layer Climates","T.R. Oke","1987","book","1","1","0","0","0","0","0","0","","","2020cprize-45"
"BPublic Passive House Prefabrication","","","website","1","0","0","0","0","0","0","1","","house","2026cprize-50"
"Bracket 4: Takes Action","Neeraj Bhatia; Mason White","2020","book","1","0","0","0","1","0","0","0","","","2023cprize-09"
"Branching Inventory: Democratized Fabrication of Available Stock","K. Saslawsky; T. Sanford; K. MacDonald; K. Schumann","2021","article","1","0","0","0","0","1","0","0","","fabrication","2024cprize-23"
"Bras and the Battlefield","Nicholas De Monchaux","2011","chapter","1","0","1","0","0","0","0","0","","","2021cprize-61"
"Brave New World","David Wiener","2020","other","1","0","1","0","0","0","0","0","world","world","2021cprize-56"
"Breaking the Baltimore Runoff Machine","Baltimore Ecosystem Study","2020","website","1","0","0","1","0","0","0","0","","","2022cprize-13"
"Breathing with Trees: London Plane Trees from Rikers Island to Seventh Avenue, 1959","Jane Hutton","2020","chapter","1","0","0","1","0","0","0","0","","","2022cprize-30"
"Brick Buildings S,M,L","S. Hofmeister","2023","article","1","0","0","0","0","0","0","1","","","2026cprize-39"
"Bricoleur Bricolage","Barkow Leibinger","","book","1","0","0","0","0","1","0","0","","","2024cprize-01"
"Bridging Home","Do Ho Suh","2010","other","1","0","0","1","0","0","0","0","","","2022cprize-28"
"Bringing embodied carbon upfront: Coordinated action for the building and construction sector to tackle embodied carbon","World Green Building Council","2019","report","1","0","0","0","0","1","0","0","carbon","construction, building, embodied, carbon","2024cprize-04"
"Broken Nature: Design Takes on Human Survival","Paola Antonelli; Ala Tannir","2019","book","1","1","0","0","0","0","0","0","human, nature","human, design","2020cprize-21"
"Buchanan's Ten Shades of Green","","","book","1","0","0","0","0","0","0","1","","","2026cprize-38"
"Build Test Iterate Repeat, Experimentation within a Design Environment","E. McCormick","2020","other","1","0","1","0","0","0","0","0","environmental","build, design","2021cprize-20"
"Building (in) the Future: Recasting Labor in Architecture","Peggy Deamer; Phil Bernstein","","book","1","0","0","0","0","1","0","0","future","building, labor, architecture, future","2024cprize-01"
"Building a Circular Future","Kasper Guldager Jensen","2019","report","1","0","0","1","0","0","0","0","future","building, future","2022cprize-14"
"Building a Green New Deal: Lessons From the Original New Deal","Matt Huber","","article","1","0","1","0","0","0","0","0","","building","2021cprize-02"
"Building A Shared Vision for the City of Toledo","A. Luescher; S. MacPherson; S. Shetty","2010","report","1","0","0","1","0","0","0","0","","building, city","2022cprize-05"
"Building Adaptation","James Douglas","","book","1","0","0","0","0","0","0","1","","building","2026cprize-52"
"Building Beyond Code: Culturally Informed and Climate-Resilient Housing, Vol II","","2024","report","1","0","0","0","0","0","0","1","climate","building, climate, house, resiliency","2026cprize-50"
"Building Codes Don't Measure Up: A Case for Urban Material Performance Standards","Jeana Ripple","2020","chapter","1","0","0","1","0","0","0","0","material","material, building, performance, urban","2022cprize-19"
"Building Community Food Webs","Ken Meter","2021","book","1","0","0","0","0","1","0","0","community","building, food","2024cprize-11"
"Building Community Resilience Post-Disaster: A Guide for Affordable Housing and Community Economic Development Practitioners","Dorcas R. Gilmore; Diane M. Standaert","2013","book","1","1","0","0","0","0","0","0","community, resilience, economic","economy, building, house, disaster","2020cprize-50"
"Building Community Resilience with Nature-Based Solutions: A Guide for Local Communities","Federal Emergency Management Agency (FEMA)","2021","report","1","0","0","0","0","0","0","1","community, resilience, nature","building, local","2026cprize-60"
"Building Construction Illustrated","Francis D. K. Ching","2014","book","1","1","0","0","0","0","0","0","","construction, building","2020cprize-50"
"Building Construction Illustrated, 6th Edition","F. D. K. Ching","2021","book","1","0","0","0","0","0","0","1","","construction, building","2026cprize-64"
"Building Decarbonization Learning Accelerator","Stanford University","","website","1","0","0","0","0","0","0","1","","building","2026cprize-39"
"Building Dwelling Thinking","Martin Heidegger","","other","1","0","1","0","0","0","0","0","","building","2021cprize-12"
"Building Ecology: First Principles for a Sustainable Built Environment","Peter Graham","2003","book","1","1","0","0","0","0","0","0","environmental, sustainable, ecological","building, ecological, sustainability","2020cprize-45"
"Building Flood Resiliency","City of Boston","","website","1","1","0","0","0","0","0","0","resilience","building, resiliency, flood","2020cprize-16"
"Building from Waste, Recovered Materials in Architecture and Construction","Dirk E. Hebel; Marta H. Wisniewska; Felix Heisel","2014","book","1","0","0","1","0","0","0","0","material","material, construction, building, waste, architecture","2022cprize-14"
"Building Green Futures","Mario Cucinella","2020","book","1","0","0","0","0","0","0","1","","building","2026cprize-62"
"Building materials and the climate: constructing a new future","UNEP","2023","report","1","0","0","0","0","0","0","1","climate, material, future","material, building, climate, future","2026cprize-62"
"Building Metabolism","Ian Nazareth","","book","1","0","0","0","0","0","0","1","","building","2026cprize-11"
"Building on Faults: How to Represent Controversies with Digital Methods","Tommaso Venturini","2012","article","1","0","1","0","0","0","0","0","","building, digital","2021cprize-33"
"Building Performance Simulation for Design and Operation","Jan L.M. Hensen; Roberto Lamberts","","book","1","0","1","0","0","0","0","0","","building, performance, design","2021cprize-58"
"Building Performance Workflow for Bio-Inspired Enclosures","Mahsan Mohsenin","2025","article","1","0","0","0","0","0","0","1","","building, performance","2026cprize-39"
"Building Research Practices: Connecting Education and Practice Through Architectural Research","Andrea J. Johnson","2019","book","1","1","0","0","0","0","0","0","","building, research","2020cprize-59"
"Building Revolutions: Applying the Circular Economy to the Built Environment","David Cheshire","2019","book","1","0","0","1","0","0","0","0","environmental, economic","economy, building","2022cprize-14"
"Building Science Education Series","U.S. Department of Energy","","report","1","0","0","0","0","0","0","1","science","building, science","2026cprize-42"
"Building Science Education Solution Center","U.S. Department of Energy","2020","website","1","0","1","0","0","0","0","0","science","building, science","2021cprize-51"
"Building Science: Concepts and Applications","Jens Pohl","","book","1","0","1","0","0","0","0","0","science","building, science","2021cprize-58"
"Building Skins and Details","Arthur Gao","2013","book","1","1","0","0","0","0","0","0","","building","2020cprize-16"
"Building Structures Illustrated","Francis Ching","2013","book","1","1","0","0","0","0","0","0","","building","2020cprize-16"
"Building Sustainable Systems Together","S. Padget","2018","article","1","1","0","0","0","0","0","0","systems, sustainable","building, system, sustainability","2020cprize-30"
"Building Systems Integration","Vassigh; Chandler","2011","book","1","1","0","0","0","0","0","0","systems","building, system","2020cprize-30"
"Building the Cities of the Future with Green Districts","S. Bouton; et al.","","book","1","0","1","0","0","0","0","0","future","building, future","2021cprize-12"
"Building the city together","Raumlabor","2015","book","1","1","0","0","0","0","0","0","","building, city","2020cprize-60"
"Building the Past: Rockscapes and the Aswan High Dam in Egypt","Nancy Y. Reynolds","2013","chapter","1","1","0","0","0","0","0","0","","building","2020cprize-17"
"Building the Workingman's Paradise: The Design of American Company Towns","Margaret Crawford","1995","book","1","0","1","0","0","0","0","0","","building, design","2021cprize-54"
"Building Theories – Architecture as the Art of Building","Franca Trubiano","2021","book","1","0","1","0","0","0","0","0","","building, architecture","2021cprize-26"
"Building under the shadow of the oil: The formation and development of oil company towns in Southwestern Iran","S. A. Seyedi; S. Khaghani; R. Mojtahezadeh; A. Mehan","2024","chapter","1","0","0","0","0","0","1","0","","building, oil","2025cprize-03"
"Building with Bamboo: Design and Technology of a Sustainable Architecture","Gernot Minke","","book","1","0","0","0","0","0","0","1","sustainable","building, technology, sustainability, design, architecture","2026cprize-34"
"Building with Timber: Paths into the Future","Hermann Kauffman; Winfried Nerdinger; Martin Kuhfuss; Mirjana Grdanjski (eds.)","2011","book","1","1","0","0","0","0","0","0","future","building, timber, future","2020cprize-26"
"Building With Wood","Paul Hawken","2017","chapter","1","0","0","1","0","0","0","0","","building","2022cprize-21"
"Buildings and Energy: Architectural History in the Climate Emergency","Barnabas Calder; G. A. Bremner","2021","article","1","0","0","0","0","0","1","0","climate, energy","energy, climate, history, emergency","2025cprize-01"
"Buildings as Material Bank (BAMB)","","","website","1","0","0","1","0","0","0","0","material","material","2022cprize-08"
"Buildings for Bluestockings: The Architecture and Social History of Women's Colleges in Late Victorian Britain","","","book","1","1","0","0","0","0","0","0","","social, history, architecture","2020cprize-03"
"Buildings without Architects: A Global Guide to Everyday Architecture","John May","2010","book","1","0","0","0","0","1","0","0","global","global, architecture","2024cprize-08"
"Buildings, Beauty, and the Brain: A Neuroscientific Approach to Architectural Experience","Alex Coburn; Oshin Vartanian; Anjan Chatterjee","2020","article","1","0","0","0","0","0","0","1","experience","experience","2026cprize-43"
"Built to Meet Needs: Cultural Issues in Vernacular Architecture","Paul Oliver","2007","book","1","0","1","0","0","0","0","0","issue","vernacular, culture, architecture","2021cprize-37"
"Bunker Archaeology","Paul Virilio","1997","book","1","0","0","1","0","0","0","0","","","2022cprize-28"
"Burning the Future: Coal in America","David Novack","2011","other","1","0","1","0","0","0","0","0","future","future","2021cprize-54"
"Business as Unusual: Pedagogical Experiments","Moa Carlsson; Simone Ferracina; Remo Pedreschi","2021","other","1","0","0","1","0","0","0","0","","","2022cprize-08"
"But Today, We Collect Ads","Alison Smithson; Peter Smithson","1956","article","1","1","0","0","0","0","0","0","","","2020cprize-51"
"By Ford! Tempests, Airplanes, and Automobiles (in Dictator's Dreamscape)","Joseph R. Hartman","2019","chapter","1","0","0","0","1","0","0","0","","","2023cprize-15"
"Cadillac Ranch","Ant Farm","1974","other","1","0","0","1","0","0","0","0","","","2022cprize-28"
"California Mission Landscapes: Race, Memory, and the Politics of Heritage","Elizabeth Kryder-Reid","2016","book","1","0","0","1","0","0","0","0","","landscape, race","2022cprize-02"
"California Soil Resources Lab","UC Davis","","website","1","0","0","1","0","0","0","0","resource","resource","2022cprize-10"
"California Will Keep Burning, but Housing Policy is Making it Worse","E. Weil; M. Simon","2020","article","1","0","1","0","0","0","0","0","","house","2021cprize-04"
"Camille Stories","Donna Haraway","2016","chapter","1","1","0","0","0","0","0","0","","","2020cprize-21"
"Camouflage","Neil Leach","2006","book","1","0","0","0","0","1","0","0","","","2024cprize-42"
"Campus Energy Master Planning: A Road Map to Carbon-Neutral Institutions in Northern U.S. Latitudes","James Anderson; Chad Wisler","2017","other","1","0","0","0","1","0","0","0","energy, carbon","energy, map, carbon","2023cprize-40"
"Campus in Camps: Knowledge production and urban interventions in refugee camps","Alessandro Petti","","other","1","1","0","0","0","0","0","0","","knowledge, urban","2020cprize-60"
"Can Architecture be Ordinary?","Deborah Fausch","2014","book","1","0","0","1","0","0","0","0","","architecture","2022cprize-03"
"Can the New Man Speak? / Politics, Psychoanalysis, and Religion in Times of Terror","Bruno Bosteels","","chapter","1","0","0","0","1","0","0","0","","","2023cprize-03"
"Canada 150: The Integral Role of Indigenous Architects","Daniel Viola","2017","article","1","0","0","1","0","0","0","0","","indigenous","2022cprize-20"
"Canadian Contexts: Place as Pedagogy","Heather Nay","","article","1","0","0","0","0","0","0","1","","place","2026cprize-38"
"Canadian Guide to Mid-Rise Wood Construction","V. Madonna; et al.","2022","report","1","0","0","0","1","0","0","0","","construction","2023cprize-41"
"Cannibal Metaphysics","Eduardo Viveiros de Castro","2009","book","1","1","0","0","0","0","0","0","","","2020cprize-61"
"Canopy of Titans: The Life and Times of the Great North American Temperate Rainforest","P. Koberstein; J. Applegate","2023","book","1","0","0","0","0","0","0","1","","","2026cprize-24"
"Capital City","Samuel Stein","2019","book","1","1","0","0","0","0","0","0","","city","2020cprize-34"
"Capital Is Dead: Is This Something Worse?","McKenzie Wark","2019","book","1","1","0","0","0","0","0","0","","","2020cprize-25"
"Capitalism in Practice: Free Market Influence on Environmental Injustice in America's Prisons","D. Pellow; J. Vazin; K. Johnson; et al.","2019","report","1","0","0","0","0","0","1","0","environmental","capitalism, injustice","2025cprize-31"
"Capitalist Realism: Is There No Alternative?","Mark Fisher","2009","book","1","0","0","0","1","0","0","0","","capitalism","2023cprize-04"
"Capitalizing on Nature: Ecosystems as Natural Assets","Edward Barbier","2011","book","1","0","0","0","1","0","0","0","nature","natural","2023cprize-08"
"Carbon Emissions Have Peaked in 30 Major Cities","Rosamond Hunt","2020","article","1","0","1","0","0","0","0","0","carbon","emissions, carbon","2021cprize-27"
"Carbon Footprint Calculator","EPA","","website","1","1","0","0","0","0","0","0","carbon","carbon","2020cprize-07"
"Carbon Footprint in the Design Studio, a Paradigm Shift","Mansy et al.","2020","article","1","0","1","0","0","0","0","0","carbon","design, carbon","2021cprize-36"
"Carbon Leadership Forum","","","website","1","0","0","0","0","0","1","0","carbon","carbon","2025cprize-33"
"Carbon Neutral Buildings in Canada – A Holistic Case Study","Trevor Butler; Douglas MacLeod; Veronica Madonna; Henry Tsang","2022","report","1","0","0","0","1","0","0","0","carbon","carbon","2023cprize-41"
"Carbon Positive: Density, COVID, and the Future of Cities","Edward Mazria","2020","article","1","0","1","0","0","0","0","0","future, carbon","carbon, future","2021cprize-09"
"Carbon Smart Materials","","","website","1","1","0","0","0","0","0","0","material, carbon","material, carbon","2020cprize-38"
"Carbon Smart Materials Palette","","","website","1","0","0","0","0","0","1","0","material, carbon","material, carbon","2025cprize-33"
"Carbon vitalism: Life and the body in climate denial","A. Pasek","2021","article","1","0","0","0","0","1","0","0","climate, carbon","climate, carbon","2024cprize-12"
"Carbon-Storing Materials: Summary Report","J. Kriegh; C. Magwood; W. Srubar","2021","report","1","0","0","0","0","0","0","1","material, carbon","material, carbon","2026cprize-50"
"Carbon: A Field Manual for Building Designers","Alan Organschi; Andrew Ruff; Matti Kuittinen","","book","1","0","0","0","0","0","1","0","carbon","building, carbon","2025cprize-33"
"Care Ethics in the Age of Precarity","M. Hamington; M. Flower","2021","book","1","0","0","0","0","1","0","0","","ethics","2024cprize-35"
"Caribbean Discourse: Selected Essays","Edouard Glissant","1999","book","1","1","0","0","0","0","0","0","","","2020cprize-61"
"Caribbean Housing Is Expensive and Scarce. Here's How to Change That.","M. Donovan; T. Turner-Jones","2017","article","1","0","0","0","0","0","0","1","change","house, change","2026cprize-10"
"Caribbean Literature and the Environment: Between Nature and Culture","Evelyn O'Callaghan","","book","1","0","0","0","0","0","1","0","environmental, nature","culture","2025cprize-34"
"Caribbean Strategy for Informal Settlements Upgrading","UN-Habitat","2020","report","1","0","0","0","0","0","0","1","","","2026cprize-10"
"Caring Architecture","Joan C. Tronto","2019","chapter","1","1","0","0","0","0","0","0","","architecture","2020cprize-56"
"Carr and Sparrow's Beach, Annapolis, Maryland (1926-1974)","R. J. Stephens","2014","website","1","0","0","1","0","0","0","0","","","2022cprize-23"
"Cartography: A Compendium of Design Thinking for Mapmakers","Kenneth Field","2018","book","1","0","0","0","0","1","0","0","","design","2024cprize-43"
"Cascades","D. Wallace-Wells","","chapter","1","1","0","0","0","0","0","0","","","2020cprize-09"
"Cascading temperature demand: The limits of thermal nesting in naturally ventilated buildings","Salmaan Craig","2022","article","1","0","0","0","0","1","0","0","","","2024cprize-24"
"Case Studies on Climate Change and World Heritage","UNESCO","2009","report","1","0","0","1","0","0","0","0","climate, change, world","world, climate, change","2022cprize-16"
"Cast in a Capsule (in Design With Nature)","Ian L. McHarg","","chapter","1","1","0","0","0","0","0","0","nature","design","2020cprize-41"
"Castle Howard and the Emergence of the Modern Architectural Subject","Neil Levine","2003","article","1","0","0","0","1","0","0","0","","","2023cprize-17"
"Caught Root","Julie K. Patt","","other","1","0","0","0","0","1","0","0","","","2024cprize-32"
"Cedar: Tree of Life to the Northwest Coast Indians","Hilary Stewart","1984","book","1","0","0","0","0","0","0","1","","coast","2026cprize-50"
"Cell Block, Egospheres, Self-container: The Apartment as a Co-Isolated Existence","Peter Sloterdijk","2007","article","1","0","1","0","0","0","0","0","","","2021cprize-18"
"Centennial Sermon","William McDonough","","other","1","1","0","0","0","0","0","0","","","2020cprize-08"
"Center for Genomic Gastronomy","","","website","1","1","0","0","0","0","0","0","","","2020cprize-12"
"Center for Land Use Interpretation","","","website","1","0","0","0","0","0","0","1","","land","2026cprize-55"
"Centers for the Urban Environment: Survival of the Cities","Victor Gruen","1973","book","1","1","0","0","0","0","0","0","environmental","urban","2020cprize-05"
"Central Heating and Forced Ventilation","Robert Bruegmann","1978","article","1","0","0","0","1","0","0","0","","","2023cprize-14"
"Central Valley Groundwater Banking Index","","","website","1","0","0","1","0","0","0","0","","","2022cprize-10"
"Ceremony Is Protest","Larsen, Søren C.; Jay T. Johnson","2017","chapter","1","0","0","0","0","0","0","1","","","2026cprize-58"
"Ch'ixinakax utxiwa. Una reflexión sobre prácticas y discursos descolonizadores","Silvia Rivera Cusicanqui","2010","book","1","0","0","0","0","1","0","0","","","2024cprize-09"
"Ch. 1 Introduction: At the Edge of the Pale","Patrick Barron","","chapter","1","0","0","0","0","0","1","0","","","2025cprize-26"
"Chafa and Chirb, the Laws of Water","Francesca De Chatel","2017","chapter","1","1","0","0","0","0","0","0","","water","2020cprize-17"
"Challenges and Rewards of Cross-disciplinary Collaboration between Architects and Planners in an Urban Design Studio","S. Hirt; A. Luescher","2007","article","1","0","0","1","0","0","0","0","","collaboration, urban, design","2022cprize-05"
"Challenges for Southeast Asian Cities: Urban Heat Island and Thermal Comfort","David Robinson; Richard de Dear","2018","report","1","0","1","0","0","0","0","0","","heat, urban","2021cprize-31"
"Challenging Sustainability","Sasha Plotnikova","2020","other","1","0","1","0","0","0","0","0","sustainable","sustainability","2021cprize-09"
"Chandigarh Revealed: Le Corbusier's City Today","S. Fynn; M. Casciato","2017","book","1","0","1","0","0","0","0","0","","city","2021cprize-45"
"Changes in Bioclimates in Different Climates Around the World and Implications for the Built Environment","S. Wong; K. Wan; L. Yang; J. Lam","2012","article","1","0","1","0","0","0","0","0","environmental, world","world","2021cprize-01"
"Changes in Internal Temperatures within the Built Environment as a Response to a Changing Climate","D. Coley; T. Kershaw","2010","article","1","0","1","0","0","0","0","0","climate, environmental","climate","2021cprize-01"
"Chaosmosis: an ethico-aesthetic paradigm","Guattari, Félix","1995","book","1","0","0","0","0","0","0","1","","","2026cprize-65"
"Chapter 1, Colonising Egypt","Timothy Mitchell","1988","chapter","1","0","0","0","0","1","0","0","","","2024cprize-05"
"Chapter 1.12 The Agency of Mapping: Speculation, Critique and Invention (in Mappings)","James Corner","1999","chapter","1","0","0","0","0","0","1","0","","map, speculate, agency","2025cprize-02"
"Chapter 1.12: The Agency of Mapping: Speculation, Critique and Invention","James Corner","1999","chapter","1","0","0","0","0","0","0","1","","map, speculate, agency","2026cprize-04"
"Chapter 2. Environmental and Human Health Consequences of Building Materials (in Better Building Materials Guide)","","","chapter","1","0","1","0","0","0","0","0","environmental, material, human, health","material, building, human","2021cprize-26"
"Chapter 3. Motivating Change (in Better Building Materials Guide)","","","chapter","1","0","1","0","0","0","0","0","change, material","material, building, change","2021cprize-26"
"Chapter 4 The Uses and Abuses of Streets","Clay McShane; Kenneth T. Jackson","","chapter","1","0","0","1","0","0","0","0","","","2022cprize-11"
"Charter of the New Urbanism","Congress for the New Urbanism","1999","book","1","0","0","0","0","0","0","1","","","2026cprize-14"
"Cheap Money","Jason W. Moore; Raj Patel","2017","chapter","1","1","0","0","0","0","0","0","","","2020cprize-25"
"Cheap Nature","Jason W. Moore; Raj Patel","2017","chapter","1","1","0","0","0","0","0","0","nature","","2020cprize-25"
"Cheap Nature (in A History of the World in Seven Cheap Things)","Raj Patel; Jason W. Moore","2017","chapter","1","0","0","0","1","0","0","0","world, nature","world, history","2023cprize-15"
"Chemo-Ethnography: An Introduction","Nicholas Shapiro; Eben Kirksey","2017","article","1","0","1","0","0","0","0","0","","","2021cprize-60"
"Chernobyl Herbarium: Fragments of an Exploded Consciousness","Michael Marder; Anaïs Tondeur","2016","book","1","1","0","0","0","0","0","0","","","2020cprize-21"
"Chicago Housing & Library","Michael Maltzan","2017","website","1","0","1","0","0","0","0","0","","house","2021cprize-09"
"Chicana/Latina Testimonios: Mapping the Methodological, Pedagogical, and Political","D. Delgado Bernal; R. Burciaga; J. Flores Carmona","2012","article","1","0","0","0","0","0","1","0","","map","2025cprize-31"
"Children in the City: Home, Neighborhood and Community","P. Christiansen (Ed.); M. O'Brien (Ed.)","2003","book","1","0","0","0","1","0","0","0","community","neighborhood, city","2023cprize-18"
"Children's Spatialities: Embodiment, Emotion and Agency","A. Hackett; L. Procter; J. Seymour","2015","book","1","0","0","0","1","0","0","0","","agency","2023cprize-18"
"Chilean geoportals (open-data evidence base)","","","website","1","0","0","0","0","0","0","1","data","data","2026cprize-51"
"Chimera: The Architecture of Creative Miscegenation","Marshall Brown","2016","article","1","0","0","0","0","1","0","0","","architecture","2024cprize-42"
"China's Ministry of Ecology and Environment","China's Ministry of Ecology and Environment","2022","website","1","0","0","0","0","0","1","0","environmental, ecological","ecological","2025cprize-24"
"China: Country Climate and Development Report","World Bank","2022","report","1","0","0","0","0","0","1","0","climate","climate","2025cprize-24"
"Chinatown","Roman Polanski","1974","other","1","0","0","0","0","0","1","0","","","2025cprize-36"
"Chinese Labour in the Global Economy: An Introduction","Andreas Bieler; Chun-Yi Lee","2017","article","1","1","0","0","0","0","0","0","global, economic","economy, global","2020cprize-25"
"Choreographing Space","Eva Perez de Vega","2021","book","1","0","0","1","0","0","0","0","","space","2022cprize-18"
"Christopher Wren, Christian Cabala and the Tree of Life","S. Padget","2012","chapter","1","1","0","0","0","0","0","0","","","2020cprize-30"
"Cinemetrics: Architectural Drawing Today","Brian McGrath","2007","book","1","1","0","0","0","0","0","0","","drawing","2020cprize-58"
"Circuit Breakers: Migrant Workers and the Covid-19 Crisis","Jennifer Ferng","2020","article","1","0","0","0","1","0","0","0","","crisis","2023cprize-14"
"Circular Construction Lab","","","website","1","0","0","1","0","0","0","0","","construction","2022cprize-14"
"Circular Economy: A Banner for Green Development","Geping Qu; Min Yan","","book","1","0","0","1","0","0","0","0","economic","economy","2022cprize-24"
"Circulations and Metabolisms: (Hybrid) Natures and (Cyborg) Cities","Erik Swyngedouw","2006","article","1","0","0","0","0","0","1","0","","","2025cprize-18"
"Cities and Climate Change: Global Report on Human Settlements 2011","United Nations Human Settlements Programme (UN-Habitat)","2011","report","1","1","0","0","0","0","0","0","climate, change, global, human","human, climate, global, change","2020cprize-04"
"Cities and Urban Plans, New Issues and New Emerging Paradigms","J. Busquets","2015","chapter","1","1","0","0","0","0","0","0","issue","urban","2020cprize-15"
"Cities as Emergent Systems: Race as a Rule in Organized Complexity","C. Lord; K. Norquist","2010","article","1","0","0","1","0","0","0","0","systems","system, race","2022cprize-13"
"Cities for a Small Planet","Richard George Rogers; Philip Gumuchdjian","2011","book","1","0","0","0","0","0","0","1","","planet","2026cprize-36"
"Cities for Smart Environmental and Energy Futures: Impacts on Architecture and Technology","Stamatina Rassia; Panos Pardalos","2015","book","1","0","0","1","0","0","0","0","environmental, energy","energy, technology, architecture","2022cprize-25"
"Cities of Salt","Abdelrahman Munif","","book","1","1","0","0","0","0","0","0","","","2020cprize-29"
"Cities on the Edge of Time: The Urban Science Fiction Film","Vivian Sobchack","2005","article","1","0","1","0","0","0","0","0","science","science, urban","2021cprize-56"
"Cities on the Way West: The Beginning of Urbanization in the Ohio and Mississippi Valleys (in Cities of the American West: A History of Frontier Urban Planning)","John W. Reps","1979","chapter","1","0","0","0","0","1","0","0","","history, urban","2024cprize-31"
"Cities: A 'Cause of and Solution to' Climate Change","United Nations","","website","1","0","1","0","0","0","0","0","climate, change","climate, change","2021cprize-29"
"Citizen science and civic ecology: merging paths to stewardship","Jordan; Sorensen; Biehler; Wilson; LaDeau","2018","article","1","0","0","1","0","0","0","0","ecological, science","science, ecological","2022cprize-13"
"Citizen's Participation and Social Sustainability in the Making of the Built Environment","R. González","2017","article","1","0","1","0","0","0","0","0","environmental, sustainable","social, sustainability","2021cprize-12"
"Citizens of No Place: An Architectural Graphic Novel","Jimenez Lai","2012","book","1","1","0","0","0","0","0","0","","place","2020cprize-57"
"City Handbook for Carbon Neutral Buildings","Arup","2024","report","1","0","0","0","0","0","1","0","carbon","city, carbon","2025cprize-29"
"City of Apalachicola GIS Map","","","website","1","0","1","0","0","0","0","0","","map, city","2021cprize-38"
"City of Ember","Gil Kenan","2008","other","1","0","1","0","0","0","0","0","","city","2021cprize-56"
"City of Joy","Roland Joffe","1992","other","1","0","0","0","0","0","0","1","","city","2026cprize-31"
"City of Quartz: Excavating the Future in Los Angeles","Mike Davis","1992","book","1","0","0","0","0","0","1","0","future","city, future","2025cprize-36"
"City of Refuge: Slavery and Petit Marronage in the Great Dismal Swamp, 1763-1856","Marcus P. Nevius","2020","book","1","0","1","0","0","0","0","0","","city","2021cprize-07"
"City Plaza Hotel","","","other","1","1","0","0","0","0","0","0","","city","2020cprize-60"
"City Resilience Index: Understanding and Measuring City Resilience","The Rockefeller Foundation; ARUP","2017","report","1","0","0","0","1","0","0","0","resilience","city","2023cprize-36"
"City Sense and City Design: Writings and Projects","Kevin Lynch","","book","1","0","1","0","0","0","0","0","","city, design","2021cprize-12"
"City Sink: Carbon Cycle Infrastructure for our Built Environments","Denise Hoffman Brandt","2015","book","1","1","0","0","0","0","0","0","infrastructure, carbon","infrastructure, city, carbon","2020cprize-59"
"Civil Eats","","","website","1","1","0","0","0","0","0","0","","","2020cprize-12"
"Civil Engineering and Architecture","Khaled Mansy; Steven O'Hara; Carisa Ramming","2013","book","1","1","0","0","0","0","0","0","","engineer, architecture","2020cprize-07"
"Clay and Glazes for the Potter","Daniel Rhodes","","book","1","0","0","0","0","1","0","0","","","2024cprize-01"
"Clean Ocean Action","","","website","1","1","0","0","0","0","0","0","","","2020cprize-38"
"Climate Action Plan - Phase 3: Climate Change Vulnerability Assessment","Department of Water Resources, State of California","2019","report","1","0","1","0","0","0","0","0","climate, change","climate, plan, change","2021cprize-29"
"Climate Adaptation and Housing Equity","UN-Habitat","","report","1","0","0","0","0","0","0","1","climate","climate, house","2026cprize-42"
"Climate Adaptation and Resilience Plan","U.S. Department of State","2021","report","1","0","0","0","1","0","0","0","climate, resilience","climate, plan","2023cprize-36"
"Climate adaptation for architects: A design toolkit","A. H. Anderson","2026","book","1","0","0","0","0","0","0","1","climate","climate, design","2026cprize-26"
"Climate and House Design","Otto Koenigsberger","1971","book","1","1","0","0","0","0","0","0","climate","climate, house, design","2020cprize-05"
"Climate and Its Changes: A Cultural Appraisal","Mike Hulme","2015","article","1","0","0","0","1","0","0","0","climate","climate, culture","2023cprize-14"
"Climate and Migration in Latin America and the Caribbean","Maiara Folly; Adriana Erthal Abdenur","2023","chapter","1","0","0","0","0","0","0","1","climate","climate, migration","2026cprize-37"
"Climate as a Design Factor","Tina Unruh (ed.)","2013","book","1","1","0","0","0","0","0","0","climate","climate, design","2020cprize-05"
"Climate Assessment Reports","Intergovernmental Panel on Climate Change (IPCC)","","report","1","0","0","0","0","0","0","1","climate","climate","2026cprize-42"
"Climate Change Adaptation in North America: Fostering Resilience and the Regional Capacity to Adapt","W. Leal; J.M. Keenan","2017","book","1","0","0","1","0","0","0","0","climate, change, resilience","climate, change","2022cprize-16"
"Climate Change and Air Pollution: The Impact on Human Health in Developed and Developing Countries","Rais Aktar; Cosimo Palagiano","2018","book","1","0","1","0","0","0","0","0","climate, change, human, impact, health","human, climate, change, air","2021cprize-22"
"Climate Change and Gender Justice: International Policy and Legal Responses","Patricia Kameri-Mbote","2013","chapter","1","0","0","0","0","1","0","0","climate, change, justice","climate, international, justice, change","2024cprize-07"
"Climate Change and Human Rights in the Caribbean","Malene Alleyne","","book","1","0","0","0","0","0","1","0","climate, change, human","human, climate, change","2025cprize-34"
"Climate change and incarcerated populations: Confronting environmental and climate injustices behind bars","E.C. Gribble; D.N. Pellow","2022","article","1","0","0","0","0","0","1","0","climate, change, environmental","climate, change","2025cprize-31"
"Climate Change and Land","UN IPCC","2019","report","1","0","1","0","0","0","0","0","climate, change","climate, land, change","2021cprize-40"
"Climate Change and Public Health","B. Levy; J. Patz","2015","book","1","0","1","0","0","0","0","0","climate, change, health","public, climate, change","2021cprize-22"
"Climate Change and Society","John Urry","2011","book","1","1","0","0","0","0","0","0","climate, change, society","social, climate, change","2020cprize-16"
"Climate Change and the Adaptation of the Political","J. Wainwright; G. Mann","2015","article","1","1","0","0","0","0","0","0","climate, change","climate, change","2020cprize-09"
"Climate Change and the Building Sector: The Imperative to Eliminate Carbon Emissions","","2022","other","1","0","0","0","1","0","0","0","climate, change, carbon","building, climate, change, emissions, carbon","2023cprize-40"
"Climate change and US-Mexico border communities (in Assessment of Climate Change in the Southwest United States)","Margaret Wilder; Gregg Garfin; Paul Ganster; Hallie Eakin; Patricia Romero-Lankao; Francisco Lara-Valencia; Alfonso A. Cortez-Lara; et al.","2013","chapter","1","0","0","0","1","0","0","0","climate, change, community","climate, change","2023cprize-16"
"Climate Change Education","","","website","1","1","0","0","0","0","0","0","climate, change","climate, change","2020cprize-38"
"Climate Change Fictions: Representations of Global Warming in American Literature","Antonia Mehnert","2016","book","1","0","1","0","0","0","0","0","climate, change, global","climate, global, change, warming","2021cprize-10"
"Climate Change Impacts in the United States: The Third National Climate Assessment","J. Melillo; T. Richmond; G. Yohe","2014","report","1","0","1","0","0","0","0","0","climate, change","climate, change","2021cprize-01"
"Climate change impacts on future residential electricity consumption and energy burden: A case study in Phoenix, Arizona","A. Jones; D. Nock; C. Samaras; Y. Xing","","article","1","0","0","0","0","1","0","0","climate, change, energy, future","energy, consumption, climate, change, future","2024cprize-27"
"Climate Change in Deserts: Past, Present and Future","Martin Williams","2014","book","1","0","0","0","0","0","1","0","climate, change, future","climate, change, future","2025cprize-02"
"Climate Change in Literature and Literary Studies","Adeline Johns Putra","2016","article","1","0","1","0","0","0","0","0","climate, change","climate, change","2021cprize-10"
"Climate change in the Midwest: Impacts, Risks, Vulnerability, and Adaptation","Sara C. Pryor","2013","book","1","1","0","0","0","0","0","0","climate, change","climate, change","2020cprize-42"
"Climate Change Manifesto","New Zealand Labour Party","2017","report","1","1","0","0","0","0","0","0","climate, change","climate, change","2020cprize-69"
"Climate Change Risk Perception and Policy Preferences: The Role of Affect, Imagery, and Values","Anthony Leiserowitz","2006","article","1","0","0","0","1","0","0","0","climate, change","risk, climate, change","2023cprize-12"
"Climate Change, Justice, and Adaptation among African American Communities","M. Paolisso","","report","1","1","0","0","0","0","0","0","climate, change, justice, community","climate, justice, change","2020cprize-38"
"Climate Change, Migration and Displacement: The Need for a Risk-Informed and Coherent Approach","Greenpeace","2017","report","1","0","1","0","0","0","0","0","climate, change","risk, climate, change, migration","2021cprize-26"
"Climate Change, the Indoor Environment, and Health","Institute of Medicine","2011","report","1","0","1","0","0","0","0","0","climate, change, environmental, health","climate, change","2021cprize-22"
"Climate Crimes","Adrian Lahoud","2018","chapter","1","1","0","0","0","0","0","0","climate","climate","2020cprize-21"
"Climate Gentrification and Affordable Housing Policies","David L. Kelly; Renato Molina","2020","article","1","0","0","0","1","0","0","0","climate","climate, house","2023cprize-08"
"Climate Gentrification: From Theory to Empiricism in Miami-Dade County, Florida","J.M. Keenan; T. Hill; A. Gumber","2020","article","1","0","0","1","0","0","0","0","climate","climate, theory","2022cprize-16"
"Climate Humanists","","2018","article","1","0","1","0","0","0","0","0","climate","climate","2021cprize-10"
"Climate Impacts on Energy","EPA","2016","website","1","0","1","0","0","0","0","0","climate, energy","energy, climate","2021cprize-29"
"Climate Impacts on Transportation","EPA","2016","website","1","0","1","0","0","0","0","0","climate","climate","2021cprize-29"
"Climate Justice and Participatory Research: Building Climate-Resilient Commons","Patricia Perkins","2023","book","1","0","0","0","0","1","0","0","climate, justice","building, climate, resiliency, justice, research","2024cprize-07"
"Climate Justice Can't Happen Without Racial Justice","David Lammy","","other","1","0","1","0","0","0","0","0","climate, justice","climate, justice, race","2021cprize-50"
"Climate Ready (East) Boston","City of Boston","","website","1","1","0","0","0","0","0","0","climate","climate","2020cprize-16"
"Climate Ready Boston Map Explorer","City of Boston","","website","1","1","0","0","0","0","0","0","climate","map, climate","2020cprize-16"
"Climate responsive design: A study of buildings in moderate and hot humid climates","R. Hyde","2013","book","1","0","1","0","0","0","0","0","climate","climate, design","2021cprize-62"
"Climate, Ecology and History in North America's Tallgrass Prairie Borderlands","Robert Michael Morrissey","2019","article","1","0","0","1","0","0","0","0","climate, ecological","climate, ecological, history","2022cprize-19"
"Climate, Housing, and Policy: Economic and Social Impacts of Heat Vulnerability","Z. Berzola; C. Reinhart","2024","report","1","0","0","0","0","0","0","1","climate, economic","economy, social, climate, house, heat","2026cprize-02"
"Climate-adaptive Buildings: Systems and Materials","Andrzej Zarzycki; Martina Decker","","article","1","0","1","0","0","0","0","0","climate, systems, material","material, adaptive, climate, system","2021cprize-26"
"Climate-informed decision-making for urban design: Assessing the impact of urban morphology on urban heat island","L.G. Santos; I. Nevat; G. Pignatta; L.K. Norford","2021","article","1","0","0","0","1","0","0","0","climate, impact","climate, heat, urban, design","2023cprize-22"
"Climate-Resilient Urban Waterfronts","Kristina Hill","2012","book","1","0","1","0","0","0","0","0","climate","climate, resiliency, urban","2021cprize-27"
"Climate: Its History and Future by Powers of Ten","","","other","1","1","0","0","0","0","0","0","climate, future","climate, history, future","2020cprize-22"
"ClimateStudio","Solemma LLC","2020","website","1","0","1","0","0","0","0","0","","","2021cprize-51"
"Climatic Building Design: Energy-Efficient Building Principles and Practices","Donald Watson","","book","1","0","0","0","0","1","0","0","energy","energy, building, design","2024cprize-17"
"Climatic Design and Its Others: 'Southern' Perspectives in the Age of the Anthropocene","Jennifer Ferng; Jian-Hwee Chang; Erik l'Heureux; Daniel J. Ryan","2020","article","1","0","0","0","0","1","0","0","","anthropocene, design","2024cprize-38"
"Closing the Water Access Gap in the United States: A National Action Plan","U.S. Water Alliance; DigDeep","","report","1","0","1","0","0","0","0","0","","water, plan","2021cprize-29"
"Cloud Formations: Climate Change and the Figuration of Community","Carson Chan","","article","1","0","0","0","0","1","0","0","climate, change, community","climate, change","2024cprize-15"
"Cloud Studies","Forensic Architecture","2021","other","1","0","0","0","1","0","0","0","","","2023cprize-14"
"Cloud Wars: Mideast Rivalries Rise Along a New Front","Alissa J. Rubin; Bryan Denton","2022","article","1","0","0","0","1","0","0","0","","","2023cprize-15"
"Clouds: Nature and Society","Richard Hamblyn","2017","book","1","0","0","0","0","0","0","1","society, nature","social","2026cprize-59"
"Co-design strategies to achieve trust in Urban Living Lab: A systematic literature review","C. Brisotto; J. Carney","2022","other","1","0","0","0","0","0","0","1","","urban, design","2026cprize-12"
"Co-innovation and socio-technological niche development: The case of livestock farming on natural grassland in Uruguay","Verónica Aguerre; Mariela Bianco","2023","article","1","0","0","0","0","0","0","1","nature","technology, natural, innovation","2026cprize-37"
"Co-Production in the Conventional Economy; Growing Together or Growing Apart","D. McLaren; J. Agyeman","2015","chapter","1","0","0","1","0","0","0","0","economic","economy","2022cprize-07"
"CO2 Rising: The World's Greatest Environmental Challenge","Tyler Volk","2008","book","1","1","0","0","0","0","0","0","environmental, world","world","2020cprize-45"
"Coal Black Voices","Jean Donohue; Fred Johnson","2001","other","1","0","1","0","0","0","0","0","","","2021cprize-54"
"Coal Culture Projects","Indiana University of Pennsylvania Archives","","website","1","0","1","0","0","0","0","0","","culture","2021cprize-55"
"Coal Train (in Uncommon Carriers)","John McPhee","2006","chapter","1","1","0","0","0","0","0","0","","","2020cprize-46"
"Coal's Poisonous Legacy","Environmental Integrity Project","2019","report","1","0","1","0","0","0","0","0","","","2021cprize-52"
"Coastal construction manual: Principles and practices of planning, siting, designing, constructing, and maintaining residential buildings in coastal areas (4th ed., FEMA P-55)","Federal Emergency Management Agency","2011","report","1","0","0","0","0","0","0","1","","construction, coast","2026cprize-27"
"Coastal Resilience Toolkit","National Oceanic and Atmospheric Administration (NOAA)","2023","report","1","0","0","0","0","0","0","1","resilience","coast","2026cprize-60"
"Code and Clay, Data and Dirt","Shannon Mattern","","book","1","0","0","0","0","0","0","1","data","data","2026cprize-11"
"Coding Land","Katharina Pistor","2020","chapter","1","0","0","1","0","0","0","0","","land","2022cprize-02"
"Cold and Sweet: The Taste of Territorial Occupation (in Cooling the Tropics)","Hiʻilei Julia Hobart","2022","chapter","1","0","0","0","1","0","0","0","","","2023cprize-15"
"Collaboration, Integration, and Redesign in the Comprehensive Design Studio","Homer; Mansy; Philips","2013","article","1","0","1","0","0","0","0","0","","collaboration, design","2021cprize-36"
"Collaborative Low-Impact Development: Design for Bernard Trace Urban Residential Redevelopment","Homer; Mansy; Spector; Halihan; Nelson; Wallace","2015","article","1","0","1","0","0","0","0","0","impact","collaboration, urban, design","2021cprize-36"
"Collage City","C. Rowe; F. Koetter","1978","book","1","1","0","0","0","0","0","0","","city","2020cprize-04"
"Collapse","Jared Diamond","2010","other","1","0","1","0","0","0","0","0","","","2021cprize-48"
"Collapse (documentary)","Jared Diamond","2010","other","1","1","0","0","0","0","0","0","","","2020cprize-35"
"Collective Care and Respons-ability","","","article","1","0","0","0","0","1","0","0","","","2024cprize-01"
"Colonial Debts: The Case of Puerto Rico","Rocío Zambrana","2021","book","1","0","0","0","1","0","0","0","","colonial","2023cprize-34"
"Colonising Egypt","Timothy Mitchell","2003","book","1","0","0","0","0","0","1","0","","","2025cprize-18"
"Combat Against the Toxicity of the Colonial/Racist State","Leopold Lambert","2017","article","1","0","0","0","1","0","0","0","","colonial","2023cprize-14"
"Combining time series models for forecasting","H. Zou; Y. Yang","2004","article","1","0","0","0","0","0","1","0","","","2025cprize-23"
"Commoning as a Transformative Social Paradigm","David Bollier","2015","article","1","0","0","0","0","0","0","1","","social","2026cprize-09"
"Commoning: Dimensions of a Transformational Force","Silke Helfrich","2017","chapter","1","0","0","0","0","0","0","1","","","2026cprize-09"
"Communicating the Science of Climate Change","R.C.J. Sommerville; S.J. Hassol","2011","article","1","0","1","0","0","0","0","0","climate, change, science","science, climate, change","2021cprize-04"
"Community and the Disavowed Labor of 'Participation'","Andrew Herscher","","article","1","0","1","0","0","0","0","0","community","labor","2021cprize-39"
"Community Disaster Recovery and Resiliency: Exploring Global Opportunities and Challenges","DeMond Shondell Miller; Jason David Rivera","","book","1","1","0","0","0","0","0","0","global, community, resilience","global, resiliency, disaster","2020cprize-50"
"Community Engaged Culturally Sensitive Pharmacy Design","A.O. Asojo; P. Ranelli; A. Cernasev; J. Pliska","2018","article","1","0","1","0","0","0","0","0","community","design","2021cprize-40"
"Community Participation Methods in Design and Planning","H. Sanoff","","book","1","0","0","0","0","0","0","1","community","design","2026cprize-02"
"Comparative Study on the Development Trends of High-rise Buildings Above 200 Meters in China, the USA and the UAE","J. Qu; Z. Wang; P. Du","2021","article","1","0","0","0","1","0","0","0","","","2023cprize-35"
"Comparing ENVI-Met and Grasshopper Modelling Strategies to Assess Local Thermal Stress and Urban Heat Island Effects","M. Pacifici; M. Nieto-Tolosa","2021","chapter","1","0","0","0","1","0","0","0","","local, heat, urban","2023cprize-35"
"Comparison of Horse and Tractor Traction Using Emergy Analysis","T. Rydberg; et al.","2002","article","1","1","0","0","0","0","0","0","","","2020cprize-09"
"Completing the Forecast: Characterizing and Communicating Uncertainty for Better Decisions Using Weather and Climate Forecast","National Research Councils","2006","report","1","0","0","1","0","0","0","0","climate","climate, weather","2022cprize-19"
"Complexities and Contradictions in Sustainable Urban Conservation of Historic Cities: The Case of Fuwah, Egypt","Samia Ebrahiem","2008","other","1","0","0","1","0","0","0","0","sustainable","sustainability, urban","2022cprize-31"
"Complexity a Guided Tour","Melanie Mitchell","2009","book","1","1","0","0","0","0","0","0","","","2020cprize-45"
"Complexity and Contradiction in Architecture","Robert Venturi","1966","book","1","1","0","0","0","0","0","0","","architecture","2020cprize-28"
"Composite Landscapes","Hansen Phillips, Andrea; Charles Waldheim","2015","book","1","1","0","0","0","0","0","0","","landscape","2020cprize-40"
"Comprehensive Plan","City of Miami Beach","","report","1","1","0","0","0","0","0","0","","plan","2020cprize-18"
"Computational Engineering","P. Debney","2020","book","1","0","0","0","0","0","1","0","","engineer, computation","2025cprize-13"
"Computational landscape architecture: Procedural, tangible, and open landscapes","Brendan Harmon; Anna Petrasova; Helena Mitasova; Vaclav Petras","2016","chapter","1","1","0","0","0","0","0","0","","landscape, architecture, computation","2020cprize-40"
"Computational Urban Design: Determining the Property Value and Financial Return through Generative Scripting and Simulations","N. Cheluva; P. Du","2023","other","1","0","0","0","1","0","0","0","","property, urban, design, computation","2023cprize-35"
"Computing Views, Remodeling Environments","Moa Carlsson","2021","article","1","0","0","1","0","0","0","0","","","2022cprize-08"
"Concentration and Isotopic Abundances of CO2 in the Atmosphere","Charles Keeling","1960","article","1","0","1","0","0","0","0","0","","","2021cprize-47"
"Conclusion","A. Malm","2018","chapter","1","1","0","0","0","0","0","0","","","2020cprize-09"
"Concrete Abstractness: A Conversation with Peter Galison","P. Galison","2019","article","1","0","0","1","0","0","0","0","","","2022cprize-22"
"Concrete Construction Manual","Kind-Barkauskas","2002","book","1","1","0","0","0","0","0","0","","construction","2020cprize-16"
"Concrete ideas for a green Baltimore","J. McCord","2004","article","1","0","0","1","0","0","0","0","","","2022cprize-13"
"Concrete: The Reinvention of Artificial Rock","Fernando Martirena; Paul Jaquin","2017","chapter","1","0","0","1","0","0","0","0","","artificial","2022cprize-21"
"Concursos de Arquitectura en Chile","García, Rubén","2014","book","1","0","0","0","0","0","0","1","","","2026cprize-51"
"Conduction","Philippe Rahm","2016","chapter","1","0","0","1","0","0","0","0","","","2022cprize-21"
"Confronting Climate Change (Union of Concerned Scientists)","","","website","1","1","0","0","0","0","0","0","climate, change","climate, change","2020cprize-42"
"Confronting Environmental Racism: Voices from the Grassroots","Robert D. Bullard","1993","book","1","0","0","0","0","1","0","0","environmental","","2024cprize-38"
"Confronting the Institution in Performance","Liberate Tate","2015","article","1","1","0","0","0","0","0","0","","performance","2020cprize-21"
"Connected Healthy Living for Smart Cities","P. Sanguinetti; H. Cai; J. Colistra; H. Sheward; F. Ferdous","2016","other","1","0","1","0","0","0","0","0","","","2021cprize-22"
"Connected Markets","","","website","1","1","0","0","0","0","0","0","","","2020cprize-12"
"Connecting ecology, landscape, and design","Pickett; Cadenasso; Schwarz; Beamish; Parmenter","2006","other","1","0","0","1","0","0","0","0","ecological","landscape, ecological, design","2022cprize-13"
"Connecting environmental justice, sustainability, and vulnerability","C. G. Boone; M. Fragkias","2013","chapter","1","0","0","1","0","0","0","0","environmental, sustainable, justice","justice, sustainability","2022cprize-13"
"Connecting the dots between mass incarceration, health inequity, and climate change","S.J. Prins; B. Story","2020","article","1","0","0","0","0","0","1","0","climate, change, health","climate, change","2025cprize-31"
"Connecting Vision to Action: Landscape Architects as Catalysts for Climate Initiatives","M. Mick; A. Curtis; A. Alcaide","2024","other","1","0","0","0","0","0","1","0","climate","climate, landscape","2025cprize-27"
"Conscious Community","Chris Cornelius; R. Leon; A. Seikaly","2024","book","1","0","0","0","0","0","0","1","community","","2026cprize-33"
"Constructing Architecture: Materials, Processes, Structures (Second Edition)","Andrea Deplazes (ed.)","2008","book","1","1","0","0","0","0","0","0","material","material, architecture","2020cprize-16"
"Constructing Green Cities in the Central United States","M. Henderson; A. Person; R. Peppler","","article","1","0","0","0","1","0","0","0","","","2023cprize-06"
"Constructing the Commons: Towards Another Architectural Theory of the City","Tom Avermaete","","chapter","1","0","0","0","0","0","0","1","","theory, city","2026cprize-09"
"Construction","Thomas Thwaites","2011","chapter","1","0","1","0","0","0","0","0","","construction","2021cprize-61"
"Construction Ecology and Metabolism: Natural System Analogues for a Sustainable Built Environment","Charles J. Kibert; Jan Sendzimir; Brad Guy","2000","article","1","0","1","0","0","0","0","0","environmental, systems, sustainable, ecological, nature","construction, natural, system, ecological, sustainability","2021cprize-46"
"Construction Ecology: Nature as the Basis for Green Buildings","Charles J. Kibert; Jan Sendzimir; G. Bradley Guy","2002","book","1","0","0","0","1","0","0","0","ecological, nature","construction, ecological","2023cprize-01"
"Construction Extension to the PMBOK Guide","PMI","2016","report","1","0","0","1","0","0","0","0","","construction","2022cprize-31"
"Construction Matters","John Quale; Michael J. Eckelman; Kyle W.","","article","1","0","1","0","0","0","0","0","","construction","2021cprize-32"
"Construction of Nature: Representation as Production","D. Agrest","2018","book","1","0","0","1","0","0","0","0","nature","construction, representation","2022cprize-22"
"Containing Oil","Graeme Macdonald","2017","chapter","1","0","0","1","0","0","0","0","","oil","2022cprize-04"
"Contested Ground","Charles Bowden","2009","article","1","0","0","0","1","0","0","0","","","2023cprize-31"
"Contesting the coast: Ecosystems as infrastructure in the Mississippi River Delta","Joshua Lewis; Henrik Ernstson","2016","article","1","1","0","0","0","0","0","0","infrastructure","infrastructure, coast, river","2020cprize-36"
"Contextures: Context and Meaning in Materials","M. Mick","2021","other","1","0","0","0","0","1","0","0","material","material","2024cprize-34"
"Continuity and Decline in the Anthracite Towns of Pennsylvania","Ben Marsh","1987","article","1","0","1","0","0","0","0","0","","","2021cprize-54"
"Contracts of Relation","Peggy Deamer","2017","article","1","1","0","0","0","0","0","0","","","2020cprize-60"
"Contradictions of the climate-friendly city: new perspectives on eco-gentrification and housing justice","J. L. Rice; D. A. Cohen; J. Long; J. R. Jurjevich","2020","article","1","0","1","0","0","0","0","0","climate, justice","climate, house, justice, city","2021cprize-62"
"Contribution to the Energetics of Evolution","A. J. Lotka","1922","article","1","1","0","0","0","0","0","0","","","2020cprize-09"
"Convection Heat Transfer","Adrian Bejan","2013","book","1","1","0","0","0","0","0","0","","heat","2020cprize-39"
"Convergence: Facilitating Transdisciplinary Integration of Life Sciences, Physical Sciences, Engineering, and Beyond","National Research Council","2014","report","1","1","0","0","0","0","0","0","science","science, engineer, physical","2020cprize-23"
"Conway Urban Watershed Framework Plan","","","report","1","1","0","0","0","0","0","0","","plan, urban","2020cprize-26"
"Cooked Air: The Kitchen and its Exhalate","Liz Gálvez","","article","1","0","1","0","0","0","0","0","","air","2021cprize-18"
"Cool brick","R. Rael; V. San Fratello","2015","website","1","0","0","0","0","0","0","1","","","2026cprize-23"
"Coping with climate change: The role of spatial decision support tools in facilitating community adaptation","D. J. Lieske","2015","article","1","0","0","0","0","0","1","0","climate, change, community","climate, space, change","2025cprize-15"
"Copper, Brass, and Bronze Surfaces: A Guide to Alloys, Finishes, Fabrication, and Maintenance in Architecture and Art","William Zahner","2020","book","1","0","1","0","0","0","0","0","","fabrication, architecture","2021cprize-11"
"Coral Reefs and Climate Change","International Union of Concerned Scientists","2018","website","1","0","1","0","0","0","0","0","climate, change","climate, change","2021cprize-29"
"Cordoba Mosque","","","other","1","0","1","0","0","0","0","0","","","2021cprize-13"
"Coronavirus, Climate Change, and the Environment: A Conversation on COVID-19 with Dr. Aaron Bernstein","Harvard Chan C-CHANGE","","website","1","0","1","0","0","0","0","0","climate, change, environmental","climate, change","2021cprize-22"
"Cosmographia","Peter Apian","1524","book","1","0","0","1","0","0","0","0","","","2022cprize-28"
"Cosmopolitanism and the De-colonial Option","Walter Mignolo","","article","1","0","1","0","0","0","0","0","","colonial","2021cprize-17"
"Cosmopolitanism: Ethics in a World of Strangers","Anthony Appiah","","book","1","0","0","0","0","1","0","0","world","world, ethics","2024cprize-42"
"Cost Effective Housing Systems for Disaster Relief","U.S. Dept. of Housing and Urban Development","1976","report","1","1","0","0","0","0","0","0","systems","system, house, disaster","2020cprize-50"
"Cost-Benefit Analysis of BIPV Systems with Axial Sun Tracking Louvers for Various Geographic Locations","E. Stach; A. Remener; D. Balton","2016","other","1","0","0","0","0","0","1","0","systems","system","2025cprize-08"
"Council on Tall Buildings and Urban Habitat (CTBUH)","","","website","1","0","0","0","0","0","1","0","","urban","2025cprize-08"
"Counter Institution: Activist Estates of the Lower East Side","Nandini Bagchee","2018","book","1","0","0","0","1","0","0","0","","","2023cprize-34"
"Counterhegemonic Globalization","Peter Evans","","chapter","1","0","1","0","0","0","0","0","","","2021cprize-17"
"Countermapping","Liz Mason-Deese","2020","article","1","0","0","0","0","1","0","0","","","2024cprize-09"
"Countryside","Rem Koolhaas","2015","website","1","0","1","0","0","0","0","0","","","2021cprize-09"
"Countryside, A Report","AMO; Rem Koolhaas","2020","book","1","0","0","0","0","1","0","0","","","2024cprize-15"
"Coupling: Lateral Office","Mason White; et al.","2011","book","1","0","0","0","1","0","0","0","","","2023cprize-09"
"Cove Energy modeling tool","","","website","1","0","0","0","0","0","0","1","energy","energy, model, tool","2026cprize-39"
"Crash Course: If You Want to Get Away with Murder Buy a Car","Woodrow Phoenix","2020","book","1","0","0","0","0","0","0","1","","","2026cprize-46"
"Crash Test","N. Bourriaud","2018","book","1","0","0","0","1","0","0","0","","","2023cprize-31"
"Creating +Positive Spaces by Measuring the Impact of Your Design","BRE Group; Interface","2019","report","1","0","1","0","0","0","0","0","impact","design","2021cprize-40"
"Creating Better Outcomes, Safer Communities","H.C.R 85 Task Force on Prison Reform","2019","report","1","0","1","0","0","0","0","0","community","","2021cprize-35"
"Creating Biophilic Buildings","Amanda Sturgeon","2017","book","1","0","1","0","0","0","0","0","","","2021cprize-40"
"Creating Design Capital: Learning from Architecture","Sherry McKay; AnnaLisa Meyboom","2022","chapter","1","0","0","0","0","1","0","0","","design, architecture","2024cprize-02"
"Creating Regenerative Systems","Herbert Girardet","","other","1","0","0","0","1","0","0","0","systems","regenerative, system","2023cprize-41"
"Creating Sustainable Cities through Pedestrian Urbanism","","2026","book","1","0","0","0","0","0","0","1","sustainable","sustainability","2026cprize-29"
"Crib Sheets: Notes On the Contemporary Architectural Conversation","Sylvia Lavin; Furján, Helene Mary; Penelope Dean","2005","book","1","1","0","0","0","0","0","0","","","2020cprize-51"
"Crisis in Conservation: Istanbul's Gezi Park Between Restoration and Resistance","Can Bilsel","2017","article","1","1","0","0","0","0","0","0","","crisis, park","2020cprize-43"
"Crisis Works","Nikolas Kosmatopoulos","2014","article","1","0","1","0","0","0","0","0","","crisis","2021cprize-60"
"Criteria for Mass Housing","A. Smithson; P. Smithson","1960","article","1","0","1","0","0","0","0","0","","house","2021cprize-02"
"Critical Design, Hybrid Labor, Just Transitions: Moving Beyond Technocratic Ecomodernisms and the It's-Too-Late-o-Cene","Damian White","2018","chapter","1","0","1","0","0","0","0","0","critical","critical, labor, design","2021cprize-17"
"Critical Environmental Interfacing and Transformative Action – Agential Making and Re-making Communities","C. Anz; J. Granberg","2019","other","1","0","1","0","0","0","0","0","environmental, critical, community","critical","2021cprize-12"
"Critical Environmentalism - Towards an Epistemic Framework for Architecture and Urban Design","C. K. Anz","2010","book","1","0","1","0","0","0","0","0","critical","critical, urban, design, architecture, epistemology","2021cprize-12"
"Critical Notions of Technology and the Promises of Empowerment in Shared Machine Spaces","Susana Nascimento","2014","article","1","0","1","0","0","0","0","0","critical","technology, critical","2021cprize-20"
"Critical Practices in Architecture: The Unexamined","J. Bean; S. Dickinson; A. Ida","2020","book","1","1","0","0","0","0","0","0","critical","critical, architecture","2020cprize-45"
"Critical Regionalism: Architecture and Identity in a Globalized World","Liane Lefaivre; Alexander Tzonis","","book","1","0","1","0","0","0","0","0","world, critical","critical, world, architecture","2021cprize-12"
"Critical Spatial Practice and Resilient Design","Lizzie Yarina","2019","chapter","1","0","0","0","0","0","1","0","critical","critical, space, resiliency, design","2025cprize-18"
"Critical Wikihouse: Connecting GIS Data to Site and Tiny Home Design","R. Parmar; S. Dickinson","2018","other","1","1","0","0","0","0","0","0","critical, data","site, data, critical, design","2020cprize-45"
"Critique of Architecture: Essays on Theory, Autonomy, and Political Economy","Douglas Spencer","2020","book","1","0","1","0","0","0","0","0","economic","economy, theory, architecture","2021cprize-16"
"Critique of Cynical Reason","Peter Sloterdijk","2018","book","1","1","0","0","0","0","0","0","","","2020cprize-51"
"Crochet Coral Reef","Margaret Wertheim; Christine Wertheim","2015","book","1","1","0","0","0","0","0","0","","","2020cprize-21"
"Crop Trust","","","website","1","1","0","0","0","0","0","0","","","2020cprize-12"
"Crops for the Future","","","website","1","1","0","0","0","0","0","0","future","future","2020cprize-12"
"Cross Laminated Timber: A Design-Stage Primer","Nic Crawley","","book","1","0","0","0","1","0","0","0","","timber, design","2023cprize-13"
"Cross-Cultural Vernacular Landscapes of Southern Arizona","Laura H. Hollengreen; R. Brooks Jeffery","","book","1","0","0","0","0","1","0","0","","vernacular, landscape, culture","2024cprize-27"
"Cryptozoo","Dash Shaw","2021","other","1","0","0","0","0","0","1","0","","","2025cprize-22"
"Cræft: An Inquiry Into the Origins and True Meaning of Traditional Crafts","Alexander Langlands","","book","1","0","0","0","0","1","0","0","","","2024cprize-23"
"Culinary Institute of America","","","website","1","1","0","0","0","0","0","0","","","2020cprize-12"
"Cultivated Plants in the Mid-Ohio Valley: Archaeobotanical Remains from the County Home Site, Southeastern Ohio","","2016","article","1","0","0","0","0","1","0","0","","site","2024cprize-31"
"Cultivating the Field: About an attitude when making architecture","John Habraken","1994","article","1","0","0","0","1","0","0","0","","architecture","2023cprize-26"
"Cultural Clashes in International Infrastructure Development Projects: Which Cultures Matter?","Ashwin Mahalingam; Raymond E. Levitt; W. Richard Scott","","other","1","0","0","1","0","0","0","0","infrastructure","infrastructure, international, culture","2022cprize-19"
"Cultural Infrastructure: The Legacy of New Deal","Robert D. Leighninger","","article","1","0","1","0","0","0","0","0","infrastructure","infrastructure, culture","2021cprize-02"
"Cultural Resources Climate Change Strategy","National Park Service","","report","1","1","0","0","0","0","0","0","climate, change, resource","resource, climate, culture, change","2020cprize-18"
"Cultural Techniques: Grids, Filters, Doors, and Other Articulations of the Real","Bernhard Siegert","2015","book","1","1","0","0","0","0","0","0","","culture","2020cprize-02"
"Culture Is Ordinary","Raymond Williams","","article","1","0","0","0","0","0","0","1","","culture","2026cprize-06"
"Cultures of Energy podcast","","","website","1","1","0","0","0","0","0","0","energy","energy","2020cprize-02"
"Curated Decay: Heritage Beyond Saving","Caitlin DeSilvey","2017","book","1","0","0","0","0","0","0","1","","","2026cprize-45"
"Curating Solitude: The Intimate Interiors of Writers' House Museums","","2021","article","1","0","0","0","0","0","1","0","","house","2025cprize-29"
"Curious Methods","Sean Burkholder; Karen Lutsky","2017","article","1","0","0","1","0","0","0","0","","","2022cprize-30"
"Current Trends in Architectural Engineering Education","","","other","1","1","0","0","0","0","0","0","current","engineer","2020cprize-07"
"Curved Background and Foreground Elements Enhance the Appeal of Indoor Spaces","Erick Gustavo Chuquichambi; Claudia Damiano; Na Wei; V. Meletaki; Keaton Bruce; Anjan Chatterjee; Martin Skov; Dirk B. Walther","","article","1","0","0","0","0","0","0","1","","","2026cprize-43"
"Cybernetics","Norbert Wiener","","book","1","0","0","0","0","0","0","1","","","2026cprize-11"
"D-Book, Density – A Visual Analysis of 64 Collective Housing Projects","Aurora Fernandez Per","","book","1","0","1","0","0","0","0","0","","visual, house","2021cprize-15"
"Dam Nation: A Geographic Census of American Dams and Their Large-Scale Hydrologic Impacts","W.L. Graf","1999","book","1","0","0","0","0","0","0","1","","","2026cprize-54"
"Damming Afghanistan: Modernization in a Buffer State","Nick Cullather","2002","article","1","0","0","0","0","1","0","0","","","2024cprize-05"
"Daniels Building at One Spadina Crescent","NADAA","2019","website","1","0","1","0","0","0","0","0","","building","2021cprize-09"
"Dark Matters: On the Surveillance of Blackness","Simone Browne","2015","book","1","0","1","0","0","0","0","0","","","2021cprize-47"
"Darwin Comes to Town: How the Urban Jungle Drives Evolution","Menno Schilthuizen","2018","book","1","0","0","0","0","0","0","1","","urban","2026cprize-05"
"Data and Records","Texas Commission on Environmental Quality","","website","1","0","1","0","0","0","0","0","data","data","2021cprize-43"
"Data For Decision (1967)","Moa Carlsson","2022","chapter","1","0","0","1","0","0","0","0","data","data","2022cprize-08"
"Data Visualization for Design Thinking: Applied Mapping","Winifred E. Newman","2017","book","1","0","0","0","0","1","0","0","data","data, map, design","2024cprize-42"
"David Adjaye Tries Rammed Earth","Alexandra Shwartz","2021","article","1","0","0","1","0","0","0","0","","earth","2022cprize-21"
"David Attenborough: A Life on Our Planet","David Attenborough","2020","film","1","0","0","1","0","0","0","0","","planet","2022cprize-18"
"David Perdue's Dollar General Was Sued 2,500 Times for Sex, Race, Wage Practices","Jessica Goodheart","2020","article","1","0","0","1","0","0","0","0","","race","2022cprize-03"
"Daylight as a Design Driver for Biophilic Lighting: Integrating Health and Net-Positive Energy","Mary Guzowski","2020","article","1","0","1","0","0","0","0","0","energy, health","energy, design","2021cprize-40"
"Days of Heaven","Terrence Malick","1978","film","1","0","0","1","0","0","0","0","","","2022cprize-02"
"DDT and the Cold War Jungle: American Environmental and Social Engineering in the Rapti Valley of Nepal","Thomas Robertson","","article","1","0","0","0","0","1","0","0","environmental","social, engineer","2024cprize-05"
"De los Andes a la Amazonía del Ecuador: diario de un explorador, 1939-1946","K.T. Goldschmid; H. Goldschmid","2005","book","1","0","0","0","0","1","0","0","","","2024cprize-03"
"De-Malling: A New Trend towards Sustainable Design of Shopping Malls","Samia Ebrahiem","2013","other","1","0","0","1","0","0","0","0","sustainable","sustainability, design","2022cprize-31"
"De-pair the Art of Re-pair and De-sign – Towards an Interdisciplinary Understanding of Making in Society","J. Granberg; C. Anz; J. Montgomery; B. Yyelland","2018","chapter","1","0","1","0","0","0","0","0","society","social","2021cprize-12"
"Dead Sea Drawings","Edith Dekyndt","","other","1","0","1","0","0","0","0","0","","sea","2021cprize-13"
"Dear Marais... Postcards from Paris","Mireille Roddier","2016","article","1","0","0","0","0","1","0","0","","","2024cprize-28"
"Debating the Future of Comfort: Environmental Sustainability, Energy Consumption and the Indoor Environment","Heather Chappells; Elizabeth Shove","2005","article","1","0","1","0","0","0","0","0","environmental, energy, sustainable, future","energy, consumption, sustainability, future","2021cprize-33"
"Decarbonizing Curriculum Through Environmental Stewardship and Experiential Learning","Liz Martin-Malikian","2025","chapter","1","0","0","0","0","0","0","1","environmental","","2026cprize-38"
"Decent Living Standards: Material Prerequisites for Human Wellbeing","Narasimha Rao; Jihoon Min","","book","1","0","1","0","0","0","0","0","material, human","material, human","2021cprize-12"
"Decentralization as an Alternative: The Case of Rockford Illinois","R. González","2018","article","1","0","1","0","0","0","0","0","","","2021cprize-12"
"Decision-making analysis for Pittsburgh's deconstruction pilot using AHP and GIS","Zehan Zhang; Joshua D. Lee","2023","article","1","0","0","0","0","0","0","1","","","2026cprize-15"
"Decoding the City: Urbanism in the Age of Big Data","Dietmar Offenhuber; Carlo Ratti","2014","book","1","0","0","1","0","0","0","0","data","data, city","2022cprize-25"
"Decolonizing energy: Black Lives Matter and technoscientific expertise amid solar transitions","M. Lennon","2017","article","1","0","0","0","0","1","0","0","energy","energy","2024cprize-12"
"Decolonizing Knowledge and the Question of the Archive","Achille Mbembe","","other","1","0","0","0","0","0","1","0","","knowledge, archive","2025cprize-18"
"Decolonizing Methodologies: Research and Indigenous Peoples","Linda Tuhiwai Smith","","book","1","1","0","0","0","0","0","0","","indigenous, research","2020cprize-14"
"Decolonizing museums: Representing Native America in national and tribal museums","A. Lonetree","2012","book","1","0","0","0","0","1","0","0","","","2024cprize-03"
"Decolonizing Nature: Contemporary Art and the Politics of Ecology","T.J. Demos","","book","1","0","1","0","0","0","0","0","ecological, nature","ecological","2021cprize-07"
"Decolonizing Professional Development: A Rehumanizing Approach","Anita E. Fernández","","article","1","0","0","1","0","0","0","0","","","2022cprize-19"
"Decolonizing the Design Process with Five Indigenous Land-Based Paradigms","Elsa Lam","2022","article","1","0","0","0","0","0","0","1","","indigenous, land, design","2026cprize-33"
"Decolonizing the Map","Raymond Craib","2017","book","1","0","0","0","1","0","0","0","","map","2023cprize-29"
"Deconstruction and Material Reuse in the Built Environment","A.R. Chini; T. Krehbiel","2002","article","1","0","0","0","0","0","0","1","environmental, material","material, reuse","2026cprize-49"
"Deep Mapping the Media City","Shannon Mattern","2015","book","1","0","0","0","1","0","0","0","","map, media, city","2023cprize-02"
"Defining Domestic Environmental Experience for Occupants' Mental Health and Wellbeing","S. Chowdhury; M. Noguchi; H. Doloi","2020","article","1","0","1","0","0","0","0","0","environmental, experience, health","experience","2021cprize-42"
"Degrowth is About Redistribution By Design, Not By Collapse","Mark Minkjan","2019","article","1","1","0","0","0","0","0","0","","design","2020cprize-66"
"Degrowth urban policy? The contemporary debate on post-growth alternatives and the challenges posed by soil consumption","P. Sassi","","chapter","1","0","0","0","0","0","1","0","","consumption, growth, urban","2025cprize-15"
"Demain (Tomorrow)","Cyril Dion; Melanie Laurent","2015","other","1","1","0","0","0","0","0","0","","","2020cprize-67"
"Dense Downtown vs. Suburban Dispersed: A Pilot Study on Urban Sustainability (Cities to Megacities: Shaping Dense Vertical Urbanism)","A. Wood; P. Du","2017","article","1","0","0","0","1","0","0","0","sustainable","sustainability, urban","2023cprize-35"
"Densidad diluida. Planeación urbana en la Zona Metropolitana de Monterrey / Diluted density. Urban planning in the Monterrey Metropolitan Area","S. Ferniza Quiroz; J. Manuel; F. Osuna","2021","article","1","0","0","0","1","0","0","0","","urban","2023cprize-21"
"Density Gradient Concrete Fabrication with Injection 3D Gypsum Printing","Il Hwan Kim","2024","article","1","0","0","0","0","0","0","1","","fabrication","2026cprize-66"
"Density is Home","Aurora Fernandez Per","2011","book","1","0","1","0","0","0","0","0","","","2021cprize-15"
"Deriving Human Activity from Geo-Located Data by Ontological and Statistical Reasoning","Zolzaya Dashdorj; Stanislav Sobolevsky; SangKeun Lee; Carlo Ratti","2018","article","1","0","0","1","0","0","0","0","human, data","data, human","2022cprize-25"
"Desalination Is Booming. But What About All That Toxic Brine?","Matt Simon","2019","article","1","0","1","0","0","0","0","0","","","2021cprize-29"
"Desarrollo cultural prehispánico en el valle del Alto Upano: Análisis cerámico del sitio La Lomita, Morona Santiago, Ecuador","E. Pazmiño","2009","article","1","0","0","0","0","1","0","0","","culture","2024cprize-03"
"Desert sand could offer low-carbon concrete alternative","Finite","2018","article","1","0","0","0","0","0","0","1","carbon","carbon","2026cprize-65"
"Deserta: ecología e industria en Atacama","Pedro Alonso","","book","1","0","0","0","0","0","0","1","","","2026cprize-51"
"Design after Design","Jeremy Till","2020","article","1","0","1","0","0","0","0","0","","design","2021cprize-44"
"Design and Construction of High-Performance Homes: Building Envelopes, Renewable Energy and Integrated Practice","Franca Trubiano","2012","book","1","0","1","0","0","0","0","0","energy","energy, construction, building, performance, design","2021cprize-26"
"Design and Construction Principles in Nature and Architecture","J. Knippers; T. Speck","2012","article","1","0","1","0","0","0","0","0","nature","construction, design, architecture","2021cprize-46"
"Design and construction strategies for reducing embodied impacts from buildings – Case study analysis","Tove Malmqvist; Marie Nehasilova; Alice Moncaster; Harpa Birgisdottir; Freja Nygaard Rasmussen; Aoife Houlihan Wiberg; José Potting","2018","article","1","0","0","0","0","0","0","1","","construction, embodied, design","2026cprize-12"
"Design and the Elastic Mind","Paola Antonelli","2008","book","1","1","0","0","0","0","0","0","","design","2020cprize-12"
"Design as an Adaptive Time-scape","S. Dickinson","2017","other","1","1","0","0","0","0","0","0","","adaptive, design","2020cprize-45"
"Design as Democracy: Techniques for Collective Creativity","David de la Pena; Diane Jones Allen; Randolph T. Hester Jr.; Jeffrey Hou; Laura J. Lawson; Marcia J. McNally","","book","1","0","0","0","0","0","0","1","","design","2026cprize-10"
"Design As Protest","","","website","1","0","1","0","0","0","0","0","","design","2021cprize-38"
"Design as Re-Assemblage","Claudia Bode; Lizzie Yarina","2019","chapter","1","0","0","0","0","0","1","0","","design","2025cprize-18"
"Design as Research","David Hinson","2007","article","1","1","0","0","0","0","0","0","","research, design","2020cprize-39"
"Design at the Intersection of Technology and Biology","Neri Oxman","2015","website","1","0","1","0","0","0","0","0","","technology, design","2021cprize-09"
"Design Criteria for Mosques & Islamic Centers: Art, Architecture & Worship","A. Kahera; C. Anz; L. Abdulmalik","2009","book","1","0","1","0","0","0","0","0","","design, architecture","2021cprize-12"
"Design Education for a Sustainable Future","Rob Fleming","","article","1","1","0","0","0","0","0","0","sustainable, future","sustainability, design, future","2020cprize-08"
"Design for Adaptability, Deconstruction, and Re-use: In times of crisis, a guide for how to design buildings that last","The American Institute of Architects","2023","report","1","0","0","0","0","1","0","0","","crisis, design","2024cprize-04"
"Design for Adaptability, Disassembly and Reuse – A Review of Reversible Timber Connection Systems","Lisa-Mareike Ottenhaus; Zidi Yan; Reinhard Brandner; Paola Leardini; Gerhard Fink; Robert Jockwer","2023","article","1","0","0","0","0","0","0","1","systems","reuse, system, timber, design","2026cprize-50"
"Design for Climate Change","Katie Puckett; W. Gethering","2012","book","1","0","1","0","0","0","0","0","climate, change","climate, change, design","2021cprize-22"
"Design for Deconstruction (DfD): Critical success factors for diverting end-of-life waste from landfills","O. O. Akinade; et al.","2017","article","1","0","0","0","0","1","0","0","critical","critical, waste, design","2024cprize-04"
"Design for Disassembly in the built environment: a guide to closed-loop design and building","B. Guy; N. Ciarimboli","2005","report","1","0","0","0","0","1","0","0","environmental","building, design","2024cprize-04"
"Design for Disassembly: Guidelines for Construction","European Commission","2013","report","1","0","0","0","0","0","0","1","","construction, design","2026cprize-49"
"Design for Earthquakes","James E. Ambrose; Dimitry Vergun","1999","book","1","1","0","0","0","0","0","0","","design","2020cprize-50"
"Design for Ecological Democracy","Randolph T. Hester","2006","book","1","1","0","0","0","0","0","0","ecological","ecological, design","2020cprize-06"
"Design for Flooding: Architecture, Landscape, and Urban Design for Resilience to Climate Change","Donald Watson; Michele Adams","","book","1","0","0","0","1","0","0","0","climate, change, resilience","climate, landscape, change, flood, urban, design, architecture","2023cprize-20"
"Design for Information","Isabel Meirelles","2013","book","1","0","1","0","0","0","0","0","","design","2021cprize-20"
"Design for Life","Sim Van der Ryn","","book","1","1","0","0","0","0","0","0","","design","2020cprize-08"
"Design for Relocation and Reassembly: Self-Determined Adaptability for the Shoalwater Bay Indian Tribe's Upland Expansion","Jacquelyn Crane","2025","other","1","0","0","0","0","0","0","1","","design","2026cprize-50"
"Design for the Deluge: Architecture for Flood Defense","Zachary Edelson","","article","1","0","1","0","0","0","0","0","","flood, design, architecture","2021cprize-38"
"Design for the Lowland Shoalwater, Vol IV","","2025","report","1","0","0","0","0","0","0","1","","design","2026cprize-50"
"Design for the Real World: Human Ecology and Social Change","Victor Papanek","1972","book","1","1","0","0","0","0","0","0","change, world, human, ecological","social, human, world, ecological, change, design","2020cprize-45"
"Design Is Storytelling","Ellen Lupton","2017","book","1","1","0","0","0","0","0","0","","design","2020cprize-12"
"Design Justice Network","","","website","1","0","1","0","0","0","0","0","justice","justice, design","2021cprize-21"
"Design Manual for Bicycle Traffic","CROW","2016","report","1","0","0","0","0","0","0","1","","design","2026cprize-46"
"Design Manual for Pedestrians","CROW","2025","report","1","0","0","0","0","0","0","1","","design","2026cprize-46"
"Design Methods for Sustainable, High-Performance Building Facades","A. Aksamija","2015","article","1","0","1","0","0","0","0","0","sustainable","building, performance, sustainability, design","2021cprize-01"
"Design Now podcast, Episode 4: Designing a Way Out of the Housing Crisis","","","website","1","0","0","0","0","1","0","0","","house, crisis, design","2024cprize-18"
"Design Principles for Museum Daylight Systems","E. Stach; M. Esposito","2024","other","1","0","0","0","0","0","1","0","systems","system, museum, design","2025cprize-08"
"Design Principles for Museum Daylight Systems Based on Nine Built Examples from Renzo Piano Building Workshop: A comparative analysis of space, structure and daylight","E. Stach; M. Esposito","2022","other","1","0","0","0","0","0","1","0","systems","building, system, structure, space, museum, design","2025cprize-08"
"Design Professional's Guide to Zero Net Energy Buildings","C. Eley","2016","book","1","0","0","0","1","0","0","0","energy","energy, design","2023cprize-37"
"Design Research in Architecture: An Overview","Murray Fraser","2013","book","1","1","0","0","0","0","0","0","","research, design, architecture","2020cprize-45"
"Design research methods for future mapping","S. Malhotra; L.K. Das; V.M. Chariar","2014","other","1","0","0","0","0","0","1","0","future","map, research, design, future","2025cprize-23"
"Design Research or Research Design? The Value of History and Theory in Architecture","Brent Sturlaugson","2016","chapter","1","1","0","0","0","0","0","0","","theory, history, research, design, architecture","2020cprize-46"
"Design with Life","Mitchell Joachim; Maria Aiolova","2019","book","1","0","0","0","0","0","1","0","","design","2025cprize-29"
"Design with the Desert: Conservation and Sustainable Development","ed. Richard Malloy","","book","1","0","0","0","0","1","0","0","sustainable","sustainability, design","2024cprize-27"
"Design within and for ""post-scarcity"" — opening lecture","Zachary Kaiser","2021","other","1","0","0","0","0","0","1","0","","design","2025cprize-15"
"Design, Ecology, Ethics and the Making of Things","William McDonough","1993","book","1","0","1","0","0","0","0","0","ecological","ecological, ethics, design","2021cprize-27"
"Design, fabrication and testing of discrete 3D sand-printed floor prototypes","M. Rippmann; A. Liew; T. Van Mele; P. Block","2018","article","1","0","0","0","0","0","1","0","","fabrication, design","2025cprize-13"
"Design, Politics, and Infrastructures of Immobility","Skye Niles; Shawhin Roudbari","2020","article","1","0","0","0","0","0","1","0","","design","2025cprize-31"
"Design-Build Studio Outcomes; Researching Potential vs Practice","Taylor Welty; Yoachim; Hogans","2019","other","1","1","0","0","0","0","0","0","","build, design","2020cprize-39"
"Designing 'Post-Industrial Society': Settler Colonialism and Modern Architecture in Palm Springs, California, 1876-1977","Shvartzberg Carrió, Manuel","2019","other","1","1","0","0","0","0","0","0","society","social, architecture","2020cprize-43"
"Designing a Green New Deal","","","other","1","1","0","0","0","0","0","0","","","2020cprize-60"
"Designing a New Industry (1946)","Buckminster Fuller","1946","chapter","1","0","0","0","0","0","0","1","","","2026cprize-14"
"Designing Aabow Mo'Alin Nur Mosque","S. Padget; H. Nur","2011","article","1","1","0","0","0","0","0","0","","","2020cprize-30"
"Designing and Building with Bamboo","Jules Janssen","","book","1","0","0","0","0","0","0","1","","building","2026cprize-34"
"Designing cities with children and young people: Beyond playgrounds and skate parks","K. Bishop (Ed.); L. Corkery (Ed.)","2017","book","1","0","0","0","1","0","0","0","","","2023cprize-18"
"Designing for Disaster: Domestic Architecture in the Era of Climate Change","Boyce Thompson","2019","book","1","0","1","0","0","0","0","0","climate, change","climate, change, disaster, architecture","2021cprize-22"
"Designing for the Climate Emergency: A Guide for Architecture Students","S. Pelsmakers; A. Hoggard; U. Kozminska; E. Donavan","2022","book","1","0","0","0","0","0","0","1","climate","climate, emergency, architecture","2026cprize-19"
"Designing Freedom","Stafford Beer","","book","1","0","0","0","0","0","0","1","","","2026cprize-11"
"Designing Healthy Communities","R. J. Jackson; S. Sinclair","2012","book","1","0","1","0","0","0","0","0","community","","2021cprize-22"
"Designing Lightness: Structures for Saving Energy","Adriaan Beukers; Ed van Hinte","2020","book","1","0","0","0","0","1","0","0","energy","energy","2024cprize-42"
"Designing Mycelium: Exploring the Design Potential of Fungi","Assia Crawford","2026","book","1","0","0","0","0","0","0","1","","design","2026cprize-08"
"Designing Neuroinclusive Laboratory Environments","K. Sargent; G. Clark","2024","report","1","0","0","0","0","0","0","1","","","2026cprize-63"
"Designing Neuroinclusive Workplaces: Advancing Sensory Processing and Cognitive Well-Being in the Built Environment","Kay Sargent","","book","1","0","0","0","0","0","0","1","environmental","","2026cprize-63"
"Designing patch dynamics","McGrath; Marshall; Cadenasso; Pickett; Plunz; Towers","2007","book","1","0","0","1","0","0","0","0","","","2022cprize-13"
"Designing Regenerative Cultures","D.C. Wahl","2016","book","1","0","0","0","0","1","0","0","","regenerative","2024cprize-07"
"Designing Spaces for Mechanical and Electrical Services (in The Architect's Studio Companion, Sixth Edition)","Edward Allen; Joseph Iano","2017","chapter","1","0","1","0","0","0","0","0","","architect","2021cprize-18"
"Designing Terra Nullius: Mid-Century Modernism and Settler-Colonial Leisure (in Coastal Architectures and Politics of Tourism)","Manuel Shvartzberg Carrió","2022","chapter","1","0","0","0","1","0","0","0","","coast, colonial","2023cprize-15"
"Designing towards Ecological Environments: A Modular Approach to Structure a Design Studio Sequence","O. Jenewein","2019","other","1","1","0","0","0","0","0","0","ecological","ecological, structure, design","2020cprize-06"
"Designing with Carbon","MVRDV","","website","1","0","0","0","0","0","1","0","carbon","carbon","2025cprize-33"
"Designing with the Wind: Climate-Derived Architecture","Lenka Kabošová; Dušan Katunský; Stanislav Kmeť","2023","chapter","1","0","0","0","0","1","0","0","climate","climate, architecture","2024cprize-37"
"Designing Zero Carbon Buildings: Embodied and Operational Emissions in Achieving True Zero","Ljubomir Jankovic","","book","1","0","0","0","0","0","1","0","carbon","embodied, emissions, carbon","2025cprize-33"
"Después del Fin del Mundo","","2017","other","1","1","0","0","0","0","0","0","","","2020cprize-05"
"Destructionment: Gates & Fakes Invade the Gullah/Geechee's Sea Islands","R. Thompson","2019","other","1","0","0","1","0","0","0","0","","sea","2022cprize-06"
"Detail in Contemporary Landscape Architecture","Virginia McLeod","","book","1","0","1","0","0","0","0","0","","landscape, architecture","2021cprize-11"
"DETAIL: Building Skins","Christian Schittich (ed.)","2006","book","1","1","0","0","0","0","0","0","","building","2020cprize-16"
"Detroit Strategic Framework Plan","Detroit Future City","2013","report","1","0","0","0","1","0","0","0","","plan","2023cprize-37"
"Developing an Adaptive Model of Thermal Comfort and Preference","Richard de Dear; Gail Brager","1998","article","1","0","1","0","0","0","0","0","","model, adaptive","2021cprize-31"
"Developing Expertise: Architecture and Real Estate in Metropolitan America","Sara Stevens","2016","book","1","1","0","0","0","0","0","0","","architecture","2020cprize-64"
"Development and Validation of Brief Measures of Positive and Negative Affect: The PANAS Scales","David Watson; Lee Anna Clark; Auke Tellegen","1988","article","1","0","0","0","0","0","0","1","","","2026cprize-43"
"Development of a heat vulnerability index for New York State","S. G. Nayak; S. Shrestha; P. L. Kinney; Z. Ross; S. C. Sheridan; C. I. Pantea; W. H. Hsu; N. Muscatiello; S. A. Hwang","2018","article","1","0","0","0","1","0","0","0","","heat","2023cprize-35"
"Development of a model to simulate groundwater inundation induced by sea-level rise and high tides in Honolulu, Hawaii","S. Habel; C. H. Fletcher; K. Rotzoll; A. I. El-Kadi","2017","article","1","0","0","0","0","0","0","1","","model, sea","2026cprize-27"
"Deviant Care for Deviant Futures: QTBIPoC Radical Relationalism as Mutual Aid","Ren-yo Hwang","2019","article","1","0","0","0","0","0","1","0","","radical","2025cprize-31"
"Diagramming the Big Idea","Jeffrey Balmer; Michael T. Swisher","2012","book","1","0","1","0","0","0","0","0","","","2021cprize-45"
"Diagramming Toledo/Ohio","A. Luescher; S. Shetty; S. MacPherson","2013","report","1","0","0","1","0","0","0","0","","","2022cprize-05"
"Diagrams of Diagrams: Architectural Abstraction and Modern Representation","Anthony Vidler","2000","article","1","0","0","0","1","0","0","0","","representation","2023cprize-09"
"Diagrams of the city/the city as diagram","B. McGrath; M. Garcia","2010","chapter","1","0","0","1","0","0","0","0","","city","2022cprize-13"
"Dickeyville Grotto","Father Mathias Wernerus","1925","other","1","0","0","1","0","0","0","0","","","2022cprize-28"
"Did the Anthropocene Begin in 1950 or 50,000 Years Ago?","David Biello","2015","article","1","0","1","0","0","0","0","0","","anthropocene","2021cprize-60"
"Die neue Stadt in Landschaft und Klima","Ernst Egli","1951","book","1","1","0","0","0","0","0","0","","","2020cprize-05"
"Differing Minds: Considering Neurodiversity in Educational Spaces","Laura Smyles; Emily J. Wright","2023","report","1","0","0","0","0","0","0","1","","","2026cprize-63"
"Digging Dusky Diamonds: A History of the Pennsylvania Coal Region","John R. Lindermuth","2013","book","1","0","1","0","0","0","0","0","","history","2021cprize-54"
"Digging Up the Past: Soil as Archive","Dubravka Sekulić; Milica Tomić; Philipp Sattler","2020","article","1","0","0","1","0","0","0","0","","archive","2022cprize-30"
"Digital Culture in Architecture: An Introduction for the Design Professions","Antoine Picon","2010","book","1","0","0","1","0","0","0","0","","digital, culture, design, architecture","2022cprize-27"
"Digital Drawing for Landscape Architecture","Bradley Cantrell","","book","1","1","0","0","0","0","0","0","","digital, drawing, landscape, architecture","2020cprize-40"
"Digital Ethnography: Principles and Practice","Sarah Pink; Heather Horst; John Postill; Larissa Hjorth; Tania Lewis; Jo Tacchi","","book","1","0","0","0","0","0","1","0","","digital","2025cprize-34"
"Digital Fabrication of Standardless Materials","K. MacDonald; K. Schumann; J. Hauptman","2019","article","1","0","0","0","0","1","0","0","material","material, digital, fabrication","2024cprize-23"
"Digital Fabrications: Designer Stories for a Software-Based Planet","Galo Cañizares","2019","book","1","0","0","0","0","1","0","0","","digital, planet","2024cprize-23"
"Digital Modeling for Urban Design","Brian McGrath","2008","book","1","1","0","0","0","0","0","0","","model, digital, urban, design","2020cprize-58"
"Digital Property: Open-Source Architecture","Wendy W. Fok; et al.","2016","book","1","0","0","0","0","1","0","0","","digital, property, architecture","2024cprize-39"
"Digital Storytelling and Preservation in Vermont","National Trust for Historic Preservation","2015","website","1","1","0","0","0","0","0","0","","digital, preservation","2020cprize-18"
"Digital Territories: Google maps as a political technique in re-making urban informality","Andres Luque-Ayala; Fabio Maia","2019","article","1","0","0","0","1","0","0","0","","digital, urban","2023cprize-29"
"Digital Workflows in Architecture: Design-Assembly-Industry","Scott Marble","","book","1","0","0","0","0","1","0","0","","digital, design, architecture","2024cprize-01"
"Digitally Disruptive Critical Regionalism: Climate, Place and Façade","C. L. Marcos; E. McCormick","2020","other","1","0","1","0","0","0","0","0","climate, critical","critical, climate, place","2021cprize-20"
"digitalstructures: Data and Urban Strategies of the Civic Future","Wendy W. Fok","2023","book","1","0","0","0","0","1","0","0","future, data","data, urban, future","2024cprize-39"
"Dilemmas in a General Theory of Planning","Horst Rittel; Melvin Webber","1973","article","1","1","0","0","0","0","0","0","","theory","2020cprize-07"
"Disaster Assistance Handbook","American Institute of Architects (AIA) Disaster Assistance Committee","2021","report","1","0","0","0","1","0","0","0","","disaster","2023cprize-36"
"Disaster Recovery Reform Act of 2018","U.S. Congress","2018","report","1","1","0","0","0","0","0","0","","disaster","2020cprize-04"
"Disaster Relief: A Psychological Approach to Temporary Housing","Colleen McDonough","2013","book","1","1","0","0","0","0","0","0","","house, disaster","2020cprize-50"
"Disaster resilience and environmental sustainability of incarceration infrastructures: A review of the literature","Sara Christina Glade; Skye Niles; Shawhin Roudbari; Phaedra C. Pezzullo; Shideh Dashti; Abbie Liel; Shelly Miller","2022","article","1","0","0","0","0","0","1","0","environmental, sustainable, resilience","disaster, sustainability","2025cprize-31"
"Disaster Response Practices","M. Madigan","2023","book","1","0","0","0","0","0","0","1","","disaster","2026cprize-27"
"Discipline and Punish: The Birth of the Prison","Michel Foucault","1975","book","1","0","0","0","0","0","1","0","","","2025cprize-31"
"Discordant Harmonies: A New Ecology for the Twenty-first Century","Daniel Botkin","1990","book","1","1","0","0","0","0","0","0","ecological","ecological","2020cprize-44"
"Discourse on Method","Rene Descartes","1637","book","1","1","0","0","0","0","0","0","","","2020cprize-30"
"Disjunctions","Bernard Tschumi","1987","article","1","0","0","0","1","0","0","0","","","2023cprize-17"
"Displacements: Architecture and Refugee","","2017","book","1","1","0","0","0","0","0","0","","architecture","2020cprize-14"
"Disposition","K. Easterling","2014","chapter","1","1","0","0","0","0","0","0","","","2020cprize-09"
"Disproportionate Climate Change Impacts on Racial and Social Minorities in California","Jayajit Chakraborty","2021","article","1","0","0","0","0","0","0","1","climate, change","social, climate, change, race","2026cprize-61"
"Disproportionate Exposure to Urban Heat Island Intensity across Major US Cities","Angel Hsu; Glenn Sheriff; Tirthankar Chakraborty; Diego Manya","","article","1","0","0","0","0","0","1","0","","heat, urban","2025cprize-35"
"Disruption/Evolution/Change: AIA's Vision for the Future of Design and Construction","American Institute of Architects","","report","1","1","0","0","0","0","0","0","change, future","construction, change, design, future","2020cprize-35"
"Dissenting Designers: Reading Activism and Advocacy in Architecture through a Sociological Lens","Matthew Rowe; Joris Gjata; Shawhin Roudbari","2020","article","1","0","0","0","0","0","1","0","","architecture","2025cprize-31"
"Distributed Urbanism: Cities After Google Earth","Gretchen Wilkins","","book","1","0","1","0","0","0","0","0","","earth","2021cprize-12"
"Distribution","Timothy Choy","2016","article","1","0","0","0","1","0","0","0","","","2023cprize-14"
"Diverse economies: performative practices for 'other worlds'","J.K. Gibson-Graham","2008","article","1","0","0","0","0","1","0","0","","","2024cprize-09"
"DMZ Cultural Center: The Role of Shared Space in the Korean Peninsula Crisis","J. Song","","article","1","0","0","0","1","0","0","0","","space, culture, crisis","2023cprize-19"
"Do Artifacts Have Politics?","Langdon Winner","1980","article","1","1","0","0","0","0","0","0","","","2020cprize-02"
"Do Glaciers Listen? Local Knowledge, Colonial Encounters, and Social Imagination","J. Cruikshank","2006","book","1","0","1","0","0","0","0","0","","social, local, knowledge, colonial","2021cprize-21"
"Do landscapes learn?: Ecology's 'new paradigm' & design in landscape architecture","R. Cook","1999","report","1","1","0","0","0","0","0","0","ecological","landscape, ecological, design, architecture","2020cprize-40"
"Do Stormwater Basins Generate co-Benefits? Evidence from Baltimore County, Maryland","N.B. Irwin; H.A. Klaiber; E.G. Irwin","2017","article","1","0","0","1","0","0","0","0","","","2022cprize-13"
"DOE Solar Decathlon 2011 – Living LightHouse","E. Stach; J. Rose","2011","other","1","0","0","0","0","0","1","0","","","2025cprize-08"
"Does the ecological concept of disturbance have utility in urban social–ecological–technological systems?","Grimm; Pickett; Hale; Cadenasso","2017","article","1","0","0","1","0","0","0","0","systems, ecological","social, technology, system, ecological, urban","2022cprize-13"
"Dog Star Man","Stan Brakhage","1961","other","1","0","0","0","0","0","0","1","","","2026cprize-30"
"Doing It Together: Cooperation Tools for the City Co-Governance","Laura Sobral","2019","book","1","0","0","0","0","0","0","1","","city","2026cprize-09"
"Dollar General Announces New Traditional Distribution Center and DG Fresh Cold Storage Facilities","Dollar General News Center","2020","website","1","0","0","1","0","0","0","0","","","2022cprize-03"
"Dollar General Announces Planned Expansion to 47th State","Dollar General News Center","2021","website","1","0","0","1","0","0","0","0","","","2022cprize-03"
"Dollar General Unveils Exciting, New and Differentiated Retail Store: Meet pOpshelf!","Dollar General News Center","2020","website","1","0","0","1","0","0","0","0","","","2022cprize-03"
"Dollar General Workers Stare Down Historic Union Vote, Vowing 'We're Gonna Fight'","Hamilton Nolan","2021","article","1","0","0","1","0","0","0","0","","","2022cprize-03"
"Domestic Animals: The Neoprimitive Style","Andrea Branzi","1987","book","1","0","0","0","0","1","0","0","","","2024cprize-31"
"Domesticity at War","Beatriz Colomina","1992","book","1","0","0","1","0","0","0","0","","","2022cprize-03"
"Don't Follow the Wind","N. Hirsh; J. Waite","2021","other","1","0","0","1","0","0","0","0","","","2022cprize-22"
"Donald Judd: Architecture in Marfa, Texas","U. Peter Flückiger","2021","book","1","0","0","0","1","0","0","0","texas","architecture","2023cprize-23"
"Donna Haraway: Story Telling for Earthly Survival","Fabrizio Terranova","2016","film","1","0","0","0","0","0","0","1","","","2026cprize-48"
"Double Exposure: On Dan Graham","Beatriz Colomina","2011","chapter","1","0","0","0","0","0","0","1","","","2026cprize-15"
"Double Negative","Michael Heizer","1969","other","1","0","0","1","0","0","0","0","","","2022cprize-28"
"Double Negative Process Drawings","Michael Heizer","1969","other","1","0","0","1","0","0","0","0","","","2022cprize-28"
"Dow Town","Carol Chapman","1998","article","1","0","1","0","0","0","0","0","","","2021cprize-43"
"Down at the Farms","","","website","1","0","0","0","0","1","0","0","","","2024cprize-11"
"Downtown High-Rise vs. Suburban Low-Rise Living: A Pilot Study on Urban Sustainability","P. Du; A. Wood","2017","report","1","0","0","0","1","0","0","0","sustainable","sustainability, urban","2023cprize-35"
"Dr. Strangelove's Strange Environmental Lesson for Architects","Christopher L. Cosper","2020","website","1","0","0","0","1","0","0","0","environmental","","2023cprize-10"
"Draining New Orleans: The 300-year Quest to Dewater the Crescent City","Richard Campanella","","book","1","0","0","0","0","1","0","0","","city","2024cprize-20"
"Drawing a Hypothesis: Figures of Thought","Nikolaus Gangsterer","2017","book","1","0","0","0","0","0","0","1","","drawing","2026cprize-59"
"Drawing and Making in the Landscape Medium","James Corner","2014","chapter","1","0","0","1","0","0","0","0","","drawing, landscape","2022cprize-30"
"Drawing Architecture","Neil Spiller","2013","article","1","0","0","0","1","0","0","0","","drawing, architecture","2023cprize-09"
"Drawing Climate: Visualizing Invisible Elements of Architecture","Daniel Ryan; Jennifer Ferng; Eric L'Heureux","2021","book","1","0","0","0","0","0","0","1","climate","drawing, climate, architecture","2026cprize-59"
"Drawing Things Together (in Knowledge and Society Studies in the Sociology of Culture Past and Present)","Bruno Latour","","chapter","1","0","1","0","0","0","0","0","society","social, drawing, knowledge, culture","2021cprize-18"
"Dream (in Anthropocene Unseen: A Lexicon)","Timothy Morton","2020","chapter","1","0","0","0","1","0","0","0","","anthropocene","2023cprize-23"
"Dreamscapes of Modernity: Sociotechnical Imaginaries and the Fabrication of Power","Sheila Jasanoff; Sang-Hyun Kim","2015","book","1","0","1","0","0","0","0","0","","fabrication","2021cprize-47"
"Drinking the Winds: Monsoon as Atmospheric Spring","Christina Leigh Geros","2021","article","1","0","0","0","0","0","0","1","","","2026cprize-48"
"Drop Dead Detroit!","Paige Williams","","article","1","0","0","0","0","0","0","1","","","2026cprize-13"
"Drosscape: Wasting Land in Urban America","Alan Berger","2007","book","1","1","0","0","0","0","0","0","","land, urban","2020cprize-16"
"Dry Matters: Speculations for an Arid Future","Danika Cooper","2023","article","1","0","0","0","0","0","1","0","future","future","2025cprize-02"
"Dry Run: Preventing the Next Urban Water Crisis","Jerry Yudelson","2010","book","1","0","1","0","0","0","0","0","","water, crisis, urban","2021cprize-29"
"Dumping in Dixie: Race, Class, and Environmental Quality","Robert D. Bullard","2000","book","1","0","0","0","0","0","0","1","environmental","race","2026cprize-20"
"Duress: Imperial Durabilities in Our Time","Ann Stoler","2016","book","1","0","1","0","0","0","0","0","","","2021cprize-60"
"Dwellers in the Land: The Bioregional Vision","Kirkpatrick Sale","1985","book","1","1","0","0","0","0","0","0","","land","2020cprize-05"
"Dwelling","Robert Pogue Harrison","","chapter","1","1","0","0","0","0","0","0","","","2020cprize-63"
"Dying with their Boots On (in Killing for Coal)","Thomas Andrews","2010","chapter","1","0","0","0","0","0","1","0","","","2025cprize-01"
"Dymaxion Map","Buckminster Fuller","1954","other","1","0","0","1","0","0","0","0","","map","2022cprize-28"
"Dynamic Facade Unplugged (in Brooklyn says ""Move to Detroit"": proceedings of the ACSA 105th Annual Meeting 2017)","J. Song; J. Shim","2017","other","1","0","0","0","1","0","0","0","","","2023cprize-19"
"Dynamic Symmetries in the work of Anne Tyng","Alicia Imperiale","2011","chapter","1","1","0","0","0","0","0","0","","","2020cprize-49"
"E.O. 14013: Rebuilding and Enhancing Programs to Resettle Refugees and Planning for the Impact of Climate Change on Migration","","2021","report","1","0","0","0","0","0","1","0","climate, change, impact","climate, change, migration","2025cprize-28"
"Eaarth: Making a Life on a Tough New Planet","Bill McKibben","2010","book","1","1","0","0","0","0","0","0","","planet","2020cprize-59"
"Earth Architecture","Ron Rael","","book","1","0","0","0","0","1","0","0","","earth, architecture","2024cprize-27"
"Earth as Construction Material in the Circular Economy Context: Practitioner Perspectives on Barriers to Overcome","Jean-Claude Morel; Rabia Charef; Erwan Hamard; Antonin Fabbri; Chris Beckett; Quoc-Bao Bui","2021","article","1","0","0","0","1","0","0","0","material, economic","material, economy, construction, earth","2023cprize-01"
"Earth Beings: Ecologies of Practice Across Andean Worlds","Marisol de la Cadena","2015","book","1","0","0","0","0","0","0","1","","ecological, earth","2026cprize-20"
"Earth Studio: Resilient Caribbean","","","report","1","0","0","0","0","0","0","1","","earth, resiliency","2026cprize-10"
"Earth Works","Michael Heizer","","other","1","0","1","0","0","0","0","0","","earth","2021cprize-13"
"Earth: The Sequel, The Race to Reinvent Energy and Stop Global Warming","Fred Krupp; Miriam Horn","","book","1","0","1","0","0","0","0","0","energy, global","energy, global, earth, warming, race","2021cprize-26"
"Earthly poison: arsenic in the Bengal delta (in Architecture and the Paradox of Dissidence)","Nabil Ahmed","2014","chapter","1","0","0","0","0","1","0","0","","architecture","2024cprize-38"
"Earthwork as Framework","David Leatherbarrow","2004","chapter","1","0","0","1","0","0","0","0","","","2022cprize-30"
"Eating Architecture","Paulette Singley; Jamie Horwitz","","book","1","0","1","0","0","0","0","0","","architecture","2021cprize-53"
"Eco-Tripping: Ant Farm's Environmental Media","Felicity Scott","2019","article","1","1","0","0","0","0","0","0","environmental","media","2020cprize-21"
"Ecocriticism and Science: Toward Consilience?","Glen A. Love","1999","article","1","0","1","0","0","0","0","0","science","science","2021cprize-10"
"Ecofeminist Philosophy: A Western Perspective on What It Is and Why It Matters","Karen J. Warren","2000","book","1","1","0","0","0","0","0","0","","","2020cprize-49"
"Ecological Design: Strategies for the Vulnerable City","Inter-American Development Bank","","report","1","0","0","0","0","0","1","0","ecological","ecological, city, design","2025cprize-34"
"Ecological Feminist Philosophies","Karen Warren","1996","book","1","1","0","0","0","0","0","0","ecological","ecological","2020cprize-49"
"Ecological Responses to Recent Climate Change","G-R. Walther; E. Post; P. Convey; A. Menzel; C. Parmesan; T.J.C. Beebee; J-M. Fromentin; O. Hoegh-Guldberg; F. Bairlein","2002","article","1","0","1","0","0","0","0","0","climate, change, ecological","climate, ecological, change","2021cprize-04"
"Ecological Systems Theory as Architectural Design Process: The Diagram that Traces Matter and Energy Through Architecture","Meredith Sattler","2020","article","1","0","1","0","0","0","0","0","systems, energy, ecological","energy, system, ecological, theory, design, architecture","2021cprize-47"
"Ecological Urbanism in Latin America","Ana María Durán Calisto","2019","book","1","0","0","0","0","1","0","0","ecological","ecological","2024cprize-03"
"Ecological Urbanism, Revised Edition","M. Mostafavi; G. Doherty","2016","book","1","0","0","0","0","0","1","0","ecological","ecological","2025cprize-12"
"Ecologics (Special Issue)","","2011","other","1","0","0","0","1","0","0","0","issue","","2023cprize-17"
"Ecologies of Fear","Mike Davis","1995","book","1","0","0","0","1","0","0","0","","ecological","2023cprize-29"
"Ecologies of Inception: Design Potentials on a Warming Planet","Simone Ferracina","2022","book","1","0","0","1","0","0","0","0","","ecological, planet, warming, design","2022cprize-08"
"Ecologies of Prosperity For the Living","Alexander Wall; Margarita Jover","2019","book","1","1","0","0","0","0","0","0","","ecological","2020cprize-59"
"Ecologies of the Envelope","Alejandro Zaera-Polo","2018","website","1","0","1","0","0","0","0","0","","ecological","2021cprize-09"
"Ecology 5.0 (in Ground Metabolism)","Pierre Belanger","2014","chapter","1","1","0","0","0","0","0","0","ecological","ecological","2020cprize-41"
"Ecology and Flexibility in Urban Civilization","G. Bateson","","chapter","1","1","0","0","0","0","0","0","ecological","ecological, urban","2020cprize-09"
"Ecology in Islam","Rosemary Hancock","2019","article","1","0","0","0","0","1","0","0","ecological","ecological","2024cprize-13"
"Ecology of a Cracker Childhood","Janisse Ray","","book","1","1","0","0","0","0","0","0","ecological","ecological","2020cprize-63"
"Ecology, for the Evolution of Planning and Design","Ian McHarg","1968","article","1","1","0","0","0","0","0","0","ecological","ecological, design","2020cprize-05"
"Ecología Urbana: Ciudades Regenerativas","Rodrigo Ochoa-Jurado","2021","book","1","0","0","0","0","1","0","0","","","2024cprize-07"
"Economising Subsidies for Green Housing Features: A Stated Preference Approach","Yung Yau; Shuk Man Chiu; Wai Kin Lau","2014","article","1","1","0","0","0","0","0","0","","house","2020cprize-23"
"Ecopolis, Architecture and Cities for a Changing Climate","Paul F. Downton","","book","1","0","1","0","0","0","0","0","climate","climate, architecture","2021cprize-26"
"EcoRedux: Design Remedies for a Dying Planet","Lydia Kallipoliti","2011","other","1","1","0","0","0","0","0","0","","planet, design","2020cprize-44"
"Ecoscenography: An Introduction to Ecological Design for Performance","T. Beer","2021","book","1","0","0","0","0","0","0","1","ecological","performance, ecological, design","2026cprize-08"
"Ecosystems and Human Well-being: Scenarios, Volume 2 (United Nations Millennium Ecosystem Assessment)","Steve Carpenter; et al.","2005","report","1","0","0","0","0","1","0","0","human","human","2024cprize-40"
"Ecotechnic Futures: Reframing Arcology for the Anthropocene","Simone Ferracina; Lorenzo Ratti","2025","article","1","0","0","0","0","0","0","1","","anthropocene","2026cprize-38"
"Ecumenopolis: The Inevitable City of the Future","Constantinos Doxiadis","","book","1","1","0","0","0","0","0","0","future","city, future","2020cprize-54"
"Edge City, Heart City, Drop City","Dolores Hayden","1976","chapter","1","0","0","1","0","0","0","0","","city","2022cprize-07"
"Effects of Urbanization on Species Richness","M.L. McKinney","2008","article","1","1","0","0","0","0","0","0","","species","2020cprize-58"
"Efficiency","Paolo Bacigalupi","","other","1","0","0","0","0","1","0","0","","","2024cprize-32"
"Eight Examples of Using Indigenous Knowledge for Urban Biodiversity","Henrique Mercer; Viviana Figueroa; Andre Mader; Oliver Hillel","2017","report","1","1","0","0","0","0","0","0","","indigenous, knowledge, urban","2020cprize-58"
"El Campo De Cebada","","2010","other","1","1","0","0","0","0","0","0","","","2020cprize-60"
"El Segundo","jones, partners: architecture","2017","book","1","0","0","0","1","0","0","0","","","2023cprize-32"
"Eladio Dieste: The Engineer's Contribution to Contemporary Architecture","R. Pedreschi","2004","other","1","0","0","0","0","0","0","1","","engineer, architecture","2026cprize-08"
"Electrical Systems in Buildings","S. David Hughes","1988","book","1","0","1","0","0","0","0","0","systems","system","2021cprize-11"
"Electrifying the American West, 1880-1940","David Nye","1997","article","1","1","0","0","0","0","0","0","","","2020cprize-62"
"Elemental Ecocriticism: Thinking with Earth, Air, Water, and Fire","Jeffrey Jerome Cohen; Lowell Duckert","2015","book","1","1","0","0","0","0","0","0","","water, earth, air","2020cprize-12"
"Elinor Ostrom's Rules for Radicals: Cooperative Alternatives Beyond Markets and States","Derek Wall","2017","book","1","1","0","0","0","0","0","0","","","2020cprize-60"
"Eloge de la créolité","Jean Bernabé; et al.","1993","book","1","0","0","0","0","1","0","0","","","2024cprize-42"
"Emancipation Betrayed: The Hidden History of Black Organizing and White Violence in Florida From Reconstruction to the Bloody Election of 1920","Paul Ortiz","","book","1","0","1","0","0","0","0","0","","history","2021cprize-38"
"Embassy After Next: Lead the Way, Set the Pace","U.S. Department of State Bureau for Overseas Building Operations (OBO)","2019","report","1","0","0","0","1","0","0","0","","","2023cprize-36"
"Embodied and Operational Carbon in Buildings","Shveta Mohan; Vijayalaxmi J.","","other","1","0","0","0","0","0","0","1","carbon","embodied, carbon","2026cprize-07"
"Embodied Carbon in Buildings: Measurement, Management, and Mitigation","Francesco Pomponi; Catherine De Wolf; Alice Moncaster","2018","book","1","0","1","0","0","0","0","0","carbon","embodied, management, mitigation, carbon","2021cprize-57"
"Embodied Carbon Measurement, Mitigation and Management Within Europe, Drawing on a Cross-Case Analysis of 60 Building Case Studies","A.M. Moncaster; H. Birgisdottir; T. Malmqvist; F. Nygaard Rasmussen; A. Houlihan Wiberg; E. Soulti","2018","chapter","1","0","0","0","0","0","0","1","carbon","building, drawing, embodied, management, mitigation, carbon","2026cprize-12"
"Emboss Tower (in The Ethical Imperative: proceedings of the ACSA 106th Annual Meeting)","J. Song","","other","1","0","0","0","1","0","0","0","","ethics","2023cprize-19"
"Embossed Structural Skin for Tall Buildings","J. Song; D. Lee; J. Erickson; J. Hao; T. Wu; B. Kim","2018","article","1","0","0","0","1","0","0","0","","structure","2023cprize-19"
"Emergency Egress Standards","Bryan L. Hoskins; Jeanne Homer","2016","website","1","1","0","0","0","0","0","0","","emergency","2020cprize-07"
"Emergency Exit","Daniel A. Barber","","article","1","0","0","0","1","0","0","0","","emergency","2023cprize-15"
"Emergent Strategy: Shaping Change, Changing Worlds","Adrienne Maree Brown","2017","book","1","0","1","0","0","0","0","0","change","change","2021cprize-39"
"Emergent Urbanisms","Patty Heyda","2012","other","1","1","0","0","0","0","0","0","","","2020cprize-34"
"Emerging Environmental Justice Issues in Nuclear Power and Radioactive Contamination","Dean Kyne; Bob Bolin","2016","article","1","0","0","0","0","1","0","0","environmental, justice, issue","justice","2024cprize-02"
"Emergy Analysis of Building Manufacturing, Maintenance and Use: Em-building Indices to Evaluate Housing","R.M. Pulselli; et al.","2007","article","1","1","0","0","0","0","0","0","","building, house","2020cprize-09"
"Emotional evaluation of architectural interior forms based on personality differences using virtual reality","M. Banei; et al.","2019","article","1","0","0","0","0","0","1","0","","interior, virtual","2025cprize-25"
"Emotive Architecture: Design Strategies for Urbanization and Rural Revitalization","Na Wei","2024","article","1","0","0","0","0","0","0","1","","rural, design, architecture","2026cprize-43"
"Empathetic Programming to Foster Inclusion (in Programming for Health and Wellbeing in Architecture)","Robin Z. Puttock","2022","chapter","1","0","0","0","0","1","0","0","health","architecture","2024cprize-34"
"Empire by Collaboration: Indians, Colonists, and Governments in Colonial Illinois Country","Robert Michael Morrissey","2015","book","1","0","0","1","0","0","0","0","","collaboration, colonial","2022cprize-19"
"Empire in the Hills: The Making of Hill Stations in Colonial India","Queeny Pradhan","2007","article","1","0","0","0","1","0","0","0","","colonial","2023cprize-15"
"Empire of Borders: The Expansion of the US Border around the World","Todd Miller","","book","1","0","1","0","0","0","0","0","world","world","2021cprize-17"
"Empire's Tracks: Indigenous Nations, Chinese Workers, and the Transcontinental Railroad","Manu Karuka","2019","book","1","1","0","0","0","0","0","0","","indigenous","2020cprize-14"
"Empirical Operational Energy Analysis of Downtown High-Rise vs. Suburban Low-Rise Lifestyles: A Chicago Case Study","P. Du; A. Wood; B. Stephens","2016","article","1","0","0","0","1","0","0","0","energy","energy","2023cprize-35"
"EN 15804+A2:2019: Sustainability of Construction Works - Environmental Product Declarations - Core Rules for the Product Category of Construction Products","European Committee for Standardisation","2019","report","1","0","0","0","0","0","0","1","environmental, sustainable","construction, sustainability","2026cprize-12"
"En Route (in On Time: Technology and Temporality in Modern Egypt)","On Barak","2013","chapter","1","0","0","0","0","0","1","0","","technology","2025cprize-01"
"Encapsulation: Inner Worlds and Their Discontents","Chris Otter","2018","article","1","0","0","0","0","0","1","0","","","2025cprize-01"
"Enclosure as Ecological Apparatus: Biosphere 2's 'Human Experiment'","Meredith Sattler","2020","chapter","1","0","1","0","0","0","0","0","human, ecological","human, ecological","2021cprize-47"
"Encounters with Climate: A Dossier of Architectural Precedents","S. Allen; et al.","2016","chapter","1","0","1","0","0","0","0","0","climate","climate","2021cprize-63"
"Encyclical on Climate Change and Inequality: On Care for Our Common Home","Pope Francis","2015","report","1","1","0","0","0","0","0","0","climate, change","climate, change","2020cprize-21"
"Ending the Coalfield to Prison Pipeline","Billy Fleming; Al McCullough","2023","article","1","0","0","0","0","0","1","0","","","2025cprize-31"
"Endless 'Sustainable' Growth Is an Oxymoron","Christopher L. Cosper","2021","website","1","0","0","0","1","0","0","0","sustainable","growth, sustainability","2023cprize-10"
"Endless Cities","R. Burdett; D. Sudjic","2010","book","1","1","0","0","0","0","0","0","","","2020cprize-04"
"Endogenous Technological Change","Paul M. Romer","1990","article","1","0","1","0","0","0","0","0","change","technology, change","2021cprize-57"
"Energetic Forms of Matter","A. Ida","2018","chapter","1","1","0","0","0","0","0","0","energy","energy","2020cprize-45"
"Energies: New Material Boundaries","Sean Lally","2009","book","1","1","0","0","0","0","0","0","material","energy, material","2020cprize-12"
"Energopower","Dominic Boyer","","chapter","1","1","0","0","0","0","0","0","","","2020cprize-25"
"Energopower: An Introduction","Dominic Boyer","2014","article","1","0","1","0","0","0","0","0","","","2021cprize-18"
"Energy Accounts: Architectural Representations of Energy, Climate, and the Future","","2016","book","1","1","0","0","0","0","0","0","climate, energy, future","energy, climate, future","2020cprize-21"
"Energy and Design: Making Architecture between Metrics and Narratives","David Benjamin","","book","1","0","0","0","0","0","1","0","energy","energy, design, architecture","2025cprize-33"
"Energy and Environment in Architecture: A Technical Design Guide","N. Baker; K. Steemers","2000","book","1","0","0","1","0","0","0","0","environmental, energy","energy, technology, technical, design, architecture","2022cprize-07"
"Energy and Form in the Aftermath of Sustainability","Kiel Moe","2017","article","1","1","0","0","0","0","0","0","energy, sustainable","energy, sustainability","2020cprize-64"
"Energy and Form: An Ecological Approach to Urban Growth","Ralph Knowles","1972","book","1","0","0","1","0","0","0","0","energy, ecological","energy, ecological, growth, urban","2022cprize-07"
"Energy and the Evolution of Culture","Leslie White","","article","1","0","1","0","0","0","0","0","energy","energy, culture","2021cprize-02"
"Energy Conservation in Buildings: Techniques for Economical Design","C.W. Griffin","1974","book","1","1","0","0","0","0","0","0","energy","energy, design","2020cprize-05"
"Energy Cooperatives of the Twenty-First Century: The Story of Walnut: February 5th, 2232","Ilona Helm Brown; Priya Chien Hong; Jake Boswell","2024","article","1","0","0","0","0","0","1","0","energy","energy","2025cprize-35"
"Energy Efficiency","Natural Resources Canada","2021","website","1","0","0","1","0","0","0","0","energy","energy","2022cprize-31"
"Energy flows and the self-organization of societies as dissipative structures","François Roddier; Mireille Roddier","2023","article","1","0","0","0","0","1","0","0","energy","energy","2024cprize-28"
"Energy Follows Form: Design Parameters & Energy Use","P. Menti; R. Gadola; C. Hoger","","article","1","0","0","1","0","0","0","0","energy","energy, design","2022cprize-07"
"Energy Humanities: A Reader","Dominic Boyer; Imre Szeman","2017","book","1","0","1","0","0","0","0","0","energy","energy, humanities","2021cprize-02"
"Energy in the Modern World: Fossil-Fueled Civilization","Vaclav Smil","2017","article","1","1","0","0","0","0","0","0","energy, world","energy, world","2020cprize-25"
"Energy Innovation and Traditional Knowledge","Ameyali Ramos Castillo; Kirsty Galloway McLean","2012","article","1","1","0","0","0","0","0","0","energy","energy, knowledge, innovation","2020cprize-58"
"Energy Metropolis: An Environmental History of Houston and the Gulf Coast","Martin V. Melosi; Joseph A. Pratt","","book","1","0","1","0","0","0","0","0","environmental, energy","energy, history, coast","2021cprize-43"
"Energy Narratives","David E. Nye","1993","article","1","1","0","0","0","0","0","0","energy","energy","2020cprize-46"
"Energy Regimes and the Ideology of Efficiency","Langdon Winner","1982","article","1","0","0","0","0","0","1","0","energy","energy","2025cprize-01"
"Energy Technology Perspectives","International Energy Agency","2016","report","1","1","0","0","0","0","0","0","energy","energy, technology","2020cprize-33"
"Energy Transitions","Vaclav Smil","","chapter","1","0","1","0","0","0","0","0","energy","energy","2021cprize-02"
"Energy Use in the Life Cycle of Conventional and Low-Energy Buildings: A Review Article","I. Sartori; A.G. Hestnes","2007","article","1","0","1","0","0","0","0","0","energy","energy","2021cprize-57"
"Energy Values in Unequal Exchange","S. G. Bunker","1988","chapter","1","1","0","0","0","0","0","0","energy","energy","2020cprize-09"
"Energy-saving Strategies for New Research Facilities","Steven Mahler; Allan Ames","2010","article","1","0","0","0","1","0","0","0","energy","energy, research","2023cprize-40"
"Energyscapes","Alexander Ivančić","2010","book","1","1","0","0","0","0","0","0","","","2020cprize-05"
"Engaging faith-based communities for rural coastal resilience: lessons from collaborative learning on the Chesapeake Bay","Christine D. Miller Hesed; Elizabeth R. Van Dolah; Michael Paolisso","2020","article","1","0","0","0","1","0","0","0","community, resilience","collaboration, coast, rural","2023cprize-20"
"Engaging the Field","William Sherman","2005","chapter","1","0","0","0","1","0","0","0","","","2023cprize-09"
"Engineering and Sustainable Community Development","Juan C. Lucena; Jen Schneider; Jon A. Leydens","","book","1","1","0","0","0","0","0","0","sustainable, community","engineer, sustainability","2020cprize-67"
"Engineering Building First Floor Plan Modalities","Johnson, Vincente","2025","other","1","0","0","0","0","0","0","1","","building, engineer, plan","2026cprize-63"
"Engineering the Dutch Empire: Irrigation, the Colonial State and Ideology in Java 1832-1942","Wim Ravesteijn","2017","book","1","0","1","0","0","0","0","0","","engineer, colonial","2021cprize-17"
"Enough: The Architecture of Degrowth","","2019","other","1","1","0","0","0","0","0","0","","architecture","2020cprize-66"
"Entangled Earth","Nabil Ahmed","2013","article","1","0","0","0","0","0","0","1","","earth","2026cprize-48"
"Entrepreneuring a Regenerative Society","K.A. Poldner","2020","other","1","0","0","0","0","1","0","0","society","social, regenerative","2024cprize-07"
"Enviromedics: The Impact of Climate Change on Human Health","J. Lemery; P. Auerbach","2017","book","1","0","1","0","0","0","0","0","climate, change, human, impact, health","human, climate, change","2021cprize-22"
"Environment Spaces (in A Foray into the Worlds of Animals and Humans: with A Theory of Meaning)","Jacob von Uexkull","2010","chapter","1","0","1","0","0","0","0","0","environmental","theory","2021cprize-18"
"Environment-Webs","Lola Sheppard","2002","article","1","0","0","0","0","1","0","0","environmental","","2024cprize-40"
"Environmental Conservation","Raymond F. Dasmann","1972","book","1","1","0","0","0","0","0","0","environmental","","2020cprize-05"
"Environmental Culture: The Ecological Crisis of Reason","Valerie Plumwood","2001","book","1","0","0","1","0","0","0","0","environmental, ecological","ecological, culture, crisis","2022cprize-15"
"Environmental Design Primer","Tom Bender","1973","book","1","1","0","0","0","0","0","0","environmental","design","2020cprize-05"
"Environmental Design, Systems Thinking, and Human Agency: McHarg's Ecological Method (1969) & Carl Steinitz and Peter Rogers' Experiment in Interdisciplinary Education (1968)","Moa Carlsson","","article","1","0","0","1","0","0","0","0","environmental, systems, human, ecological","human, system, ecological, design, agency","2022cprize-08"
"Environmental education in a neoliberal climate","D. Hursh; J. Henderson; D. Greenwood","2015","article","1","0","0","0","1","0","0","0","climate, environmental","climate","2023cprize-18"
"Environmental Engineering: Fundamentals, Sustainability, Design","J. R. Mihelcic; J. B. Zimmerman","2009","book","1","0","0","1","0","0","0","0","environmental, sustainable","engineer, sustainability, design","2022cprize-31"
"Environmental Ethics and Sustainability in Housing Design","Indrė Gražulevičiūtė-Vileniškė; Artūras Narvydas","2013","article","1","1","0","0","0","0","0","0","environmental, sustainable","house, ethics, sustainability, design","2020cprize-23"
"Environmental Health Clinic","Nathalie Jeremijenko","","other","1","1","0","0","0","0","0","0","environmental, health","","2020cprize-49"
"Environmental Histories of Architecture Reading List","Kim Förster; Claire Lubell","2022","report","1","0","0","0","0","1","0","0","environmental","architecture","2024cprize-40"
"Environmental History in China","Bao Mahong","","article","1","1","0","0","0","0","0","0","environmental","history","2020cprize-24"
"Environmental justice as process: Discursive strategies in contested urban landscapes","James C. Fraser; Colin Howard","2017","article","1","0","0","0","0","1","0","0","environmental, justice","landscape, justice, urban","2024cprize-37"
"Environmental Justice in the 21st Century: Race Still Matters","R. D. Bullard","2015","article","1","0","0","1","0","0","0","0","environmental, justice","justice, race","2022cprize-05"
"Environmental Plains and Prairie Bluffs along the Mississippi River on Southwestern Illinois: The Case of Stookey","R. González","2019","article","1","0","1","0","0","0","0","0","environmental","river","2021cprize-12"
"Environmental Policies and Efforts in Social Housing: The Netherlands","Minna Sunikka; Claudia Boon","2003","article","1","1","0","0","0","0","0","0","environmental","social, house","2020cprize-23"
"Environmental Psychology for Design","D.A. Kopec","2018","book","1","0","1","0","0","0","0","0","environmental","design","2021cprize-42"
"Environmental Racism in St. Louis","","2019","report","1","0","0","0","0","0","1","0","environmental","","2025cprize-05"
"Environmental Stewardship","AIA","2019","report","1","0","1","0","0","0","0","0","environmental","","2021cprize-36"
"Environmental Tectonics: Forming Climatic Change","Steve Hardy","2008","book","1","1","0","0","0","0","0","0","change, environmental","change","2020cprize-45"
"Environmental Violence","Forensic Architecture","","website","1","1","0","0","0","0","0","0","environmental","","2020cprize-02"
"Environmentality: Technologies of Government and the Making of Subjects","Arun Agrawal","2005","book","1","1","0","0","0","0","0","0","","technology","2020cprize-61"
"Environmentally Sustainable Growth","Steven Cohen","2023","book","1","0","0","0","0","0","0","1","sustainable","growth, sustainability","2026cprize-14"
"Environments of Maximum Power","William Braham","","chapter","1","1","0","0","0","0","0","0","","","2020cprize-63"
"Envisioning the Future of the Louisiana Gulf Coast","Donald F. Boesch","2020","report","1","0","0","0","0","0","0","1","future","coast, future","2026cprize-37"
"Epilogue (in Utopia or Oblivion: The Prospects for Humanity)","R. Buckminster Fuller","2008","chapter","1","0","0","0","1","0","0","0","","","2023cprize-14"
"Epilogue: The Ecology of Finitude (in Forests: The Shadow of Civilization)","Robert Pogue Harrison","1992","chapter","1","0","0","0","1","0","0","0","ecological","ecological","2023cprize-17"
"Epochal Aesthetics: Affectual Infrastructures of the Anthropocene","Kathryn Yusoff","","chapter","1","0","0","0","1","0","0","0","","anthropocene","2023cprize-11"
"Erasing the Face: Solar Control and Shading in Post-Colonial Architecture","William Braham","2000","article","1","0","1","0","0","0","0","0","","colonial, architecture","2021cprize-20"
"Erasure in the Historically Black Community of Altadena","Victor Jones","2026","article","1","0","0","0","0","0","0","1","community","","2026cprize-61"
"Eric Klarenbeek","Eric Klarenbeek","","website","1","0","0","0","1","0","0","0","","","2023cprize-24"
"Escape from the Revolving Door","Robert McCarter","1987","chapter","1","0","0","1","0","0","0","0","","","2022cprize-11"
"Escaping carbon lock-in","G.C. Unruh","2002","article","1","0","0","0","0","0","1","0","carbon","carbon","2025cprize-31"
"Essays on Thermodynamics, Architecture and Beauty","Abalos, Iñaki; Renata Sentkiewicz","2015","book","1","0","0","0","0","0","0","1","","architecture","2026cprize-66"
"Essential Building Science: Understanding Energy and Moisture in High Performance House Design","Jacob Deva Racusin","","book","1","0","1","0","0","0","0","0","energy, science","energy, building, science, performance, house, design","2021cprize-58"
"Establishing a Reference Performance for Office Buildings in Cairo, Egypt","Mansy","2013","article","1","0","1","0","0","0","0","0","","performance","2021cprize-36"
"Estimates of Coastal Populations","J.E. Cohen; et al.","1997","article","1","0","1","0","0","0","0","0","","coast","2021cprize-27"
"Eternal Gardens and Wretched Hives: The Representation of Cities and Urban Ideologies in Popular Science Fiction Films","Phillip Crosby","2018","article","1","0","1","0","0","0","0","0","science","science, representation, urban","2021cprize-56"
"Ethical Relativism and Critical Regionalism: An Ethical Viewpoint on the Non-western Architectural Professions","Supasai Vongkulbhisal","2017","article","1","0","0","0","0","0","0","1","critical","critical, ethics","2026cprize-57"
"Ethics and the Practice of Architecture","Barry Wasserman","","book","1","0","1","0","0","0","0","0","","ethics, architecture","2021cprize-50"
"Europe: The First 100 Million Years","Tim Flannery","2018","book","1","1","0","0","0","0","0","0","","","2020cprize-05"
"Evaluating Lived Landscapes and Quotidian Architecture of Muslim Devon (in Homogenization of Representations)","Arijit Sen","2012","chapter","1","0","0","0","1","0","0","0","","landscape, architecture","2023cprize-26"
"Evaluating mitigation strategies for urban heat island in Mandaue City using ENVI-met","A. Cortes; A. J. Rejuso; J. A. Santos; A. Blanco","2022","article","1","0","0","0","1","0","0","0","","heat, mitigation, city, urban","2023cprize-35"
"Evaluating the ENVI-met microscale model for suitability in analysis of targeted urban heat mitigation strategies","P. J. Crank; D. J. Sailor; G. Ban-Weiss; M. Taleghani","2018","article","1","0","0","0","1","0","0","0","","model, heat, mitigation, urban","2023cprize-35"
"Even in Paradise","Elizabeth Nunez","","book","1","0","0","0","0","0","1","0","","","2025cprize-34"
"Everglades Stormwater Treatment Areas","South Florida Water Management District","2014","website","1","0","0","1","0","0","0","0","","","2022cprize-16"
"Everyday Life in the Modern World","Henri Lefebvre","1968","book","1","0","0","1","0","0","0","0","world","world","2022cprize-03"
"Everything Is Already an Image","John May","2017","article","1","0","0","0","1","0","0","0","","","2023cprize-09"
"Everything to Lose: The Struggle to Save the Planet","Alyssa Battistoni","2019","book","1","0","1","0","0","0","0","0","","planet","2021cprize-52"
"Evidence for Landscape Transformation of Ridgetop Forests in Amazonian Ecuador","W. Balée; T. Swanson; M.G. Zurita-Benavides; J.C.R. Macedo","2023","article","1","0","0","0","0","1","0","0","","landscape","2024cprize-03"
"Evoking the Primal","Terunobu Fujimori","","other","1","1","0","0","0","0","0","0","","","2020cprize-33"
"Evolo Skyscraper Competition","Evolo","","website","1","0","0","0","0","0","1","0","","","2025cprize-08"
"Evolutionary Infrastructures","M. Weiss; M. A. Manfredi","2016","chapter","1","0","1","0","0","0","0","0","","","2021cprize-63"
"Evolving an Environmental Aesthetic","Stephen Kieran","2008","chapter","1","0","0","0","0","0","0","1","environmental","","2026cprize-33"
"Examples of Redesigning Packaging","Edward Denison; Guang Yu Ren","2001","chapter","1","0","0","0","0","0","0","1","","","2026cprize-03"
"Exaptive Architectures","Simone Ferracina","2013","chapter","1","0","0","1","0","0","0","0","","","2022cprize-08"
"Exaptive Design: Radical Co-Authorship as Method","Simone Ferracina","2019","chapter","1","0","0","1","0","0","0","0","","radical, design","2022cprize-08"
"Excerpted from the 12th Edition of Architectural Graphic Standards","The National Institute of Building Sciences","","book","1","0","1","0","0","0","0","0","","","2021cprize-29"
"Excerpts (in Mechanization Takes Command)","Siegfried Giedion","1948","book","1","0","1","0","0","0","0","0","","","2021cprize-18"
"Excerpts (in We Have Never Been Modern)","Bruno Latour","","chapter","1","0","1","0","0","0","0","0","","","2021cprize-18"
"Excess, Catastrophe, and Climate Change","Kathryn Yusoff","","article","1","1","0","0","0","0","0","0","climate, change","climate, change","2020cprize-21"
"Exelixis Case Study, AIA Headquarters, DC","","","other","1","0","0","1","0","0","0","0","","","2022cprize-01"
"Exercise on the Perimeter of a Square","Sigurður Guðmundsson","1967","other","1","0","0","1","0","0","0","0","","","2022cprize-28"
"Existence, Space and Architecture","Christian Norberg-Schulz","","book","1","0","1","0","0","0","0","0","","space, architecture","2021cprize-12"
"Existing Buildings Are Architecture's Future","Paula Melton","2020","report","1","0","1","0","0","0","0","0","future","architecture, future","2021cprize-09"
"EXODUS or the Voluntary Prisoners of Architecture","Rem Koolhaas; Elia Zenghelis; Madelon Vriesendorp; Zoe Zenghelis","1972","other","1","0","0","0","0","1","0","0","","architecture","2024cprize-16"
"Experience or Interpretation: The Dilemma of Museums of Modern Art","Nicholas Serota","2000","book","1","0","1","0","0","0","0","0","experience","experience","2021cprize-59"
"Experiential Learning and Land Stewardship in Architectural Research Methods","Liz Martin-Malikian","2025","other","1","0","0","0","0","0","0","1","","land, research","2026cprize-38"
"Experimental Dwellings","Daniel Barber","","chapter","1","0","0","1","0","0","0","0","","","2022cprize-07"
"Experimental Study of Operating Conditions and Integration of Thermoelectric Materials in Facade Systems","A. Aksamija; Z. Aksamija; C. Counihan; D. Brown; M. Upadhyaya","2019","article","1","0","1","0","0","0","0","0","systems, material","material, system","2021cprize-01"
"Experimental Testing to Enhance the Design of Daylighting Systems: A Case Study on the Implementation of Laboratory-Oriented Design in Undergraduate Education","Mansy","2010","article","1","0","1","0","0","0","0","0","systems","system, design","2021cprize-36"
"Experimentation Matters: Unlocking the Potential of New Technologies for Innovation","Stefan H. Thomke","","book","1","0","1","0","0","0","0","0","","technology, innovation","2021cprize-20"
"Exploring the Palace of the Peacock: Essays on Wilson Harris","Joyce Sparer Adler","2003","book","1","1","0","0","0","0","0","0","","","2020cprize-61"
"Exploring the Relationship between Residential Segregation and Thermal Inequity in 20 U.S. Cities","Bruce Coffyn Mitchell; et al.","2018","article","1","0","0","0","0","0","1","0","","","2025cprize-35"
"Exploring the Role of AI in Urban Design Research: A Comparative Analysis of Analogical and Machine Learning Approaches","C. Brisotto; J. Carney; F. Foroutan; K. Saldana; W. Schroder","2023","article","1","0","0","0","0","0","0","1","","urban, research, ai, design","2026cprize-12"
"Exporting the Spaceship: The Connected Isolation of Masdar City","Gökçe Günel","2019","chapter","1","0","0","0","0","1","0","0","","city","2024cprize-13"
"Extraction Syllabus","CENHS","","website","1","0","1","0","0","0","0","0","","extraction","2021cprize-43"
"Extraction: The Frontiers of Green Capitalism","Thea Riofrancos","2025","book","1","0","0","0","0","0","0","1","","capitalism, extraction","2026cprize-55"
"Eyes That Do Not See: Tracking the Self in the Age of the Data Center","Kazys Varnelis","2014","article","1","0","0","0","0","1","0","0","data","data","2024cprize-39"
"Facade Construction Manual","Thomas Herzog; et al.","2000","book","1","1","0","0","0","0","0","0","","construction","2020cprize-16"
"Facilitation and/or Manipulation? Lawrence Halprin and 'Taking Part'","Alison B. Hirsch","2012","article","1","1","0","0","0","0","0","0","","","2020cprize-49"
"Fact Sheet No.21, The Right to Adequate Housing","United Nations","2021","report","1","0","0","0","0","1","0","0","","house","2024cprize-08"
"Fair Food Program","","","website","1","1","0","0","0","0","0","0","","food","2020cprize-12"
"Fair Trade","","","website","1","1","0","0","0","0","0","0","","","2020cprize-12"
"Fallow City (for Detroit)","","","book","1","0","1","0","0","0","0","0","","city","2021cprize-07"
"Famines as failures of exchange entitlements","A. Sen","1976","article","1","0","0","0","0","0","1","0","","","2025cprize-15"
"Far from Equilibrium (essay ""Radical Anamnesis (Mourning the Future)"")","Sanford Kwinter","2007","book","1","0","0","0","0","0","1","0","future","radical, future","2025cprize-14"
"Farming Cuba: Urban Agriculture From the Ground Up","Carey Clouse","2014","book","1","1","0","0","0","0","0","0","","urban","2020cprize-32"
"Fashionopolis: The Price of Fast Fashion & the Future of Clothes","Dana Thomas","2020","book","1","0","1","0","0","0","0","0","future","future","2021cprize-41"
"Fast Forward Urbanism","Dana Cuff; R. Sherman","2011","book","1","0","0","0","0","0","0","1","","","2026cprize-17"
"Fatal Couplings of Power and Difference: Notes on Racism and Geography","Ruth Wilson Gilmore","2002","article","1","0","0","0","0","0","0","1","","","2026cprize-61"
"Faustian Economics","Wendell Berry","2008","article","1","0","0","0","1","0","0","0","","","2023cprize-06"
"Feasibility Study of a Ground Sourced Thermoelectric Heat Pump Fitted in Single Family Detached Homes in Different Climate Zones of New York State","A. Wasti; Y. Hwang; B. Matalucci; A. Tsamis; T. Borca-Tasciuc","2025","article","1","0","0","0","0","0","0","1","climate","climate, heat","2026cprize-66"
"Feral Architecture","","2019","chapter","1","1","0","0","0","0","0","0","","architecture","2020cprize-49"
"Feral Atlas: The More-Than-Human Anthropocene","Anna L. Tsing; Jennifer Deger; Alder Keleman Saxena; Feifei Shou","","book","1","0","0","0","0","1","0","0","human","non-human, human, anthropocene","2024cprize-01"
"Feral Biologies","Anna Tsing","","other","1","0","0","0","0","0","0","1","","","2026cprize-56"
"Feral: Rewilding the Land, the Sea, and Human Life","George Monbiot","2016","book","1","0","0","0","0","0","1","0","human","human, land, sea","2025cprize-04"
"Ferguson Primer: A Radical Atlas","Patty Heyda","2020","book","1","0","1","0","0","0","0","0","","radical","2021cprize-52"
"FEW Workshop: Defining the Opportunities and Challenges for Research and Design Strategies to Support Innovations at the Nexus of Food, Energy, and Water Systems (INFEWS)","S. Padget","2018","report","1","1","0","0","0","0","0","0","systems, energy","energy, water, system, food, research, design","2020cprize-30"
"Field Guide to Illumination","","","book","1","1","0","0","0","0","0","0","","","2020cprize-26"
"Field Observations into the Environmental Soul: Spatial Configuration and Social Life for People Experiencing Dementia","F. Ferdous; K. D. Moore","2015","article","1","0","1","0","0","0","0","0","environmental","social, space","2021cprize-22"
"Field Trip: The Berlin Wall as Architecture","Rem Koolhaas","","other","1","0","0","0","0","1","0","0","","architecture","2024cprize-16"
"Fielding Climate Change in Cultural Anthropology","C. Roncoli; T. Crane; B. Orlove","2016","chapter","1","0","1","0","0","0","0","0","climate, change","climate, culture, change","2021cprize-63"
"Fields of sustainable architecture","C. Owen; K. Dovey","2008","article","1","1","0","0","0","0","0","0","sustainable","sustainability, architecture","2020cprize-64"
"Fifteen Million Merits","Black Mirror","2011","other","1","1","0","0","0","0","0","0","","","2020cprize-33"
"Fighting Invasive Infrastructures: Indigenous Relations against Pipelines","Anne Spice","","article","1","0","0","1","0","0","0","0","","indigenous","2022cprize-02"
"Fighting Traffic: The Dawn of the Motor Age in the American City","Peter D. Norton","2008","book","1","0","0","0","0","0","0","1","","city","2026cprize-46"
"Figurative art in medieval Islam: And the riddle of Bihzâd of Herat (1465-1535)","Michael Barry","2004","book","1","0","0","0","0","1","0","0","","","2024cprize-16"
"Filomène and His Mariane (translation of anonymous La Mariane du Filomène, 1596)","","2025","book","1","0","0","0","0","0","1","0","","","2025cprize-29"
"Fire (in Anthropocene Unseen: A Lexicon)","Daniel Fisher","2020","chapter","1","0","0","0","1","0","0","0","","anthropocene","2023cprize-23"
"Firmitas Utilitas Venustas, Second Edition","Jeanne Homer (ed.); John H. Bryant; Mohammed Bilbeisi; David Hanser; Cheryl Morgan","2009","book","1","1","0","0","0","0","0","0","","","2020cprize-07"
"First Nations","Alberta Government","","website","1","0","1","0","0","0","0","0","","","2021cprize-21"
"First Nations Protocol Agreements","Alberta Government","","website","1","0","1","0","0","0","0","0","","","2021cprize-21"
"FIU Digital Collections Center","","","website","1","1","0","0","0","0","0","0","","digital","2020cprize-18"
"Fixed Capital in the Industrial Revolution in Britain","Sidney Pollard","1964","article","1","0","0","0","0","0","1","0","","","2025cprize-01"
"Fixing the Sky: The Checkered History of Weather and Climate Control","James R. Fleming","2010","book","1","0","0","0","1","0","0","0","climate","climate, weather, history","2023cprize-14"
"Flesh: Architectural Probes","Elizabeth Diller; et al.","1994","book","1","0","1","0","0","0","0","0","","","2021cprize-61"
"Flight Ways: Life and Loss at the Edge of Extinction","Thom van Dooren","2014","book","1","0","0","0","0","0","0","1","","","2026cprize-20"
"Flint Michigan, Environmental Racism and Racial Capitalism","Laura Pulido","","article","1","0","0","0","0","1","0","0","environmental","capitalism, race","2024cprize-38"
"Flood Factor","First Street Foundation","2020","website","1","0","1","0","0","0","0","0","","flood","2021cprize-60"
"Flood Risk Management Strategy","Norwegian Water Resources and Energy Directorate (NVE)","","report","1","0","0","0","0","0","0","1","","risk, management, flood","2026cprize-54"
"Flooding, Recovery & Hydraulic Citizenship in Post-Harvey Houston","Center for Energy and Environmental Research in the Human Sciences","","report","1","0","1","0","0","0","0","0","","flood","2021cprize-43"
"Floodplain and Coastal Hazard Mapping Data","Charleston County GIS Department; Georgetown County GIS Department","2023","report","1","0","0","0","0","0","0","1","data","data, map, coast","2026cprize-60"
"Floodplain Buyouts: Challenges, Practices, and Lessons Learned","A.R. Siders; Logan Gerber-Chavez","2021","report","1","0","0","0","0","0","1","0","","","2025cprize-16"
"Floor Plan Atlas: Housing","Friederike Schneider","1997","book","1","0","1","0","0","0","0","0","","plan, house","2021cprize-15"
"FLOOR.DWG","Keller Easterling","2012","article","1","1","0","0","0","0","0","0","","","2020cprize-46"
"Florida Sea Grant","","","website","1","1","0","0","0","0","0","0","","sea","2020cprize-38"
"Fluid Matters: Water Footprint of Building Materials","A. Ida","2019","chapter","1","1","0","0","0","0","0","0","material","material, water, building","2020cprize-45"
"Fluid Vernacular","Lizzie Yarina; Lomiata Niuatui","2017","article","1","0","0","0","0","0","1","0","","vernacular","2025cprize-18"
"Flying Carpets: Académie De France à Rome, Villa Medici","Philippe-Alain Michaud","2012","book","1","0","0","0","0","1","0","0","","","2024cprize-16"
"Foams: Spheres III","Peter Sloterdijk","2016","book","1","1","0","0","0","0","0","0","","","2020cprize-62"
"Focus: Thick Things: Introduction","Ken Adler","2007","article","1","0","1","0","0","0","0","0","","","2021cprize-47"
"Folding the Columbia","Maya Lin","2017","other","1","0","0","1","0","0","0","0","","","2022cprize-28"
"Follow the Thing: Papaya","Ian Cook","2004","article","1","1","0","0","0","0","0","0","","","2020cprize-46"
"Following the Infrastructures of Empire: Notes on Cities, Settler Colonialism, and Method","Deborah Cowen","2020","article","1","0","0","0","0","0","1","0","","","2025cprize-01"
"Food + Agriculture Organization of the United Nations (FAO)","","","website","1","1","0","0","0","0","0","0","","food","2020cprize-12"
"Food Access Research Atlas","USDA Economic Research Service","2021","website","1","0","0","1","0","0","0","0","","food, research","2022cprize-03"
"Food as commons: Towards a new relationship between the public, the civic and the private","Olivier de Schutter; et al.","2019","chapter","1","0","0","0","0","1","0","0","","public, food, private","2024cprize-11"
"Food Forever","","","website","1","1","0","0","0","0","0","0","","food","2020cprize-12"
"Food Hubs and Rebuilding Missing Middle Market Structure in Agriculture: The Social in Supply Chain Development","Stephen Luoni","2021","article","1","0","0","0","0","1","0","0","","social, structure, food","2024cprize-11"
"Food Innovation Global Mission","","","website","1","1","0","0","0","0","0","0","global","global, innovation, food","2020cprize-12"
"Food Insecurity in Rural America","Joy Rayanne Piontak; Michael D. Schulman","2014","article","1","0","0","1","0","0","0","0","","food, rural","2022cprize-06"
"Food Policy Council (FPC)","","","website","1","1","0","0","0","0","0","0","","food","2020cprize-12"
"Food Routes: Growing Bananas in Iceland and Other Tales from the Logistics of Eating","Robyn Metcalfe","2019","book","1","1","0","0","0","0","0","0","","food","2020cprize-12"
"Food Shapers","","","website","1","1","0","0","0","0","0","0","","food","2020cprize-12"
"Footprints through the Weather-World: Walking, Breathing, Knowing","Tim Ingold","2010","article","1","0","0","0","0","0","0","1","world","world, weather","2026cprize-59"
"For a Terrestrial Politics: An Interview with Bruno Latour","Camille Riquier","2018","article","1","1","0","0","0","0","0","0","","","2020cprize-21"
"For Climate's Sake!: A Visual Reader of Climate Change","Rene P. Schwarzenbach","2012","book","1","1","0","0","0","0","0","0","climate, change","visual, climate, change","2020cprize-12"
"For the Green New Deal","Kim Stanley Robinson","2020","article","1","0","1","0","0","0","0","0","","","2021cprize-56"
"Ford Calumet Environmental Center / Solar Carve and Rooftop Urban Meadows / Island in the Sky","Jeanne Gang","2018","other","1","1","0","0","0","0","0","0","environmental","urban","2020cprize-49"
"Fordism and the City","","","book","1","1","0","0","0","0","0","0","","city","2020cprize-27"
"Forecasting: principles and practice","R.J. Hyndman; G. Athanasopoulos","2018","book","1","0","0","0","0","0","1","0","","","2025cprize-23"
"Forensic Architecture: Violence at the Threshold of Detectability","Eyal Weizman","2017","book","1","0","0","0","1","0","0","0","","architecture","2023cprize-09"
"Forest Forms and Ethical Life","Eduardo Kohn","2022","article","1","0","0","0","0","0","0","1","","ethics","2026cprize-48"
"Forgotten Foods Network","","","website","1","1","0","0","0","0","0","0","","","2020cprize-12"
"Form & Data: Collective Housing Projects, An Anatomical Review","a+t Research Group","2016","book","1","0","0","1","0","0","0","0","data","data, house","2022cprize-29"
"Form and Flow: The Spatial Politics of Urban Resilience and Climate Justice","Kian Goh","","book","1","0","0","0","0","0","1","0","climate, justice, resilience","climate, space, justice, urban","2025cprize-35"
"Form and Function Follow Climate","Philippe Rahm","2007","article","1","1","0","0","0","0","0","0","climate","climate","2020cprize-20"
"Form Follows Love","Anna Heringer","","book","1","0","0","0","0","0","0","1","","","2026cprize-06"
"Form, Substance, and Difference (in Steps to an Ecology of Mind)","Gregory Bateson","2000","chapter","1","1","0","0","0","0","0","0","ecological","ecological","2020cprize-45"
"Forming Anti-racist Spaces","Shawhin Roudbari; Ana Damari Colon Quinones; Ann Marie Dang","2019","other","1","0","0","0","0","0","1","0","","","2025cprize-31"
"Formulations: Architecture, Mathematics, Culture","Andrew Witt","","book","1","0","0","0","0","1","0","0","","culture, architecture","2024cprize-39"
"Fossil Fuel Production in a 2°C World: The Equity Implications of a Diminishing Carbon Budget","Sivan Kartha; Michael Lazarus; Kevin Tempest","2016","report","1","0","0","0","0","0","1","0","world, carbon","world, fossil fuel, carbon","2025cprize-35"
"Fossil fuels and fossil kin: An environmental kin study of weaponised fossil kin and Alberta's so-called ""energy resources heritage""","Z. Todd","2022","article","1","0","0","0","0","1","0","0","environmental, energy, resource","energy, resource, fossil fuel","2024cprize-12"
"Fossil Knowledge Networks: Industry Strategy, Public Culture, and the Challenge for Critical Research","Bret Gustafson","2011","article","1","0","1","0","0","0","0","0","critical","public, critical, knowledge, culture, research","2021cprize-52"
"Four Corridors: Design Initiative for RPA's Fourth Regional Plan","Paul Lewis; Guy Nordenson; Catherine Seavitt","2019","book","1","0","0","0","0","0","1","0","","plan, design","2025cprize-29"
"Four Lessons from the Leading Edge of Sustainable Design","AIA","2017","website","1","0","1","0","0","0","0","0","sustainable","sustainability, design","2021cprize-58"
"Four Lessons on Land, Space, and Resistance in Survivance","","2021","article","1","0","0","0","0","0","0","1","","land, space","2026cprize-24"
"Four Philosophies of Technology","Alan Drengson","1982","article","1","0","1","0","0","0","0","0","","technology","2021cprize-30"
"Four Trace Concepts in Landscape Architecture (in Recovering Landscape: Essays in Contemporary Landscape Architecture)","C. Girot","2009","chapter","1","0","0","0","1","0","0","0","","landscape, architecture","2023cprize-21"
"Four ways architects can fight climate change","Paula Melton","2018","article","1","1","0","0","0","0","0","0","climate, change","climate, change","2020cprize-38"
"Framework for Design Excellence","American Institute of Architects Committee on the Environment (AIA COTE)","2020","report","1","0","0","0","0","0","0","1","","design","2026cprize-60"
"Framework Houses of the Siegen Industrial Region","B. Becher; H. Becher","2000","book","1","0","0","0","1","0","0","0","","","2023cprize-37"
"Framing the Commons: Starting Small","","2025","chapter","1","0","0","0","0","0","0","1","","","2026cprize-17"
"Frederick Law Olmsted and the Dialectical Landscape; Strata: A Geophotographic Fiction; Quasi-Infinities and the Waning of Space","Robert Smithson","1996","chapter","1","0","0","0","0","0","0","1","","landscape, space","2026cprize-55"
"Freedom to Breathe Ep. 1: Social Justice is Climate Justice","Peril and Promise","2019","website","1","0","1","0","0","0","0","0","climate, justice","social, climate, justice","2021cprize-09"
"Freedom's Ballot: African American Political Struggles in Chicago from Abolition to the Great Migration","Margaret Garb","2014","book","1","0","0","1","0","0","0","0","","migration","2022cprize-19"
"Freeness in Architecture","Junya Ishigami","2015","article","1","0","1","0","0","0","0","0","","architecture","2021cprize-09"
"Freespace Manifesto","Yvonne Farrell; Shelley McNamara","2017","other","1","0","1","0","0","0","0","0","","","2021cprize-09"
"Frei Otto: Thinking by Modeling","","2016","other","1","1","0","0","0","0","0","0","","model","2020cprize-55"
"French 2D Builds Practice Side-by-Side","Jessica Libby; Hao Zheng","2020","article","1","0","0","0","0","0","0","1","","","2026cprize-15"
"Fresh Water. Design Research for inland water territories","M.P. McGuire; J.M. Henson","2021","book","1","0","0","0","0","0","1","0","","water, research, design","2025cprize-07"
"Friction: An Ethnography of Global Connection","Anna Tsing","2004","book","1","1","0","0","0","0","0","0","global","global","2020cprize-02"
"Fridays for Future","","","website","1","1","0","0","0","0","0","0","future","future","2020cprize-21"
"From Agit-prop to Free Space","Stanley","","book","1","1","0","0","0","0","0","0","","space","2020cprize-33"
"From Banks and Tanks to Cooperation and Caring: A Strategic Framework for a Just Transition","Movement Generation","2017","report","1","0","0","1","0","0","0","0","","","2022cprize-02"
"From Bauhaus to Ecohouse","Peder Anker","2010","book","1","1","0","0","0","0","0","0","","","2020cprize-30"
"From Being to Becoming: Time and Complexity in the Physical Sciences","Ilya Prigogine","1980","book","1","1","0","0","0","0","0","0","science","science, physical","2020cprize-45"
"From Civil to Civic - Replacement of an Icon: The Ribbon of Light Viaduct in L.A.","Victor J. Jones; Kelly Shannon","2016","article","1","0","0","0","0","0","1","0","","","2025cprize-36"
"From Colonial Style to Regional Revivalism: Modern Architecture in Lebanon and the Problem of Cultural Identity","Jad Tabet","1998","chapter","1","1","0","0","0","0","0","0","","culture, colonial, architecture","2020cprize-17"
"From Garden to Landscape: Jean-Marie Morel and the Transformation of Garden Design","Joseph Disponzio","2001","article","1","0","0","0","1","0","0","0","","landscape, design","2023cprize-17"
"From heat racism and heat gentrification to urban heat justice in the USA and Europe","Isabelle Anguelovski; et al.","2024","article","1","0","0","0","0","0","0","1","justice","heat, justice, urban","2026cprize-36"
"From Hero to Newcomen: The Critical Scientific and Technological Developments That Led to the Invention of the Steam Engine","Harry Kitsikopoulos","2013","article","1","0","0","0","1","0","0","0","critical","technology, science, critical","2023cprize-17"
"From Luxury to Necessity (in Air-Conditioning America: Engineers and the Controlled Environment, 1900–1960)","Gail Cooper","1998","chapter","1","0","1","0","0","0","0","0","environmental","air","2021cprize-18"
"From Obsolescence to Sustainability, Back Again, and Beyond","Daniel M. Abramson","2012","article","1","0","0","0","1","0","0","0","sustainable","sustainability","2023cprize-15"
"From Oil to Information: Caudill, Rowlett, Scott and Architectures of the Energy Crisis","B. Jack Hanly","2024","article","1","0","0","0","0","0","1","0","energy","energy, crisis, oil","2025cprize-35"
"From Pineapple Plantation to Tourist Plantation on Lānaʻi (in Detours: A Decolonial Guide to Hawaiʻi)","Laura E. Lyons","2019","chapter","1","0","0","0","1","0","0","0","","","2023cprize-15"
"From Plantations to the National Trust's Sites of Enslavement: Reconsidering Sites of Enslavement","Elon Cook Lee","2021","article","1","0","0","0","0","1","0","0","","","2024cprize-18"
"From Pop-Up to Permanent","J. Greco","2012","article","1","0","0","1","0","0","0","0","","","2022cprize-13"
"From Realpolitik to Dingpolitik: How to Make Things Public","Bruno Latour","2005","chapter","1","1","0","0","0","0","0","0","","public, make","2020cprize-21"
"From Solution Space to Interface: Six Actions for Landscape Infrastructure Design","Alexander Robinson; Brian Davis","2018","chapter","1","1","0","0","0","0","0","0","infrastructure","infrastructure, landscape, space, design","2020cprize-40"
"From the Gospel of Efficiency to Modernism: A History of Sweet's Catalogue, 1906–1947","Andrew M. Shanken","2005","article","1","1","0","0","0","0","0","0","","history","2020cprize-02"
"From the Inside Out: China's Post-Socialist Housing Reform","","2024","chapter","1","0","0","0","0","0","0","1","","house","2026cprize-17"
"From What Is to What If: Unleashing the Power of Imagination to Create the Future We Want","Rob Hopkins","2019","book","1","0","0","0","0","1","0","0","future","future","2024cprize-32"
"Fronts: Military Urbanisms and the Developing World","Kripa; Mueller","2020","book","1","0","0","0","1","0","0","0","world","world","2023cprize-16"
"Fugitive Plans in the Provisional City: Slums and Public Housing in Los Angeles","Dana Cuff","2001","chapter","1","0","1","0","0","0","0","0","","public, house, city","2021cprize-53"
"Fulfilling America's Pledge: How States, Cities and Businesses are Leading the United States to a Low-Carbon Future","Nathan Hultman; Shannon Kennedy; Christina Bowman","2019","report","1","1","0","0","0","0","0","0","future, carbon","carbon, future","2020cprize-41"
"Function of the Museum","Daniel Buren","1973","chapter","1","0","1","0","0","0","0","0","","museum","2021cprize-59"
"Functionalism and Technology (in Theory and Design in the First Machine Age)","Reyner Banham","","chapter","1","0","1","0","0","0","0","0","","technology, theory, design","2021cprize-18"
"Fundamentals of Building Construction: Materials and Methods (Fifth Edition)","Ed Allen; Joseph Iano","2008","book","1","1","0","0","0","0","0","0","material","material, construction, building","2020cprize-16"
"Fungal Architecture","Philip Ayres","","website","1","0","0","0","1","0","0","0","","architecture","2023cprize-24"
"Future Cities: Architecture and the Imagination","Paul Dobraszczyk","2019","book","1","0","1","0","0","0","0","0","future","architecture, future","2021cprize-56"
"Future Coastal Population Growth and Exposure to Sea-Level Rise and Coastal Flooding - A Global Assessment","B. Neumann; A. T. Vafeidis; J. Zimmermann; R. J. Nicholls","2015","article","1","0","0","0","1","0","0","0","future, global","global, growth, coast, flood, sea, future","2023cprize-20"
"Future Food Institute","","","website","1","1","0","0","0","0","0","0","future","food, future","2020cprize-12"
"Future Remains: A Cabinet of Curiosities for the Anthropocene","Gregg Mitman; Marco Armiero; Robert S. Emmett (eds.)","2017","book","1","1","0","0","0","0","0","0","future","anthropocene, future","2020cprize-21"
"Futures by Design: The Practice of Ecological Planning","Doug Aberley","1994","book","1","1","0","0","0","0","0","0","ecological","ecological, design","2020cprize-05"
"Futurities Rethought: On the Political Imminences of Runaway Nature","Adriana Petryna","","article","1","0","0","0","0","0","0","1","nature","","2026cprize-48"
"Gabra Containers","Labelle Prussin","1987","article","1","0","0","0","1","0","0","0","","","2023cprize-05"
"Gaia's Body: Toward a Physiology of Earth","Tyler Volk","1998","book","1","0","1","0","0","0","0","0","","earth","2021cprize-47"
"Gaia, the Urgency to Think (and Feel)","Isabelle Stengers","2015","article","1","0","0","0","0","0","0","1","","","2026cprize-48"
"Garbage Housing","Martin Pawley","1975","book","1","0","0","0","0","0","0","1","","house","2026cprize-03"
"Garbage Matters: Concepts in New Geographies of Waste","Sarah Moore","","article","1","1","0","0","0","0","0","0","","waste","2020cprize-46"
"Garden Republics or Plantation Regimes? (in The Purposes of Paradise: U.S. Tourism and Empire in Cuba and Hawaiʻi)","Christine Skwiot","2010","chapter","1","0","0","0","1","0","0","0","","","2023cprize-15"
"Gardening and urban landscaping: significant players in global change","Ü. Niinemets; J. Peñuelas","2008","article","1","0","0","0","1","0","0","0","change, global","global, change, urban","2023cprize-21"
"Gasping for Air: Climate Change and the Black Community","Hip Hop Caucus","","other","1","1","0","0","0","0","0","0","climate, change, community","climate, change, air","2020cprize-69"
"Gathering Moss: The Natural and Cultural History of Mosses","R.W. Kimmerer","2003","book","1","0","0","0","0","0","0","1","nature","natural, culture, history","2026cprize-08"
"GEM13: Sendhil Mullainathan on Scarcity","Sendhil Mullainathan","","other","1","0","0","0","0","0","1","0","","","2025cprize-15"
"Gendering Oil: Tracing Western Petrosexual Relations","Sheena Wilson","","chapter","1","1","0","0","0","0","0","0","","oil","2020cprize-25"
"General Sun, My Brother","Jacques Stephen Alexis","1999","book","1","1","0","0","0","0","0","0","","","2020cprize-61"
"Generative design in factory layout planning","M. Süße; M. Putz","2021","article","1","0","0","0","0","0","1","0","","design","2025cprize-25"
"Genius Loci: Towards a Phenomenology of Architecture","C. Norberg-Schulz","1980","book","1","1","0","0","0","0","0","0","","architecture","2020cprize-06"
"Gentrification without Displacement? A Cautionary Tale from Brooklyn to Detroit","J. Pohorelsky","2019","article","1","0","1","0","0","0","0","0","","","2021cprize-62"
"Geo-Actors","Cathryn Dwyre","2018","other","1","1","0","0","0","0","0","0","","","2020cprize-49"
"Geodesign, or, It Matters What Earths Make Worlds","Rania Ghosn","2024","article","1","0","0","0","0","0","0","1","","make","2026cprize-48"
"Geographies of Race and Ethnicity II: Environmental Racism, Racial Capitalism and State-Sanctioned Violence","Laura Pulido","2017","article","1","0","0","0","0","0","0","1","environmental","capitalism, race","2026cprize-20"
"Geographies of Racial Capitalism with Ruth Wilson Gilmore","Kenton Card; Ruth Wilson Gilmore","2020","other","1","0","0","0","0","1","0","0","","capitalism, race","2024cprize-38"
"Geography: Why It Matters","Alexander Murphy","2018","book","1","0","0","0","1","0","0","0","","","2023cprize-29"
"Geology of Mankind","Paul Crutzen","2002","article","1","0","1","0","0","0","0","0","","geology","2021cprize-60"
"Geology, Race, and Matter","Kathryn Yusoff","2018","chapter","1","0","0","0","0","0","0","1","","geology, race","2026cprize-48"
"Geomorphic Concrete: Material and fabrication strategies for heterogeneous concrete morphology","Il Hwan Kim","2023","other","1","0","0","0","0","0","0","1","material","material, fabrication","2026cprize-66"
"Geontologies: A Requiem to Late Liberalism","Elizabeth Povinelli","","book","1","1","0","0","0","0","0","0","","","2020cprize-14"
"Geostories","Rania Ghosn; El Hadi Jazairy","2018","book","1","1","0","0","0","0","0","0","","","2020cprize-16"
"Geostories: Design Earth","Rania Ghosn; El Hadi Jazairy","","book","1","0","0","0","1","0","0","0","","earth, design","2023cprize-09"
"Germination","Lucy and Bart","2008","other","1","0","0","1","0","0","0","0","","","2022cprize-28"
"Getting Serious about Embodied Energy","James Surowiecki","2017","chapter","1","0","0","0","0","0","0","1","energy","energy, embodied","2026cprize-14"
"Getty Images Is Suing the Creators of AI Art Tool Stable Diffusion for Scraping Its Content","James Vincent","2023","article","1","0","0","0","0","1","0","0","","tool, ai","2024cprize-39"
"Gilles Deleuze and Donna Haraway on Fabulating the Earth","Aline Wiame","2018","article","1","0","0","0","0","0","0","1","","earth","2026cprize-48"
"GIS Fundamentals: A First Text on Geographic Information Systems","Paul Bolstad","","book","1","0","0","0","0","0","0","1","systems","system","2026cprize-34"
"Giuseppe Penone: The Inner Life of Forms","Giuseppe Penone","2018","book","1","0","0","0","0","1","0","0","","","2024cprize-23"
"Glass Construction Manual (Second Edition)","Christian Schittich; et al.","","book","1","1","0","0","0","0","0","0","","construction","2020cprize-16"
"Global Assessment Report (GAR) on Disaster Risk Reduction","United Nations Office for Disaster Risk Reduction (UNDRR)","2019","report","1","0","0","0","1","0","0","0","global","risk, global, disaster","2023cprize-36"
"Global Atlas of Environmental Justice","","2020","website","1","0","1","0","0","0","0","0","environmental, global, justice","global, justice","2021cprize-52"
"Global Capitalism and Commodity Chains","Jennifer Bair","2005","article","1","1","0","0","0","0","0","0","global","capitalism, global","2020cprize-46"
"Global Change","","","website","1","1","0","0","0","0","0","0","change, global","global, change","2020cprize-38"
"Global Climate Change Evidence","","2019","website","1","1","0","0","0","0","0","0","climate, change, global","climate, global, change","2020cprize-54"
"Global Climate Change Impacts in the United States","Thomas R. Karl; Jerry M. Melillo; Thomas C. Peterson","2009","book","1","0","1","0","0","0","0","0","climate, change, global","climate, global, change","2021cprize-63"
"Global Forum on Agricultural Research & Innovation (GFAR)","","","website","1","1","0","0","0","0","0","0","global","global, innovation, research","2020cprize-12"
"Global Housing Projects: 25 buildings since 1980","Josep L. Mateo","2008","book","1","0","0","0","0","0","1","0","global","global, house","2025cprize-12"
"Global Land Outlook (2nd ed.)","UNCCD","","report","1","0","0","0","0","0","0","1","global","global, land","2026cprize-51"
"Global Open Data","","","website","1","1","0","0","0","0","0","0","global, data","data, global","2020cprize-12"
"Global resources outlook 2024: bend the trend – pathways to a liveable planet as resource use spikes","UNEP","2024","report","1","0","0","0","0","0","0","1","global, resource","resource, global, planet","2026cprize-62"
"Global Responsibility: In Search of a New World Ethic","H. Küng","","book","1","0","1","0","0","0","0","0","global, world","world, global","2021cprize-12"
"Global Street Design Guide","Rockefeller Philanthropy Advisors Inc","2016","book","1","0","0","0","0","0","1","0","global","global, design","2025cprize-12"
"Globally Important Agricultural Heritage Systems: A Shared Vision of Agricultural, Ecological, and Traditional Sustainability","M.J. Dela Cruz; P. Koohafkan","2009","article","1","1","0","0","0","0","0","0","systems, sustainable, ecological","system, ecological, sustainability","2020cprize-58"
"God Is Red: A Native View of Religion","Deloria Jr., Vine","1994","book","1","0","0","0","0","0","0","1","","","2026cprize-45"
"Going Beyond Green","Toledo-Lucas County Sustainability Commission","","website","1","0","0","1","0","0","0","0","","","2022cprize-05"
"Going Live: From States to Systems","Pierre Bélanger","2015","book","1","0","0","0","1","0","0","0","systems","system","2023cprize-09"
"Golconde: The Introduction of Modernism in India","Pankaj Vir Gupta; Christine Mueller; Cyrus Samii","2010","book","1","1","0","0","0","0","0","0","","","2020cprize-47"
"Golden Gulag: Prisons, Surplus, Crisis, and Opposition in Globalizing California","Ruth Wilson Gilmore","2007","book","1","0","0","0","0","0","1","0","","crisis","2025cprize-31"
"Golden Spikes and Dubious Origins","Kathryn Yusoff","2018","chapter","1","0","0","1","0","0","0","0","","","2022cprize-04"
"Good Deeds, Good Design: Community Service Through Architecture","Bryan Bell","2004","book","1","0","1","0","0","0","0","0","community","design, architecture","2021cprize-37"
"Governing Disaster in Urban Environments: Climate Change Preparation and Adaptation after Hurricane Sandy","","","book","1","1","0","0","0","0","0","0","climate, change","climate, change, disaster, urban","2020cprize-25"
"Granby Workshop, Liverpool","Assemble","","other","1","1","0","0","0","0","0","0","","","2020cprize-60"
"Grand Canyon","Lawrence Kasdan","1991","other","1","0","0","0","0","0","1","0","","","2025cprize-36"
"Grand Stand 6, Designing Stands for Trade Fairs and Events","","2018","book","1","0","0","1","0","0","0","0","","","2022cprize-18"
"Grand Urban Rules","Alex Lehnerer","2013","book","1","0","0","1","0","0","0","0","","urban","2022cprize-29"
"Granular Power: The Gritty Politics of Sand","Büsse, Michaela","2019","article","1","0","0","0","0","0","0","1","","","2026cprize-65"
"Graphic Anatomy I & II","Atelier Bow-Wow","","book","1","0","0","0","0","1","0","0","","","2024cprize-01"
"Gray Matters","Denise Hoffman Brandt; Catherine Seavitt Nordenson","2016","chapter","1","0","0","1","0","0","0","0","","","2022cprize-11"
"Graying of the fleet: Perceived impacts on coastal resilience and local policy","Lori A. Cramer; Courtney Flathers; Deanna Caracciolo; Suzanne M. Russell; Flaxen Conway","2018","article","1","0","0","0","1","0","0","0","resilience","local, coast","2023cprize-20"
"Great Architecture on a Small Planet","Lars Torp; Thomas Houkjær","2019","other","1","0","1","0","0","0","0","0","","planet, architecture","2021cprize-27"
"Greater New Orleans Urban Water Plan","Waggonner & Ball","2013","report","1","0","0","0","0","1","0","0","","water, plan, urban","2024cprize-20"
"Greater Phoenix Heat Action Planning Guide: For Neighborhoods of Greater Phoenix","Center for Whole Communities; The Nature Conservancy","2019","report","1","0","0","0","0","1","0","0","","heat","2024cprize-24"
"Green Architecture","James Wines","2000","book","1","1","0","0","0","0","0","0","","architecture","2020cprize-03"
"Green Architecture for a Sustainable Future","C. Cardelus","2025","book","1","0","0","0","0","0","0","1","sustainable, future","sustainability, architecture, future","2026cprize-64"
"Green Building and Climate Resilience: Understanding Impacts and Preparing for Changing Conditions","U.S. Green Building Council (USGBC); Taubman College of Architecture and Urban Planning at the University of Michigan","2011","report","1","0","0","0","1","0","0","0","climate, resilience","building, climate","2023cprize-36"
"Green Building: Project Planning & Cost Estimating","RS Means Inc.","2011","book","1","0","0","1","0","0","0","0","","building","2022cprize-31"
"Green cities, growing cities, just cities?: Urban planning and the contradictions of sustainable development","S. Campbell","1996","article","1","0","1","0","0","0","0","0","sustainable","sustainability, urban","2021cprize-62"
"Green Design: From Theory to Practice","Ken Yeang; Arthur Spector","","book","1","1","0","0","0","0","0","0","","theory, design","2020cprize-03"
"Green Energy and Infrastructure: Securing a Sustainable Future","Jacqueline A. Stagner","2021","book","1","0","0","0","1","0","0","0","energy, sustainable, future, infrastructure","energy, infrastructure, sustainability, future","2023cprize-08"
"Green Good, Better, and Best: Effective Ecological Design in Cities","Kristina Hill","","chapter","1","1","0","0","0","0","0","0","ecological","ecological, design","2020cprize-68"
"Green Imperialism: Colonial Expansion, Tropical Island Edens, and the Origins of Environmentalism, 1600-1860","Richard Grove","1996","book","1","0","1","0","0","0","0","0","","colonial","2021cprize-31"
"Green Infrastructure: Incorporating Plants and Enhancing Biodiversity in Buildings and Urban Environments","J.W. Dover","2015","book","1","0","1","0","0","0","0","0","infrastructure","infrastructure, urban","2021cprize-23"
"Green New Deal Resolution","","","website","1","1","0","0","0","0","0","0","","","2020cprize-42"
"Green Plastics: An Introduction to the New Science of Biodegradable Plastics","E.S. Stevens","","book","1","0","1","0","0","0","0","0","science","science","2021cprize-41"
"Green Postcolonialism","Graham Huggan; Helen Tiffin","2007","article","1","1","0","0","0","0","0","0","","","2020cprize-17"
"Green Reconstruction: A Curricular Toolkit for the Built Environment","Reinhold Martin; Jacob R. Moore; Jordan Steingard","2021","book","1","0","0","0","0","1","0","0","environmental","","2024cprize-23"
"Green Roof Construction and Maintenance","K. Luckett","2009","book","1","0","1","0","0","0","0","0","","construction","2021cprize-23"
"Green Roofs and Living Walls for Landscape Architects","D. Isdm; C. Moore","2016","book","1","0","1","0","0","0","0","0","","landscape","2021cprize-23"
"Green Social Housing at Scale: How a Federal Green Social Housing Development Authority Can Build, Repair, and Finance Homes for All","Baiocchi et al.; Climate + Community Project; Urban Democracy Lab; Socio-Spatial Climate Collaborative","2024","report","1","0","0","0","0","0","1","0","","social, build, house","2025cprize-28"
"Green Urbanism Incorporating Greenery-Based Conceptual Model towards Attaining a Sustainable Healthy Livable Environment","Meher Nigar Neema; et al.","2013","article","1","0","0","1","0","0","0","0","environmental, sustainable","model, sustainability","2022cprize-24"
"Green Walls Green Roofs: Designing Sustainable Architecture","G. Tsarounas","2014","book","1","0","1","0","0","0","0","0","sustainable","sustainability, architecture","2021cprize-23"
"Greenbelts, Parks, and Permanent Furniture for the City: Recovering Ebenezer Howard and Frederick Law Olmsted for Future Cities (in The Routledge Handbook on Greening High Density Cities: Climate, Society, and Health)","P. Crosby","","chapter","1","0","0","0","0","1","0","0","climate, future, society, health","social, climate, city, future","2024cprize-32"
"Greening the City: Urban Landscapes in the Twentieth Century","Dorothée Brantz; Sonja Dümpelmann","2011","book","1","0","0","1","0","0","0","0","","landscape, city, urban","2022cprize-30"
"Gridded Lives: Why Kazakhstan and Montana Are Nearly the Same Place","Kate Brown","2001","article","1","0","0","0","0","0","1","0","","place","2025cprize-01"
"Grounding the US Food Movement: Bringing Land into Food Justice","Tanya M. Kerssen; Zoe W. Brent","2017","chapter","1","0","0","0","0","1","0","0","justice","land, justice, food","2024cprize-11"
"Grounding Urban Natures","H. Ernstson; S. Sorlin","2019","book","1","1","0","0","0","0","0","0","","urban","2020cprize-58"
"Groundwater and Climate Change: Threats and Opportunities","Tibor Y. Stigter; Jodie Miller; Jianyao Chen; Viviana Re","2023","article","1","0","0","0","0","0","1","0","climate, change","climate, change","2025cprize-35"
"GroundWork (from Site Matters)","Robin Dripps","2004","chapter","1","1","0","0","0","0","0","0","","site","2020cprize-41"
"Grow.bio (Ecovative and Grow Bio instructions)","Ecovative","","website","1","0","0","0","1","0","0","0","","","2023cprize-24"
"Growing Architecture: How to Design and Build with Trees","Ferdinand Ludwig","2023","book","1","0","0","0","0","0","0","1","","build, design, architecture","2026cprize-56"
"Growing Cities in a Shrinking World: The Challenges in India and China","Brian McGrath","2010","book","1","1","0","0","0","0","0","0","world","world","2020cprize-58"
"Growing Gourmet and Medicinal Mushrooms, 3rd ed.","P. Stamets","2000","book","1","0","0","0","0","0","0","1","","","2026cprize-08"
"Growing Pains","Trace Material","2020","other","1","0","1","0","0","0","0","0","","","2021cprize-30"
"Growing Up in Cities","K. Lynch","1977","book","1","0","0","0","1","0","0","0","","","2023cprize-18"
"Growth: Corporate Atriums and the Cultivation of Urban Nature","David Gissen","2013","chapter","1","0","0","1","0","0","0","0","nature","growth, urban","2022cprize-30"
"Guastavino vaulting: the art of structural tile","J. Ochsendorf","2010","book","1","0","0","0","0","0","1","0","","structure","2025cprize-13"
"Guerrillas","V. S. Naipaul","2011","book","1","1","0","0","0","0","0","0","","","2020cprize-61"
"Guide to Developing Resilience Hubs","K. Baja","2019","report","1","0","0","0","0","0","0","1","resilience","","2026cprize-12"
"Guides for Equitable Practice","AIA","2018","report","1","0","1","0","0","0","0","0","","","2021cprize-36"
"Gullah roots","B. Newman; X. Blake","2006","film","1","0","0","1","0","0","0","0","","","2022cprize-06"
"Gully Boy","Zoya Akhtar","2019","other","1","0","0","0","0","0","0","1","","","2026cprize-31"
"Gun Island","Amitav Ghosh","2019","book","1","0","0","0","1","0","0","0","","","2023cprize-23"
"H. Res. 109: Recognizing the Duty of the Federal Government to Create a Green New Deal","Alexandria Ocasio-Cortez; et al.","2019","report","1","0","0","1","0","0","0","0","","","2022cprize-26"
"H.R. 1572: Botanical Sciences and Native Plants Materials Research, Restoration, and Promotion Act","116th Congress","2019","report","1","1","0","0","0","0","0","0","material, science","material, science, research","2020cprize-12"
"H.R. 5376: Build Back Better Act","","","report","1","0","0","0","0","0","1","0","","build","2025cprize-28"
"H.R. 6318: Public Housing for the 21st Century Act of 2023","","2023","report","1","0","0","0","0","0","1","0","","public, house","2025cprize-28"
"H.R. 7191: Homes for All Act of 2021","","2021","report","1","0","0","0","0","0","1","0","","","2025cprize-28"
"H.R. 7782: Green New Deal for Public Housing","","","report","1","0","0","0","0","0","1","0","","public, house","2025cprize-28"
"H.Res. 319: Recognizing the Duty of the Federal Government","","","report","1","0","0","0","0","0","1","0","","","2025cprize-28"
"Habitation dans les pays tropicaux et sub-tropicaux: XVI Congrès international de l'habitation et de l'urbanisme; Mexico 1938","Paula Schäfer (ed.)","1938","book","1","1","0","0","0","0","0","0","","international","2020cprize-05"
"Haiti, History and the Gods","Joan Dayan","1998","book","1","1","0","0","0","0","0","0","","history","2020cprize-61"
"Hall of Mirrors: Psychoanalysis and the Love of Arabic","Nadia Bou Ali","2020","book","1","0","0","0","1","0","0","0","","","2023cprize-03"
"Hallucinations","Ronald K. Siegel","1977","article","1","0","0","0","1","0","0","0","","","2023cprize-23"
"Hand Grip","Tim Mara","1979","other","1","0","0","1","0","0","0","0","","","2022cprize-28"
"Hands-on Engineering: Learning by Doing in the Integrated Teaching and Learning Program","Lawrence; Sullivan; Franklin","1999","article","1","1","0","0","0","0","0","0","","engineer","2020cprize-39"
"Haptic Routes: View Painting and Garden Narratives","Giuliana Bruno","","chapter","1","0","0","0","0","1","0","0","","","2024cprize-05"
"Harnessing Nature: Wind, Hydro, Wave, Tidal, and Geothermal Energy (in Understanding the Global Energy Crisis)","Eugene D. Coyle; Biswajit Basu; Jonathan Blackledge; William Grimson","2014","chapter","1","0","0","0","1","0","0","0","energy, global, nature","energy, global, crisis","2023cprize-17"
"Harvard University Herbaria","","","website","1","1","0","0","0","0","0","0","","","2020cprize-12"
"Harvest of the Cold Months: A Social History of Ice and Ices","Elizabeth David","1994","book","1","0","1","0","0","0","0","0","","social, history","2021cprize-60"
"Hat for Bottled Water","Allan Wexler","1994","other","1","0","0","1","0","0","0","0","","water","2022cprize-28"
"Haunted Geologies: Spirits, Stones, and the Necropolitics of the Anthropocene","Nils Bubandt","2017","chapter","1","0","0","0","0","1","0","0","","anthropocene","2024cprize-02"
"Haunted Landscapes of the Anthropocene","Nils Bubandt","","chapter","1","0","0","1","0","0","0","0","","anthropocene, landscape","2022cprize-14"
"Hawaiian Culture and Its Foundation in Sustainability","Scott Fisher","2018","chapter","1","0","1","0","0","0","0","0","sustainable","culture, sustainability","2021cprize-35"
"Hawaiʻi Sea Level Rise Vulnerability and Adaptation Report","Hawaiʻi Climate Change Mitigation and Adaptation Commission","2022","report","1","0","0","0","0","0","0","1","","sea","2026cprize-27"
"Hazards and incarceration facilities: evaluating facility-level exposure to floods, wildfires, extreme heat, and landslides in Colorado","Sara Christina Glade; Caleb Schmitz; Shawhin Roudbari; Abbie Liel; Shideh Dashti; Shelly Miller","2023","article","1","0","0","0","0","0","1","0","","heat","2025cprize-31"
"Healing of Patients with Nature's Positivity and Social Distraction","Nea Maloo","2018","other","1","0","1","0","0","0","0","0","nature","social","2021cprize-50"
"Health and Community Design: The Impact of the Built Environment on Physical Activity","L. Frank; P. Engelke; T. Schmid","2003","book","1","0","1","0","0","0","0","0","environmental, community, impact, health","physical, design","2021cprize-22"
"Health Impacts of Climate Change in the Calumet Industrial Corridor","Alliance for the Great Lakes","","report","1","0","0","0","0","1","0","0","climate, change, health","climate, change","2024cprize-38"
"Healthy Building Network","","","website","1","1","0","0","0","0","0","0","","building","2020cprize-69"
"Healthy Buildings: How Indoor Spaces Drive Performance and Productivity","J.G. Allen; J.D. Macomber","2020","book","1","0","1","0","0","0","0","0","","performance","2021cprize-45"
"Heat (in Anthropocene Unseen: A Lexicon)","Alex Nading","2020","chapter","1","0","0","0","1","0","0","0","","anthropocene, heat","2023cprize-23"
"Heat Budget of the Earth's Surface","R. Geiger","1971","chapter","1","1","0","0","0","0","0","0","","earth, heat","2020cprize-09"
"Heat Death (in The Uninhabitable Earth)","David Wallace-Wells","2019","book","1","0","0","0","0","1","0","0","","earth, heat","2024cprize-24"
"Heat Equity Mapping","heat.gov","","website","1","0","0","0","0","0","0","1","","map, heat","2026cprize-13"
"Heat mitigation and management in Allentown, Pennsylvania: A case study of a mid-sized Northeastern city in a heat wave risk area","K. Beck Pooley","2025","article","1","0","0","0","0","0","0","1","","risk, heat, management, mitigation, city","2026cprize-36"
"Heat Transfer in Facade Systems and Energy Use: Comparative Study of Different Exterior Wall Types","A. Aksamija; T. Peters","2016","article","1","0","1","0","0","0","0","0","systems, energy","energy, system, heat, exterior","2021cprize-01"
"Heatwave-induced human health risk assessment in megacities based on heat stress-social vulnerability-human exposure framework","J. Dong; J. Peng; X. He; J. Corcoran; S. Qiu; X. Wang","2020","article","1","0","0","0","1","0","0","0","human, health","social, human, risk, heat","2023cprize-35"
"Heavy Waters: Waste and Atlantic Modernity","Elizabeth DeLoughrey","","article","1","0","0","0","0","0","0","1","","waste","2026cprize-48"
"Hell on a Hill: Un/Building the Coal-to-Prison Pipeline (in Technical Lands: A Critical Primer)","Billy Fleming; Al McCullough","2023","chapter","1","0","0","0","0","1","0","0","critical","building, technology, technical, critical","2024cprize-31"
"Here is Tijuana","Fiamma Montezemolo; Heriberto Yepez","2006","book","1","0","1","0","0","0","0","0","","","2021cprize-04"
"Here's The Best Place To Move If You're Worried About Climate Change","Maggie Koerth","2019","article","1","1","0","0","0","0","0","0","climate, change","climate, change, place","2020cprize-66"
"Heroic: Concrete Architecture and the New Boston","Michael Kubo","2015","book","1","0","1","0","0","0","0","0","","architecture","2021cprize-43"
"Hidden Density in Single-Family Neighborhoods: Backyard Cottages as an Equitable Smart Growth Strategy","Jake Wegmann; Karen Chapple","2014","article","1","0","1","0","0","0","0","0","","growth","2021cprize-33"
"Hidden Hands and Divided Landscapes: A Penal History of Singapore's Plural Society","Anoma Pieris","2009","book","1","0","1","0","0","0","0","0","society","social, landscape, history","2021cprize-31"
"Hierarchical Quantification of Utilization Rate and Related Indicators of Mixed-Use High-Rise Buildings","Y. Xie; P. Du; J. Luo","2022","article","1","0","0","0","1","0","0","0","","","2023cprize-35"
"High Living (in A+ Awards 2016)","J. Song","2016","chapter","1","0","0","0","1","0","0","0","","","2023cprize-19"
"High Tides Cause Flooding in Miami Beach","Jamie Guirola","2015","article","1","0","0","1","0","0","0","0","","flood","2022cprize-16"
"High-Performance Carbon Neutral Building Design (2030 Palette)","Architecture 2030","","website","1","0","1","0","0","0","0","0","carbon","building, performance, design, carbon","2021cprize-40"
"Highland Beach, Maryland (1893- )","E. Partin","2011","website","1","0","0","1","0","0","0","0","","","2022cprize-23"
"Histoire mondiale de l'architecture et de l'urbanism modernes: prospective et futurologie","Michel Ragon","1986","book","1","1","0","0","0","0","0","0","","architecture","2020cprize-05"
"Historia de las Exploraciones Geográficas","Mauro Giaconi","2015","other","1","0","0","1","0","0","0","0","","","2022cprize-28"
"Historic Properties Viewer and Database","City of Miami Beach","","website","1","1","0","0","0","0","0","0","","","2020cprize-18"
"Historic Vulnerability Locations and Risk Assessment","Pennsylvania DOT","2019","website","1","0","1","0","0","0","0","0","","risk","2021cprize-60"
"Historical Ecology: Integrated Thinking at Multiple Temporal and Spatial Scales","C. Crumley","2006","chapter","1","1","0","0","0","0","0","0","ecological","ecological, space","2020cprize-09"
"Histories of Architecture Education in the United States","Peter Laurence","2023","book","1","0","0","0","0","0","0","1","","architecture","2026cprize-46"
"Histories of Scientific Observation","Lorraine Daston","2011","book","1","1","0","0","0","0","0","0","","science","2020cprize-12"
"History, Fable and Myth in the Caribbean and Guianas","Wilson Harris","","chapter","1","1","0","0","0","0","0","0","","history","2020cprize-61"
"Hold This Site","C.L. Ho","2010","article","1","0","0","1","0","0","0","0","","site","2022cprize-13"
"Holding Change: The Way of Emergent Strategy Facilitation and Healing","adrienne maree brown","2021","book","1","0","0","0","0","0","1","0","change","change","2025cprize-31"
"Holding Water in Times of Hydrophobia","Janine MacLeod","","chapter","1","1","0","0","0","0","0","0","","water","2020cprize-25"
"Holistic Education for a Resilient Future: An Integrated Biomimetic Approach for Architectural Pedagogy","Lina Badarnah","2025","article","1","0","0","0","0","0","0","1","future","resiliency, future","2026cprize-38"
"Holy Ground: Mud, Materiality, and Meaning in the Djenne Mosque","Michelle Apotsos","2012","article","1","1","0","0","0","0","0","0","","","2020cprize-03"
"Home and Beyond: Generative Phenomenology After Husserl","Anthony J. Steinbock","1995","book","1","1","0","0","0","0","0","0","","","2020cprize-61"
"Home builder's guide to coastal construction: Technical fact sheet series (FEMA P-499)","Federal Emergency Management Agency","2010","report","1","0","0","0","0","0","0","1","","construction, technology, technical, coast","2026cprize-27"
"Home gardens: Neglected hotspots of agro-biodiversity and cultural diversity","G. Galluzzi; P. Eyzaguirre; V. Negri","2010","article","1","0","0","0","1","0","0","0","","culture","2023cprize-21"
"Home Within Home Within Home Within Home Within Home","Do Ho Suh","2014","other","1","1","0","0","0","0","0","0","","","2020cprize-33"
"Homes for Cyborgs","Anthony Vidler","1992","chapter","1","0","0","1","0","0","0","0","","","2022cprize-27"
"Homo Faber","Sarah Robinson","","book","1","0","0","0","0","0","0","1","","","2026cprize-35"
"Homo Sapiens","Nikolaus Geyrhalter (director)","2016","other","1","0","0","0","1","0","0","0","","","2023cprize-12"
"Honiara Urban Resilience & Climate Action Plan","A. Trundle; D. McEvoy","2016","report","1","0","0","0","1","0","0","0","climate, resilience","climate, plan, urban","2023cprize-28"
"Honouring the Truth, Reconciling the Future: Summary of the Final Report of the Truth and Reconciliation Commission of Canada","Truth and Reconciliation Commission of Canada","2015","report","1","0","1","0","0","0","0","0","future","future","2021cprize-21"
"Hope in the Dark: Untold Histories, Wild Possibilities","Rebecca Solnit","2016","book","1","1","0","0","0","0","0","0","","","2020cprize-12"
"Horst Festival","Assemble","2016","other","1","0","0","1","0","0","0","0","","","2022cprize-28"
"Hot Air Rising","Mae-Ling Lokko","2022","article","1","0","0","0","1","0","0","0","","air","2023cprize-14"
"House Form and Culture","Amos Rapoport","1969","book","1","1","0","0","0","0","0","0","","house, culture","2020cprize-05"
"House of the Century","Ant Farm","1973","other","1","0","0","1","0","0","0","0","","house","2022cprize-28"
"House of the Future","Shannon Starkey","2015","book","1","1","0","0","0","0","0","0","future","house, future","2020cprize-43"
"House precinct territory: Design Strategies for the productive city","Yim Luna; et al.","2023","book","1","0","0","0","0","0","1","0","","territory, house, city, design","2025cprize-26"
"Houses for Aging Socially","","","report","1","1","0","0","0","0","0","0","","","2020cprize-26"
"Housing + Single Family Housing","Manuel Gausa","2002","book","1","0","1","0","0","0","0","0","","house","2021cprize-15"
"Housing after the Neoliberal Turn","Stefan Aue","","book","1","0","1","0","0","0","0","0","","house","2021cprize-02"
"Housing as Battleground: Targeting the City in the Battles of Algiers","Sheila Crane","2017","article","1","1","0","0","0","0","0","0","","house, city","2020cprize-17"
"Housing as Intervention: Architecture Towards Social Equity","Karen Kubey","2018","book","1","0","1","0","0","0","0","0","","social, house, architecture","2021cprize-36"
"Housing Demand and Affordability of Riga 21st Century Apartment Complexes","Santa Freimane","2017","article","1","1","0","0","0","0","0","0","","house","2020cprize-23"
"Housing Needs and Preferences Survey","","2022","report","1","0","0","0","0","0","0","1","","house","2026cprize-50"
"Housing: New Alternatives – New Systems","Manuel Gausa","1998","book","1","0","0","1","0","0","0","0","systems","system, house","2022cprize-07"
"Houston Genetic City","Matthew Johnson","","book","1","0","1","0","0","0","0","0","","city","2021cprize-43"
"Houston Mastaba – Stacked Oil Drums (Project for Houston-Galveston Area Texas)","Christo; Jeanne-Claude","1969","other","1","0","0","0","0","0","1","0","texas","oil","2025cprize-06"
"How Anthropogenic Climate Change Exacerbates Vulnerability in Prison Communities: A Critical Environmental Justice Analysis","J. Veit","2018","report","1","0","0","0","0","0","1","0","climate, change, environmental, critical, justice, community","critical, climate, justice, change","2025cprize-31"
"How Architects Write","Rebecca Damron","2013","book","1","1","0","0","0","0","0","0","","","2020cprize-07"
"How Architectural Innovations Migrate Across the Borders","T. Cruz","2013","website","1","0","0","1","0","0","0","0","","","2022cprize-23"
"How Blackouts during Heat Waves Amplify Mortality and Morbidity Risk","Brian Stone Jr.; et al.","2023","article","1","0","0","0","0","1","0","0","","risk, heat","2024cprize-24"
"How Cities Think: Knowledge Co-Production for Urban Sustainability and Resilience","Tischa Munoz-Erickson; Clark A. Miller; Thaddeus R. Miller","2017","article","1","1","0","0","0","0","0","0","sustainable, resilience","knowledge, sustainability, urban","2020cprize-58"
"How Civil Rights Wade-Ins Desegregated Southern Beaches","E. Blakemore","2019","website","1","0","0","1","0","0","0","0","","","2022cprize-23"
"How does urbanization affect biodiversity?","Sam Hardman","2011","article","1","1","0","0","0","0","0","0","","","2020cprize-58"
"How Fair Is Our Air? The Injustice of Procedure, Distribution, and Recognition within the Discourse of Air Pollution in Delhi, India","Bhavna Joshi; Pradip Swarnakar","","article","1","0","0","0","0","0","1","0","","injustice, air","2025cprize-35"
"How Great Architecture Still Was in 1966 (Superstudio and Radical Architecture, Ten Years On) (in Exit Utopia)","Adolfo Natalini","2005","chapter","1","0","1","0","0","0","0","0","","radical, architecture","2021cprize-18"
"How Humans Sank New Orleans","Richard Campanella","2018","article","1","1","0","0","0","0","0","0","","","2020cprize-36"
"How Like a Reef: Figuring Coral, 1839–2010","Stefan Helmreich","","chapter","1","0","0","0","0","0","0","1","","","2026cprize-48"
"How Neighborhoods Make Us Sick: Restoring Health and Wellness to Our Communities","Veronica Squires; Breanna Lathrop","","book","1","0","1","0","0","0","0","0","community, health","make","2021cprize-50"
"How new is the Green New Deal for the Global South","Vijay Kolinjivadi; Ashish Kothari","","article","1","0","1","0","0","0","0","0","global","global","2021cprize-02"
"How Redlining Segregated Philadelphia","Next City","2017","article","1","0","1","0","0","0","0","0","","","2021cprize-27"
"How to Be a Good Creature","S. Montgomery","2018","book","1","0","0","0","0","1","0","0","","","2024cprize-41"
"How to Build a City, Roman Operating System","Amale Andraos","2000","chapter","1","1","0","0","0","0","0","0","systems","system, build, city","2020cprize-54"
"How to define (net) zero greenhouse gas emissions buildings: The results of an international survey as part of IEA EBC annex 72","D. Satola; M. Balouktsi; T. Lützkendorf; A. Houlihan Wiberg; A. Gustavsen","2021","article","1","0","0","0","0","0","0","1","","international, emissions","2026cprize-12"
"How to Do Things with Space: Expanded Architecture and Nongovernmental Politics: An Interview with Laura Kurgan","Yates McKee","2012","article","1","0","0","0","1","0","0","0","","space, architecture","2023cprize-29"
"How to Hide an Empire: Geography, Territory, and Power in the Greater United States","D. Immerwahr","2019","book","1","0","0","0","1","0","0","0","","territory","2023cprize-34"
"How to Level a Foundation","","2017","book","1","0","0","1","0","0","0","0","","","2022cprize-10"
"How to Lie with Maps","Mark Monmonier","1991","book","1","1","0","0","0","0","0","0","","","2020cprize-54"
"How to Read Architecture: An Introduction to Interpreting the Built Environment","Paulette Singley","","book","1","0","1","0","0","0","0","0","environmental","architecture","2021cprize-53"
"How to transform sinking cities into landscapes that fight floods","Kotchakorn Voraakhom","","other","1","1","0","0","0","0","0","0","","landscape","2020cprize-38"
"How Trees Talk to Each Other","Suzanne Simard","","other","1","0","0","0","0","0","1","0","","","2025cprize-22"
"Howard University Sustainability Master Plan","Howard University","","report","1","1","0","0","0","0","0","0","sustainable","plan, sustainability","2020cprize-69"
"Human Agency, Climate Change, and Culture: An Archaeological Perspective","F. A. Hassan","2016","chapter","1","0","1","0","0","0","0","0","climate, change, human","human, climate, culture, change, agency","2021cprize-63"
"Human Aspects of Urban Form","Amos Rapoport","","book","1","0","1","0","0","0","0","0","human","human, urban","2021cprize-12"
"Human Extinction and the Pandemic Imaginary","Christos Lynteris","2019","book","1","0","0","0","1","0","0","0","human","human","2023cprize-12"
"Human Spaces: The Global Impact of Biophilic Design in the Workplace","Bill Browning; Cary Cooper","2015","report","1","0","1","0","0","0","0","0","global, human, impact","human, global, design","2021cprize-40"
"Human Sustainable Urbanism: In Pursuit of Ecological and Social-Cultural Sustainability","Derya Oktay","2011","article","1","1","0","0","0","0","0","0","sustainable, human, ecological","social, human, ecological, culture, sustainability","2020cprize-58"
"Humanists as Builders","","2018","article","1","0","1","0","0","0","0","0","","","2021cprize-10"
"Humanization","Michelle Maiese","2003","website","1","0","0","0","0","0","1","0","","","2025cprize-25"
"Hungry City: How Food Shapes Our Lives","Carolyn Steel","2013","book","1","0","0","0","0","1","0","0","","food, city","2024cprize-11"
"Hurricane Harvey's Aftermath: Place, Race, and Inequality in Disaster Recovery","Kevin M. Fitzpatrick; Matthew L. Spialek","2020","book","1","0","0","0","0","0","1","0","","disaster, place, race","2025cprize-35"
"Hybrid Factory, Hybrid City","Nina Rappaport","2023","book","1","0","0","0","0","0","1","0","","city","2025cprize-26"
"Hybrid Intelligence in Architectural Robotic Materialization (HI-ARM): Computational, Fabrication and Material Intelligence for Multi-Mode Robotic Production of Multi-Scale and Multi-Material Systems","S. Mostafavi","2021","book","1","0","0","0","0","1","0","0","systems, material","material, fabrication, system, intelligence, computation","2024cprize-37"
"Hydrofeminism: Or, On Becoming a Body of Water","A. Neimanis","2012","chapter","1","0","0","1","0","0","0","0","","water","2022cprize-22"
"Hydrological basemaps and watershed datasets","HydroSHEDS","","website","1","0","0","0","0","0","0","1","","","2026cprize-51"
"Hydronic System and Method for Heating and Cooling a Building","A. Tsamis; T. Borca; Y. Hwang","2024","other","1","0","0","0","0","0","0","1","systems","building, system","2026cprize-66"
"Hypernatural: Architecture's New Relationship with Nature","Blaine Brownell; Marc Swackhamer","2015","book","1","0","1","0","0","0","0","0","nature","architecture","2021cprize-47"
"Hyperobjects","Timothy Morton","2012","book","1","0","0","0","1","0","0","0","","","2023cprize-05"
"Hyposubjects","Timothy Morton; Dominic Boyer","","book","1","0","1","0","0","0","0","0","","","2021cprize-02"
"Högbergsgatan with Doctor Levin","Josabeth Sjöberg","1870","other","1","0","0","1","0","0","0","0","","","2022cprize-28"
"I Want to Become Architecture","Allan Wexler","2002","other","1","0","0","1","0","0","0","0","","architecture","2022cprize-28"
"Iatrogenic Architecture: Unreliable Narratives of Sustainability","Kiel Moe","2015","article","1","1","0","0","0","0","0","0","sustainable","sustainability, architecture","2020cprize-67"
"ICC A117.1 Accessible and Usable Buildings and Facilities","ICC","2009","report","1","1","0","0","0","0","0","0","","","2020cprize-50"
"Ideas and Integrities: A Spontaneous Autobiographical Disclosure","Richard Buckminster Fuller; Jaime Snyder","","book","1","0","0","0","0","1","0","0","","","2024cprize-42"
"Identity Production in Postcolonial Indian Architecture: Re-Covering What We Never Had","Vikramaditya Prakash","1997","chapter","1","0","0","1","0","0","0","0","","architecture","2022cprize-20"
"IESNA Lighting Ready Reference: A Compendium of Materials from the IESNA Lighting Handbook, 9th Edition: Lighting Fundamentals","R. Harrold; D. Mennie","2003","book","1","0","1","0","0","0","0","0","material","material","2021cprize-11"
"If toxic air is a monument to slavery, how do we take it down?","Forensic Architecture","2021","other","1","0","0","0","1","0","0","0","","air","2023cprize-14"
"Illinois: A History of the Land and Its People","Roger Biles","","book","1","0","0","1","0","0","0","0","","land, history","2022cprize-19"
"Illustrated Guideline on Sustainability for Rehabilitating Historic Buildings","National Parks Service","2013","report","1","0","1","0","0","0","0","0","sustainable","sustainability","2021cprize-29"
"Imaginaries of Resilience","Lizzie Yarina","2024","chapter","1","0","0","0","0","0","1","0","resilience","","2025cprize-18"
"Imaginary Landscapes","Georg Bohle","2012","other","1","0","0","1","0","0","0","0","","landscape","2022cprize-28"
"Imagination: A Manifesto","Ruha Benjamin","2024","book","1","0","0","0","0","0","1","0","","","2025cprize-31"
"Imagine Boston 2030","","","website","1","1","0","0","0","0","0","0","","","2020cprize-66"
"Imaging Terra Incognita: The Disciplinary Gaze of Empire","Ella Shohat","1991","article","1","0","0","0","0","1","0","0","","","2024cprize-05"
"Imagining and Making the World: Reconsidering Architecture and Utopia","N. Coleman (Ed.)","2011","book","1","0","0","0","1","0","0","0","world","world, architecture","2023cprize-12"
"Imagining Retreat","Rosetta S. Elkin","2019","chapter","1","1","0","0","0","0","0","0","","","2020cprize-62"
"Imagining the Future of Climate Change: World Making through Science Fiction and Activism","Shelly Streeby","2018","book","1","0","0","0","0","0","0","1","climate, change, future, world, science","science, world, climate, change, future","2026cprize-15"
"Imagining the Modern: Architecture and Urbanism of the Pittsburgh Renaissance","Michael Kubo","2019","book","1","0","1","0","0","0","0","0","","architecture","2021cprize-43"
"Imago Mundi V. Gold Silver Map","Adriana Bustos","2014","other","1","0","0","1","0","0","0","0","","map","2022cprize-28"
"Immaterial Labor","Maurizio Lazzarato","1996","chapter","1","1","0","0","0","0","0","0","","labor","2020cprize-46"
"Imminent Commons: The Expanded City","Alejandro Zaera; Jeffrey S. Anderson","","book","1","1","0","0","0","0","0","0","","city","2020cprize-51"
"Impact and collective empathy","Dana Cupkova; E. Kripa; L. Vasey","2020","article","1","0","1","0","0","0","0","0","impact","","2021cprize-14"
"Impact Assessment Agency of Canada","Government of Canada","2021","website","1","0","0","1","0","0","0","0","impact","agency","2022cprize-31"
"Impact of Climate Change in Houston TX: Resilient Residential Buildings and Equitable Design","R. Montelli; M. Kyropoulou","2022","other","1","0","0","0","1","0","0","0","climate, change, impact","climate, resiliency, change, design","2023cprize-28"
"Impact of Climate Change: Thermal and Energy Performance of Facade Types in Different Climates","A. Aksamija; T. Peters","2016","other","1","0","1","0","0","0","0","0","climate, change, energy, impact","energy, performance, climate, change","2021cprize-01"
"Impact of Contour on Aesthetic Judgments and Approach–Avoidance Decisions in Architecture","Oshin Vartanian; Amir V. Navarrete; Anjan Chatterjee; Martin Skov; Dirk B. Walther","2013","article","1","0","0","0","0","0","0","1","impact","architecture","2026cprize-43"
"Impact of Occupants' Demographics on Indoor Environmental Quality Satisfaction in the Workplace","S. Bae; A.O. Asojo; C.S. Martin","2019","article","1","0","1","0","0","0","0","0","environmental, impact","","2021cprize-40"
"Impact of Retrofitting Energy-Efficient Design Strategies on Energy Use of Existing Commercial Buildings: Comparative Study of Low-Impact and Deep Retrofit Strategies","A. Aksamija","2017","article","1","0","1","0","0","0","0","0","energy, impact","energy, design","2021cprize-01"
"Impact of Solar Radiation Modeling Strategies on Plant Growth in the Context of Urban Microclimate","S. Subramaniam; M. Kyropoulou; S. Hoffmann","2020","other","1","0","0","0","1","0","0","0","impact","model, growth, urban","2023cprize-28"
"Impact of ventilation method on residential indoor PM dispersion during dust storm events in Saudi Arabia","Amos Kalua; Soo Jeong Jo; Seyedreza Fateminasab; Sana'a Al-Rqaibat; Christoph Opitz","2019","article","1","0","1","0","0","0","0","0","impact","","2021cprize-62"
"Impacts of Climate Change on Settlements and Infrastructure in the Coastal and Marine Environments of Caribbean Small Island Developing States (SIDS)","A. Cashman; M. Nagdee","2017","chapter","1","0","0","0","0","0","0","1","climate, change, infrastructure","infrastructure, climate, change, coast","2026cprize-10"
"Imperative to Reimagine the Planet","Gayatri Spivak","2013","chapter","1","1","0","0","0","0","0","0","","planet","2020cprize-21"
"Imperial Oil: The Anatomy of a Nigerian Oil Insurgency","Michael Watts","","chapter","1","1","0","0","0","0","0","0","","oil","2020cprize-25"
"Imperial San Francisco: Urban Power, Earthly Ruin","Gray Brechin","2007","book","1","0","0","1","0","0","0","0","","urban","2022cprize-02"
"Imperialism, Orientalism and the Environment in the Middle East","Diane K. Davis","2011","chapter","1","1","0","0","0","0","0","0","environmental","","2020cprize-17"
"Implantaciones humanas y ocupación del espacio en la provincia de Loja, durante la epoca prehispánica","J. Guffroy","1986","article","1","0","0","0","0","1","0","0","","","2024cprize-03"
"Improving Daylighting in Existing Classrooms Using Laser Cut Panels","Rania Labib","2013","article","1","0","1","0","0","0","0","0","","","2021cprize-58"
"Improving Multi-Stakeholder Collaboration for a Resilient Water and Sanitation Sector in Dhaka, Bangladesh","S. S. Alam; J. Taub; A. T. M. J. Alam","2016","chapter","1","0","1","0","0","0","0","0","","water, resiliency, collaboration","2021cprize-63"
"In Comparison","Harun Farocki","2009","other","1","0","0","0","0","0","0","1","","","2026cprize-30"
"In Conversation","Olafur Eliasson; Kurt W. Foster","2010","article","1","1","0","0","0","0","0","0","","","2020cprize-20"
"In Defense of Housing: The Politics of Crisis","David Madden; Peter Marcuse","2016","book","1","0","1","0","0","0","0","0","","house, crisis","2021cprize-02"
"In Detail: Solar Architecture: Strategies, Visions, Concepts","Christian Schittich","2003","book","1","0","1","0","0","0","0","0","","architecture","2021cprize-11"
"In Houston, a Rash of Storms Tests the Limits of Coping With Climate Change","Christopher Flavelle","2019","article","1","0","1","0","0","0","0","0","climate, change","climate, change","2021cprize-29"
"In Interview on Images. Instabilities and Potentialities, Notes on the Nature of Knowledge in Digital Architecture","Dana Cupkova","","chapter","1","0","1","0","0","0","0","0","nature","digital, knowledge, architecture","2021cprize-14"
"In Search of Mycotopia","D. Bierend","2021","book","1","0","0","0","1","0","0","0","","","2023cprize-07"
"In the Cause of Architecture: Traversing Design and Making","Iain Maxwell; Dave Pigram","","article","1","0","0","0","0","1","0","0","","design, architecture","2024cprize-01"
"In the Garden of Eden","Edward L. Ochsenschlager","2004","chapter","1","1","0","0","0","0","0","0","","","2020cprize-17"
"In the Nature of Cities: Urban Political Ecology and the Politics of Urban Metabolism","N. Heynen; M. Kaika; E. Swyngedouw","2006","book","1","0","1","0","0","0","0","0","ecological, nature","ecological, urban","2021cprize-16"
"In the shade of affluence: the inequitable distribution of the urban heat island","S. Harlan; A. Brazel; D. Jenerette; N. Jones; L. Larsen; L. Prashad; W. Stefanov","2007","chapter","1","0","0","1","0","0","0","0","","heat, urban","2022cprize-05"
"In the society of nature: a native ecology in Amazonia","P. Descola","1994","book","1","0","0","0","0","1","0","0","society, ecological, nature","social, ecological","2024cprize-03"
"Inclusive Engagement: Planting the Seed for a More Diverse Future of Design","M. Mick; S. Sickler; C. Young","2022","other","1","0","0","0","0","1","0","0","future","design, future","2024cprize-34"
"Incremental change, transition or transformation? Optimising change pathways for climate adaptation in spatial planning","R. Roggema; T. Vermeend; A. Van den Dobbelsteen","2012","article","1","0","0","0","0","0","1","0","climate, change","climate, space, change","2025cprize-15"
"Incubo Atacama Lab","","2008","book","1","0","0","0","1","0","0","0","","","2023cprize-31"
"Indigenous Climate Action","","","website","1","0","1","0","0","0","0","0","climate","indigenous, climate","2021cprize-21"
"Indigenous Design Guidelines","","","report","1","0","0","0","0","0","0","1","","indigenous, design","2026cprize-19"
"Indigenous Design Pedagogies and Relational Knowledge in Architectural Education","Gabriela Baierle","2025","article","1","0","0","0","0","0","0","1","","indigenous, knowledge, design","2026cprize-38"
"Indigenous environmental justice: Anti-colonial action through kinship","Kyle Whyte","","article","1","0","0","0","0","1","0","0","environmental, justice","indigenous, justice, colonial","2024cprize-01"
"Indigenous Housing Summit","Dan Abramson; Julie Kriegh; Jacquelyn Crane","2025","other","1","0","0","0","0","0","0","1","","indigenous, house","2026cprize-50"
"Indigenous Knowledge and Sustainable Development in Africa: Case Study on Central Africa","Charles Takoyoh Eyong","2012","article","1","1","0","0","0","0","0","0","sustainable","indigenous, knowledge, sustainability","2020cprize-58"
"Indigenous Knowledge Systems and Alaska Native Ways of Knowing","R. Barnhardt; A. O. Kawagley","2005","article","1","0","1","0","0","0","0","0","systems","indigenous, system, knowledge","2021cprize-21"
"Indigenous Knowledge Systems, Poverty Alleviation, and Sustainability in Durban","M. Mtshali; T. Raniga; S.M. Khan","2014","article","1","1","0","0","0","0","0","0","systems, sustainable","indigenous, system, knowledge, sustainability","2020cprize-58"
"Indigenous Landscapes and Spanish Missions: New Perspectives from Archaeology and Ethnohistory","ed. Lee M. Panich; Tsim D. Schneider","","book","1","0","0","0","0","1","0","0","","indigenous, landscape","2024cprize-27"
"Indigenous Modernities: Negotiating Architecture and Urbanism","Jyoti Hosagrahar","2005","book","1","0","1","0","0","0","0","0","","indigenous, architecture","2021cprize-47"
"Indigenous Peoples","City of Calgary","","website","1","0","1","0","0","0","0","0","","indigenous","2021cprize-21"
"Indigenous Peoples and Climate Justice: A Critical Analysis of Human Rights Law and Governance","Giada Giacomini","2022","book","1","0","0","0","0","1","0","0","climate, critical, human, justice","human, indigenous, critical, climate, justice","2024cprize-07"
"Indigenous Science (Fiction) for the Anthropocene: Ancestry and Indigeneity in the Anthropocene","Kyle Powys Whyte","2018","article","1","0","0","0","0","0","0","1","science","science, anthropocene, indigenous","2026cprize-20"
"Individual Difference in Thermal Comfort: A Literature Review","Zhe Wang; Richard de Dear; Maohui Luo; Borong Lin; Yingdong He; Ali Ghahramani; Yingxin Zhu","2018","article","1","0","1","0","0","0","0","0","","","2021cprize-15"
"Indoor temperature exposures and health outcomes in public housing during extreme heat","A.A. Williams; et al.","2019","article","1","0","0","0","0","0","0","1","health","public, house, heat","2026cprize-02"
"Industrial Emancipation and Technocracy in the 1930s (in The Ideal of Total Environmental Control)","Suzanne Strum","","chapter","1","0","1","0","0","0","0","0","environmental","","2021cprize-18"
"Industrial Hemp","Paul Hawken","2017","chapter","1","0","0","1","0","0","0","0","","","2022cprize-21"
"Industrial Relevancy","Marjorie P. Callahan","2017","chapter","1","1","0","0","0","0","0","0","","","2020cprize-13"
"Industry 5.0 – Human-centric, sustainable and resilient","European Commission, Directorate-General for Research and Innovation","2020","report","1","0","0","0","0","1","0","0","sustainable, human","human, resiliency, sustainability","2024cprize-21"
"Industry 5.0, a transformative vision for Europe – Governing systemic transformations towards a sustainable industry","European Commission, Directorate-General for Research and Innovation; A. Renda; S. Schwaag Serger; D. Tataj","2021","report","1","0","0","0","0","1","0","0","sustainable","system, sustainability","2024cprize-21"
"Infection and the Politics of Space","Milos Kosec; Leslie Topp","2021","article","1","0","0","0","1","0","0","0","","space","2023cprize-14"
"Inflatable Formwork: Self-Erecting Pneumatic Formwork for Vertical Concrete Elements","Il Hwan Kim","2025","article","1","0","0","0","0","0","0","1","","","2026cprize-66"
"Informalizing Architecture: The Challenge of Informal Settlements","Kim Dovey","2013","article","1","0","0","1","0","0","0","0","","architecture","2022cprize-20"
"Information Fall-Out: Buckminster Fuller's World Game","Mark Wasiuta","2019","book","1","1","0","0","0","0","0","0","world","world","2020cprize-21"
"Informed Urban Environments: Data-Integrated Design for Human and Ecology-Centered Perspectives","Ata Chokhachian; Katia Perini; Michael U. Hensel","2022","book","1","0","0","0","0","1","0","0","human, ecological, data","data, human, ecological, urban, design","2024cprize-37"
"Infrastructural Optimism","L. Samuels","2009","article","1","1","0","0","0","0","0","0","infrastructure","infrastructure","2020cprize-15"
"Infrastructure and Landscape in Early-Twentieth-Century England and America","Margaret Vickery","","chapter","1","0","0","0","0","1","0","0","infrastructure","infrastructure, landscape","2024cprize-02"
"Infrastructure as Architecture: Designing Composite Networks","Scott Lloyd; Katrina Stoll","2011","book","1","0","0","0","1","0","0","0","infrastructure","infrastructure, architecture","2023cprize-09"
"Infrastructure Sustainability and Design","Spiro N. Pollalis; Andreas Georgoulias; Stephen J. Ramos; Daniel Schodek","2013","book","1","1","0","0","0","0","0","0","sustainable, infrastructure","infrastructure, sustainability, design","2020cprize-31"
"Infrastructure Time","Keller Easterling","","article","1","0","0","0","0","0","0","1","infrastructure","infrastructure","2026cprize-52"
"Infrastructure: A Guide to the Industrial Landscape","Brian Hayes","2014","book","1","1","0","0","0","0","0","0","infrastructure","infrastructure, landscape","2020cprize-31"
"Inhabiting the Desert","ADP Studio","","other","1","0","0","0","0","0","0","1","","","2026cprize-51"
"Inhabiting the Spaceship","Gokce Gunel","2016","chapter","1","1","0","0","0","0","0","0","","","2020cprize-62"
"Inheritance","Rania Ghosn; El Hadi Jazairy","2023","book","1","0","0","0","0","0","0","1","","","2026cprize-48"
"Initiation Into a Living Planet","Charles Eisenstein","","article","1","1","0","0","0","0","0","0","","planet","2020cprize-41"
"Inland from the Coast: A Multi-Scalar Approach to Regional Climate Change Responses","Louisiana State University Coastal Sustainability Studio","","report","1","0","1","0","0","0","0","0","climate, change","climate, change, coast","2021cprize-38"
"Innovation in the Context of Climate Change: What is Happening in India's Informal Economy","B. Harriss-White; G. Rodrigo","2016","chapter","1","0","1","0","0","0","0","0","climate, change, economic","economy, climate, change, innovation","2021cprize-63"
"Innovation Starvation","N. Stephenson","2011","website","1","0","0","1","0","0","0","0","","innovation","2022cprize-22"
"Innovative Houses: Concepts for Sustainable Living","Avi Friedman","2013","book","1","1","0","0","0","0","0","0","sustainable","sustainability","2020cprize-50"
"Inside new science exposing how humidity can escalate a heat wave","Kathryn Pizzurro","2026","website","1","0","0","0","0","0","0","1","science","science, heat","2026cprize-21"
"Inside Out: Extending the Library's Outdoor Space Footprint","D. Moore; M. Schwartz","","article","1","0","0","0","0","0","0","1","","space","2026cprize-53"
"Institute for Smart and Healthy Cities","E. Stach; K. Di Santis; C. Pastore","2023","other","1","0","0","0","0","0","1","0","","","2025cprize-08"
"Instruments of Environmental Control","Felicity Scott","2016","chapter","1","1","0","0","0","0","0","0","environmental","","2020cprize-24"
"Insulating North America","Kiel Moe","2012","article","1","0","0","0","1","0","0","0","","","2023cprize-17"
"Insulation","Paul Hawken","2017","chapter","1","0","0","1","0","0","0","0","","","2022cprize-21"
"Integral Sustainable Design","Mark DeKay","","book","1","1","0","0","0","0","0","0","sustainable","sustainability, design","2020cprize-08"
"Integrating Building Performance with Design: An Architecture Student's Guidebook","Elizabeth Grant","2017","book","1","0","1","0","0","0","0","0","","building, performance, design, architecture","2021cprize-19"
"Integrating Innovation in Architecture: Design, Methods and Technology for Progressive Practice and Research","A. Aksamija","2016","book","1","0","1","0","0","0","0","0","","technology, innovation, research, design, architecture","2021cprize-01"
"Integrating Migration into International Cooperation and Development","International Organization for Migration (IOM)","2022","report","1","0","0","0","1","0","0","0","","international, migration","2023cprize-40"
"Integrating Satellite and Ground Measurements for Predicting Locations of Extreme Urban Heat","V. Shandas; J. Voelkel; J. Williams; J. Hoffman","2019","article","1","0","0","1","0","0","0","0","","heat, urban","2022cprize-05"
"Integrating Technology into the Architectural Curriculum","David Lee Smith","","article","1","1","0","0","0","0","0","0","","technology","2020cprize-39"
"Integrating the SDGs in Urban Projects","UN-Habitat","2022","website","1","0","0","0","0","0","0","1","","urban","2026cprize-41"
"Integration of Technology in New Health Science Education Facilities","Michael Lauber; Nicholas Browse","2013","other","1","0","0","0","1","0","0","0","science, health","technology, science","2023cprize-40"
"Integration Possibilities in the Building Envelope","M. Probst; C. Roecker","","chapter","1","0","0","1","0","0","0","0","","building","2022cprize-07"
"Integrative Design and the Problem of Fragmented Knowledge","D. Albright; D. Franco; U. Heine; U. Ersoy","2019","article","1","0","0","0","0","0","0","1","","knowledge, design","2026cprize-60"
"Inter-disciplinarity in urban design: Erasing boundaries between architects and planners in urban design studios","S. Shetty; A. Luescher","2010","article","1","0","0","1","0","0","0","0","","urban, design","2022cprize-05"
"Inter-zonal relationships in Ecuador","F. Valdez","2008","chapter","1","0","0","0","0","1","0","0","","","2024cprize-03"
"Interaction of Barrier Islands and Storms: Implications for Flood Risk Reduction in Louisiana and Mississippi","A. S. Grzegorzewski; M. A. Cialone; T. V. Wamsley","2011","article","1","0","0","1","0","0","0","0","","risk, flood","2022cprize-06"
"Interactive Atlas of Historical Coal Mine Maps","American Geosciences Institute","","website","1","0","1","0","0","0","0","0","","","2021cprize-55"
"Interdisciplinary and Actionable Science: Exploring the Generative Potential in Difference","Bridie McGreavy; Linda Silka; Laura Lindenfeld","2014","article","1","0","1","0","0","0","0","0","science","science","2021cprize-10"
"Interdisciplinary Design, A Case Study on Students' Experience in the P3 Competition","Mansy; Bilbeisi","2008","article","1","0","1","0","0","0","0","0","experience","experience, design","2021cprize-36"
"Interior as Microcosm: Producing Epistemologies, Ethics, and Identities at Biosphere 2, 1991-1994","Meredith Sattler","2017","other","1","0","1","0","0","0","0","0","","interior, ethics","2021cprize-47"
"International Indigenous Design Charter","","","website","1","0","1","0","0","0","0","0","","indigenous, international, design","2021cprize-21"
"Internationalism or Extinction","Noam Chomsky","2020","book","1","0","1","0","0","0","0","0","","","2021cprize-17"
"Interrogating Ethnic Identity: Space and Community Building in Chicago's Chinatown","Chuo Li","2015","article","1","0","0","0","1","0","0","0","community","building, space","2023cprize-26"
"Interscalar Vehicles for an African Anthropocene: On Waste, Temporality, and Violence","Gabrielle Hecht","2018","article","1","1","0","0","0","0","0","0","","anthropocene, waste","2020cprize-49"
"Intersectionality and the Changing Face of Ecofeminism","A.E. Kings","2017","article","1","0","0","0","0","1","0","0","","","2024cprize-13"
"Interventions and Adaptive Reuse: A Decade of Responsible Practice","Liliane Wong; Markus Berger","2021","book","1","0","0","0","0","0","0","1","","adaptive, reuse","2026cprize-15"
"Interview: Pretending to Work","Bernadette Clouette; David Graeber","","article","1","1","0","0","0","0","0","0","","","2020cprize-67"
"Introduction (in Air: Nature and Culture)","Peter Adey","2014","chapter","1","0","0","0","1","0","0","0","nature","culture, air","2023cprize-14"
"Introduction (in Anthropocene Unseen: A Lexicon)","Cymene Howe; Anand Pandian","2020","chapter","1","0","0","0","1","0","0","0","","anthropocene","2023cprize-23"
"Introduction (The Ecological Thought)","Timothy Morton","2012","chapter","1","0","1","0","0","0","0","0","ecological","ecological","2021cprize-48"
"Introduction / Dirty Drawings, Dirty Models","Helene Frichot","2019","chapter","1","0","0","0","1","0","0","0","","","2023cprize-04"
"Introduction / Process","Katie Lloyd Thomas","2022","chapter","1","0","0","0","0","0","0","1","","","2026cprize-15"
"Introduction / The Detail","Curtis Roth","","website","1","0","0","0","1","0","0","0","","","2023cprize-04"
"Introduction for New Research 'The Contemporary City'","Rem Koolhaas","1996","chapter","1","0","0","0","0","0","1","0","","city, research","2025cprize-26"
"Introduction to a Critique of Urban Geography","Guy Debord","","article","1","0","0","0","1","0","0","0","","urban","2023cprize-29"
"Introduction to a Poetics of Diversity","Édouard Glissant","2020","book","1","0","0","0","0","1","0","0","","","2024cprize-42"
"Introduction to Architectural History in the Anthropocene","Daniel A. Barber","2016","article","1","1","0","0","0","0","0","0","","anthropocene, history","2020cprize-24"
"Introduction to Compressible Fluid Flow","P. H. Oosthuizen","","book","1","0","1","0","0","0","0","0","","","2021cprize-11"
"Introduction to Discard Studies","Josh Lepawsky","","chapter","1","0","0","0","0","0","0","1","","","2026cprize-15"
"Introduction to Environmental Impact Assessment: A Guide to Principles and Practices","Bram F. Noble","2014","book","1","0","0","1","0","0","0","0","environmental, impact","","2022cprize-31"
"Introduction to Machine Learning","E. Alpaydin","2004","book","1","0","0","1","0","0","0","0","","","2022cprize-25"
"Introduction to Orientalism","Edward Said","2003","chapter","1","1","0","0","0","0","0","0","","","2020cprize-17"
"Introduction, Architecture, Technology, and Politics","Daniel A. Barber","2016","chapter","1","1","0","0","0","0","0","0","","technology, architecture","2020cprize-24"
"Introduction. Critical Thinking","Timothy Morton","2010","chapter","1","1","0","0","0","0","0","0","critical","critical","2020cprize-55"
"Introduction: A Feeling for the Inert / Toward a General Economy of Architecture","Jane M. Jacobs; Stephen Cairns","2014","chapter","1","0","0","0","0","0","0","1","economic","economy, architecture","2026cprize-15"
"Introduction: Criticism in the Contact Zone (in Imperial Eyes)","Mary Louise Pratt","2008","chapter","1","0","0","0","1","0","0","0","","","2023cprize-15"
"Introduction: Globalisation, Value Chains and Development","Gary Gereffi; Raphael Kaplinsky","2001","article","1","1","0","0","0","0","0","0","","","2020cprize-46"
"Introduction: Haunted Landscapes of the Anthropocene","Anna Tsing","","chapter","1","1","0","0","0","0","0","0","","anthropocene, landscape","2020cprize-61"
"Introduction: Inventing Traditions","Eric Hobsbawm","1984","chapter","1","1","0","0","0","0","0","0","","","2020cprize-17"
"Introduction: Middle East Environmental History","Alan Mikhail","2013","chapter","1","1","0","0","0","0","0","0","environmental","history","2020cprize-17"
"Introduction: Modern Wind Energy and its Origins (in Wind Energy Explained: Theory, Design Application)","J.F. Manwell; J.G. McGowan; A.L. Rogers","2009","chapter","1","0","0","0","1","0","0","0","energy","energy, theory, design","2023cprize-17"
"Introduction: Olmsted and Vaux and the Progress of the American Park Movement (in The Best Planned City in the World)","Francis R. Kowsky","2013","chapter","1","0","0","0","1","0","0","0","world","world, city, park","2023cprize-15"
"Introduction: Reading Technical Lands (in Technical Lands: A Critical Primer)","Jeffery S. Nesbit; Charles Waldheim","2023","chapter","1","0","0","0","0","1","0","0","critical","technology, technical, critical","2024cprize-31"
"Introduction: the Conventions and Rhetoric of Architectural Drawing","James Ackerman","","chapter","1","1","0","0","0","0","0","0","","drawing","2020cprize-54"
"Inventing Caribbean Climates: How Science, Medicine, and Tourism Changed Tropical Weather from Deadly to Healthy","Mark Carey","2011","article","1","0","0","0","1","0","0","0","science","science, weather","2023cprize-15"
"Inventing Pollution: Coal, Smoke, and Culture in Britain since 1800","Peter Thorsheim","2017","book","1","0","0","0","1","0","0","0","","culture","2023cprize-14"
"Inventing the Future: Postcapitalism and a World Without Work","Nick Srnicek; Alex Williams","2015","book","1","1","0","0","0","0","0","0","future, world","world, future","2020cprize-25"
"Inventory of Carbon & Energy (ICE) Database","G.P. Hammond; C.I. Jones","2011","report","1","0","0","0","0","0","0","1","energy, carbon","energy, carbon","2026cprize-49"
"Investigation of Climate-Adaptive Thermal Effects of a Double-Sided Hydronic Loop Embedded in an Opaque Building Envelope","Y. Hwang; A. Wasti; T. Borca-Tasciuc; A. Tsamis","2025","article","1","0","0","0","0","0","0","1","climate","building, adaptive, climate","2026cprize-66"
"Investigative Aesthetics: Conflicts and Commons in the Politics of Truth","Matthew Fuller; Eyal Weizman","2021","book","1","0","0","0","0","0","0","1","","","2026cprize-65"
"Invisible Governance: The Art of African Micro-Politics","David Hecht; A. M. Simone","1994","book","1","0","0","0","0","1","0","0","","","2024cprize-42"
"Invisible Houston: The Black Experience in Boom and Bust","Robert Bullard","","book","1","0","1","0","0","0","0","0","experience","experience","2021cprize-49"
"Invitation to the Dance: Sustainability and the Expanded Realm of Design","Peter Buchanan","","chapter","1","1","0","0","0","0","0","0","sustainable","sustainability, design","2020cprize-68"
"Iran's Global Petroleumscape","Carola Hein; Mohamad Sedighi","","article","1","1","0","0","0","0","0","0","global","global","2020cprize-29"
"Is Computer Programming Beneficial to Architects and Architecture Students for Complex Modeling and Informed Performative Design Decisions?","Rania Labib","","other","1","0","1","0","0","0","0","0","","model, design, architecture","2021cprize-58"
"Is Landscape Painting?","Vittoria di Palma","","article","1","0","0","0","0","1","0","0","","landscape","2024cprize-05"
"Is LEED Tough Enough for the Climate-Change Era?","Brian Barth","","article","1","0","0","0","1","0","0","0","climate, change","climate, change, leed","2023cprize-19"
"Is There Really a Moral Case for Coal?","Janna Thompson","","article","1","0","1","0","0","0","0","0","","","2021cprize-54"
"Is This Gitmo, or Club Med?","Mary Louise Pratt","2016","article","1","0","0","0","1","0","0","0","","","2023cprize-15"
"Island Life: The Eco-Imaginary of Capitalism","D. Spencer","2019","article","1","0","1","0","0","0","0","0","","capitalism","2021cprize-16"
"Islands at the Edge of Time: A Journey To America's Barrier Islands","G. Hansen","1996","book","1","0","0","1","0","0","0","0","","","2022cprize-06"
"Islands behind Islands: An Unappreciated Coastal Landform Category","J. A. G. Cooper; O. H. Pilkey; D. A. Lewis","2007","article","1","0","0","1","0","0","0","0","","coast","2022cprize-06"
"ISO 14044 Environmental management: life cycle assessment: requirements and guidelines","International Organization for Standardization","2006","report","1","0","0","0","0","0","1","0","environmental","management","2025cprize-11"
"ISO 14044: Environmental Management, Life Cycle Assessment, Requirements and Guidelines","International Organization for Standardization","2006","report","1","0","1","0","0","0","0","0","environmental","management","2021cprize-57"
"ISO 14075 Principles and framework for social life cycle assessment","International Organization for Standardization","2024","report","1","0","0","0","0","0","1","0","","social","2025cprize-11"
"ISO 15686 Economic life cycle costing","International Organization for Standardization","2017","report","1","0","0","0","0","0","1","0","economic","economy","2025cprize-11"
"ISO 37123-2019. Sustainable cities and communities: indicators for resilient cities","ISO","2019","report","1","0","0","0","0","0","1","0","sustainable, community","resiliency, sustainability","2025cprize-24"
"Isometric Systems in Isotropic Space","Agnes Denes","1974","other","1","0","0","1","0","0","0","0","systems","system, space","2022cprize-28"
"Ist Fortschritt ein Verbrechen? Umweltplanung statt Weltuntergang","Victor Gruen","1975","book","1","1","0","0","0","0","0","0","","","2020cprize-05"
"IStructE","IStructE","","website","1","0","0","0","0","0","1","0","","","2025cprize-33"
"It's Giving: Rules for a Generous School","Charlotte Malterre-Barthes; Zosia Dzierżawska","2024","article","1","0","0","0","0","0","0","1","","","2026cprize-15"
"It's Not Climate Change—It's Everything Change","Margaret Atwood","2017","chapter","1","0","1","0","0","0","0","0","climate, change","climate, change","2021cprize-60"
"IV Taller Internacional de Vivienda Popular","Ana María Durán Calisto","2007","book","1","0","0","0","0","1","0","0","","","2024cprize-03"
"Jagged Worldviews Colliding (in Reclaiming Indigenous Voice and Vision)","L. Little Bear","2000","chapter","1","0","1","0","0","0","0","0","","indigenous","2021cprize-21"
"Japanese Told to Beat the Heat with Hawaiian Shirts","Louisa Lim","2011","article","1","0","1","0","0","0","0","0","","heat","2021cprize-33"
"Jevons Paradox","Blake Alcott","2005","article","1","0","0","0","0","0","1","0","","","2025cprize-01"
"Joan Jonas: The shape, the scent, the feel of things","Joan Jonas; Lynne Cooke; Karen Kelly (ed.)","2006","book","1","0","0","0","1","0","0","0","","","2023cprize-31"
"Jodhaa Akbar","Ashutosh Gowariker","2008","other","1","0","0","0","0","0","0","1","","","2026cprize-31"
"John S. Chase – The Chase Residence","Heymann; Stephen Fox","2020","book","1","0","0","0","1","0","0","0","","","2023cprize-13"
"Jorge Elton Álamos: La cristalización de la naturaleza","García, Rubén","2025","book","1","0","0","0","0","0","0","1","","","2026cprize-51"
"Josiah McElheny: A Dictionary of Ideas (in Josiah McElheny: Some Pictures of the Infinite)","Helen Molesworth","2012","chapter","1","0","0","0","1","0","0","0","","","2023cprize-31"
"Journeys: How Travelling Fruit, Ideas and Buildings Rearrange Our Environment","Giovanna Borasi; Kozy Amemiya; Erika Beyer","2010","book","1","0","0","1","0","0","0","0","environmental","","2022cprize-30"
"Juju Fission: Women's Alternative Fictions from the Sahara, the Kalahari, and the Oases In-Between","Chikwenye Okonjo Ogunyemi","2007","book","1","0","0","0","0","0","1","0","","","2025cprize-22"
"July 10, 2019, Rainfall Event Modelling Report","SWBNO","2019","report","1","0","0","1","0","0","0","0","","","2022cprize-11"
"Junkspace","Rem Koolhaas","2002","article","1","0","0","0","0","0","1","0","","","2025cprize-01"
"Just air? Spatial injustice and the politicisation of air pollution","Anneleen Kenis; et al.","2022","article","1","0","0","0","1","0","0","0","","space, injustice, air","2023cprize-14"
"Just City Lab","","","website","1","0","1","0","0","0","0","0","","city","2021cprize-27"
"Just Enough: Lessons in Living Green From Traditional Japan","Azby Brown","2013","book","1","1","0","0","0","0","0","0","","","2020cprize-58"
"Just how public is the Seattle public library","Shannon Mattern","2003","article","1","0","1","0","0","0","0","0","","public","2021cprize-05"
"K(no)w Vacancy: From NY to PA, Urban Land Maps Support Reclaiming Abandoned Lots","A. Schless-Meier","2013","article","1","0","0","1","0","0","0","0","","land, urban","2022cprize-13"
"Kafka and Noise","Kata Gellen","2019","book","1","0","1","0","0","0","0","0","","","2021cprize-05"
"Kaiaulu: Gathering Tides","Mehana Blaich Vaughan","2018","book","1","0","1","0","0","0","0","0","","","2021cprize-35"
"Keeping the Lights On: Oil Shocks, Coal Strikes, and the Rise of Electroculture","David Thomas","2018","article","1","0","1","0","0","0","0","0","","oil","2021cprize-52"
"Keeping Time: The History and Theory of Preservation in America, 5th ed.","William J. Murtagh","2005","book","1","0","0","0","0","0","0","1","","theory, history, preservation","2026cprize-14"
"Key Thinkers on Cities","Regan Koch; Alan Latham","2017","book","1","0","0","1","0","0","0","0","","","2022cprize-24"
"Kitchen Table Sustainability: Practical Recipes for Community Engagement with Sustainability","W. Sarkissian","2009","book","1","0","1","0","0","0","0","0","sustainable, community","sustainability","2021cprize-21"
"Klima Külmavõitu/Climate: Coldish","","2018","article","1","1","0","0","0","0","0","0","climate","climate","2020cprize-05"
"Knowledge Is Beautiful","D. McCandless","2014","book","1","0","0","0","0","0","0","1","","knowledge","2026cprize-24"
"Knowledge Space Eco-Technics: Designing Life-Forms and Life Ways at Biosphere 2, 1974-1994","Meredith Sattler","2019","other","1","0","1","0","0","0","0","0","","space, knowledge","2021cprize-47"
"Korbous, Tunisia: Negating the Hammam (in Curing the Colonizers)","Eric T. Jennings","2006","chapter","1","0","0","0","1","0","0","0","","","2023cprize-15"
"Koshirakura Landscape Workshop. In Search of Context: Working with the Force of Erasure","S. Egashira","2015","article","1","0","0","0","1","0","0","0","","landscape","2023cprize-17"
"Koyaanisqatsi","Godfrey Reggio","1982","other","1","0","0","0","0","0","0","1","","","2026cprize-30"
"Koyaanisqatsi: Life Out of Balance","Godfrey Reggio","1982","film","1","0","0","1","0","0","0","0","","","2022cprize-02"
"Kuwait Transformed: A History of Oil and Urban Life","Farah Al-Nakib","","book","1","1","0","0","0","0","0","0","","history, oil, urban","2020cprize-29"
"L.A. City Limits: African American Los Angeles from the Great Depression to the Present","Josh Sides","2003","book","1","0","0","0","0","0","0","1","","city","2026cprize-61"
"La Donna e Mobile: Agoraphobia, Women, and Urban Space","Esther da Costa Meyer","1996","chapter","1","1","0","0","0","0","0","0","","space, urban","2020cprize-54"
"La Parole","Pablo Reinoso","1998","other","1","0","0","1","0","0","0","0","","","2022cprize-28"
"La Veille du Ciel: Aquarelles Météorologiques d'André des Gachons (1871–1951)","De Gachons, André; Martine Tabeaud; Xavier Browaeys","2025","book","1","0","0","0","0","0","0","1","","","2026cprize-59"
"La Vivienda, patrimonio humano dentro de la sociedad","R. González","2012","article","1","0","1","0","0","0","0","0","","","2021cprize-12"
"Labor in the Logistical Drawing","Meredith TenHoor","2015","article","1","1","0","0","0","0","0","0","","drawing, labor","2020cprize-46"
"Laborers Hired to Construct a Trade School in Newark Describe Conditions on Job Site","Thomas Wiedmann","2022","article","1","0","0","0","1","0","0","0","","site","2023cprize-08"
"LabStudio: Design Research Between Architecture and Biology","Jenny Sabin; Peter Lloyd Jones","2017","book","1","1","0","0","0","0","0","0","","research, design, architecture","2020cprize-49"
"Lacan contra Foucault: Subjectivity, Sex, Politics","Nadia Bou Ali","2018","book","1","0","0","0","1","0","0","0","","","2023cprize-03"
"Lafayette Park Detroit","Charles Waldheim","2004","book","1","0","1","0","0","0","0","0","","park","2021cprize-15"
"Lahaina Long-term Recovery Plan Draft","","2024","report","1","0","0","0","0","0","1","0","","plan","2025cprize-14"
"Land and Power in Hawaii: The Democratic Years","George Cooper; Gavan Daws","1990","book","1","0","0","0","0","1","0","0","","land","2024cprize-43"
"Land Speculation and Community Investment: Community Facilities Planners in California City","Shannon Starkey","2020","chapter","1","1","0","0","0","0","0","0","community","speculate, land, city","2020cprize-43"
"Land Tenure, Disasters and Vulnerability","Andreana Reale; John Handmer","2011","article","1","1","0","0","0","0","0","0","","land","2020cprize-32"
"Land Use Maps [1962]","Workers Progress Administration (WPA)","1962","other","1","0","0","0","0","1","0","0","","land","2024cprize-14"
"Land Use Planning on Aboriginal Lands - Towards a New Model for Planning on Reserve Lands","D. Millette","2011","article","1","0","1","0","0","0","0","0","","model, land","2021cprize-21"
"Land values and social construction of scarcity","Ben Davy","","article","1","0","0","0","0","0","1","0","","construction, social, land","2025cprize-15"
"Landezine","","","website","1","1","0","0","0","0","0","0","","","2020cprize-12"
"Landscape and Agency","","2017","book","1","0","1","0","0","0","0","0","","landscape, agency","2021cprize-16"
"Landscape and Urban Design for Health and Well-Being: Using Healing, Sensory and Therapeutic Gardens","Gayle Souter-Brown","2015","book","1","0","1","0","0","0","0","0","health","landscape, urban, design","2021cprize-22"
"Landscape as Urbanism (in The Landscape Urbanism Reader)","Charles Waldheim","","chapter","1","0","1","0","0","0","0","0","","landscape","2021cprize-27"
"Landscape Design for Carbon Sequestration (Thesis)","Deanna Lynn","","report","1","0","0","0","0","0","1","0","carbon","landscape, design, carbon","2025cprize-33"
"Landscape Ecology Principles","Wenche Dramstad; James D. Olson; Richard T. T. Forman","","book","1","0","0","0","1","0","0","0","ecological","landscape, ecological","2023cprize-33"
"Landscape Infrastructures (in Infrastructure as Architecture: Designing Composite Networks)","S. Allen","2010","chapter","1","0","0","0","0","1","0","0","infrastructure","infrastructure, landscape, architecture","2024cprize-35"
"Landscape Is Our Sex","David Heymann","2012","article","1","1","0","0","0","0","0","0","","landscape","2020cprize-11"
"Landscape or the Weather-World?","Tim Ingold","2011","chapter","1","1","0","0","0","0","0","0","world","world, weather, landscape","2020cprize-12"
"Landscape, Urbanism and Waste","Alan Berger","2017","chapter","1","0","0","1","0","0","0","0","","landscape, waste","2022cprize-07"
"Landscapes of care: politics, practices, and possibilities","S. Jacobs; T. Wiens","2023","article","1","0","0","0","0","1","0","0","","landscape","2024cprize-12"
"Landscapes of Power: Politics of Energy in the Navajo Nation","Dana Powell","","book","1","1","0","0","0","0","0","0","energy","energy, landscape","2020cprize-14"
"Landscapes of Retreat","Rosetta Elkin","2022","book","1","0","0","0","0","0","1","0","","landscape","2025cprize-16"
"Landscapes of toxic exclusion: Inmate labour and electronics recycling in the United States","K. Nowakowski","2013","chapter","1","0","0","0","0","0","1","0","","landscape","2025cprize-31"
"Las arquitecturas del fin del mundo","Uriel Fogué","2022","book","1","0","0","0","1","0","0","0","","","2023cprize-12"
"Las Terrenas Resort","Elia Zenghelis; Eleni Gigantes","1989","other","1","0","0","1","0","0","0","0","","","2022cprize-28"
"Last and First Men","Jóhann Jóhannsson (director)","2020","other","1","0","0","0","1","0","0","0","","","2023cprize-12"
"Last Futures: Nature, Technology and the End of Architecture","Douglas Murphy","2016","book","1","1","0","0","0","0","0","0","nature","technology, architecture","2020cprize-05"
"Last Harvest: How a Cornfield Became New Daleville","Witold Rybczynski","","book","1","0","1","0","0","0","0","0","","","2021cprize-12"
"Late Arrivals: Initial Notes on Houston After Theory","Michael Kubo","2018","article","1","0","1","0","0","0","0","0","","theory","2021cprize-43"
"Lateness (POINT: Essays on Architecture, 3)","Peter Eisenman; Elisa Iturbe","2020","book","1","0","0","1","0","0","0","0","","architecture","2022cprize-09"
"Lateral Power, Radical Urbanisms","Patty Heyda","2015","other","1","1","0","0","0","0","0","0","","radical","2020cprize-34"
"Laudato Si': Encyclical Letter of the Holy Father Francis On Care for Our Common Home","Pope Francis","","other","1","0","0","0","1","0","0","0","","","2023cprize-20"
"Laws of General Economy","Georges Bataille","","chapter","1","1","0","0","0","0","0","0","economic","economy","2020cprize-63"
"Layering Modernity: Le Corbusier and His 'Plan Obus' Planning on Algiers","Supasai Vongkulbhisal","2015","article","1","0","0","0","0","0","0","1","","plan","2026cprize-57"
"Le Corbusier and Mies van der Rohe – Façade Tectonics","E. Stach; B. Klinkhammer","2018","other","1","0","0","0","0","0","1","0","","","2025cprize-08"
"Le Corbusier: Orientalism, Colonialism","Zeynep Celik","1992","article","1","1","0","0","0","0","0","0","","","2020cprize-17"
"Le visiteur","","","website","1","0","1","0","0","0","0","0","","","2021cprize-03"
"LEAF (Low Energy Adaptive Facade) (in proceedings of Facade Tectonics 2016 World Congress)","J. Song; H. Lin; J. Shim","2016","other","1","0","0","0","1","0","0","0","energy, world","energy, adaptive, world","2023cprize-19"
"Leaf Food Hub","","","website","1","0","0","0","0","1","0","0","","food","2024cprize-11"
"Lean LaunchPad Videos","National Science Foundation Innovation Corps","2020","website","1","0","1","0","0","0","0","0","","","2021cprize-51"
"Lean Linear City: Arterial Arcology","Paolo Soleri; et al.","2012","book","1","0","0","1","0","0","0","0","","city","2022cprize-24"
"Learning and Teaching Scholarship: Discovery Across Disciplines","J. Fiona Peterson; Andrea Chester; Suzie Attiwill; Debra Bateman","2015","article","1","0","1","0","0","0","0","0","","","2021cprize-10"
"Learning at the Regional Level and Understanding at the Local Scale: Transect System as Research Mixed Method for Resilient Design","C. Brisotto; F. Foroutan; A. Mahmoud; E. Aguerrebere; L. Platt; J. Carney","2023","other","1","0","0","0","0","0","0","1","systems","system, local, resiliency, research, design","2026cprize-12"
"Learning from Architecture Ethnography (in Architectural Ethnography)","Momoyo Kajima","2018","chapter","1","0","0","0","1","0","0","0","","architecture","2023cprize-26"
"Learning from Las Vegas - Revised Edition: The Forgotten Symbolism of Architectural Form","Robert Venturi; Denise Scott Brown; Steven Izenour","2000","book","1","0","0","0","0","0","1","0","","","2025cprize-36"
"Learning from Logs: Introductory Analog and Digital Pedagogy Addressing Material Irregularity","K. Schumann","2022","article","1","0","0","0","0","1","0","0","material","material, digital","2024cprize-23"
"Learning from the Taro Patch","Penny Levin","2018","chapter","1","0","1","0","0","0","0","0","","","2021cprize-35"
"Learning from the Vernacular","Roderick J. Lawrence","2007","chapter","1","0","0","0","0","0","0","1","","vernacular","2026cprize-57"
"Learning Net-Zero","","2018","article","1","1","0","0","0","0","0","0","","","2020cprize-23"
"Learning Spaces Collaboratory Colloquium on the Future of Planning Learning Spaces","","2016","other","1","0","0","0","1","0","0","0","future","future","2023cprize-40"
"Lecture at Sci-Arc","Jennifer Bloomer","1990","website","1","0","0","0","1","0","0","0","","","2023cprize-04"
"Lecture on Vertical Cinema","Philippe-Alain Michaud","","other","1","0","0","0","0","1","0","0","","","2024cprize-16"
"Lectures on Ventilation","Lewis W. Leeds","1869","book","1","0","0","0","1","0","0","0","","","2023cprize-14"
"Lehigh Valley Hazard Mitigation Plan","PEMA","","report","1","0","1","0","0","0","0","0","","plan, mitigation","2021cprize-60"
"Lehigh Valley Land Recycling Initiative","Lehigh Valley EDC","2020","website","1","0","1","0","0","0","0","0","","land","2021cprize-60"
"Leonardo Da Vinci Master Draftsman","John P. O'Neill","2003","book","1","0","0","1","0","0","0","0","","","2022cprize-11"
"Les grands prix de l'architecture / Reuse","Anne Lacaton; Jean-Philippe Vassal; Druot, Frédéric","","book","1","0","0","0","0","0","0","1","","reuse, architecture","2026cprize-52"
"Lessons for LEED for Neighborhood Development, Social Equity, and Affordable Housing","Nicola Szibbo","2016","article","1","1","0","0","0","0","0","0","","social, house, neighborhood, leed","2020cprize-23"
"Lessons From Modernism, Environmental Design Strategies in Architecture, 1925-1970","K. Bone","2014","book","1","1","0","0","0","0","0","0","environmental","design, architecture","2020cprize-30"
"Lessons from Modernism: Environmental Design Strategies in Architecture 1925-70","Kevin Bone","2014","book","1","1","0","0","0","0","0","0","environmental","design, architecture","2020cprize-03"
"Lessons of Informality","Felix Heisel","2016","book","1","0","0","1","0","0","0","0","","","2022cprize-14"
"Let's Not Use Mars as a Backup Planet","Lucianne Walkowitz","2015","other","1","0","1","0","0","0","0","0","","planet","2021cprize-47"
"Lexicon of Sustainability","","","website","1","1","0","0","0","0","0","0","sustainable","sustainability","2020cprize-12"
"Library as Design Ecology with Shannon Mattern","S. Mattern","2024","other","1","0","0","0","0","0","0","1","ecological","ecological, design","2026cprize-53"
"Life as a Manifestation of the Second Law of Thermodynamics","E. Schneider; James J. Kay","","article","1","1","0","0","0","0","0","0","","","2020cprize-09"
"Life Between Buildings, Using Public Space","Jan Gehl","","book","1","1","0","0","0","0","0","0","","public, space","2020cprize-68"
"Life cycle assessment for Zero Emission Buildings – A chronology of the development of a visual, dynamic and integrated approach","A. Houlihan Wiberg; M. Kjendseth Wiik; H. Auklend; M. Løkland Slåke; Z. Tuncer; M. Manni; G. Ceci; T. Hofmeister","2019","article","1","0","0","0","0","0","0","1","","visual","2026cprize-12"
"Life Cycle Assessment Handbook: A Guide for Environmentally Sustainable Products","Mary Ann Curran","2012","book","1","0","0","0","0","0","1","0","sustainable","sustainability","2025cprize-11"
"Life Cycle Assessment of Urban vs. Suburban Residential Mobility in Chicago","P. Du; A. Wood; B. Stephens","2015","other","1","0","0","0","1","0","0","0","","urban","2023cprize-35"
"Life Cycle Carbon Emissions—Simple Concepts and Lessons Learned","","","other","1","1","0","0","0","0","0","0","carbon","emissions, carbon","2020cprize-07"
"Life Cycle Embodied Energy Analysis of Residential Buildings: A Review of Literature to Investigate Embodied Energy Parameters","M.K. Dixit","2017","article","1","0","1","0","0","0","0","0","energy","energy, embodied","2021cprize-57"
"Life Falls Through the Net: Team 10's Reconsideration of Modernism at CIAM IX","Phillip Crosby","2013","article","1","0","1","0","0","0","0","0","","","2021cprize-56"
"Life in Miami on the Knife's Edge of Climate Change","D. Company","2019","article","1","0","1","0","0","0","0","0","climate, change","climate, change","2021cprize-04"
"Life Satisfaction of Downtown High-Rise vs. Suburban Low-Rise Living: A Chicago Case Study","P. Du; A. Wood; N. Ditchman; B. Stephens","2017","article","1","0","0","0","1","0","0","0","","","2023cprize-35"
"Life-Cycle Assessment: Reducing Environmental Impact Risk with Workflow Data You Can Trust","Katharine Simonen","2014","book","1","0","0","0","0","0","1","0","environmental, impact, data","data, risk","2025cprize-11"
"Life-Cycle Energy Consumption in Buildings; Embodied + Operational","Rahman Azari","2019","chapter","1","0","1","0","0","0","0","0","energy","energy, consumption, embodied","2021cprize-57"
"Life-Cycle Energy Implications of Downtown High-Rise vs. Suburban Low-Rise Living: An Overview and Quantitative Case Study for Chicago","P. Du; A. Wood; B. Stephens; X. Song","2015","article","1","0","0","0","1","0","0","0","energy","energy","2023cprize-35"
"Life-world (Lebenswelt)","Dermot Moran; Joseph Cohen","2010","chapter","1","1","0","0","0","0","0","0","world","world","2020cprize-61"
"Lifeblood: Oil, Freedom, and the Forces of Capital","Matthew T. Huber","2013","book","1","1","0","0","0","0","0","0","","oil","2020cprize-25"
"LIFEBUILDINGXLife Building Exchange: Investigating the intersections among pro-environmental behavior, place meaning, and design in net-zero energy buildings and communities","J. Kriegh","2018","other","1","0","0","0","0","0","0","1","environmental, energy, community","energy, building, place, design","2026cprize-50"
"Lightbook: The Practice of Lighting Design","Ulrike Brandi","2001","book","1","0","1","0","0","0","0","0","","design","2021cprize-11"
"Lightness: The Inevitable Renaissance of Minimum Energy Structures","Adriaan Beukers; Ed van Hinte","2005","book","1","0","0","0","0","1","0","0","energy","energy","2024cprize-42"
"Lines: A Brief History","Tim Ingold","2007","book","1","0","0","0","0","0","0","1","","history","2026cprize-59"
"Liquid Ecologies in Latin American and Caribbean Art","Lisa Blackmore; Liliana Gómez","2020","book","1","0","0","0","1","0","0","0","","ecological","2023cprize-11"
"Liquid Stone: New Architecture in Concrete","Jean-Louis Cohen; et al.","2006","book","1","1","0","0","0","0","0","0","","architecture","2020cprize-16"
"Liquid Utility Series","Reinhold Martin; et al.","2019","other","1","1","0","0","0","0","0","0","","","2020cprize-25"
"Literature and Environment","Lawrence Buell; Ursula K. Heise; Karen Thornber","2011","article","1","0","1","0","0","0","0","0","environmental","","2021cprize-10"
"Literature for the Planet","Wai Chee Dimock","2001","article","1","0","1","0","0","0","0","0","","planet","2021cprize-10"
"Lithium Laterals: A Mineral Tarot for Invoking New Worlds","Matthew Seibert; Julia MacNelly","2024","article","1","0","0","0","0","0","1","0","","","2025cprize-35"
"Lithium: States of Exhaustion","Otero Verzier, Marina","","book","1","0","0","0","0","0","0","1","","","2026cprize-51"
"Live Weather, Systems and Science (in Weather as Medium: Toward a Meteorological Art)","Janine Randerson","","chapter","1","0","1","0","0","0","0","0","systems, science","science, system, weather","2021cprize-18"
"Living and Dying in the Shadow of Chemical Plants","Lanier Isom","2024","article","1","0","0","0","0","0","1","0","","","2025cprize-04"
"Living and Working","Pier Vittorio Aureli; Martino Tattara","2022","book","1","0","0","0","0","0","0","1","","","2026cprize-55"
"Living Building 5.1 Guidelines","","2019","report","1","1","0","0","0","0","0","0","","building","2020cprize-67"
"Living Building Challenge Certified Case Studies","","","website","1","0","0","0","1","0","0","0","","building","2023cprize-37"
"Living in a Food Desert","Jesse Vaugh","2015","film","1","0","0","1","0","0","0","0","","food","2022cprize-06"
"Living in Motion: Design and Architecture for Flexible Dwelling","Mathias Schwartz-Clauss; Alexander Vegesack","2002","book","1","1","0","0","0","0","0","0","","design, architecture","2020cprize-50"
"Living in the Anthropocene: Earth in the Age of Humans","John W. Kress; Jeffrey K. Stine (eds.)","2017","book","1","1","0","0","0","0","0","0","","anthropocene, earth","2020cprize-05"
"Living on a New Earth","Editorial Board","","article","1","1","0","0","0","0","0","0","","earth","2020cprize-67"
"Local Extreme Heat Planning: An Interactive Tool to Examine a Heat Vulnerability Index for Philadelphia, Pennsylvania","J. Hammer; D. G. Ruggieri; C. Thomas; J. Caum","2020","article","1","0","0","0","1","0","0","0","","local, tool, heat","2023cprize-35"
"Local Government Planners' Perspectives: Challenges and Opportunities for Climate Change Adaptation in Indonesia","R. Yoseph-Paulus","2016","chapter","1","0","1","0","0","0","0","0","climate, change","climate, local, change","2021cprize-63"
"Local Law 97, Climate Mobilization Act of 2019","","2019","report","1","0","0","0","0","0","1","0","climate","climate, local","2025cprize-28"
"Local Policies for Environmental Justice: A National Scan","","","report","1","1","0","0","0","0","0","0","environmental, justice","local, justice","2020cprize-58"
"Locavore Dirt Construction?","Building Science Podcast","2018","other","1","0","1","0","0","0","0","0","","construction","2021cprize-30"
"Locked into emissions: How mass incarceration contributes to climate change","J.A. McGee; P.T. Greiner; C. Appleton","2021","article","1","0","0","0","0","0","1","0","climate, change","climate, change, emissions","2025cprize-31"
"Logan's Run","Michael Anderson","1976","other","1","0","1","0","0","0","0","0","","","2021cprize-56"
"Logic of the Managerial Surface (in Ecologics)","John May","2012","article","1","0","1","0","0","0","0","0","","","2021cprize-18"
"Logistics Landscape","Alan Berger; Charles Waldheim","2008","article","1","1","0","0","0","0","0","0","","landscape","2020cprize-44"
"London's Early Modern Gardens and the Performance of Solitude","","2020","article","1","0","0","0","0","0","1","0","","performance","2025cprize-29"
"Long Island University's Library Learning Center: Noel Phyllis Birkby's Anti-Ableist Activism in the 1970s","","2024","article","1","0","0","0","0","0","0","1","","","2026cprize-38"
"Long wait hints at Supreme Court tie in closely-watched tribal jurisdiction case","Indianz.com","2016","website","1","0","0","1","0","0","0","0","","","2022cprize-03"
"Long Waves of Fossil Development: Periodizing Energy and Capital","Andreas Malm","2018","article","1","0","1","0","0","0","0","0","energy","energy","2021cprize-52"
"Long-span projects at IIT: Exploring the architectural research question","K. Jones","2021","other","1","0","0","0","0","0","1","0","","research","2025cprize-14"
"Loonshots: How to Nurture the Crazy Ideas that Win Wars, Cure Diseases, and Transform Industries","S. Bahcall","2019","book","1","0","1","0","0","0","0","0","","","2021cprize-04"
"Los Angeles Land Covenants, Redlining: Creation and Effects","Steven Kilgore","","article","1","0","1","0","0","0","0","0","","land","2021cprize-53"
"Losing Ground","Josh Comninellis","2019","other","1","0","1","0","0","0","0","0","","","2021cprize-22"
"Losing Our Cool: Uncomfortable Truths about Our Air-Conditioned World","Stan Cox","2010","book","1","0","0","0","1","0","0","0","world","world, air","2023cprize-14"
"Loudreading in Post-colonial Landscapes (to the beat of Reggaeton)","Cruz Garcia; Nathalie Frankowski","","article","1","0","0","0","0","0","0","1","","landscape, colonial","2026cprize-48"
"Louis I. Kahn: Light and Space","Urs Büttiker","1994","book","1","0","1","0","0","0","0","0","","space","2021cprize-59"
"Louisiana Climate Action Plan","State of Louisiana Climate Initiatives Task Force","","report","1","0","0","0","0","0","0","1","climate","climate, plan","2026cprize-37"
"Louisiana Comprehensive Master Plan for a Sustainable Coast","Coastal Protection and Restoration Authority of Louisiana","2023","report","1","0","0","0","0","0","0","1","sustainable","plan, sustainability, coast","2026cprize-37"
"Louisiana House Types","Fred B. Kniffen","1936","article","1","1","0","0","0","0","0","0","","house","2020cprize-32"
"Louisiana's Remarkable French Vernacular Architecture","Jay D. Edwards","1988","article","1","1","0","0","0","0","0","0","","vernacular, architecture","2020cprize-32"
"Louisiana's Response to Extreme Weather: A Coastal State's Challenges and Successes","Shirely Laska","2020","report","1","0","0","0","0","0","0","1","","weather, coast","2026cprize-37"
"Love is the Message, the Message is Death","Arthur Jafa","","other","1","0","1","0","0","0","0","0","","","2021cprize-08"
"Love Letters","Amie Siegel","2015","other","1","1","0","0","0","0","0","0","","","2020cprize-28"
"Love Your Monsters: Why We Must Care for our Technologies as We Do Our Children","Bruno Latour","2012","other","1","0","1","0","0","0","0","0","","technology","2021cprize-18"
"Love, Anger, Madness: A Haitian Trilogy","Marie Vieux-Chauvet","2010","book","1","1","0","0","0","0","0","0","","","2020cprize-61"
"Lovely Villa","Avijit Kishore","2019","other","1","0","0","0","0","0","0","1","","","2026cprize-31"
"Low carbon pathways for structural design: embodied life cycle impacts of building structures","C. DeWolf","2017","report","1","0","0","0","0","0","1","0","carbon","building, embodied, structure, design, carbon","2025cprize-13"
"Low Carbon Urban Design: Potentials and Opportunities","Edwin H.W. Chan; et al.","2017","article","1","0","0","0","1","0","0","0","carbon","urban, design, carbon","2023cprize-39"
"Low Impact Development: A Design Manual for Urban Areas","","","report","1","1","0","0","0","0","0","0","impact","urban, design","2020cprize-26"
"Low Source Energy Neonatal Unit in Mbale, Uganda: A building assessment in a low resource setting","M. Kyropoulou; S. Shrestha","2020","other","1","0","0","0","1","0","0","0","energy, resource","energy, building, resource","2023cprize-28"
"Low-energy, low-cost cooling for the future","N. Walecki","2022","website","1","0","0","0","0","0","0","1","energy, future","energy, future","2026cprize-23"
"Lumen (light harvesting textiles) / Ada","Jenny Sabin","","other","1","1","0","0","0","0","0","0","","","2020cprize-49"
"Machine Learning Approaches for Estimating Commercial Building Energy Consumption","Caleb Robinson; et al.","2017","article","1","0","1","0","0","0","0","0","energy","energy, building, consumption","2021cprize-58"
"Machine with Oil","Arthur Ganson","","other","1","1","0","0","0","0","0","0","","oil","2020cprize-33"
"Machines of Democracy","Timothy Mitchell","2011","chapter","1","0","1","0","0","0","0","0","","","2021cprize-54"
"Made to Break: Technology and Obsolescence in America","Giles Slade","","book","1","0","0","0","0","0","0","1","","technology","2026cprize-45"
"Magic Table","Junya Ishigami","","other","1","1","0","0","0","0","0","0","","","2020cprize-33"
"Magnificence: On the Appearance of the Baths of Caracalla","Kiel Moe","2017","article","1","0","1","0","0","0","0","0","","","2021cprize-15"
"Maintenance Architecture","Hilary Sample","2016","book","1","1","0","0","0","0","0","0","","architecture","2020cprize-46"
"Major cities are running out of water. A new World Water Day report says it could worsen global conflict","","","article","1","0","0","0","0","0","1","0","global, world","water, world, global","2025cprize-15"
"Making a Bicycle City: Infrastructure and Cycling in Copenhagen since 1880","Emanuel Martin","2019","article","1","0","0","0","0","0","0","1","infrastructure","infrastructure, city","2026cprize-13"
"Making and Unmaking the Dry City","Zachary Lamb","","book","1","1","0","0","0","0","0","0","","city","2020cprize-32"
"Making Deep Maps (Routledge Spatial Humanities Series), 1st Edition","David J. Bodenhamer; John Corrigan; Trevor M. Harris","","book","1","0","0","0","0","0","0","1","","humanities, space","2026cprize-10"
"Making Healthy Places: Designing and Building for Health, Well-being, and Sustainability","A. Dannenberg; H. Frumkin; R. Jackson","2011","book","1","0","1","0","0","0","0","0","sustainable, health","building, sustainability","2021cprize-22"
"Making Imagined Infrastructures Accessible: Dissemination through Zines","","","other","1","0","0","0","0","0","0","1","","","2026cprize-05"
"Making Kin (in Staying with the Trouble: Making Kin in the Chthulucene)","Donna Haraway","2016","chapter","1","0","1","0","0","0","0","0","","","2021cprize-18"
"Making the Desert Bloom","Francesca De Chatel","2017","chapter","1","1","0","0","0","0","0","0","","","2020cprize-17"
"Making the Metropolitan Landscape","Tatom","","book","1","0","0","0","0","1","0","0","","landscape","2024cprize-30"
"Making The Most Of Scarce Space","C. Garcia","2020","article","1","0","0","0","0","0","1","0","","space","2025cprize-15"
"Making Up Ground","99% Invisible","2016","other","1","0","1","0","0","0","0","0","","","2021cprize-27"
"Mami Wata: Arts for Water Spirits in Africa and Its Diasporas","Henry John Drewal; Marilyn Houlberg","2008","book","1","0","0","0","0","1","0","0","","water","2024cprize-42"
"Man and Environment: Crisis and the Strategy of Choice","Robert Arvil","1967","book","1","1","0","0","0","0","0","0","environmental","crisis","2020cprize-05"
"Man and the Technical Object (in On the Mode of Existence of Technical Objects)","Gilbert Simondon","2010","chapter","1","0","1","0","0","0","0","0","","technology, technical","2021cprize-18"
"Man in a Box: Building Machines and the Science of Comfort (in Sick Building Syndrome and the Problem of Uncertainty)","Michelle Murphy","2006","chapter","1","0","0","0","0","1","0","0","science","building, science","2024cprize-24"
"Managed Retreat","99% Invisible","2018","other","1","0","1","0","0","0","0","0","","","2021cprize-27"
"Managed retreat as a response to natural hazard risk","M. Hino; C. B. Field; K. J. Mach","2017","article","1","0","0","0","0","0","0","1","nature","natural, risk","2026cprize-27"
"Managed retreat in the United States","A. R. Siders","2019","article","1","0","0","0","0","0","0","1","","","2026cprize-27"
"Manifesta 12 Palermo: The Planetary Garden: Cultivating Coexistence","Ippolito Pestellini Laparelli; Mirjam Varadinis; Andrés Jaque; Bregtje van der Haak","2018","book","1","1","0","0","0","0","0","0","","planet","2020cprize-21"
"Mannahatta: A Natural History of New York","Eric W. Sanderson","2009","book","1","0","1","0","0","0","0","0","nature","natural, history","2021cprize-15"
"Manual for a Future Desert","Ida Soulard; Abinadi Meza; El Baroni, Bassam","2021","book","1","0","0","0","0","0","0","1","future","future","2026cprize-55"
"Manual of Recycling: Buildings as Sources of Materials","Annette Hillebrandt; Petra Riegler-Floors; Anja Rosen","2019","book","1","0","0","1","0","0","0","0","material","material","2022cprize-14"
"Manual of Section","Paul Lewis; et al.","2016","book","1","0","0","0","1","0","0","0","","section","2023cprize-09"
"Manual of Tropical Housing and Building","Otto Koenigsberger","1974","book","1","1","0","0","0","0","0","0","","building, house","2020cprize-05"
"Manufacturing Architecture: An Architect's Guide to Custom Processes, Materials, and Applications","Dana K. Gulling","2018","book","1","0","0","0","0","0","0","1","material","material, architecture, architect","2026cprize-04"
"Map of Coahuila and Texas in 1833","Mary Austin Holley","","other","1","0","0","0","1","0","0","0","texas","map","2023cprize-31"
"Mapping Empathy and Ethics in the Design Process","V. B. Preez","2015","other","1","0","0","1","0","0","0","0","","map, ethics, design","2022cprize-23"
"Mapping Inequality project","University of Richmond Digital Scholarship Lab","","website","1","0","0","0","0","0","0","1","","map","2026cprize-61"
"Mapping Interchangeability and Incommensurables: Incorporating Community Knowledge","C. Anz","2016","other","1","0","1","0","0","0","0","0","community","map, knowledge","2021cprize-12"
"Mapping Pollution in Houston","Environmental Defense Fund","","website","1","0","1","0","0","0","0","0","","map","2021cprize-43"
"Mapping Segregation","New York Times","2015","article","1","0","1","0","0","0","0","0","","map","2021cprize-38"
"Mapping the Detroit Water Crisis","We The People of Detroit Research Collective","","website","1","0","0","0","0","1","0","0","","water, map, crisis","2024cprize-38"
"Mapping the digital empire: Google Earth and postmodern cartography","Jason Farman","2010","article","1","0","0","0","1","0","0","0","","digital, map, earth","2023cprize-29"
"Mapping the Modern Manifesto: 110 Years of Architectural Declarations","Van Leeuwen, Andrew","2014","article","1","1","0","0","0","0","0","0","","map","2020cprize-40"
"Mapping the Shoreline Building Boom as Seas Rise","M.C. O'Connor; K. Stark","2017","article","1","0","1","0","0","0","0","0","","building, map","2021cprize-39"
"Mapping urban temperature using crowd-sensing data and machine learning","M. Zumwald; B. Knüsel; D.N. Bresch; R. Knutti","2021","article","1","0","0","0","1","0","0","0","data","data, map, urban","2023cprize-22"
"Mappings","Denis Cosgrove","1999","book","1","0","0","1","0","0","0","0","","","2022cprize-30"
"Maps and Territories","Alessandra Ponte","2014","article","1","1","0","0","0","0","0","0","","","2020cprize-62"
"Maps of Mythology Series","Qiu Zhijie","2019","other","1","0","0","1","0","0","0","0","","","2022cprize-28"
"Maps, Knowledge, and Power","J.B. Harley","1988","article","1","0","0","0","1","0","0","0","","knowledge","2023cprize-29"
"Marginalia: Little Libraries in the Urban Margins","S. Mattern","2012","article","1","0","0","0","0","0","0","1","","urban","2026cprize-53"
"Marginalized Communities in DC Are Already Struggling, Climate Change Will Make That Worse","","2019","other","1","1","0","0","0","0","0","0","climate, change, community","climate, make, change","2020cprize-69"
"Markets of Sorrow, Labors of Faith: New Orleans in the Wake of Katrina","Vincanne Adams","2013","book","1","0","1","0","0","0","0","0","","","2021cprize-60"
"Martin Rauch: Refined Earth","Sauer; Otto Kapfinger","","book","1","1","0","0","0","0","0","0","","earth","2020cprize-33"
"Marx, After the Feast","Robert Nichols","2020","chapter","1","0","0","0","1","0","0","0","","","2023cprize-03"
"Mass Customization and Design Democratization","B. Kolarevic; J.P. Duarte","2018","book","1","0","1","0","0","0","0","0","","design","2021cprize-42"
"Mass Timber Construction","Andrew Lawrence","2017","chapter","1","0","0","1","0","0","0","0","","construction, timber","2022cprize-21"
"Massive Change","Bruce Mau","2004","book","1","0","0","1","0","0","0","0","change","change","2022cprize-18"
"Masterplanning the Adaptive City: Computational Urbanism in the Twenty-First Century","Tom Verebes","2014","book","1","1","0","0","0","0","0","0","","adaptive, city, computation","2020cprize-45"
"Masters of the Universe","D. Burnett; D. Solomon","2008","chapter","1","0","0","1","0","0","0","0","","","2022cprize-22"
"Material and Social Construction","Jesse Keenan","2014","article","1","1","0","0","0","0","0","0","material","material, construction, social","2020cprize-62"
"Material Change","Eve Blossom","","book","1","0","1","0","0","0","0","0","change, material","material, change","2021cprize-26"
"Material Considerations – A Library of Sustainable Building Materials","Architecture and Design Scotland","","website","1","0","0","1","0","0","0","0","material, sustainable","material, building, sustainability","2022cprize-08"
"Material Design: Informing Architecture by Materiality","","","book","1","0","0","0","0","1","0","0","material","material, design, architecture","2024cprize-14"
"Material Ecologies in Architecture (in Design Ecologies – Essays on the Nature of Design)","Blaine Brownell","","chapter","1","0","1","0","0","0","0","0","material, nature","material, ecological, design, architecture","2021cprize-26"
"Material Ecology","Neri Oxman","","book","1","1","0","0","0","0","0","0","material, ecological","material, ecological","2020cprize-12"
"Material Energies (in The Air From Other Planets: A Brief History of Architecture to Come)","Sean Lally","","chapter","1","0","1","0","0","0","0","0","material","energy, material, history, air, architecture","2021cprize-18"
"Material Feminisms in the Anthropocene","Stacy Alaimo","2017","chapter","1","1","0","0","0","0","0","0","material","material, anthropocene","2020cprize-49"
"Material Innovation: Architecture","Andrew H. Dent; Leslie Sherr","2014","book","1","0","0","0","0","0","0","1","material","material, innovation, architecture","2026cprize-04"
"Material Presence (in Material Misuse)","Sheila Kennedy","2001","chapter","1","0","1","0","0","0","0","0","material","material","2021cprize-18"
"Material Strategies in Digital Fabrication","Christopher Beorkrem","2017","book","1","0","0","0","0","0","1","0","material","material, digital, fabrication","2025cprize-08"
"Material Strategies: Innovative Applications in Architecture","Blaine Brownell","2011","book","1","0","0","0","0","0","0","1","material","material, architecture","2026cprize-04"
"Material Traces PodCast for Hemp+ Natural Building","Parsons Material Lab","","other","1","0","1","0","0","0","0","0","material, nature","material, building, natural","2021cprize-26"
"Material Witness: Media, Forensics, Evidence","Susan Schuppli","2020","book","1","0","0","0","0","0","0","1","material","material, media","2026cprize-55"
"Material World","Peter Menzel","","book","1","1","0","0","0","0","0","0","material, world","material, world","2020cprize-33"
"Materializing Memory: The Camp Barker Memorial in Washington D.C.","K. MacDonald; K. Schumann","2024","chapter","1","0","0","0","0","1","0","0","","","2024cprize-23"
"Materially informed robotic fabrication, architectural robotics and multiscalar material architecture (in Towards Robotic Architecture)","S. Mostafavi; A. Anton","2018","chapter","1","0","0","0","0","1","0","0","material","material, fabrication, architecture","2024cprize-37"
"Materials and the Environment: Eco-informed Material Choice","Michael Ashby","2013","book","1","1","0","0","0","0","0","0","environmental, material","material","2020cprize-33"
"Materials for a Healthy, Ecological and Sustainable Built Environment: principles for evaluation","Petrović, Emina Kristina","2017","book","1","0","0","0","0","0","0","1","environmental, material, sustainable, ecological","material, ecological, sustainability","2026cprize-62"
"Materials for Sustainable Sites: A Complete Guide to the Evaluation, Selection and Use of Sustainable Construction Materials","M. Caulkins","2009","book","1","0","0","1","0","0","0","0","material, sustainable","material, construction, sustainability","2022cprize-31"
"Materials Form and Architecture","Richard Weston","","book","1","0","1","0","0","0","0","0","material","material, architecture","2021cprize-26"
"Materials Matter: Toward a Sustainable Materials Policy","Kenneth Geiser","","book","1","0","1","0","0","0","0","0","material, sustainable","material, sustainability","2021cprize-26"
"Matter (in Subnature: Architecture's Other Environments)","David Gissen","2009","chapter","1","1","0","0","0","0","0","0","","architecture","2020cprize-46"
"Matter Displaced, Organized, Flattened, Recording the Landscape","Martin Hogue","2018","chapter","1","0","0","1","0","0","0","0","","landscape","2022cprize-30"
"Matter is but Captured Energy","Kiel Moe","","chapter","1","1","0","0","0","0","0","0","energy","energy","2020cprize-63"
"Matters of Care in Technoscience: Assembling Neglected Things","Maria Puig de la Bellacasa","","article","1","1","0","0","0","0","0","0","","","2020cprize-21"
"Matters of Ecological Care","María Puig de la Bellacasa","2017","chapter","1","0","0","1","0","0","0","0","ecological","ecological","2022cprize-04"
"Maui Rising: The Fight for Hawaii's Future","","","other","1","0","0","0","0","0","1","0","future","future","2025cprize-14"
"Meander Maps of the Mississippi River","Harold Fisk","1944","other","1","0","0","1","0","0","0","0","","river","2022cprize-28"
"Means to an end: the rise and fall of the architectural project of the city","P.V. Aureli","2013","article","1","0","0","0","0","1","0","0","","city","2024cprize-20"
"Measure for the Anthropocene (in Climates: Architecture and the Planetary Imaginary)","Neyran Turan","","chapter","1","0","0","0","0","1","0","0","","anthropocene, planet, architecture","2024cprize-40"
"Measuring Building Performance","Francis Duffy","1990","article","1","0","0","0","0","0","1","0","","building, performance","2025cprize-29"
"Measuring Impacts of the Built Environment on Health, Wellbeing and Performance: Techniques, Methods and Implications for Design Research","A. Engineer; A. Ida","2020","book","1","1","0","0","0","0","0","0","environmental, health","performance, research, design","2020cprize-45"
"Measuring Up: A Case for Redrawing the System Boundaries of Sustainability in Architecture at the University of Kentucky","Brent Sturlaugson; Anita Lee Post; Rebekah Radtke","2019","article","1","1","0","0","0","0","0","0","systems, sustainable","system, sustainability, architecture","2020cprize-46"
"Meat and Seafood: The Global Diet's Most Costly Ingredients","Brian Halweil; Danielle Nierenberg","2008","article","1","1","0","0","0","0","0","0","global","global","2020cprize-25"
"Meat, Modernity, and the Rise of the Slaughterhouse","Paula Young Lee (ed.)","2008","book","1","1","0","0","0","0","0","0","","","2020cprize-05"
"Mechanization Takes Command: A Contribution to Anonymous History","Sigfried Giedion","1948","book","1","1","0","0","0","0","0","0","","history","2020cprize-28"
"Media Fixes: Thoughts on Repair Cultures","Lisa Parks","","article","1","0","0","0","0","1","0","0","","media","2024cprize-09"
"Media Studies 101","Media Texthack Team","2014","other","1","0","0","1","0","0","0","0","","media","2022cprize-28"
"Medical Education: Changing Pedagogies, Space Allocation, and the Learning Environment","Michael Lauber","2012","other","1","0","0","0","1","0","0","0","environmental","space","2023cprize-40"
"Medical Ethics as a Role Model for Architectural Ethics","","","other","1","1","0","0","0","0","0","0","","model, ethics","2020cprize-07"
"Melantropics at Praia do Arpoador","Janaina Tschäpe","2018","other","1","0","0","1","0","0","0","0","","","2022cprize-28"
"Memes Memes the Relatable Fruit","Ryan Scavniky","2018","book","1","1","0","0","0","0","0","0","","","2020cprize-51"
"Memories of the Urban Future: The Rise and Fall of the Megastructure","Sarah Deyong","2002","chapter","1","0","0","0","0","0","0","1","future","urban, future","2026cprize-14"
"Memory Across Borders: Nabokov, Perec, Chamoiseau","Sarah Louise Cooper","","book","1","0","0","0","0","1","0","0","","","2024cprize-42"
"Men in The Sun, and Other Palestinian Stories","Ghassan Kanafani","1999","book","1","0","0","0","1","0","0","0","","","2023cprize-23"
"Mental Health and Our Changing Climate: Impacts, Implications, and Guidance","American Psychological Association","2017","report","1","0","0","0","1","0","0","0","climate, health","climate","2023cprize-23"
"Meshes of the Afternoon","Maya Deren","","other","1","0","0","0","0","1","0","0","","","2024cprize-05"
"Metabolic Rift, Gift, and Shift","Kiel Moe","","article","1","0","0","0","0","1","0","0","","","2024cprize-01"
"Metals in Construction Innovation Challenge","Metals in Construction","","website","1","0","0","0","0","0","1","0","","construction, innovation","2025cprize-08"
"Meteorological Encyclopedia","Philippe Rahm","2011","article","1","0","1","0","0","0","0","0","","","2021cprize-15"
"Methodology and applications of city level CO2 emission accounts in China","","2017","article","1","0","0","0","0","0","1","0","","city","2025cprize-24"
"Metro, Petro, Neuro, Psycho","Edward Ruscha","2022","other","1","0","0","0","0","0","1","0","","","2025cprize-06"
"Metropolitan Phoenix: Placemaking and Community Building in the Desert","Patricia Gober","","book","1","0","0","0","0","1","0","0","community","building","2024cprize-27"
"Metropolitan Regional Scale Smart City Approaches in a Shrinking City in the American Rust Belt—Case of Pittsburgh, Pennsylvania","Sudeshna Ghosh; et al.","2018","chapter","1","0","0","0","0","0","0","1","","city","2026cprize-15"
"Mexican housing policy (in Landlord and Tenant: Housing the Poor in Urban Mexico)","A. Gilbert; A. Varley","1991","chapter","1","0","0","0","1","0","0","0","","house, urban","2023cprize-21"
"Mexico City: Between Geometry and Geography","Felipe Correa","2015","book","1","0","0","0","1","0","0","0","","city","2023cprize-09"
"Miami Beach flooding: what you need to know","Megan Barber","2017","article","1","0","0","1","0","0","0","0","","flood","2022cprize-16"
"Miami Beach to spend up to $400 million to deal with flooding issues","Christina Veiga","2014","article","1","0","0","1","0","0","0","0","issue","flood","2022cprize-16"
"Miami Faces $3.5T Loss, Highest Risk of Sea Level Rise Among All Coastal Cities: Report","","2016","article","1","1","0","0","0","0","0","0","","risk, coast, sea","2020cprize-18"
"Miami in the Anthropocene: Rising Seas and Urban Resilience","Stephanie Wakefield","2024","book","1","0","0","0","0","0","1","0","resilience","anthropocene, urban","2025cprize-16"
"Miasma Era (in Inventing Pollution: Coal, Smoke, and Culture in Britain since 1800)","Peter Thorsheim","2017","chapter","1","0","0","0","1","0","0","0","","culture","2023cprize-14"
"Micro: Very Small Architecture","Ruth Slavid","2007","book","1","0","1","0","0","0","0","0","","architecture","2021cprize-61"
"Micrographia: Toward a Visual Logic of Persianate Painting","David J. Roxburgh","2003","article","1","0","0","0","0","1","0","0","","visual","2024cprize-16"
"Midnight in the Garden of Good & Evil","James Smith","2016","other","1","0","0","1","0","0","0","0","","","2022cprize-28"
"Midwest Flooding","","","website","1","1","0","0","0","0","0","0","","flood","2020cprize-42"
"Mierle Laderman Ukeles: Maintenance Art","","2016","book","1","1","0","0","0","0","0","0","","","2020cprize-21"
"Mies and Students: An Archival Exhibition of IIT Long Span Projects","K. Jones","2021","other","1","0","0","0","0","0","1","0","","","2025cprize-14"
"Mies van der Rohe: Space – Material – Detail","E. Stach","2017","book","1","0","0","0","0","0","1","0","material","material, space","2025cprize-08"
"Mies' Pedagogy: Visual Training, Collages, and Space Models","K. Jones","2018","other","1","0","0","0","0","0","1","0","","visual, space","2025cprize-14"
"Migration Induced by Sea-Level Rise Could Reshape the US Population Landscape","Matthew E. Hauer","","article","1","0","1","0","0","0","0","0","","landscape, migration, sea","2021cprize-17"
"Migration: The Movement of Humankind from Prehistory to the Present","Robin Cohen","2020","book","1","0","0","0","1","0","0","0","","migration","2023cprize-06"
"Migratory Landforms","Dana Cupkova; Colleen Clifford; Thomas Sterling","2017","other","1","0","1","0","0","0","0","0","","","2021cprize-14"
"Mill Creek Sewer from 46th and Haverford to 47th and Fairmount","","1887","other","1","0","0","0","0","1","0","0","","","2024cprize-14"
"Mill Creek Sewer on Meadow - 46th Street between Market and Haverford Sts","","1890","other","1","0","0","0","0","1","0","0","","","2024cprize-14"
"Minding the City: Field Notes on Neuroscience and the Poetics of Sustainable Public Space","Harrison Fraker","2021","book","1","0","0","0","0","0","0","1","sustainable","public, space, sustainability, city","2026cprize-63"
"Minds on Fire: How Role-Immersion Games Transform College","Mark Carnes","2014","book","1","0","1","0","0","0","0","0","","","2021cprize-33"
"Mindwise","Nicholas Epley","2014","book","1","1","0","0","0","0","0","0","","","2020cprize-67"
"Mine Maps Atlas","Penn State University","","website","1","0","1","0","0","0","0","0","","","2021cprize-55"
"Minor Architecture: Destabilizing Major Narratives","Brent Sturlaugson; Benyameen Ghareeb; Eric Peterson; Andrew Ruff","2015","article","1","1","0","0","0","0","0","0","","architecture","2020cprize-46"
"Minor field, Major Territories: Dilemmas in Modernizing Hellenism","Artemis Leontis","1990","article","1","0","1","0","0","0","0","0","","","2021cprize-03"
"Minority Community Resilience and Cultural Heritage Preservation: A Case Study of the Gullah Geechee Community","L. Ghahramani; et al.","2020","article","1","0","0","1","0","0","0","0","community, resilience","culture, preservation","2022cprize-06"
"Mirch Masala","Ketan Mehta","1987","other","1","0","0","0","0","0","0","1","","","2026cprize-31"
"Mississippi Floods: Designing a Shifting Landscape","Anuradha Mathur; Dilip da Cunha","","book","1","0","0","0","0","0","1","0","","landscape","2025cprize-18"
"Mitigations","E. Dodd","2018","article","1","0","1","0","0","0","0","0","","","2021cprize-16"
"Mobile Studio Series","Jasmine Nilani Joseph","2020","other","1","0","0","1","0","0","0","0","","","2022cprize-28"
"Mobilising Adaptation: Community Knowledge and Urban Governance Innovations in Indore, India","E. K. Chu","2016","chapter","1","0","1","0","0","0","0","0","community","knowledge, urban","2021cprize-63"
"Mobility Oriented Design: The case for Miami's Metrorail","M. Mostafavi; C. Waldheim; J.M. Keenan","2019","report","1","0","0","1","0","0","0","0","","design","2022cprize-16"
"Mobility, Tropicality and Landscape: The Darjeeling Himalayan Railway, 1881–1939","Julian C. Baker","2014","article","1","0","0","0","1","0","0","0","","landscape","2023cprize-15"
"Mobilizing the Middle Landscape","Patty Heyda","","book","1","0","0","0","1","0","0","0","","landscape","2023cprize-33"
"Mobitecture: Architecture on the Move","Rebecca Roke","2017","book","1","1","0","0","0","0","0","0","","architecture","2020cprize-50"
"Modeling Outdoor Thermal Comfort","Wonjae Yoo","","other","1","0","0","1","0","0","0","0","","model","2022cprize-09"
"Modeling the Environment","Bradley Cantrell","","book","1","1","0","0","0","0","0","0","environmental","model","2020cprize-40"
"Modeling, Physical and Virtual","Kurt Rieder","2008","chapter","1","1","0","0","0","0","0","0","","model, physical, virtual","2020cprize-40"
"Modelling Daylight: A Manual for Natural Light Experimentation","Giovanni Traverso","2015","book","1","0","1","0","0","0","0","0","nature","natural","2021cprize-59"
"Models are Real","Olafur Eliasson","2007","article","1","0","1","0","0","0","0","0","","","2021cprize-59"
"Modern Architecture in Theater: The Experiments of Art et Action","","2013","book","1","1","0","0","0","0","0","0","","architecture","2020cprize-22"
"Modern Architecture in Vietnam or Vietnamese Modern Architecture?","Pham Thuy Loan; Truong Ngoc Lan","2017","article","1","0","0","0","0","0","0","1","","architecture","2026cprize-57"
"Modern Architecture Since 1900","William R. Curtis","1996","book","1","1","0","0","0","0","0","0","","architecture","2020cprize-03"
"Modern Globe","Denis Cosgrove","2001","chapter","1","1","0","0","0","0","0","0","","","2020cprize-21"
"Modern Procession","Francis Alÿs","2002","other","1","1","0","0","0","0","0","0","","","2020cprize-21"
"Modern slavery, environmental degradation and climate change: Fisheries, field, forests and factories","D. Brown; D.S. Boyd; K. Brickell; et al.","2021","article","1","0","0","0","0","0","1","0","climate, change, environmental","climate, change","2025cprize-31"
"Modular Construction: From Projects to Products","Nick Bertram; Steffen Fuchs; Jan Mischke; Robert Palter; Gernot Strube; Jonathan Woetzel","2019","report","1","1","0","0","0","0","0","0","","construction","2020cprize-26"
"Modulating Thermal Mass Behavior through Surface Figuration","Dana Cupkova; Patcharapit Promoppatum","2017","other","1","0","1","0","0","0","0","0","","","2021cprize-14"
"Modulo Continuo: Five-axis ceramic additive manufacturing applications for evaporative cooling façade modules","A. Gan; et al.","2022","article","1","0","0","0","0","0","0","1","","","2026cprize-23"
"Money Madness","Frank Capra","1932","film","1","0","0","1","0","0","0","0","","","2022cprize-10"
"Monsoon Wedding","Mira Nair","2001","other","1","0","0","0","0","0","0","1","","","2026cprize-31"
"Monster Earth","Renata Tyszczuk","2018","chapter","1","0","0","0","0","0","0","1","","earth","2026cprize-48"
"Monstrous Beauty: Eighteenth-Century Fashion and the Aesthetics of the Chinese Taste","David L. Porter","2002","article","1","0","0","0","1","0","0","0","","","2023cprize-17"
"Monthly Energy Review","US Energy Information Administration","2020","report","1","0","1","0","0","0","0","0","energy","energy","2021cprize-57"
"Monumentality and Social Complexity in the Upano Valley, Upper Amazon of Ecuador","E.M. Pazmiño; R. Clasby; J. Nesbitt","2021","chapter","1","0","0","0","0","1","0","0","","social","2024cprize-03"
"Moral Intuitions and Smart Growth: Why Do Liberals and Conservatives View Compact Development so Differently?","Paul G. Lewis","2015","article","1","0","1","0","0","0","0","0","","growth","2021cprize-33"
"Morality and Architecture Revisited","D. Watkin","","book","1","0","1","0","0","0","0","0","","architecture","2021cprize-12"
"More Mobile: Portable Architecture for Today","Jennifer Siegal; William J. Mitchell","2008","book","1","1","0","0","0","0","0","0","","architecture","2020cprize-50"
"More Than Half of What Americans Eat Is Ultra-Processed","Julie Beck","2016","article","1","0","0","1","0","0","0","0","","","2022cprize-03"
"More Than Meets the Eye: What Can Virtual Reality Reveal to Architects?","Seher Erdogan Ford","","article","1","0","0","0","0","1","0","0","","virtual","2024cprize-32"
"More-than-Humans","Andrés Jaque; Marina Otero Verzier; Lucia Pietroiusti","2021","book","1","0","0","0","0","0","1","0","","non-human","2025cprize-16"
"Morpho-Ecologies","Michael Hensel; Achim Menges","2008","book","1","1","0","0","0","0","0","0","","ecological","2020cprize-16"
"Morphologically controlled thermal rate of ultra high performance concrete","D. Cupkova; S. C. Yao; N. Azel","2015","article","1","0","1","0","0","0","0","0","","performance","2021cprize-14"
"Mortal Engines","Christian Rivers","2018","other","1","0","1","0","0","0","0","0","","","2021cprize-56"
"MOS: Selected Works","Michael Meredith; Hilary Sample","","book","1","1","0","0","0","0","0","0","","","2020cprize-51"
"MOSS REGIMES: Embedded Biomass in Porous Ceramics","Dana Cupkova; Colleen Clifford","2018","other","1","0","1","0","0","0","0","0","","","2021cprize-14"
"Most, the Town That Moved: Coal, Communists, and 'the Gypsy Question' in Postwar Czechoslovakia","Eagle Glassheim","2007","article","1","0","1","0","0","0","0","0","","","2021cprize-54"
"Mountain","Sigurður Guðmundsson","1980","other","1","0","0","1","0","0","0","0","","","2022cprize-28"
"Moving Beyond Green: Regenerative Design Thinking for Culture Change","Richard Graves","2020","article","1","0","1","0","0","0","0","0","change","regenerative, culture, change, design","2021cprize-40"
"Moving Earths","F. Ait-Touati; B. Latour","2021","other","1","0","0","0","1","0","0","0","","","2023cprize-31"
"Moving to Mars: Design for the Red Planet","K.F. Parker","2019","book","1","0","1","0","0","0","0","0","","planet, design","2021cprize-46"
"Moving urban political ecology beyond the 'urbanization of nature'","Y. Tzaninis; T. Mandler; M. Kaika; R. Keil","2021","article","1","0","0","0","1","0","0","0","ecological, nature","ecological, urban","2023cprize-21"
"Multi/Inter/Trans–disciplinary, what's the difference?","W. Caldwell","2015","website","1","0","0","0","0","1","0","0","","","2024cprize-34"
"Multiple Miamis","C. Reed; S. Canty; J.M. Keenan; L. Song","2020","report","1","0","0","1","0","0","0","0","","","2022cprize-16"
"Multispace: Architecture at the Dawn of the Metaverse","Owen Hopkins; et al.","","book","1","0","0","0","0","1","0","0","","architecture","2024cprize-39"
"Multivalent Analysis of Double-Skin Envelope Hygrothermal Louver System for Dehumidification Cooling, Daylighting, and Water Recuperation","A. Ida","2018","other","1","1","0","0","0","0","0","0","systems","water, system","2020cprize-45"
"Multivalent Hygrothermal Material System for Double-Skin Envelope Dehumidification Cooling and Daylighting","A. Ida","2018","other","1","1","0","0","0","0","0","0","systems, material","material, system","2020cprize-45"
"Munich Zoo Aviary","Griebl, Jörg; Frei Otto","","other","1","1","0","0","0","0","0","0","","","2020cprize-33"
"Murky Evidence: Environmental Forensics in the Age of the Anthropocene","Paulo Tavares","","article","1","1","0","0","0","0","0","0","environmental","anthropocene","2020cprize-21"
"Museum of the Future","John Baldessari; Bice Curiger","2015","book","1","0","1","0","0","0","0","0","future","museum, future","2021cprize-59"
"Museum, Refinery, Penitentiary","Bryan E. Norwood","2021","article","1","0","0","0","1","0","0","0","","museum","2023cprize-15"
"Museums and source communities: A Routledge reader","A.K. Brown; L. Peers","2005","book","1","0","0","0","0","1","0","0","community","","2024cprize-03"
"Music Sampling Explained","Luiz Costa","","website","1","0","0","0","0","0","0","1","","","2026cprize-15"
"Musing: Spinoza and Feminism Question the Structures of Domination. Is the Mind-Body Problem a Gender Problem?","Eva Perez de Vega","2019","article","1","0","0","1","0","0","0","0","","","2022cprize-18"
"Mutations","Rem Koolhaas","2000","book","1","0","0","0","0","0","1","0","","","2025cprize-12"
"Muthesius/Van de Velde: Werkbund Theses and Antitheses","Hermann Muthesius; Van de Velde, Henry","1964","chapter","1","0","0","0","0","0","0","1","","","2026cprize-56"
"My Father's Business","Cal Turner Jr.","2018","book","1","0","0","1","0","0","0","0","","","2022cprize-03"
"My Louisiana Love","Monique Verdin; Sharon Linezo Hong","2013","other","1","1","0","0","0","0","0","0","","","2020cprize-36"
"My Neighbor the Bat","Joyce Hwang","","article","1","0","0","0","0","1","0","0","","","2024cprize-01"
"Mycelium bio-composites in industrial design and architecture: Comparative review and experimental analysis","N. Attias; O. Danai; T. Abitbol; E. Tarazi; N. Ezov; I. Pereman; Y.J. Grobman","2020","article","1","0","0","0","0","0","0","1","","design, architecture","2026cprize-08"
"Mycelium Running: How Mushrooms Can Help Save the World","P. Stamets","2005","book","1","0","0","0","0","0","0","1","world","world","2026cprize-08"
"Mycelium-Based Composite: The Future Sustainable Biomaterial","D. Alemu; M. Tafesse; A.K. Mondal","2022","article","1","0","0","0","0","0","0","1","sustainable, future","sustainability, future","2026cprize-08"
"Myco Matters Lab","Jonathan Dessi-Olive","","website","1","0","0","0","1","0","0","0","","","2023cprize-24"
"Mysteries of the Mall","Witold Rybcynski","2015","book","1","0","0","1","0","0","0","0","","","2022cprize-03"
"Nadja Apartments","Point Supreme","2014","other","1","0","0","1","0","0","0","0","","","2022cprize-28"
"Nagayati: Arts and Architecture Among the Gabra Nomads of Kenya","Peter Oud","1991","other","1","0","0","0","1","0","0","0","","architecture","2023cprize-05"
"Nano Materials in Architecture, Interior Architecture, and Design","Sylvia Leydecker","","book","1","0","1","0","0","0","0","0","material","material, interior, design, architecture","2021cprize-26"
"NASA Earth Observatory Global Maps","","","website","1","1","0","0","0","0","0","0","global","global, earth","2020cprize-45"
"National Disaster Housing Strategy","U.S. Dept. of Homeland Security, FEMA","2013","report","1","1","0","0","0","0","0","0","","house, disaster","2020cprize-50"
"National Economy withstood pressure and reached a new level in 2022","China National Bureau of Statistics","2023","report","1","0","0","0","0","0","1","0","economic","economy","2025cprize-24"
"National Institute of Building Sciences Reports on Resilient Buildings","National Institute of Building Sciences","2022","report","1","0","0","0","1","0","0","0","science","building, science, resiliency","2023cprize-20"
"National Intelligence Estimate: Climate Change and International Responses Increasing Challenges to US National Security Through 2040","National Intelligence Council, Office of the Director of National Intelligence","2021","report","1","0","0","0","1","0","0","0","climate, change","climate, international, change, intelligence","2023cprize-36"
"National Oceanic & Atmospheric Administration (NOAA)","","","website","1","1","0","0","0","0","0","0","","","2020cprize-12"
"National Register of Historic Places Registration Form: Sunny Slope, Lee County, Alabama","United States Department of the Interior, National Park Service","2009","report","1","0","0","0","0","1","0","0","","","2024cprize-18"
"National Resources Conservation Service (NRCS)","","","website","1","1","0","0","0","0","0","0","resource","resource","2020cprize-12"
"National Security Agency Said to Use Manhattan Tower as Listening Post","Jim Dwyer","2016","article","1","0","0","0","0","1","0","0","","agency","2024cprize-39"
"Native Land","","","website","1","0","1","0","0","0","0","0","","land","2021cprize-21"
"Natural Climate Solutions for the United States","Fargione; et al.","2018","article","1","0","1","0","0","0","0","0","climate, nature","natural, climate","2021cprize-22"
"Natural Hedonism: The Invention of Caribbean Islands as Tropical Playgrounds (in Tourism in the Caribbean)","Mimi Sheller","2004","chapter","1","0","0","0","1","0","0","0","nature","natural","2023cprize-15"
"Nature and Cities: The Ecological Imperative in Urban Design and Planning","F. Steiner; George F. Thompson; Armando Carbonell","2016","book","1","1","0","0","0","0","0","0","ecological, nature","ecological, urban, design","2020cprize-27"
"Nature and Space (in Seeing like a state: How certain schemes to improve the human condition have failed)","J. Scott","1998","chapter","1","1","0","0","0","0","0","0","human, nature","human, space","2020cprize-40"
"Nature by Design: The Practice of Biophilic Design","Stephen R. Kellert","2018","book","1","0","1","0","0","0","0","0","nature","design","2021cprize-40"
"Nature Contact and Human Health: A Research Agenda","H. Frumkin; G.N. Bratman; S.J. Breslow; B. Cochran; P.H. Kahn; J.J. Lawler; et al.","2017","article","1","0","1","0","0","0","0","0","human, health, nature","human, research","2021cprize-40"
"Nature of Enclosure","Jeffrey Nesbit","2022","book","1","0","0","0","0","0","1","0","nature","","2025cprize-29"
"Nature's Nation: American Art and Environment","K. Kusserow; Alan C. Braddock","","book","1","0","0","0","1","0","0","0","environmental, nature","","2023cprize-31"
"Nature's Recipe Box","Materiom","","website","1","0","1","0","0","0","0","0","nature","","2021cprize-41"
"Nausicaä of the Valley of the Wind","Hayao Miyazaki","","other","1","0","0","0","0","0","1","0","","","2025cprize-22"
"Navigating Environmental Attitudes","T.A. Heberlein","2012","article","1","0","1","0","0","0","0","0","environmental","","2021cprize-04"
"Navigating the Northwest Passage","Kathryn Yusoff","2011","chapter","1","0","0","0","0","0","0","1","","","2026cprize-48"
"Need to Relocate? Bring the House, Too","Marli Guzzetta","2019","article","1","0","1","0","0","0","0","0","","house","2021cprize-29"
"Negotiating critical literacies with young children: 10th anniversary edition","V. M. Vasquez","2014","book","1","0","0","0","1","0","0","0","critical","critical","2023cprize-18"
"Negro Building: Black Americans in the World of Fairs and Museums","Mabel Wilson","","book","1","0","0","1","0","0","0","0","world","building, world","2022cprize-20"
"Neighborhood Characteristics Influence Active Living and Cognitive Performance among Older Adults","F. Ferdous; A. Watts; K. Diaz-Moore","2016","other","1","0","1","0","0","0","0","0","","performance, neighborhood","2021cprize-22"
"Neighborhood Integration and Connectivity Predict Cognitive Performance and Decline","A. Watts; F. Ferdous; K. D. Moore; J. Burns","2015","article","1","0","1","0","0","0","0","0","","performance, neighborhood","2021cprize-22"
"Neighborhoods at Risk","Headwaters Economics","","website","1","0","0","0","0","0","0","1","","risk","2026cprize-13"
"Neocolonial collaboration: Museum as contact zone revisited","R. Boast","2011","article","1","0","0","0","0","1","0","0","","collaboration, museum","2024cprize-03"
"Nesting: Body, Dwelling, Mind","Sarah Robinson","","book","1","0","0","0","0","1","0","0","","","2024cprize-42"
"Net Zero Energy Design: A Guide for Commercial Architecture","T. Hootman","2012","book","1","1","0","0","0","0","0","0","energy","energy, design, architecture","2020cprize-19"
"Net Zero Housing: The Architects' Small House Service Bureau and Contemporary Sustainable Single-Family House Design Methods for the United States","Lisa M. Tucker","2012","article","1","1","0","0","0","0","0","0","sustainable","house, sustainability, design","2020cprize-23"
"Neurodiversity in the workplace: Considering neuroatypicality as a form of diversity","Mary Kate Cassidy","2018","other","1","0","0","0","0","0","0","1","","","2026cprize-63"
"Never Built New York","Greg Goldin","2016","book","1","1","0","0","0","0","0","0","","","2020cprize-57"
"New Architecture on Indigenous Lands","Joy Monice Malnar; Frank Vodvarka","2013","book","1","0","0","1","0","0","0","0","","indigenous, architecture","2022cprize-19"
"New Babylon versus Plug-In City","Simon Sadler","2005","chapter","1","0","0","0","0","0","0","1","","city","2026cprize-14"
"New Buildings: Embodied Carbon","Architecture 2030","2020","website","1","0","1","0","0","0","0","0","carbon","embodied, carbon","2021cprize-30"
"New Cadavre Exquis: Matters, Ruins, and Debris of Architecture","Neyran Turan","2018","article","1","1","0","0","0","0","0","0","","architecture","2020cprize-46"
"New Chinese Architecture: Twenty Women Building the Future","","2019","book","1","0","0","0","0","0","0","1","future","building, architecture, future","2026cprize-43"
"New Dark Age: Technology and the End of the Future","James Bridle","2018","book","1","1","0","0","0","0","0","0","future","technology, future","2020cprize-12"
"New Flatness: Surface Tension in Digital Architecture","Alicia Imperiale","2000","book","1","1","0","0","0","0","0","0","","digital, architecture","2020cprize-49"
"New Frontiers and Conceptual Frameworks for Energy Justice","Benjamin K. Sovacool","2017","article","1","0","0","0","0","0","1","0","energy, justice","energy, justice","2025cprize-35"
"New Geographies Journal","","","other","1","1","0","0","0","0","0","0","","","2020cprize-45"
"New Glass Architecture","Brent Richards","2006","book","1","1","0","0","0","0","0","0","","architecture","2020cprize-16"
"New Homes for a New Deal: A concrete program for slum clearance and housing relief","Albert Mayer; Henry Wright; Lewis Mumford","","article","1","0","1","0","0","0","0","0","","house","2021cprize-02"
"New Hybridities: Societies and Cultures in Transition","Frank Heidemann; Alfonso de Toro","2006","book","1","0","0","0","0","1","0","0","","","2024cprize-42"
"New Portable Architecture: Designing Mobile & Temporary Structures","","2014","book","1","1","0","0","0","0","0","0","","architecture","2020cprize-50"
"New Poverty and Food Insecurity Data Illustrate Persistent Racial Inequities","","","report","1","0","0","0","0","0","1","0","data","data, food, race","2025cprize-15"
"New Prefab","","2008","book","1","0","0","0","0","0","0","1","","","2026cprize-24"
"New Research Shows Disproportionate Rate of Coronavirus Deaths in Polluted Areas","Lylla Younes; Sara Sneath","2020","article","1","0","1","0","0","0","0","0","","research","2021cprize-43"
"New Routes to Equity: The Future of Transportation in the Black Community","Regan Patterson","","report","1","0","0","0","0","0","1","0","future, community","future","2025cprize-32"
"New Technologies Won't Reduce Scarcity, but Here's Something That Might","V. Kostakis; A. Roos","2018","article","1","0","0","0","0","0","1","0","","technology","2025cprize-15"
"New Town Planning: Principles and Practice","Gideon Golany","","book","1","0","1","0","0","0","0","0","","","2021cprize-12"
"New Trends in Planning School Buildings Design: Outdoor Pedagogical Spaces Approach","Rita Rosado; João Rosado; Susana Torres","2025","article","1","0","0","0","0","0","0","1","","design","2026cprize-38"
"New United States Courthouse - Los Angeles","SOM","2018","website","1","0","1","0","0","0","0","0","","","2021cprize-09"
"New Urban Topologies: The Desire for Public Place in the Age of Virtual Geography","Michael Jenson","2006","article","1","0","1","0","0","0","0","0","","public, virtual, place, urban","2021cprize-48"
"New Worlds Quarterly","Michael Moorcock","","other","1","0","0","0","0","0","1","0","","","2025cprize-22"
"New York City Electrical Code 2011: Based on the 2008 National Electric Code","","2011","report","1","0","1","0","0","0","0","0","","city","2021cprize-11"
"New York's Heat-Vulnerable Neighborhoods Need to Go Green to Cool Off","Ilana Cohen","2020","article","1","0","1","0","0","0","0","0","","heat","2021cprize-15"
"New York's proliferation of green building rating systems raises the question of what's being measured","Bill Millard","2021","article","1","0","0","0","1","0","0","0","systems","building, system","2023cprize-19"
"Next Generation Infrastructure","H. Brown","2014","book","1","1","0","0","0","0","0","0","infrastructure","infrastructure","2020cprize-15"
"Next-Century Collaboration between Design and Climate Science","Kate Orff; Adam Sobel","","article","1","0","0","0","0","1","0","0","climate, science","science, climate, collaboration, design","2024cprize-15"
"NFPA 72: National Fire Alarm and Signaling Code","","2016","report","1","0","1","0","0","0","0","0","","","2021cprize-11"
"NG2: Landscapes of Energy","Rania Ghosn (ed.)","2010","book","1","1","0","0","0","0","0","0","energy","energy, landscape","2020cprize-21"
"Ni ici, ni ailleurs? Survol des critiques architecturales profanes sur les territoires en lutte","","2021","article","1","0","0","0","0","0","1","0","","","2025cprize-09"
"Nigerian Campus Design: A Juxtaposition of Traditional and Contemporary Architecture","A.O. Asojo","2019","chapter","1","0","1","0","0","0","0","0","","design, architecture","2021cprize-40"
"Night Comes to the Cumberlands: A Biography of a Depressed Area","Harry M. Caudill","1962","book","1","0","1","0","0","0","0","0","","","2021cprize-54"
"Nine Criteria for Livable Urban Density (in Soft City)","David Sim","2019","chapter","1","0","1","0","0","0","0","0","","city, urban","2021cprize-27"
"No justice, No resilience: Prison abolition as disaster mitigation in an era of climate change","C. Purdum; F. Henry; S. Rucker; et al.","2021","article","1","0","0","0","0","0","1","0","climate, change, justice, resilience","climate, justice, change, disaster, mitigation","2025cprize-31"
"No More Counting on Oil","Timothy Mitchell","","chapter","1","0","0","1","0","0","0","0","","oil","2022cprize-04"
"No More Play: Conversations on Urban Speculation in Los Angeles and Beyond","Michael Maltzan; Jessica Varner","2011","book","1","0","0","0","0","0","1","0","","speculate, urban","2025cprize-36"
"No plug? No problem. This 3D-printed humidifier does not use any electricity.","J. Diaz","2022","website","1","0","0","0","0","0","0","1","","","2026cprize-23"
"No Royal Roads: Diffusing the Constraints of Smoothness on Local City Streets","C. Jones","2021","other","1","0","0","1","0","0","0","0","","local, city","2022cprize-11"
"Nolumbeka Project","","","website","1","0","0","0","0","0","0","1","","","2026cprize-33"
"Noma: Time and Place in Nordic Cuisine","Olafur Eliasson; Rene Redzepi","2010","chapter","1","1","0","0","0","0","0","0","","place","2020cprize-12"
"Nomad Century: How Climate Migration Will Reshape Our World","Gaia Vince","2022","book","1","0","0","0","1","0","0","0","climate, world","world, climate, migration","2023cprize-05"
"Nomadland","Chloé Zhao","2020","other","1","0","0","0","1","0","0","0","","","2023cprize-05"
"Non-extractive Architecture platform","Space Caviar","","website","1","0","0","0","0","0","0","1","","architecture","2026cprize-55"
"Non-linear Perspective","Kiel Moe","2019","article","1","0","1","0","0","0","0","0","","","2021cprize-08"
"Non-Places: An Introduction to Supermodernity","Marc Augé","1995","book","1","0","0","0","1","0","0","0","","","2023cprize-03"
"North Slope Borough Resources","","","website","1","0","0","0","0","0","1","0","resource","resource","2025cprize-02"
"North Slope Science Initiative","","","website","1","0","0","0","0","0","1","0","science","science","2025cprize-02"
"Nostalgia for Ruins","Andreas Huyssen","2006","article","1","0","1","0","0","0","0","0","","","2021cprize-60"
"Not in Anybody's Backyard? The Non-Distributive Problem with Environmental Justice","Joshua Glasgow","2005","article","1","0","0","0","1","0","0","0","environmental, justice","justice","2023cprize-08"
"Not Ok: a little movie about a small glacier at the end of the world","Dominic Boyer; Cymene Howe","","other","1","0","1","0","0","0","0","0","world","world","2021cprize-02"
"Notebook of a Return to the Native Land","Aime Cesaire","2001","book","1","1","0","0","0","0","0","0","","land","2020cprize-61"
"Notes from the Wasteland: Competing Climatic Imaginaries in the Post-Apocalyptic Landscape","J. Boswell","2016","chapter","1","0","0","1","0","0","0","0","","landscape","2022cprize-22"
"Notes on a mesocosmic architecture","D. Jacobs; B. Utting","2024","article","1","0","0","0","0","0","0","1","","architecture","2026cprize-30"
"Notes on the Infrastructure of New York City","Emilio Ambasz","","other","1","0","1","0","0","0","0","0","infrastructure","infrastructure, city","2021cprize-15"
"Notes on the Underground: An Essay on Technology, Society, and the Imagination","Rosalind H. Williams","1990","book","1","0","0","0","0","0","1","0","society","social, technology","2025cprize-01"
"Nothing is lost, nothing is created, everything is re-used: structural design for a circular economy","C. Fivet; J. Brütting","2020","article","1","0","0","0","0","1","0","0","economic","economy, structure, design","2024cprize-04"
"Notre musique","Jean-Luc Godard","2004","other","1","0","0","0","0","0","0","1","","","2026cprize-30"
"Novel Materials for Carbon Dioxide Mitigation Technology","Fan Shi; Bryan Morreale","2015","book","1","0","1","0","0","0","0","0","material, carbon","material, technology, mitigation, carbon","2021cprize-57"
"Novel Synergies","","","book","1","1","0","0","0","0","0","0","","","2020cprize-59"
"Now We See Now: Architecture and Research by The Living","David Benjamin","","book","1","0","0","0","0","1","0","0","","research, architecture","2024cprize-23"
"Noxious New York: The Racial Politics of Urban Health and Environmental Justice","Julie Sze","2006","book","1","0","0","0","0","1","0","0","environmental, justice, health","justice, urban, race","2024cprize-38"
"NSF Exploratorium","","","website","1","1","0","0","0","0","0","0","","","2020cprize-38"
"Nuclear Energy and the Fossil Fuels","M.K. Hubbert","1956","report","1","0","1","0","0","0","0","0","energy","energy, fossil fuel","2021cprize-57"
"Nuclear Ontologies","Gabriel Hecht","","chapter","1","1","0","0","0","0","0","0","","","2020cprize-25"
"Numbers in the Dark","I. Calvino","1995","book","1","0","0","0","1","0","0","0","","","2023cprize-37"
"NYCHA Sustainability Agenda","NYCHA","2021","report","1","0","0","0","0","0","1","0","sustainable","sustainability","2025cprize-28"
"Objectified","Gary Hustwit","","other","1","0","0","0","0","1","0","0","","","2024cprize-23"
"Objectivity","Lorraine Daston; Peter Galison","2010","book","1","1","0","0","0","0","0","0","","","2020cprize-12"
"Oblique Drawing: A History of Anti-Perspective","Massimo Scolari","2012","book","1","0","0","0","1","0","0","0","","drawing, history","2023cprize-09"
"OBO Guide to Excellence in Diplomatic Buildings","U.S. Department of State Bureau for Overseas Building Operations (OBO)","2016","report","1","0","0","0","1","0","0","0","","","2023cprize-36"
"Observed Decay: Telling Stories with Mutable Things","Caitlin DeSilvey","","article","1","1","0","0","0","0","0","0","","","2020cprize-46"
"Occupying and Connecting: Thoughts on Territories and Spheres of Influence with Particular Reference to Human Settlement","Frei Otto; Berthold Burkhardt","2009","book","1","0","0","1","0","0","0","0","human","human","2022cprize-07"
"Of Cetaceans and Ships","John Durham Peters","2015","chapter","1","0","0","0","0","0","0","1","","","2026cprize-48"
"Of Clouds and Clocks","K. Popper","1972","chapter","1","1","0","0","0","0","0","0","","","2020cprize-09"
"Of Other Spaces","Michel Foucault; Jay Miskowiec","1986","article","1","0","0","0","0","1","0","0","","","2024cprize-16"
"Off the Grid","","2019","book","1","0","0","0","0","0","0","1","","","2026cprize-24"
"Office of Indigenous Engagement","University of Calgary","","website","1","0","1","0","0","0","0","0","","indigenous","2021cprize-21"
"OfficeUS Atlas","Michael Kubo","2015","book","1","0","1","0","0","0","0","0","","","2021cprize-43"
"Offsetted: On the Rights of Trees","Cooking Sections","2019","other","1","1","0","0","0","0","0","0","","","2020cprize-02"
"Offsite Construction: Constructing the Future","John Quale; Ryan E. Smith","","book","1","0","1","0","0","0","0","0","future","construction, future","2021cprize-32"
"Oil Beach: How Toxic Infrastructure Threatens Life in the Ports of Los Angeles and Beyond","Christina Dunbar-Hester","2023","book","1","0","0","0","0","1","0","0","infrastructure","infrastructure, oil","2024cprize-39"
"Oil heritage and the mass urbanization of the sea","Z. S. Casey; A. Mehan","2024","chapter","1","0","0","0","0","0","1","0","","oil, sea","2025cprize-03"
"Olafur Eliasson: In Real Life","Mark Godfrey","2019","book","1","1","0","0","0","0","0","0","","","2020cprize-45"
"Older People Are Contributing to Climate Change, and Suffering From It","Paula Span","2019","article","1","0","1","0","0","0","0","0","climate, change","climate, change","2021cprize-15"
"Olive Branch Flood Recovery and Rebuilding Initiative: Seeking Higher Ground","C. Anz; B. Ellison","2013","other","1","0","1","0","0","0","0","0","","flood","2021cprize-12"
"Omnideck 360° VR Platform","Omnifinity","2011","other","1","1","0","0","0","0","0","0","","","2020cprize-33"
"On Beauty and Being Just","Elaine Scarry","2013","book","1","1","0","0","0","0","0","0","","","2020cprize-42"
"On Being Prey","Valerie Plumwood","","article","1","0","0","1","0","0","0","0","","","2022cprize-15"
"On Borders: Territories, Legitimacy, and the Rights of Place","Paulina Ochoa Espejo","2020","book","1","0","0","0","1","0","0","0","","place","2023cprize-16"
"On Condis and Coolth","Gwyn Prins","1992","article","1","0","1","0","0","0","0","0","","","2021cprize-33"
"On Decoloniality: Concepts, Analytics, Praxis","Walter D. Mignolo; Catherine E. Walsh","2018","book","1","0","0","1","0","0","0","0","","","2022cprize-19"
"On Exactitude in Science","Jorge Luis Borges","1999","chapter","1","0","0","0","0","0","1","0","science","science","2025cprize-18"
"On Fertility","Jane Hutton","2014","article","1","1","0","0","0","0","0","0","","","2020cprize-41"
"On Global Grounds: Urban Change and Globalization","","","book","1","1","0","0","0","0","0","0","change, global","global, change, urban","2020cprize-25"
"On Location (in Embrace Fearlessly the Burning World)","Barry Lopez","2022","chapter","1","0","0","0","1","0","0","0","world","world","2023cprize-31"
"On Nonscalability: The Living World Is Not Amenable to Precision-Nested Scales","Anna Tsing","2012","article","1","0","0","0","0","0","0","1","world","world","2026cprize-65"
"On Petrocultures: Or, Why We Need to Understand Oil to Understand Everything Else","Sheena Wilson; et al.","","chapter","1","1","0","0","0","0","0","0","","oil","2020cprize-25"
"On Photography","Susan Sontag","2001","book","1","1","0","0","0","0","0","0","","","2020cprize-55"
"On Pneumatic Apparitions (in The Inflatable Moment)","Marc Dessauce","1999","chapter","1","0","0","0","1","0","0","0","","","2023cprize-14"
"On Property","John Locke","1988","chapter","1","1","0","0","0","0","0","0","","property","2020cprize-25"
"On Relationships","Ryue Nishizawa","2006","chapter","1","0","1","0","0","0","0","0","","","2021cprize-59"
"On the Importance of a Date, or Decolonizing the Anthropocene","Heather Davis; Zoe Todd","","article","1","1","0","0","0","0","0","0","","anthropocene","2020cprize-21"
"On the Limits of Care and Knowledge: 15 Points Museums Must Understand to Dismantle Structural Injustice","Yesomi Umolu","","article","1","0","1","0","0","0","0","0","","structure, knowledge, injustice","2021cprize-53"
"On the Limits of Process: the Case for Precision in Landscape","A. Berrizbeitia","2016","article","1","0","0","0","1","0","0","0","","landscape","2023cprize-21"
"On the Move","Abrahm Lustgarten","","book","1","0","0","0","0","0","0","1","","","2026cprize-37"
"On the Possibilities of a Charming Anthropocene","Holly Jean Buck","2015","article","1","0","0","0","0","0","1","0","","anthropocene","2025cprize-04"
"On the Social Contract","Jean-Jacques Rousseau","2019","book","1","1","0","0","0","0","0","0","","social","2020cprize-25"
"On Typology","Rafael Moneo","1978","article","1","0","0","1","0","0","0","0","","","2022cprize-20"
"On Weaving a Basket","Tim Ingold","","chapter","1","0","0","0","0","0","0","1","","","2026cprize-59"
"On-site Non-potable Water Reuse Guide","William Wortham Foundation","2018","report","1","0","1","0","0","0","0","0","","site, water, reuse","2021cprize-27"
"One bioregion/one health: An integrative narrative for transboundary planning along the US–Mexico border","Keith Pezzoli; Justine Kozo; Karen Ferran; Wilma Wooten; Gudelia Rangel Gomez; Wael K. Al-Delaimy","2014","article","1","0","0","0","1","0","0","0","health","","2023cprize-16"
"One Strange Rock","Darren Aronofsky","2018","film","1","0","0","1","0","0","0","0","","","2022cprize-15"
"One Thousand and One Night","Edith Dekyndt","","other","1","0","1","0","0","0","0","0","","","2021cprize-13"
"One Water","Sanjeev Chatterjee; Ali Habashi","2008","other","1","0","0","0","0","0","0","1","","water","2026cprize-31"
"One Way or Another, Everything Changes","N. Klein","","chapter","1","1","0","0","0","0","0","0","","","2020cprize-09"
"Only Blue (Antarctica)","Tania Kovats","2013","other","1","0","0","1","0","0","0","0","","","2022cprize-28"
"Open Architecture, Rightlessness, and Citizens-to-Come","Esra Akcan","2020","chapter","1","0","1","0","0","0","0","0","","architecture","2021cprize-09"
"Open-weather: Speculative-feminist propositions for planetary images in an era of climate crisis","Sasha Engelmann","2022","article","1","0","0","0","0","0","0","1","climate","speculate, climate, weather, planet, crisis","2026cprize-48"
"Opening Statements","Susan Schuppli","","chapter","1","0","0","0","0","0","0","1","","","2026cprize-48"
"Openings: The Mine as Transnational Infrastructure","Martín Arboleda","2020","chapter","1","0","0","1","0","0","0","0","infrastructure","infrastructure","2022cprize-04"
"Optimization of Intensive Daylight Simulations: A Cloud-based Methodology using HPC (High Performance Computing)","M. Kyropoulou; P. Ferrer; S. Subramaniam","2018","other","1","0","0","0","1","0","0","0","","performance, optimization","2023cprize-28"
"Optimized Street Design to Balance Outdoor Thermal Comfort and Indoor Daylighting Performance Within Large Scale Urban Settings in Hot Arid Climates","Rania Labib; Liliana Beltran","2015","other","1","0","1","0","0","0","0","0","","performance, urban, design","2021cprize-58"
"Optimizing Medical School Teaching Space","Michael Lauber; Barbara O'Hara","2011","other","1","0","0","0","1","0","0","0","","space","2023cprize-40"
"Optimizing structural roof form for life-cycle energy efficiency","N. Huberman; D. Pearlmutter; E. Gal; I.A. Meir","2015","article","1","0","0","0","0","0","1","0","energy","energy, structure","2025cprize-13"
"Order Through Fluctuations, in Order Out of Chaos","I. Stengers; I. Prigogine","1984","chapter","1","1","0","0","0","0","0","0","","","2020cprize-09"
"ORGAN2/ASLSP","John Cage","","other","1","0","1","0","0","0","0","0","","","2021cprize-13"
"Organic Architecture as an Open Work","Alicia Imperiale","2018","chapter","1","1","0","0","0","0","0","0","","architecture","2020cprize-49"
"Organic Italy? The Troubling Case of Rinaldo Semino","Alicia Imperiale","2010","article","1","1","0","0","0","0","0","0","","","2020cprize-49"
"Organizational Ecologies","James Corner","2013","article","1","0","0","0","1","0","0","0","","ecological","2023cprize-09"
"Orientation in a Big World: On the Necessity of Horizonless Perspectives","Patricia Reed","","article","1","1","0","0","0","0","0","0","world","world","2020cprize-56"
"Original Wisdom","R. Wolff","2001","book","1","0","0","0","1","0","0","0","","","2023cprize-07"
"Origins and Evolution of the Community Land Trust in the United States","John Emmeus Davis","2010","chapter","1","0","0","0","0","0","1","0","community","land","2025cprize-28"
"Ornament and Crime","Adolf Loos","","book","1","0","0","0","0","1","0","0","","","2024cprize-33"
"Ought We Not to Establish 'Access to Food' as a Species Right?","Subhankar Banerjee","2013","article","1","0","0","0","1","0","0","0","","food, species","2023cprize-11"
"Our Broad Present","Hans Gumbrecht","2014","book","1","0","1","0","0","0","0","0","","","2021cprize-60"
"Our Choice: A Plan to Solve the Climate Crisis","Al Gore","2009","book","1","1","0","0","0","0","0","0","climate","climate, plan, crisis","2020cprize-69"
"Our Common Future","World Commission On Environment and Development","1987","report","1","0","0","1","0","0","0","0","future","future","2022cprize-09"
"Our Common Future—Call for Action","Gro Harlem Brundtland","1987","article","1","0","1","0","0","0","0","0","future","future","2021cprize-29"
"Our Island Home","James Spione","2010","film","1","0","0","1","0","0","0","0","","","2022cprize-06"
"Our Traumatized Planet: A Stark Perspective on the Earth's Environmental Crises","Mark Q. Sutton; E. N. Anderson","2024","book","1","0","0","0","0","0","1","0","environmental","planet, earth","2025cprize-09"
"OUR: Collective Future Project","","2017","other","1","0","0","0","0","0","0","1","future","future","2026cprize-24"
"Out-of-Body Experiences: The Polis in Sickness and in Health","Brooke Holmes","2015","article","1","1","0","0","0","0","0","0","health","","2020cprize-67"
"Outdoor thermal comfort","M. Nikolopoulou","","article","1","0","0","0","1","0","0","0","","","2023cprize-28"
"Outdoor thermal comfort autonomy: Performance metrics for climate-conscious urban design","N. Nazarian; J.A. Acero; L. Norford","2019","article","1","0","0","0","1","0","0","0","climate","performance, climate, urban, design","2023cprize-22"
"Outlawed Territories: Environments of Insecurity / Architecture of Counterinsurgency","Felicity Scott","2016","book","1","1","0","0","0","0","0","0","","architecture","2020cprize-43"
"Over-Claiming the Circular Economy: The Missing Dimensions","Jordan Lazell; Solon Magrizos; Marylyn Carrigan","2018","article","1","0","0","0","0","0","0","1","economic","economy","2026cprize-15"
"Overcoming the Social and Psychological Barriers to Green Building","","","article","1","0","1","0","0","0","0","0","","social, building","2021cprize-33"
"Overview of Greenhouse Gases","EPA","2020","website","1","0","1","0","0","0","0","0","","","2021cprize-29"
"Oyster-tecture","99% Invisible","2017","other","1","0","1","0","0","0","0","0","","","2021cprize-27"
"Oystertecture / Staten Island's Living Breakwater","Kate Orff","","other","1","1","0","0","0","0","0","0","","","2020cprize-49"
"P A M O (Prefabricated Adaptive Mobile Offices)","J. Song; A. Koudlai","2016","article","1","0","0","0","1","0","0","0","","adaptive","2023cprize-19"
"Packing them in: an archaeology of environmental racism in Chicago, 1865-1954","Sylvia Washington","","book","1","0","0","0","0","1","0","0","environmental","","2024cprize-38"
"Palace of the Peacock","Wilson Harris","1960","book","1","1","0","0","0","0","0","0","","","2020cprize-61"
"Paleogenomics","","","website","1","1","0","0","0","0","0","0","","","2020cprize-12"
"Pan's Travail: Environmental Problems of the Ancient Greeks and Romans","J. Donald Hughes","1996","book","1","1","0","0","0","0","0","0","environmental","","2020cprize-24"
"Panopticism","Michel Foucault","","chapter","1","0","1","0","0","0","0","0","","","2021cprize-53"
"Panoramas","Bruno Latour","","chapter","1","1","0","0","0","0","0","0","","","2020cprize-54"
"Paolo Soleri's Teilhard de Chardin Cloister","Alicia Imperiale","2018","chapter","1","1","0","0","0","0","0","0","","","2020cprize-49"
"Paolo Soleri: What If?: Collected Writings 1986-2000","Paolo Soleri","2002","book","1","0","0","1","0","0","0","0","","","2022cprize-24"
"Parable of the Sower","Octavia E. Butler","1993","book","1","0","1","0","0","0","0","0","","","2021cprize-56"
"Paradise is Plantation? (in Paradise and Plantation: Tourism and Culture in the Anglophone Caribbean)","Ian G. Strachan","2002","chapter","1","0","0","0","1","0","0","0","","culture","2023cprize-15"
"Parallax","Steven Holl","","book","1","0","0","0","0","0","0","1","","","2026cprize-01"
"Parallel Genealogies","Chris Reed; Nina-Marie Lester","2020","chapter","1","0","0","1","0","0","0","0","","","2022cprize-30"
"Parametric Urban Regulation Models for Predicting Development Performances","Jong Bum Kim","2014","other","1","0","0","1","0","0","0","0","","urban","2022cprize-09"
"Parametrics and the Limits of Knowledge","Paul Edwards","2010","chapter","1","1","0","0","0","0","0","0","","knowledge","2020cprize-21"
"Paranoid Empire: Specters from Guantánamo and Abu Ghraib","Anne McClintock","2009","article","1","0","0","0","0","0","1","0","","","2025cprize-22"
"paraSITE","Michael Rakowitz","1998","other","1","0","0","1","0","0","0","0","","","2022cprize-28"
"Paris, Texas","Wim Wenders","1984","other","1","0","0","0","1","0","0","0","texas","","2023cprize-23"
"Participatory Approaches to Communal Gathering Design in Homeless Shelter Villages","Rob Corser; Saba Fatima","2021","article","1","0","0","0","0","0","0","1","","design","2026cprize-50"
"Participatory Design Thinking in Architecture & Urban Planning","John Odhiambo Onyango","","book","1","0","0","0","0","0","0","1","","urban, design, architecture","2026cprize-44"
"Participatory Engagement Tools and Case Studies","PLAYce Studio","","other","1","0","0","0","0","0","0","1","","","2026cprize-02"
"Partner-provided GIS layers and technical reports","SEREMI Atacama Region","","report","1","0","0","0","0","0","0","1","","technology, technical","2026cprize-51"
"Passage Tomb at Newgrange","","","other","1","0","1","0","0","0","0","0","","","2021cprize-13"
"Passivhaus (Phius) Certified Project Database","Phius","","website","1","0","0","0","0","0","0","1","","","2026cprize-01"
"Passivhaus Climate Zones Map Guide","","","website","1","0","0","0","0","0","0","1","climate","map, climate","2026cprize-01"
"Passivhaus Institut: Passive House Requirements","Passivhaus Institut","2024","website","1","0","0","0","0","0","0","1","","house","2026cprize-50"
"Past Connections and Present Similarities in Slave Ownership and Fossil Fuel Usage","John Mouhot","2017","article","1","1","0","0","0","0","0","0","","fossil fuel","2020cprize-25"
"Past Forward: How the Past Has Shaped the Longleaf Pine Forests","Becky Barlow","","article","1","1","0","0","0","0","0","0","","","2020cprize-63"
"Patchwork: repair labor and the logic of infrastructure adaptation in Mexico City","Alejandro De Coss-Corzo","2020","article","1","0","0","0","0","1","0","0","infrastructure","infrastructure, labor, city","2024cprize-09"
"Paterson School District Eyes $15 Million in Energy Infrastructure Upgrades","Jayed Rahman","2017","article","1","0","0","0","1","0","0","0","energy, infrastructure","energy, infrastructure","2023cprize-08"
"Pathologies of Power","Paul Farmer","2003","book","1","0","0","0","1","0","0","0","","","2023cprize-32"
"Patterns and Aggregations","Martin Bechthold; Anthony Kane; Nathan King","2015","chapter","1","0","0","0","0","0","0","1","","","2026cprize-03"
"Patterns and Layering: Japanese Spatial Culture, Nature and Architecture","S.J. Liotta; M. Belfiore","2012","book","1","0","0","0","0","0","0","1","nature","space, culture, architecture","2026cprize-33"
"Pavilions, Pop-Ups, and Parasols: Are They a Platform for Change?","Leon van Schaik","","article","1","0","0","0","1","0","0","0","change","change","2023cprize-17"
"Peak Series","Zaha Hadid","1991","other","1","0","0","1","0","0","0","0","","","2022cprize-28"
"Peer Reviewed: Applying the Principles of Green Engineering to Cradle-to-Cradle Design","William McDonough; et al.","","article","1","0","1","0","0","0","0","0","","engineer, design","2021cprize-29"
"Pennsylvania","US Environmental Protection Agency","","website","1","0","1","0","0","0","0","0","","","2021cprize-55"
"Pennsylvania Mines and Mining","Penn State University Library","","website","1","0","1","0","0","0","0","0","","","2021cprize-55"
"People or Property: Legal Contradictions, Climate Resettlement, and the View from Shifting Ground","","","book","1","0","0","0","0","0","1","0","climate","climate, property","2025cprize-32"
"People, Planet, Design: A Practical Guide to Realizing Architecture's Potential","C. Squire","2023","book","1","0","0","0","0","0","1","0","","planet, design, architecture","2025cprize-19"
"People, Power, and Pizza: Lessons in Resiliency from the Adjuntas Square Microgrid and Lucy's Pizzeria","","2026","other","1","0","0","0","0","0","0","1","resilience","resiliency","2026cprize-05"
"Perceived Neighborhood Characteristics Differentially Impact Sedentary Behavior in Older Adults with and without Alzheimer's Disease","A. Watts; F. Ferdous; E. Grandfield; K. Diaz-Moore","2016","other","1","0","1","0","0","0","0","0","impact","neighborhood","2021cprize-22"
"Performance Based Generative Facade Workflow for Large Scale Projects","P. Ferrer; M. Kyropoulou; T. Logan; H. May; J. Warton","2018","other","1","0","0","0","1","0","0","0","","performance","2023cprize-28"
"Performance Oriented Architecture, Rethinking Architectural Design and the Built Environment","Michael Hensel","","book","1","0","0","0","1","0","0","0","environmental","performance, design, architecture","2023cprize-28"
"Performance-Based Urban Design: Integrated Urban Analytics, Simulation and Climate-Responsive Design (Special Issue)","P. Du; R. Azari","2022","other","1","0","0","0","1","0","0","0","climate, issue","performance, climate, urban, design","2023cprize-35"
"Performing Sustainability: Life Support Inside Biosphere 2's Glass Box Theater, 1991-1993","Meredith Sattler","2013","article","1","0","1","0","0","0","0","0","sustainable","sustainability","2021cprize-47"
"Perilous Bounty: The Looming Collapse of American Farming and How We Can Prevent It","Tom Philpot","","book","1","0","0","0","0","1","0","0","","","2024cprize-11"
"Perishable: An Exploration of the Refrigerated Landscape of America","Center for Land Use Interpretation","","website","1","0","1","0","0","0","0","0","","landscape","2021cprize-60"
"Persepolis","Marjane Satrapi","","other","1","0","0","0","0","1","0","0","","","2024cprize-16"
"Persian carpets: The nation as a transnational commodity","Minoo Moallem","2018","book","1","0","0","0","0","1","0","0","","","2024cprize-16"
"Persian Flatweaves: A Survey of Flatwoven Floor Covers and Hangings and Royal Masnads","Parviz Tanavoli","","book","1","0","0","0","0","1","0","0","","","2024cprize-16"
"Personal Food Computer","","","website","1","1","0","0","0","0","0","0","","food","2020cprize-12"
"Peter Sloterdijk: In the Same Boat, Ghost of Pertinence and Insolents: For a Theory of Capsules, Islands and Environments","Adolfo Vasquez Rocca","2021","article","1","0","0","0","0","1","0","0","","theory","2024cprize-20"
"Petrofiction and Political Economy in the Age of Late Fossil Capital","Amy Riddle","2018","article","1","0","1","0","0","0","0","0","economic","economy","2021cprize-52"
"Petroleum's Promise: The Neo-Colonial Imaginary of Oil Cities in the Modern Arabian Gulf","Mona Damluji","","other","1","1","0","0","0","0","0","0","","oil, colonial","2020cprize-29"
"Petropolis","Brian Holmes","","website","1","0","0","1","0","0","0","0","","","2022cprize-17"
"Phalanstery Module","Jimenez Lai","2008","other","1","0","0","1","0","0","0","0","","","2022cprize-28"
"Philadelphia Atlas [1862]","Samuel L. Smedley","1862","other","1","0","0","0","0","1","0","0","","","2024cprize-14"
"Philadelphia, N. Scull and G. Heap [1750 map]","N. Scull; G. Heap","1750","other","1","0","0","0","0","1","0","0","","map","2024cprize-14"
"Photoelectric Dreams (in From Space to Earth: The Story of Solar Electricity)","John Perlin","","chapter","1","0","0","0","1","0","0","0","","earth, space","2023cprize-17"
"Photographic ""types"": The pursuit of method","Elizabeth Edwards","1990","article","1","0","0","0","0","1","0","0","","","2024cprize-15"
"Physiological effects in humans induced by the visual stimulation of room interiors with different wood quantities","Y. Tsunetsugu; Y. Miyazaki; H. Sato","2007","article","1","0","0","0","0","0","0","1","","visual","2026cprize-62"
"PIG 05049","Christien Meindertsma","","book","1","1","0","0","0","0","0","0","","","2020cprize-33"
"Pillow Forming: Digital Fabrication of Complex Surfaces through Actuated Modular Pneumatics","K. Schumann; K. MacDonald","2021","article","1","0","0","0","0","1","0","0","","digital, fabrication","2024cprize-23"
"Pioneering Climate Resilience through Regional Action","Southeast Florida Regional Climate Compact","2016","website","1","0","0","1","0","0","0","0","climate, resilience","climate","2022cprize-16"
"Pioneers of Ecological Humanism","Brian Morris","2012","book","1","1","0","0","0","0","0","0","ecological","ecological","2020cprize-05"
"Pipeline Odyssey","Reza Negarestani","","chapter","1","1","0","0","0","0","0","0","","","2020cprize-29"
"Place - The First of All Things","Tacita Dean; Jeremy Millar","2005","chapter","1","0","1","0","0","0","0","0","","place","2021cprize-61"
"Place, Nature and the Question of Scale: Interrogating the Production of Nature","Erik Swyngedouw","2010","book","1","0","0","1","0","0","0","0","nature","place","2022cprize-24"
"Placing planetary urbanization in other fields of vision","L. Peake","2018","article","1","0","0","0","0","0","0","1","","planet","2026cprize-65"
"Placing Trees in Cultural Theory","Owain Jones; Paul J. Cloke","2002","chapter","1","0","0","1","0","0","0","0","","theory, culture","2022cprize-30"
"Plan B 4.0","Lester Brown","","book","1","1","0","0","0","0","0","0","","plan","2020cprize-08"
"Plan C+D: Commons and Democracy","Massimo DeAngelis","2013","chapter","1","0","0","0","1","0","0","0","","plan","2023cprize-04"
"Plan Nacional de Adaptación al Cambio Climático","Ministerio del Medio Ambiente (Chile)","2014","report","1","0","0","0","0","0","0","1","","plan","2026cprize-51"
"Plan of Chicago","Daniel Hudson Burnham; Edward Herbert Bennett","1909","book","1","0","0","0","0","0","0","1","","plan","2026cprize-14"
"Plan of Suplee property with profile of present and old line of embankment","","1894","other","1","0","0","0","0","1","0","0","","property, plan","2024cprize-14"
"Plan of the Fifth Section of the regulation of the late Township of Blockley","","1859","other","1","0","0","0","0","1","0","0","","plan, section","2024cprize-14"
"Plan to place on city plan Forty-fourth Street","","","other","1","0","0","0","0","1","0","0","","plan, place, city","2024cprize-14"
"pLAn: LA's Green New Deal","","","website","1","1","0","0","0","0","0","0","","plan","2020cprize-66"
"Planetary Goodbyes: Post-History and Future Memories of an Ecological Past","J. Parikka","2017","chapter","1","0","0","0","0","0","0","1","future, ecological","ecological, planet, history, future","2026cprize-30"
"Planetary Spectacles","Liam Young","","other","1","0","0","0","0","0","1","0","","planet","2025cprize-22"
"Planning for Community Resilience: A Handbook for Reducing Vulnerability to Disasters","Jaimie Hicks Masterson; et al.","2014","book","1","0","0","0","1","0","0","0","community, resilience","","2023cprize-20"
"Planning for Sustainability in European Cities","Timothy Beatley","2013","book","1","0","0","0","0","0","0","1","sustainable","sustainability","2026cprize-29"
"Planning for Upland Expansion: Developing a Framework for Community-Informed Housing Design to Support Indigenous Resilience in the Context of Dynamic Coastal Landscapes","Hannah Simonsen","2023","other","1","0","0","0","0","0","0","1","community, resilience","indigenous, landscape, house, coast, design","2026cprize-50"
"Planning the resilient city: Concepts and strategies for coping with climate change and environmental risk","Y. Jabareen","2013","article","1","1","0","0","0","0","0","0","climate, change, environmental","risk, climate, resiliency, change, city","2020cprize-64"
"Planning, Rethinking Ciudad Guayana","Lisa Redfield Peattie","1987","book","1","0","0","0","0","0","1","0","","","2025cprize-18"
"Plans and Projects for Barcelona, 2011—2015","V. Guallart I Furió; C.B. Roig","2015","book","1","0","0","0","0","1","0","0","","","2024cprize-20"
"Planting Green Roofs and Living Walls","N. Dunnett; N. Kingsbury","2008","book","1","0","1","0","0","0","0","0","","","2021cprize-23"
"Plastic Bag","Ramin Bahrani","2009","other","1","0","0","0","0","0","0","1","","","2026cprize-30"
"Plastic Capitalism: Contemporary Art and the Drive to Waste","Amanda Boetzkes","2019","book","1","0","0","1","0","0","0","0","","capitalism, waste","2022cprize-03"
"Plastic China","Jiuliang Wang","","other","1","1","0","0","0","0","0","0","","","2020cprize-33"
"Plastics Now","Faircloth","","book","1","1","0","0","0","0","0","0","","","2020cprize-33"
"Plastics: So Great, So Awful - Some New Directions","Mikhail Davis; Wes Sullens; Wil Srubar","2017","chapter","1","0","0","1","0","0","0","0","","","2022cprize-21"
"Platforms: Bridging the Gap between Construction + Manufacturing","Bryden Wood","2018","report","1","1","0","0","0","0","0","0","","construction","2020cprize-26"
"PlayTime","Jacques Tati","1967","film","1","0","0","1","0","0","0","0","","","2022cprize-15"
"Pleasing Prospects (in The Country and the City)","Raymond Williams","1973","chapter","1","0","0","0","1","0","0","0","","city","2023cprize-17"
"Plein Air Studio","Allan Wexler","2016","other","1","0","0","1","0","0","0","0","","air","2022cprize-28"
"Pluie et vent sur Telumee Miracle","S. Schwarz-Bart","1972","book","1","1","0","0","0","0","0","0","","","2020cprize-61"
"Pluriversal Politics","Arturo Escobar","2020","book","1","0","0","1","0","0","0","0","","","2022cprize-19"
"Pluriverse: A Post-Development Dictionary","Ashish Kothari","","book","1","0","1","0","0","0","0","0","","","2021cprize-02"
"Point de Folie: Maintenant L'architecture. Bernard Tschumi: La Case Vide-La Villette, 1985","Jacques Derrida","1986","article","1","0","0","0","1","0","0","0","","architecture","2023cprize-17"
"Point of Pride: People's View of Bayview-Hunters Point","Bay Area Video Coalition","2014","other","1","0","1","0","0","0","0","0","","","2021cprize-39"
"Points and Lines: Diagrams and Projects for the City","Stan Allen","1999","book","1","0","1","0","0","0","0","0","","city","2021cprize-15"
"Poisoned Ground","Timothy Morton","2013","article","1","0","0","0","0","0","0","1","","","2026cprize-30"
"Policy and Planning Tools for Urban Green Justice: Fighting Displacement and Gentrification","European Research Council","2021","website","1","0","0","1","0","0","0","0","justice","justice, urban","2022cprize-29"
"Policy Platform 2020","AIA","2020","website","1","0","1","0","0","0","0","0","","","2021cprize-36"
"Policy, Planning, and People: Promoting Justice in Urban Development","Naomi Carmon; Susan S. Fainstein","2013","book","1","0","1","0","0","0","0","0","justice","justice, urban","2021cprize-36"
"Political Ecologies","Jane Bennett","2010","chapter","1","0","0","1","0","0","0","0","","ecological","2022cprize-12"
"Political Geology: Active Stratigraphies and the Making of Life","A. Bobette; A. Donovan","2019","book","1","0","1","0","0","0","0","0","","geology","2021cprize-16"
"Political Machines: Governing a Technological Society","Andrew Barry","2001","book","1","1","0","0","0","0","0","0","society","social, technology","2020cprize-44"
"Popularizing Science: Drawing and the Contemplation of Nature. Natural History Around 1600: The Case of Aldrovandi's Images","Angela Fischel","2015","chapter","1","0","0","1","0","0","0","0","science, nature","science, natural, drawing, history","2022cprize-30"
"PortaLab Manual: Low-Cost Soil-Engineering Test for Constructing Earthen Buildings","Howard Scoggins","","report","1","0","0","0","0","1","0","0","","engineer","2024cprize-27"
"Positive Health Outcomes by Environmental Design: The Role of Spatial Configuration in Designing Physical Environment for People Experiencing Dementia","F. Ferdous","2018","other","1","0","1","0","0","0","0","0","environmental, health","physical, space, design","2021cprize-22"
"Post 1965 Italy: The Metaprogetto si'e no","Alicia Imperiale","2015","chapter","1","1","0","0","0","0","0","0","","","2020cprize-49"
"Post Carbon Institute","","","website","1","1","0","0","0","0","0","0","carbon","carbon","2020cprize-12"
"Post – Petroleum Design","George Elvin","","book","1","0","1","0","0","0","0","0","","design","2021cprize-26"
"Post-Communal Housing in Germany","Niklaas Maak","2015","article","1","1","0","0","0","0","0","0","","house","2020cprize-67"
"Post-Disaster Reconstruction and Change: Communities Perspectives","Jennifer E. Duyne Barenstein; Esther Leemann","2016","book","1","1","0","0","0","0","0","0","change, community","change, disaster","2020cprize-50"
"Post-Growth Living: For an Alternative Hedonism","Kate Soper","2020","book","1","0","0","0","0","0","1","0","","growth","2025cprize-09"
"Post-Oil City","","2010","other","1","1","0","0","0","0","0","0","","oil, city","2020cprize-25"
"Post-tropical/post-tsunami: Climate and architectural discourse in South and Southeast Asia","Chee-Kien Lai; Anoma Pieris","2011","article","1","0","0","0","0","0","0","1","climate","climate","2026cprize-57"
"Postcapitalism: A Guide to Our Future","Paul Mason","2016","book","1","1","0","0","0","0","0","0","future","future","2020cprize-25"
"Postcolonial Evolution of Water Rights in India and the United States","Jesse J. Richardson","2017","chapter","1","1","0","0","0","0","0","0","","water","2020cprize-47"
"Postcolonial Studies and the Challenge of Climate Change","Dipesh Chakrabarty","2012","article","1","1","0","0","0","0","0","0","climate, change","climate, change","2020cprize-17"
"Postoccupancy Evaluation Study of the Impact of Daylighting and Electric Lighting in the Workplace","A.O. Asojo; S. Bae; C.S. Martin","2019","article","1","0","1","0","0","0","0","0","impact","","2021cprize-40"
"Potential Strategies Offered by Animals to Implement in Buildings' Energy Performance: Theory and Practice","C. Martín-Gómez; et al.","2019","article","1","0","1","0","0","0","0","0","energy","energy, performance, theory","2021cprize-46"
"Pour un nouvel urbanisme d'opportunité. Logements relais à Genève, 2012-2019, Tribu Architecture","","2021","article","1","0","0","0","0","0","1","0","","architecture","2025cprize-09"
"Power Profiler: Terms, Calculations, and Data Sources","EPA","2019","report","1","1","0","0","0","0","0","0","data","data","2020cprize-07"
"Power Structures","Mark Lombardi","1996","other","1","0","0","1","0","0","0","0","","","2022cprize-28"
"Power, Utopia, and the Manipulation of the Historical Consciousness: Perspectives from Collingwood","Michael Jenson","2008","article","1","0","1","0","0","0","0","0","","","2021cprize-48"
"Powering Empire: How Coal Made the Middle East and Sparked Global Carbonization","On Barak","2020","book","1","0","1","0","0","0","0","0","global","global","2021cprize-54"
"Powering New Orleans: Converting Restaurants into Resilience Centers through Infrastructure","","","other","1","0","0","0","0","0","0","1","infrastructure, resilience","infrastructure","2026cprize-05"
"Practicing Law in the Sharing Economy: Helping People Build Cooperatives, Social Enterprise, and Local Sustainable Economies","Janelle Orsi","2014","book","1","0","0","1","0","0","0","0","sustainable, economic","economy, social, local, build, sustainability","2022cprize-02"
"Pre-Katrina, Post-Katrina","C. Hartman; G. D. Squires","2006","chapter","1","0","1","0","0","0","0","0","","","2021cprize-63"
"Precedents in Architecture: Analytic Diagrams, Formative Ideas, and Partis","Robert Clark; Michael Pause","","book","1","0","1","0","0","0","0","0","","architecture","2021cprize-12"
"Preface and Introduction to The New Carbon Architecture: Building to Cool the Climate","Bruce King","2017","chapter","1","0","0","1","0","0","0","0","climate, carbon","building, climate, architecture, carbon","2022cprize-21"
"Preface and Introduction, The Extractive Zone: Social Ecologies and Decolonial Perspectives","Macarena Gómez-Barris","2017","chapter","1","0","0","0","1","0","0","0","","social, ecological","2023cprize-03"
"PrepHub Nepal: Disaster Preparedness and Water Security in the Public Realm","Miho Mazereeuw; Aditya Barve; Lizzie Yarina","2020","article","1","0","0","0","0","0","1","0","","public, water, disaster","2025cprize-18"
"Preserving Biodiversity: Challenges for Planners","Timothy Beatley","2000","article","1","1","0","0","0","0","0","0","","","2020cprize-58"
"Pricing the Future: Grain (in Nature's Metropolis: Chicago and the Great West)","William Cronon","","chapter","1","1","0","0","0","0","0","0","future, nature","future","2020cprize-46"
"Primitivism, Regionalism, and the Vernacular in Le Corbusier's Middle Years, 1929-1945","Supasai Vongkulbhisal","2016","other","1","0","0","0","0","0","0","1","","vernacular","2026cprize-57"
"Principles for a New RIBA","Jeremy Till","","other","1","0","1","0","0","0","0","0","","","2021cprize-44"
"Principles of Geology","Charles Lyell","1830","book","1","0","1","0","0","0","0","0","","geology","2021cprize-54"
"Printing Architecture: Innovative Recipes for 3D Printing","Ron Rael; Virginia San Fratello","","book","1","0","0","0","0","1","0","0","","architecture","2024cprize-01"
"Prismatic Ecology: Ecotheory Beyond Green","Jeffrey Jerome Cohen","2014","book","1","1","0","0","0","0","0","0","ecological","ecological","2020cprize-12"
"Prisons, jails, and the environment: why environmentalists should care about mass incarceration","D.E. Taylor","2024","article","1","0","0","0","0","0","1","0","environmental","","2025cprize-31"
"Process, Representation, and Architectural Agency in an Age of Complexity and Change","Michael Jenson","2008","article","1","0","1","0","0","0","0","0","change","representation, change, agency","2021cprize-48"
"Professional Practice 101: Business Strategies and Case Studies in Architecture","Andrew Pressman","","book","1","0","1","0","0","0","0","0","","architecture","2021cprize-50"
"Program Earth: Environmental Sensing Technology and the Making of a Computational Planet","Jennifer Gabrys","","book","1","0","0","0","0","1","0","0","environmental","technology, planet, earth, computation","2024cprize-01"
"Programming for Design: From Theory to Practice","Edith Cherry","1999","book","1","0","1","0","0","0","0","0","","theory, design","2021cprize-45"
"Programming for Health and Wellbeing in Architecture","Robin","2022","book","1","0","0","0","0","0","1","0","health","architecture","2025cprize-27"
"Programming for WELL Certification on a University Campus (in Programming for Health and Wellbeing in Architecture)","Robin Z. Puttock; Angela Loder","2022","chapter","1","0","0","0","0","1","0","0","health","architecture","2024cprize-34"
"Programs and Manifestoes On 20th-Century Architecture","Ulrich Conrads","1970","book","1","1","0","0","0","0","0","0","","architecture","2020cprize-40"
"Progress","T. Adorno","1998","chapter","1","1","0","0","0","0","0","0","","","2020cprize-09"
"Project Drawdown","Paul Hawken","","book","1","1","0","0","0","0","0","0","","","2020cprize-33"
"Project for an Air Architecture","Yves Klein; Werner Ruhnau","","article","1","0","0","0","0","1","0","0","","air, architecture","2024cprize-24"
"Project for an Air Architecture (in Yves Klein: Air Architecture)","Yves Klein; Werner Ruhnau","2004","chapter","1","0","1","0","0","0","0","0","","air, architecture","2021cprize-18"
"Project Medusa","BioMason; U.S. Air Force","","other","1","1","0","0","0","0","0","0","","","2020cprize-33"
"Projects and Their Consequences","Jesse Reiser; et al.","2019","book","1","0","0","0","0","1","0","0","","","2024cprize-39"
"Prologue","H. Arendt","1998","chapter","1","1","0","0","0","0","0","0","","","2020cprize-09"
"Prologue to the Sky River","Elise Misao Hunchuck; Marco Ferrari; Cheng, Jingru (Cyan)","2021","article","1","0","0","0","0","0","0","1","","river","2026cprize-48"
"Proper Time","Lee Wan","","other","1","0","1","0","0","0","0","0","","","2021cprize-13"
"Prophets","Nick Estes","2019","chapter","1","0","0","1","0","0","0","0","","","2022cprize-04"
"Protecting vulnerable populations in extreme heat—a growing pervasive health challenge","Zachary J. Shlader","2026","website","1","0","0","0","0","0","0","1","health","heat","2026cprize-21"
"Protocol, Control, and Networks","A. Galloway; E. Thacker","2004","article","1","1","0","0","0","0","0","0","","","2020cprize-40"
"Public Housing that Worked: New York in the Twentieth Century","Nicholas Bloom","","book","1","0","1","0","0","0","0","0","","public, house","2021cprize-02"
"Public Housing: A New Conversation","Temple Hoyne Buell Center for the Study of American Architecture","2019","report","1","1","0","0","0","0","0","0","","public, house","2020cprize-04"
"Public Life, Public Space, and the Changing Art of City Design","M. Southworth","2014","article","1","0","0","1","0","0","0","0","","public, space, city, design","2022cprize-13"
"Public Parks and the Enlargement of Towns","Frederick Law Olmsted","","chapter","1","0","0","0","0","0","1","0","","public","2025cprize-26"
"Public Places Urban Spaces: Dimensions of Urban Design","M. Carmona; S. Tiesdel; T. Heath; T. Oc","2010","book","1","1","0","0","0","0","0","0","","public, urban, design","2020cprize-04"
"Public Repository to Engage Community and Enhance Design Equity (PRECEDE)","","","website","1","0","0","0","0","0","0","1","community","public, engage, design","2026cprize-13"
"Public Space Plays Vital Role in Pandemic","Gehl Architects","2020","article","1","0","1","0","0","0","0","0","","public, space","2021cprize-27"
"Public Works for the Green New Deal","Temple Hoyne Buell Center for the Study of American Architecture","2019","report","1","1","0","0","0","0","0","0","","public","2020cprize-21"
"Public Works Plan","City of Miami Beach","2014","report","1","0","0","1","0","0","0","0","","public, plan","2022cprize-16"
"Puerto Rico in the American Century: A History Since 1898","C. J. Ayala; R. Bernabe","2009","book","1","0","0","0","1","0","0","0","","history","2023cprize-34"
"Purity and Danger","Mary Douglas","1966","book","1","0","0","0","1","0","0","0","","","2023cprize-04"
"PVWatts Calculator","NREL","","website","1","0","0","0","0","0","0","1","","","2026cprize-01"
"Queer Coal: Genealogies in/of the Blood","Kathryn Yusoff","2015","article","1","0","1","0","0","0","0","0","","","2021cprize-54"
"Questions of Embodied Difference: Film and Queer Phenomenology","Katharina Lindner","","article","1","0","0","0","0","1","0","0","","embodied","2024cprize-05"
"Questions of Modernity, Contradictions","Timothy Mitchell","","book","1","0","0","0","0","1","0","0","","","2024cprize-13"
"Quests for Cures: A History of Tourism for Climate and Health","Simon M. Kevan","1993","article","1","0","0","0","1","0","0","0","climate, health","climate, history","2023cprize-15"
"Quik Build","Adam Kalkin; Will McLean","","book","1","0","0","0","1","0","0","0","","build","2023cprize-32"
"R78-123: Establishing a Pilot Community Land Trust Program","","","report","1","0","0","0","0","0","1","0","community","land","2025cprize-28"
"Race and Environmental Justice in the United States","Robert D. Bullard","1993","article","1","0","1","0","0","0","0","0","environmental, justice","justice, race","2021cprize-53"
"Race, Citizenship, and Belonging in the Pursuit of Water & Climate Justice in California","Méndez-Barrientos; et al.","2023","article","1","0","0","0","0","0","1","0","climate, justice","water, climate, justice, race","2025cprize-35"
"Race, Class, and Hurricane Katrina: Social Differences in Human Responses to Disaster","J. R. Elliott; J. Pais","2006","article","1","0","1","0","0","0","0","0","human","social, human, disaster, race","2021cprize-63"
"Race, Housing and the Fight for Civil Rights in Los Angeles","","","article","1","0","1","0","0","0","0","0","","house, race","2021cprize-53"
"Race, Power, Policy: Dismantling Structural Racism","Grassroots Policy Project","","report","1","0","1","0","0","0","0","0","","structure, race","2021cprize-52"
"Race, Space, and Class: The Politics of Cityscapes in Science Fiction Films","David Desser","1999","article","1","0","1","0","0","0","0","0","science","science, space, race","2021cprize-56"
"Race, Space, and the Wake-Work of our Undercommons","","","book","1","1","0","0","0","0","0","0","","space, race","2020cprize-58"
"Race, Waste, and Space: Brownfield Redevelopment and Environmental Justice at the Hunters Point Shipyard","Lindsey Dillon","2014","article","1","0","1","0","0","0","0","0","environmental, justice","space, justice, waste, race","2021cprize-39"
"Race/Ethnicity, Residential Segregation, and Exposure to Ambient Air Pollution: The Multi-Ethnic Study of Atherosclerosis","Miranda R. Jones; Ana V. Diez-Roux; et al.","2014","article","1","0","0","0","1","0","0","0","","air, race","2023cprize-14"
"Racial Diversity in Interior Design: A Way Forward","A.O. Asojo","2019","article","1","0","1","0","0","0","0","0","","interior, design, race","2021cprize-40"
"Racial Justice and Climate Change: Adaptation","Natalie Ambrosio","2020","article","1","0","1","0","0","0","0","0","climate, change, justice","climate, justice, change, race","2021cprize-29"
"Racism Is Killing the Planet","Hop Hopkins","2020","article","1","0","0","1","0","0","0","0","","planet","2022cprize-29"
"Radical Architecture of the 1960s and 1970s","Superstudio","","other","1","0","0","0","0","0","1","0","","radical, architecture","2025cprize-22"
"Radical Conservation: The Museum of Oil","John Palmesino; Ann-Sofi Rönnskog","2016","chapter","1","1","0","0","0","0","0","0","","oil, radical, museum","2020cprize-21"
"Radical Mycology: A Treatise on Seeing and Working with Fungi","P. McCoy","2016","book","1","0","0","0","0","0","0","1","","radical","2026cprize-08"
"Radical Pedagogies: Architectural Education and the British Tradition","","2015","book","1","1","0","0","0","0","0","0","","radical","2020cprize-49"
"Radical Repair","Mabel Wilson","","article","1","0","0","0","0","1","0","0","","radical","2024cprize-09"
"Railroad Colonialism (in Empire's Tracks: Indigenous Nations, Chinese Workers, and the Transcontinental Railroad)","Manu Karuka","2019","chapter","1","0","0","0","0","0","1","0","","indigenous","2025cprize-01"
"Railroad Space and Railroad Time","Wolfgang Schivelbusch","1978","article","1","0","0","0","0","0","1","0","","space","2025cprize-01"
"Raising a Family in the Academy","Joy Knoblauch; Sben Korsh; Brent Sturlaugson; Olivier Vallerand","2019","article","1","1","0","0","0","0","0","0","","","2020cprize-46"
"Rappel à l'ordre: The Case for the Tectonic","Kenneth Frampton","","article","1","0","0","0","0","0","0","1","","","2026cprize-59"
"Raw Data is an Oxymoron","D. Rosenberg; et al.","2013","book","1","0","0","0","1","0","0","0","data","data","2023cprize-29"
"Rayner Banham Loves Los Angeles","Julian Cooper","1972","other","1","0","0","0","0","0","1","0","","","2025cprize-36"
"Re-imaging Resilient Productive Landscapes: Perspectives from Planning History","Carla Brisotto","2022","book","1","0","0","0","0","0","0","1","","landscape, history, resiliency","2026cprize-12"
"Re-Imagining Resilient Productive Landscapes – Perspectives from Planning History","Carla Brisotto; Fabiano Lemes de Oliveira","2022","book","1","0","0","0","0","0","1","0","","landscape, history, resiliency","2025cprize-14"
"Reaching Zero with Renewables","IRENA","2020","report","1","0","1","0","0","0","0","0","","","2021cprize-29"
"Reading a Wave","Italo Calvino","1983","chapter","1","0","1","0","0","0","0","0","","","2021cprize-61"
"Reading the Modern Narrative of Amman: Between the Nation and the National","Saba Innab","2014","chapter","1","1","0","0","0","0","0","0","","","2020cprize-17"
"Ready Player One","Ernest Cline","","book","1","1","0","0","0","0","0","0","","","2020cprize-33"
"Real spaces: World art history and the rise of Western Modernism","David Summers","2003","book","1","0","0","0","0","1","0","0","world","world, history","2024cprize-16"
"Real-Time Energy Use Predictions at the Early Architectural Design Stages with Machine Learning","G. Paterson","2017","report","1","0","1","0","0","0","0","0","energy","energy, design","2021cprize-42"
"Reassemblage","Trinh T. Minh-ha","1982","other","1","0","0","0","0","0","0","1","","","2026cprize-30"
"Rebel Cities: From the Right to the City to the Urban Revolution","David Harvey","","book","1","0","0","0","0","0","0","1","","city, urban","2026cprize-09"
"Rebuild By Design","","","website","1","1","0","0","0","0","0","0","","design","2020cprize-66"
"Rebuild by Design - Hurricane Sandy Design Competition","","","website","1","0","1","0","0","0","0","0","","design","2021cprize-27"
"Rebuild: What You Build Matters, What You Don't Build Matters More","Larry Strain","2017","chapter","1","0","0","0","0","0","0","1","","build","2026cprize-15"
"Rebuilding after Disasters: From Emergency to Sustainability","Gonzalo Lizarralde; Cassidy Johnson; Colin H. Davidson; de Soto, Hernando","","book","1","1","0","0","0","0","0","0","sustainable","emergency, sustainability","2020cprize-50"
"Recent Approaches of Sustainable Architecture in Arid and Semi-arid Cities","Z. ElZein; A. Negm","2025","book","1","0","0","0","0","0","0","1","sustainable","sustainability, architecture","2026cprize-64"
"Reclaim Drawing","Patty Heyda","","other","1","1","0","0","0","0","0","0","","drawing","2020cprize-34"
"Reclaiming a Presence in Ancestral Lands: The Return of Native Peoples to the National Parks","Jeanette Wolfley","","article","1","1","0","0","0","0","0","0","","","2020cprize-56"
"Reclaiming the Boundary","Michelle Addington","1995","article","1","1","0","0","0","0","0","0","","","2020cprize-62"
"Recommendation system for climate informed urban design under model uncertainty","I. Nevat; L.A. Ruefenacht; H. Aydt","2020","article","1","0","0","0","1","0","0","0","climate, systems","model, climate, system, urban, design","2023cprize-22"
"Reconciling College and University Goals towards a Low Carbon Future","James Anderson; Jacob Knowles","2018","other","1","0","0","0","1","0","0","0","future, carbon","carbon, future","2023cprize-40"
"Reconstructing Architecture: Critical Discourses and Social Practices","Thomas A. Dutton; Lian Hurst Mann","","book","1","0","1","0","0","0","0","0","critical","social, critical, architecture","2021cprize-50"
"Recovering Inequality: Hurricane Katrina, the San Francisco Earthquake of 1906, and the Aftermath of Disaster","Steve Kroll-Smith","2018","book","1","0","0","0","0","0","1","0","","disaster","2025cprize-35"
"Recovering Landscape as a Critical Cultural Practice","James Corner","2014","chapter","1","0","0","1","0","0","0","0","critical","critical, landscape, culture","2022cprize-30"
"Recovering Landscape: Essays in Contemporary Landscape Architecture","James Corner","1999","book","1","0","1","0","0","0","0","0","","landscape, architecture","2021cprize-11"
"Recycling of Solid Wastes in Mexico City in Livestock and Agricultural Production Systems as a Sustainable Alternative","H. Losada","2011","article","1","1","0","0","0","0","0","0","systems, sustainable","system, sustainability, city","2020cprize-58"
"Red Gold. The Managed Extinction of the Giant Bluefin Tuna","Jennifer Telesca","2020","book","1","0","0","1","0","0","0","0","","","2022cprize-15"
"Red Mars","K.S. Robinson","1993","book","1","0","1","0","0","0","0","0","","","2021cprize-46"
"Red Mars, Green Mars, and Blue Mars","Kim Stanley Robinson","1993","book","1","0","0","0","0","0","1","0","","","2025cprize-22"
"Redefining Structural Art: Strategies, necessities and opportunities","P. Block; T. Van Mele; M. Rippmann; F. Ranaudo; C. Calvo Barentin; N. Paulson","2020","article","1","0","0","0","0","0","1","0","","structure","2025cprize-13"
"Redlines and Green Zones: Reassessing the Redline Maps","","","website","1","0","0","0","0","1","0","0","","","2024cprize-18"
"Reduced cognitive function during a heat wave among residents of non-air-conditioned buildings","J.G. Cedeño-Laurent; et al.","2018","article","1","0","0","0","0","0","0","1","","heat, air","2026cprize-02"
"Reducing Damage from Localized Flooding, Franklin County","FEMA","2005","report","1","0","1","0","0","0","0","0","","flood","2021cprize-38"
"Reducing Urban Heat Risk: A Study on Urban Heat Risk Mapping and Visualization","ARUP","2014","report","1","0","0","0","1","0","0","0","","map, risk, heat, urban","2023cprize-36"
"Refined Earth","Martin Rauch","2015","article","1","1","0","0","0","0","0","0","","earth","2020cprize-62"
"Refrigerated Nation: The Landscape of Perishable Food in America","CLUI","2014","book","1","0","0","1","0","0","0","0","","landscape, food","2022cprize-03"
"Regenerative and Adaptive Community Revitalization: Multi-level Approaches to Ecosystem Resources, Reconstructive Practices, and Resilience Planning","C. Anz; R. Gonzalez-Torres; M. Brooks","2017","other","1","0","1","0","0","0","0","0","community, resource, resilience","resource, adaptive, regenerative","2021cprize-12"
"Regenerative Design and Adaptive Reuse of Existing Commercial Buildings for Net-Zero Energy Use","A. Aksamija","2016","article","1","0","1","0","0","0","0","0","energy","energy, adaptive, reuse, regenerative, design","2021cprize-01"
"Regenerative Design for Achieving Net-Zero Energy Commercial Buildings in Different Climate Types","A. Aksamija; Y. Wang","2017","chapter","1","0","1","0","0","0","0","0","climate, energy","energy, regenerative, climate, design","2021cprize-01"
"Regenerative Design for Sustainable Development","J.T. Lyle","1996","book","1","0","0","0","0","1","0","0","sustainable","regenerative, sustainability, design","2024cprize-07"
"Regenerative Development & Design—A Framework for Evolving Sustainability","P. Mang; B. Haggard","2016","book","1","0","0","0","0","1","0","0","sustainable","regenerative, sustainability, design","2024cprize-07"
"Regenerative Development: Urbanization, Climate Change, and the Common Good","B. S. Caniglia; B. Frank; J. L. Knott Jr.; K. Sagendorf; E. A. Wilkerson","2016","chapter","1","0","1","0","0","0","0","0","climate, change","regenerative, climate, change","2021cprize-63"
"Regenerative Urban Design and Ecosystem Biomimicry","Maibritt Pedersen Zari","2019","book","1","0","0","0","0","1","0","0","","regenerative, urban, design","2024cprize-07"
"Regional Food Hub Resource Guide","James Barham; et al.","2012","report","1","0","0","0","0","1","0","0","resource","resource, food","2024cprize-11"
"Regional Issues Raised by Sea-Level Rise and Their Policy Implications","R.J. Nicholls; N. Mimura","1998","article","1","0","1","0","0","0","0","0","issue","sea","2021cprize-27"
"Reimagine Downtown Philadelphia: A Generative Urban Design Workflow Integrating Real-World Transportation, Zoning and Performance","P. Du; N. Cheluva","2023","other","1","0","0","0","1","0","0","0","world","performance, world, urban, design","2023cprize-35"
"Reimagining Foundations: Storied-Ethnography as a Pathway to Decolonized Design Education","Akosua Ofosu-Asare","2025","article","1","0","0","0","0","0","0","1","","design","2026cprize-38"
"Reimagining Geoaesthetics","Harriet Hawkins","2015","chapter","1","1","0","0","0","0","0","0","","","2020cprize-21"
"Reimagining the Common: Rethinking the Refugee Experience","Sandi Hilal; Alessandro Petti","","other","1","1","0","0","0","0","0","0","experience","experience","2020cprize-60"
"Reimagining the Design Studio as an Open Conversation. In defense of a collaborative, non-hierarchical and interdisciplinary approach to design pedagogy","D. Franco; U. Heine; U. Ersoy","2019","article","1","0","0","0","0","0","0","1","","collaboration, design","2026cprize-60"
"Reimagining urban resilience and education hubs using a community-engaged, equity-centered approach","K.A. Stevens; L.T.S. Marsh; C.A. Pangerl; A. Silio; Z. Qu; Y. Ge; L. Wang; S.K. Aksha; H.E. Longenecker; C.T. Emrich; M.N. Sharif; S. Savage","2025","article","1","0","0","0","0","0","0","1","community, resilience","urban","2026cprize-12"
"Reinterpreting Sustainable Architecture: The Place of Technology","Simon Guy; Graham Farmer","2013","article","1","0","1","0","0","0","0","0","sustainable","technology, sustainability, place, architecture","2021cprize-62"
"Relational Form","Nicolas Bourriaud","1998","chapter","1","1","0","0","0","0","0","0","","","2020cprize-28"
"Remaking Urban Environments: The Political Ecology of Air Pollution in Delhi","René Véron","2006","article","1","0","0","0","0","0","1","0","ecological","ecological, urban, air","2025cprize-35"
"Remapping A New History of King Phillip's War","","","website","1","1","0","0","0","0","0","0","","history","2020cprize-42"
"Remarks on the different systems of warming...","G. P. Boyce","","article","1","1","0","0","0","0","0","0","systems","system, warming","2020cprize-51"
"Remediation as Harvest: Invasive Plant Species as Building Materials","K. MacDonald; K. Schumann","2024","chapter","1","0","0","0","0","1","0","0","material","material, building, species","2024cprize-23"
"Remembering Nature in Climate Change","D. Born","2019","chapter","1","0","1","0","0","0","0","0","climate, change, nature","climate, change","2021cprize-48"
"Remembering Nature In Climate Change (RCC Perspectives, No. 4)","D. Born","2019","chapter","1","1","0","0","0","0","0","0","climate, change, nature","climate, change","2020cprize-35"
"Remodeling Buildings into Modern, Sustainable STEM Facilities","","2014","other","1","0","0","0","1","0","0","0","sustainable","sustainability","2023cprize-40"
"Renaissance Origins of the Environmental Crisis","John Opie","1987","article","1","1","0","0","0","0","0","0","environmental","crisis","2020cprize-24"
"Rendering Racism: visualizing colorblind architecture","Shawhin Roudbari; Ana Quiñones Colon; Ann Dang","2022","article","1","0","0","0","0","0","1","0","","architecture","2025cprize-31"
"Renewable Energy Landscapes: Designing Place-Based Infrastructure at Scale","Pacific Northwest National Laboratory","2022","report","1","0","0","0","0","1","0","0","energy, infrastructure","energy, infrastructure, landscape, place","2024cprize-02"
"Renewable Fuels from Concentrated Solar Power: Towards Practical Artificial Photosynthesis","S.A. Bonke; M. Wiechen; D.R. MacFarlane; L. Spiccia","2015","article","1","0","1","0","0","0","0","0","","artificial","2021cprize-57"
"Renewtown: Adaptive Urbanism and the Low Carbon Community","A. Scott; E. Ben-Joseph","2012","book","1","0","1","0","0","0","0","0","carbon, community","adaptive, carbon","2021cprize-45"
"Renovating Carbon: Re-imagining the Carbon Form","Erik L'heureux; Giovanni Cossu","","book","1","0","0","0","0","0","1","0","carbon","carbon","2025cprize-33"
"Renzo Piano Building Workshop: Space – Material – Light","E. Stach","2021","book","1","0","0","0","0","0","1","0","material","material, building, space","2025cprize-08"
"Repatriation in the United States: The current state of the native American graves protection and repatriation act","J. Daehnke; A. Lonetree","2011","article","1","0","0","0","0","1","0","0","current","","2024cprize-03"
"Report of the World Commission on Environment and Development: Our Common Future","Gro Harlem Brundtland","1987","report","1","0","0","0","1","0","0","0","environmental, future, world","world, future","2023cprize-41"
"Repositioning Paolo Soleri: The City Is Nature","Claire C. Carter; et al.","","book","1","0","0","1","0","0","0","0","nature","city","2022cprize-24"
"Representing the Global Atmosphere: Computer Models, Data, and Knowledge about Climate Change","Paul Edwards","","chapter","1","1","0","0","0","0","0","0","climate, change, global, data","data, climate, global, knowledge, change","2020cprize-54"
"Research and Funding Opportunities, Vol. III","","2024","report","1","0","0","0","0","0","0","1","","research","2026cprize-50"
"Research Methods for Architecture","Raymond Lucas","2016","book","1","0","0","0","1","0","0","0","","research, architecture","2023cprize-09"
"Research Methods for the Architectural Profession","A. Aksamija","2021","book","1","0","1","0","0","0","0","0","","research","2021cprize-01"
"Research-Build: Biomaterial Invention through Design Studio Pedagogy","K. Schumann","2023","article","1","0","0","0","0","1","0","0","","build, research, design","2024cprize-23"
"Research: Study Names Top Cities Emitting Light that Endangers Migratory Birds","Cecilia Nilsson","2019","article","1","0","0","0","0","0","0","1","","research","2026cprize-05"
"Reset! 1.5°C Resources","Carbon Positive","","website","1","0","1","0","0","0","0","0","resource","resource","2021cprize-40"
"Resettling America: Energy, Ecology and Community","Gary J. Coates (ed.)","1981","book","1","1","0","0","0","0","0","0","energy, ecological, community","energy, ecological","2020cprize-05"
"Residencias modernas: habitar colectivo en el centro de Santiago","García, Rubén; Téllez, Andrés","2009","book","1","0","0","0","0","0","0","1","","","2026cprize-51"
"Residential Parkings: No-Stop City Climatic Universal System (in Exit Utopia)","Archizoom Associates","2005","chapter","1","0","1","0","0","0","0","0","systems","system, city","2021cprize-18"
"Residents Concerned About Groundwater Pollution from Coal Ash Ponds","Danielle Pycior","2019","article","1","0","1","0","0","0","0","0","","","2021cprize-52"
"Residing 1922-2012","Farshid Moussavi","2012","chapter","1","0","0","1","0","0","0","0","","","2022cprize-07"
"Resilience","Kevin Grove","","book","1","0","0","0","0","0","1","0","resilience","","2025cprize-34"
"Resilience for All: Striving for Equity through Community-Driven Design","B. B. Wilson","2018","book","1","1","0","0","0","0","0","0","community, resilience","design","2020cprize-27"
"Resilience Hubs Support Communities Across the U.S.","U.S. Department of Homeland Security","2024","report","1","0","0","0","0","0","0","1","community, resilience","","2026cprize-12"
"Resilience hubs: The community-led climate solution popping up all over the country","A. Bailey","2025","article","1","0","0","0","0","0","0","1","climate, community, resilience","climate","2026cprize-12"
"Resilience in a Warming Climate: Public Place-Making for Health and Well-Being in Hot Cities (in Routledge Handbook of People and Place in the 21st Century City)","Louise McKenzie; Susan Thompson","2019","chapter","1","0","1","0","0","0","0","0","climate, health, resilience","public, climate, warming, place, city","2021cprize-31"
"Resilience in Ecology and Urban Design","Brian McGrath","2012","book","1","1","0","0","0","0","0","0","ecological, resilience","ecological, urban, design","2020cprize-58"
"Resilience Practice: Building Capacity to Absorb Disturbance and Maintain Function","B. H. Walker; David Salt","2012","book","1","0","0","0","0","0","0","1","resilience","building","2026cprize-36"
"Resilience to Adaptation: The Crucible for an Ethical Practice in Architecture","R. Minnery","2015","article","1","0","1","0","0","0","0","0","resilience","ethics, architecture","2021cprize-01"
"Resilience to Extreme Rainfall Starts with Science","Daniel B. Wright; Constantine Samaras; Tania Lopez-Cantu","2021","article","1","0","0","0","0","0","1","0","science, resilience","science","2025cprize-35"
"Resilience: Why Things Bounce Back","Andrew Zolli; Ann Marie Healy","2013","book","1","0","0","0","1","0","0","0","resilience","","2023cprize-20"
"Resilient Boston Harbor","City of Boston","","report","1","1","0","0","0","0","0","0","","resiliency","2020cprize-16"
"Resilient by Design - Bay Area Challenge","","","website","1","0","1","0","0","0","0","0","","resiliency, design","2021cprize-27"
"Resilient Communities and the Peccioli Charter: Towards the possibility of an Italian Charter for Resilient Communities","Maurizio Carta (ed.); Maria Perbellini (ed.); J. Antonio Lara-Hernandez (ed.)","2022","book","1","0","0","0","1","0","0","0","community","resiliency","2023cprize-31"
"Resilient Housing Planning Guide","","","report","1","0","0","0","0","0","0","1","","house, resiliency","2026cprize-27"
"Resilient Urban Ecologies: Adaptive Infrastructures for Addis Ababa","García, Rubén; Taylor Scott","2020","article","1","0","0","0","0","0","0","1","","adaptive, ecological, resiliency, urban","2026cprize-51"
"Resilient Urban Futures","Zoé Hamsted; et al.","2021","book","1","0","0","0","0","0","1","0","","resiliency, urban","2025cprize-12"
"Resisting Extinction: Standing Rock, Eco-Genocide, and Survival","Gene Ray","2017","article","1","0","1","0","0","0","0","0","","","2021cprize-17"
"Resort Structure and ""Plantation"" Dynamics in Antigua and Coastal South Carolina","D. B. Weaver","2019","chapter","1","0","0","1","0","0","0","0","","structure, coast","2022cprize-06"
"Resource desiring machines: The production of settler colonial space, violence, and the making of a resource in the Athabasca tar sands","M. Simpson","2019","article","1","0","0","0","0","1","0","0","resource","resource, space, colonial","2024cprize-12"
"Resource radicals: From petro-nationalism to post-extractivism in Ecuador","T. Riofrancos","2020","book","1","0","0","0","0","1","0","0","resource","resource","2024cprize-12"
"Resources","Vendana Shiva","1992","chapter","1","1","0","0","0","0","0","0","resource","resource","2020cprize-58"
"Responsibility for Justice","Iris Marion Young","2011","book","1","0","1","0","0","0","0","0","justice","justice","2021cprize-44"
"Responsive Building Envelopes: Characteristics and Evolving Paradigms (in Design and Construction of High-Performance Homes)","Thun; Velikov","","chapter","1","0","1","0","0","0","0","0","","construction, building, performance, design","2021cprize-26"
"Restoring Mill Creek: Landscape Literacy, Environmental Justice and City Planning and Design","Anne Whiston Spirn","2005","article","1","0","0","0","0","1","0","0","environmental, justice","landscape, justice, city, design","2024cprize-14"
"Restrictive Covenant Mapping Project materials","USC Libraries","","website","1","0","0","0","0","0","0","1","material","material, map","2026cprize-61"
"Rethinking 'Rethinking Convergence Culture'","Henry Jenkins","2014","article","1","0","1","0","0","0","0","0","","culture","2021cprize-48"
"Rethinking Design Thinking: Part I","L. Kimbell","2011","article","1","0","0","0","0","0","1","0","","design","2025cprize-23"
"Rethinking Timber Buildings: Seven Perspectives on the Use of Timber in Building Design and Construction","ARUP","2019","report","1","1","0","0","0","0","0","0","","construction, building, timber, design","2020cprize-26"
"Rethinking Tradition—Another Look at the Essential Characteristics and Meanings of Ruen Thai","Piyalada Devekula Thaveeprungsriporn","2002","article","1","0","0","0","0","0","0","1","","","2026cprize-57"
"Rethinking Urban Metabolism: Water, Space, and the Modern City","Matthew Gandy","2004","article","1","1","0","0","0","0","0","0","","water, space, city, urban","2020cprize-25"
"Rethinking Value","Mariana Mazzucato","2019","other","1","0","1","0","0","0","0","0","","","2021cprize-44"
"Retreat: Moving to Higher Ground in a Climate-Changed City","Liz Koslov","","book","1","0","0","0","0","0","1","0","climate","climate, city","2025cprize-32"
"Retrofit and Decarbonization Framework","Architecture 2030","","report","1","0","0","0","0","0","0","1","","","2026cprize-42"
"Retrospective: Martin Rauch","Marko Sauer; Gabriela Carillo","2020","article","1","0","0","1","0","0","0","0","","","2022cprize-21"
"RETScreen","Government of Canada","2021","website","1","0","0","1","0","0","0","0","","","2022cprize-31"
"Return the National Parks to the Tribes","David Treuer","2021","article","1","0","0","0","1","0","0","0","","","2023cprize-31"
"Returns on Resilience: The Business Case","Urban Land Institute","2015","report","1","0","1","0","0","0","0","0","resilience","","2021cprize-01"
"Reusing Building Materials: A Practical Guide","R. Bull; A. Jaggar","2008","report","1","0","0","0","0","0","0","1","material","material, building","2026cprize-49"
"Reveal Submits Testimony to Congress","Reveal; Matt Glantz","","article","1","0","0","0","1","0","0","0","","","2023cprize-29"
"Revealing Architectural Design: Methods, Frameworks, and Tools","P. Plowright","2014","book","1","1","0","0","0","0","0","0","","design","2020cprize-04"
"Reversible Building Design","Elma Durmisevic","2019","chapter","1","0","0","0","0","0","0","1","","building, design","2026cprize-15"
"Reversing Obsolescence","Daniel Abramson","2016","chapter","1","1","0","0","0","0","0","0","","","2020cprize-46"
"Revision and improvement of the PTVA-3 model for assessing tsunami building vulnerability using “international expert judgment”: introducing the PTVA-4 model","F. Dall'Osso; D. Dominey-Howes; C. Tarbotton; S. Summerhayes; G. Withycombe","2016","article","1","0","0","0","0","0","0","1","","building, model, international","2026cprize-27"
"Revisiting Klima","James Rodger Fleming; Vladimir Jankovic","2011","article","1","0","0","0","1","0","0","0","","","2023cprize-14"
"Revolutionary Architecture","Barry Bergdoll","2000","chapter","1","1","0","0","0","0","0","0","","architecture","2020cprize-24"
"Rewiring Territories: The Future Production of Extraction Infrastructure","Neeraj Bhatia","2016","article","1","1","0","0","0","0","0","0","future, infrastructure","infrastructure, extraction, future","2020cprize-62"
"Rhizome: Introduction","Gilles Deleuze; Félix Guattari","","book","1","0","0","0","0","1","0","0","","","2024cprize-42"
"Richardson's Forecast Factory","Stephen Conlin","1986","other","1","0","0","0","0","1","0","0","","","2024cprize-15"
"Rights of Future Generations","Adrian Lahoud","2019","book","1","0","1","0","0","0","0","0","future","future","2021cprize-07"
"Ringside Seat to a Revolution: An Underground Cultural History of El Paso and Juárez: 1893-1923","David Dorado Romo","2014","book","1","0","0","0","1","0","0","0","","culture, history","2023cprize-16"
"Rising: Dispatches from A New American Shore","Elizabeth Rush","2018","book","1","1","0","0","0","0","0","0","","","2020cprize-36"
"Risk Society: Towards a New Modernity","Ulrich Beck","1992","book","1","0","0","0","0","0","1","0","society","social, risk","2025cprize-18"
"Risk: Excerpts from the Environmental Division of Labor","R. Martin","2016","chapter","1","0","1","0","0","0","0","0","environmental","risk, labor","2021cprize-63"
"Riverhoods: A Geographic City Model","García, Rubén","2026","book","1","0","0","0","0","0","0","1","","model, city","2026cprize-51"
"Rivers and Tides","Thomas Riedelsheimer","2001","film","1","0","0","1","0","0","0","0","","","2022cprize-02"
"Robert Smithson: The Collected Writings","Jack Flam","1996","book","1","0","0","1","0","0","0","0","","","2022cprize-28"
"Robotic concrete surface finishing: a moldless approach to creating thermally tuned surface geometry for architectural building components using fabrication techniques","J. Bard; D. Cupkova; N. Washburn; G. Zeglin","2018","article","1","0","1","0","0","0","0","0","","building, fabrication","2021cprize-14"
"Robotic Fabrication in Architecture, Art and Design","","2014","book","1","0","0","1","0","0","0","0","","fabrication, design, architecture","2022cprize-10"
"Robotic Life in the Deep Sea","Irus Braverman","2020","chapter","1","0","0","0","0","0","0","1","","sea","2026cprize-48"
"Robotic Perception","Paul Granjon","2006","other","1","0","0","1","0","0","0","0","","","2022cprize-28"
"Role of Trees in Mitigating Urban Heat Island in Charlotte, North Carolina, USA","J. Westerndorf","2020","article","1","0","0","1","0","0","0","0","","heat, urban","2022cprize-05"
"Roman Operating System (in Mutations and Content)","Patty Heyda; Rem Koolhaas; et al.","","chapter","1","0","0","0","1","0","0","0","systems","system","2023cprize-33"
"Roofing Design and Construction","Stephen Patterson; Madan Mehta","","book","1","0","1","0","0","0","0","0","","construction, design","2021cprize-19"
"Roofless Plaza, Al-Fawwar, Palestine","DAAR (Decolonizing Architecture Art Residency)","2008","other","1","1","0","0","0","0","0","0","","","2020cprize-60"
"Rorty on the Choice between Humility and Hubris","","2018","other","1","1","0","0","0","0","0","0","","","2020cprize-07"
"Roughness","David Leatherbarrow","2009","chapter","1","0","0","1","0","0","0","0","","","2022cprize-30"
"Round-Robin Critique: Three Elementary Schools","Stanley Sharp; Charles Burchard","","article","1","0","1","0","0","0","0","0","","","2021cprize-19"
"Routes of Power: Energy and Modern America","Christopher F. Jones","2014","book","1","1","0","0","0","0","0","0","energy","energy","2020cprize-34"
"Ruderal Ecologies: Rethinking Nature, Migration, and the Urban Landscape in Berlin","Bettina Stoetzer","2018","article","1","0","1","0","0","0","0","0","nature","landscape, ecological, migration, urban","2021cprize-60"
"Rule of Experts","Timothy Mitchell","2002","book","1","0","0","0","1","0","0","0","","","2023cprize-29"
"Rural & Urban House Types in North America","Steven Holl","1982","book","1","0","0","1","0","0","0","0","","house, urban, rural","2022cprize-20"
"Rural America in an Urban Society: Changing Spatial and Social Boundaries","D. T. Lichter; D. L. Brown","2011","article","1","0","0","1","0","0","0","0","society","social, space, urban, rural","2022cprize-06"
"Rural and Hyper-Connected: Here Is the Ecovillage of the Future","Giulia Ricci","2020","article","1","0","0","1","0","0","0","0","future","rural, future","2022cprize-24"
"Rural Design: A New Design Discipline","D. Thorbeck","2012","book","1","0","0","1","0","0","0","0","","rural, design","2022cprize-23"
"Rural Lines","David Nye","","chapter","1","0","1","0","0","0","0","0","","rural","2021cprize-02"
"Rural Studio: Samuel Mockbee and an Architecture of Decency","Andrea Oppenheimer Dean; Lawrence Chua; Cervin Robinson","2002","book","1","0","1","0","0","0","0","0","","rural, architecture","2021cprize-37"
"Ruskin: The Design of Nature and the Transcription of its Manuscript","John Dixon Hunt","1997","article","1","0","0","0","1","0","0","0","nature","design","2023cprize-17"
"S. 3875: Community Disaster Resilience Zones Act of 2022","","2022","report","1","0","0","0","0","0","1","0","community, resilience","disaster","2025cprize-28"
"Safer Homes, Stronger Communities: A Handbook for Reconstructing after Natural Disasters","Abhas Kumar Jha; Jennifer E. Duyne","2010","book","1","1","0","0","0","0","0","0","community, nature","natural","2020cprize-50"
"Salaam Bombay!","Mira Nair","1988","other","1","0","0","0","0","0","0","1","","","2026cprize-31"
"Salmon and Acorns Feed Our People: Colonialism, Nature, and Social Action","Kari Marie Norgaard","2019","book","1","0","1","0","0","0","0","0","nature","social","2021cprize-17"
"Salty Urbanism: A Design Manual for Coastal Zones","Jeffrey Huber","2024","book","1","0","0","0","0","0","1","0","","coast, design","2025cprize-16"
"Salvation Mountain","Leonard Knight","1984","other","1","0","0","1","0","0","0","0","","","2022cprize-28"
"San Rocco 10: Ecology","","2014","article","1","0","0","0","0","1","0","0","ecological","ecological","2024cprize-31"
"Sand County Almanac","A. Leopold","1970","book","1","0","0","0","0","1","0","0","","","2024cprize-41"
"Sandbox: An Architectural History of Play","Tamar Zinguer","","other","1","0","0","0","0","0","0","1","","history","2026cprize-59"
"Sans Soleil","Chris Marker","1983","other","1","0","0","0","0","0","0","1","","","2026cprize-30"
"Satan's Work and Silted Cisterns","John Updike","1988","article","1","1","0","0","0","0","0","0","","","2020cprize-17"
"Scale as Problem","Adrian Lahoud","","article","1","0","0","0","0","1","0","0","","","2024cprize-15"
"Scale: The Universal Laws of Life, Growth and Death in Organisms, Cities and Companies","Geoffrey West","2017","book","1","1","0","0","0","0","0","0","","growth","2020cprize-45"
"Scaling up from gardens: biodiversity conservation in urban environments","M. A. Goddard; A. J. Dougill; T. G. Benton","2010","article","1","0","0","0","1","0","0","0","","urban","2023cprize-21"
"Scarcity and Creativity in the Built Environment","Goodbun","","book","1","0","0","0","0","0","1","0","environmental","","2025cprize-15"
"Scarcity contra austerity","J. Till","2012","article","1","0","0","0","0","0","1","0","","","2025cprize-15"
"Scarcity: A history from the origins of capitalism to the climate crisis","F. A. Jonsson; C. Wennerlind","2023","book","1","0","0","0","0","0","1","0","climate","capitalism, climate, history, crisis","2025cprize-15"
"Scenes in America Deserta","Reyner Banham","1989","book","1","1","0","0","0","0","0","0","","","2020cprize-62"
"Science and Colonial Expansion: The Role of the British Royal Botanic Garden","Lucile Brockway","2002","book","1","0","1","0","0","0","0","0","science","science, colonial","2021cprize-47"
"Science Illustration: A History of Visualized Knowledge","B. J. Ford","1992","book","1","0","0","0","0","0","0","1","science","science, knowledge, history","2026cprize-24"
"Scorched Earth: Beyond the Digital Age to a Post-Capitalist World","Jonathan Crary","2022","book","1","0","0","0","0","1","0","0","world","capitalism, digital, world, earth","2024cprize-31"
"Seamless: Digital Collage and Dirty Realism in Contemporary Architecture","Jesus Vassallo","","book","1","0","1","0","0","0","0","0","","digital, architecture","2021cprize-08"
"Second Growth: The Promise of Tropical Forest Regeneration in an Age of Deforestation","Robin Chazdon","","book","1","0","0","0","0","0","0","1","","growth","2026cprize-34"
"Second Unit Resources Center: San Mateo County","","","website","1","0","1","0","0","0","0","0","resource","resource","2021cprize-33"
"Section: United Arab Emirates: Urban Landscape and Modern Heritage","","2019","article","1","0","0","0","0","0","0","1","","landscape, section, urban","2026cprize-51"
"Securing the Majority: Living through Uncertainty in Jakarta","AbdouMaliq Simone; Vyjayanthi Rao","2012","article","1","1","0","0","0","0","0","0","","","2020cprize-58"
"Security, Territory, Population: Lectures at the Collège de France, 1977-78","Michel Foucault","2009","book","1","0","1","0","0","0","0","0","","territory","2021cprize-18"
"See Yourself Sensing / Face Nature","Madeline Schwartzman","2020","book","1","0","0","1","0","0","0","0","nature","","2022cprize-28"
"See Yourself Sensing: Redefining Human Perception","Madeline Schwartzman","2011","book","1","0","1","0","0","0","0","0","human","human","2021cprize-61"
"Seeing Beyond the Trees and the Forest","Adrian Bejan","","chapter","1","1","0","0","0","0","0","0","","","2020cprize-63"
"Seeing Like an Oil Company: Space, Security, and Global Capital in Neoliberal Africa","James Ferguson","2005","article","1","0","1","0","0","0","0","0","global","global, space, oil","2021cprize-17"
"Seeing Planetary Change, Down to the Smallest Wildflower","Deborah R. Coen","","article","1","0","0","0","0","1","0","0","change","planet, change","2024cprize-15"
"Seeing the Forests for the Mass Timber","Jason Grant","2017","chapter","1","0","0","1","0","0","0","0","","timber","2022cprize-21"
"Seeing Trees: A History of Street Trees in New York City and Berlin","Sonja Dümpelmann","2019","book","1","0","0","1","0","0","0","0","","history, city","2022cprize-30"
"Seeking Refuge? The Potential of Urban Climate Shelters to Address Intersecting Vulnerabilities","Amorim-Maia","","article","1","0","0","0","0","1","0","0","climate","climate, urban","2024cprize-24"
"Selected Discography & Liner Notes","Miguel Zenón","","other","1","0","0","0","0","0","0","1","","","2026cprize-35"
"Selected Essays of Wilson Harris: The Unfinished Genesis of the Imagination","Wilson Harris","1999","book","1","1","0","0","0","0","0","0","","","2020cprize-61"
"Selected essays on extractivism and socio-environmental conflict","Eduardo Gudynas","","other","1","0","0","0","0","0","0","1","environmental","","2026cprize-51"
"Selected Poems","Derek Walcott","2007","book","1","1","0","0","0","0","0","0","","","2020cprize-61"
"Selected Works and Lectures","Vo Trong Nghia Architects","","other","1","0","0","0","0","0","0","1","","","2026cprize-06"
"Seminal Space: Getting under the Digital Skin","Alicia Imperiale","2006","chapter","1","1","0","0","0","0","0","0","","digital, space","2020cprize-49"
"Sense of place, fast and slow: The potential contributions of affordance theory to sense of place","C. M. Raymond; M. Kytta; R. Stedman","2017","article","1","0","0","0","0","0","1","0","","theory, place","2025cprize-25"
"Sensing the 21st Century City","Brian McGrath","2007","book","1","1","0","0","0","0","0","0","","city","2020cprize-58"
"Sensory Design","Joy Monice Malnar","2004","book","1","0","0","0","0","1","0","0","","design","2024cprize-42"
"Sensory Processing Spectrum","Johnson, Vincente","2025","other","1","0","0","0","0","0","0","1","","","2026cprize-63"
"SENTIENT CONCRETE: Developing Embedded Thermal and Thermochromic Interactions for Architecture and Built Environment","Dana Cupkova; Daragh Byrne; Dan Cascaval","2018","other","1","0","1","0","0","0","0","0","environmental","architecture","2021cprize-14"
"Sentimental Monumentality","Fabrizio Barozzi","2020","website","1","0","1","0","0","0","0","0","","","2021cprize-09"
"Senyai: Vaulted Acoustics","Dana Cupkova; Gretchen Craig","2018","other","1","0","1","0","0","0","0","0","","","2021cprize-14"
"Service Light-Wells, a Reality or a Myth? An Evaluation of Performance as Prescribed by the Egyptian Building Code","Mansy; Sabry; El-Deeb; Fikry","2011","article","1","0","1","0","0","0","0","0","","building, performance","2021cprize-36"
"Setting the Baseline for Energy Efficiency in Buildings","Mansy","2011","article","1","0","1","0","0","0","0","0","energy","energy","2021cprize-36"
"Settler Atmospherics","Kristen Simmons","2017","article","1","0","0","0","1","0","0","0","","","2023cprize-14"
"Seven Partly Underground Rooms and Buildings for Water, Ice, and Midgets","Mary-Ann Ray","1997","chapter","1","0","0","1","0","0","0","0","","water","2022cprize-28"
"Seventeen Contradictions and the End of Capitalism","David Harvey","2014","book","1","1","0","0","0","0","0","0","","capitalism","2020cprize-34"
"Severe Weather 101","National Severe Storms Laboratory (NSSL)","","website","1","0","0","0","0","0","0","1","","weather","2026cprize-59"
"Sex and the So-Called City","","2018","other","1","1","0","0","0","0","0","0","","city","2020cprize-02"
"Shading Design for Outdoor Learning in Warm and Humid Climates Using Evolutionary Computation: A Case Study in Houston, TX","M. Kyropoulou","2022","other","1","0","0","0","1","0","0","0","","design, computation","2023cprize-28"
"Shaping behaviours through space and place in gamified virtual learning environments","D. Zahang; T. Clear","2015","chapter","1","0","0","0","0","0","1","0","","virtual, space, place","2025cprize-25"
"Shaping Cities in an Urban Age","R. Burdett; Philipp Rode","2018","book","1","0","0","0","0","0","1","0","","urban","2025cprize-12"
"Sharing in the Benefits of a Greening City: A Policy Toolkit to Address the Intersections of Housing and Environmental Justice","M. Klein; B.L. Keeler; K. Derickson; K. Swift; F. Jacobs; H. Waters; R. Walker","2020","report","1","0","0","1","0","0","0","0","environmental, justice","house, justice, city","2022cprize-29"
"Sharjah: Seascape Urbanism, in a Khaliji Port City","Samia Rab","2011","chapter","1","1","0","0","0","0","0","0","","city","2020cprize-17"
"Shell Structures for Architecture: Form Finding and Optimization","S. Adriaenssens; P. Block; D. Veenendaal; C. Williams","2014","book","1","0","0","0","0","0","1","0","","optimization, architecture","2025cprize-13"
"Shelter Design Catalogue","UNHCR","2016","report","1","0","1","0","0","0","0","0","","design","2021cprize-26"
"Shifting Site","Kristina Hill","2005","chapter","1","0","0","1","0","0","0","0","","site","2022cprize-29"
"Shigeru Ban, Humanitarian Architecture","Heidi Zuckerman Jacobson; Claude Bruderlein","","book","1","0","1","0","0","0","0","0","","architecture","2021cprize-26"
"Shigeru Ban: Paper in Architecture","Shigeru Ban","","book","1","1","0","0","0","0","0","0","","architecture","2020cprize-33"
"Ship Breaker","Paolo Bacigalupi","2010","book","1","0","1","0","0","0","0","0","","","2021cprize-56"
"Shouting Apocalypse (in Architecture or Techno-utopia: Politics After Modernism)","Felicity D. Scott","2010","chapter","1","0","0","0","1","0","0","0","","architecture","2023cprize-14"
"Show Me a Hero – Justice Trailer","HBO","2015","website","1","0","1","0","0","0","0","0","justice","justice","2021cprize-09"
"Shrinking Cities and Towns: Challenges and Responses","A. Luescher; S. Shetty","2013","article","1","0","0","1","0","0","0","0","","","2022cprize-05"
"Sick Building Syndrome","Thomas Kelly","","article","1","0","0","0","0","0","0","1","","building","2026cprize-15"
"Sidewalk Labs","","","website","1","1","0","0","0","0","0","0","","","2020cprize-66"
"Silent Collaborators: On Authorship in Architecture","K. Jones; Z. Garcia-Requejo","2023","other","1","0","0","0","0","0","1","0","","architecture","2025cprize-14"
"Sim[PLY]: Achieving Carbon Neutrality Through Innovative Building Assemblies and Processes","D. Albright; V. Blouin; D. Harding; U. Ersoy","2016","article","1","0","0","0","0","0","0","1","carbon","building, carbon","2026cprize-60"
"Sim[PLY]: Enabling Sustainable Human-Centered Construction Through Prefabricated Plywood Components","","2016","article","1","0","0","0","0","0","0","1","sustainable, human","construction, human, sustainability","2026cprize-60"
"Simulacra and Simulation","Jean Baudrillard","1994","book","1","1","0","0","0","0","0","0","","","2020cprize-51"
"Simulations of indoor moisture generation in US homes","S. Pallin; P. Boudreaux; S.J. Jo; M. Perez; A. Albaugh","2017","chapter","1","0","1","0","0","0","0","0","","","2021cprize-62"
"Singing to the Forest (from Confessions of a Recovering Environmentalist)","Paul Kingsnorth","","chapter","1","1","0","0","0","0","0","0","","","2020cprize-41"
"Site Design for Multifamily Housing","Nico Larco; et al.","2014","book","1","0","0","0","0","0","1","0","","site, house, design","2025cprize-12"
"Site Planning: International Practice","G. Hack","2018","book","1","0","1","0","0","0","0","0","","site, international","2021cprize-45"
"Site-Seeing: The Cine City","Giuliana Bruno","2002","chapter","1","0","0","0","0","1","0","0","","site, city","2024cprize-05"
"Situated Computations","Vernelle Noel","","other","1","0","0","0","0","0","0","1","","","2026cprize-35"
"Situated Knowledges","Donna Haraway","1988","article","1","1","0","0","0","0","0","0","","","2020cprize-62"
"Situated Learning: Legitimate Peripheral Participation","J. Lave; E. Wenger","1991","book","1","0","1","0","0","0","0","0","","","2021cprize-21"
"Situating Meanings of Sustainability Within the Architectural Discourse","Meredith Sattler","2015","chapter","1","0","1","0","0","0","0","0","sustainable","sustainability","2021cprize-47"
"Six Classes","GPI","","other","1","1","0","0","0","0","0","0","","","2020cprize-33"
"Six Myths about Electronic Waste in Agbogbloshie, Ghana","Maja van der Velden; Martin Oteng-Ababio","2019","website","1","0","0","0","1","0","0","0","","waste","2023cprize-03"
"Skin, Clothing, and Dwelling: Max von Pettenkofer, the Science of Hygiene, and Breathing Walls","Didem Ekici","2016","article","1","0","0","0","1","0","0","0","science","science","2023cprize-14"
"Skybridges: State of the Art","A. Wood; P. Du; D. Safarik","2020","article","1","0","0","0","1","0","0","0","","","2023cprize-35"
"Slanted Memorial","J. Song","2020","article","1","0","0","0","1","0","0","0","","","2023cprize-19"
"Slave City","Joep Van Lieshout","2008","other","1","0","0","1","0","0","0","0","","city","2022cprize-28"
"Slow Food","","","website","1","1","0","0","0","0","0","0","","food","2020cprize-12"
"Slow Violence, Neoliberalism, and the Environmental Picaresque","Rob Nixon","2011","chapter","1","0","0","0","0","1","0","0","environmental","","2024cprize-02"
"Slumdog Millionaire","Danny Boyle","2008","other","1","0","0","0","0","0","0","1","","","2026cprize-31"
"Small Eco-Houses","","2010","book","1","0","0","0","0","0","0","1","","","2026cprize-24"
"Small is Beautiful","E.F. Schumacher","","book","1","0","1","0","0","0","0","0","","","2021cprize-12"
"Small Scale, Big Change: New Architectures of Social Engagement","Andres Lepik","2010","book","1","0","1","0","0","0","0","0","change","social, change","2021cprize-37"
"Smart and Sustainable Cities and Buildings","Rob Roggema; Anouk Roggema","2020","book","1","0","0","1","0","0","0","0","sustainable","sustainability","2022cprize-25"
"Smart Cities Publications","Arup","","website","1","0","0","0","0","0","1","0","","","2025cprize-08"
"Smart Materials in Architecture, Interior Architecture and Design","Axel Ritter","2007","book","1","0","1","0","0","0","0","0","material","material, interior, design, architecture","2021cprize-26"
"Smart Policies for a Changing Climate: The Report and Recommendations of the ASLA Blue Ribbon Panel on Climate Change and Resilience","ASLA","2017","report","1","0","0","0","1","0","0","0","climate, change, resilience","climate, change","2023cprize-20"
"Smog Journeys","Jia Zhangke","2015","other","1","0","0","0","1","0","0","0","","","2023cprize-14"
"Smog over Baoding, China","Didem Ekici","2018","other","1","0","0","0","1","0","0","0","","","2023cprize-14"
"Smoke emits from the James H. Miller Jr. Electrical Generating Plant","Lee Hedgepeth","2023","other","1","0","0","0","0","0","1","0","","","2025cprize-04"
"Snap-Interlock Module System: Exploring an Alternative Architectural Construction Method","J. Song; D. Vrana; J. Shim","2021","article","1","0","0","0","1","0","0","0","systems","construction, system","2023cprize-19"
"Snapping Facade: Exploring elastic instability for building envelopes","J. Song; S. Heo; J. Shim","2018","article","1","0","0","0","1","0","0","0","","building","2023cprize-19"
"Snowpiercer","Bong Joon-ho","2013","other","1","0","1","0","0","0","0","0","","","2021cprize-56"
"Sobre el estilo en arquitectura","Jose Ortega y Gasset","2006","chapter","1","0","1","0","0","0","0","0","","","2021cprize-03"
"Social and environmental determinants of heat vulnerability in cities","S.L. Harlan; et al.","2023","article","1","0","0","0","0","0","0","1","environmental","social, heat","2026cprize-02"
"Social Infrastructure: New York","Douglas Durst; Bjarke Ingels","2015","book","1","0","0","0","0","0","1","0","infrastructure","infrastructure, social","2025cprize-26"
"Social Justice and the City","D. Harvey","","book","1","0","1","0","0","0","0","0","justice","social, justice, city","2021cprize-12"
"Social Life Cycle Assessment in the construction sector: current work and directions for future research","Barbero; Iriini; Rezgui; et al.","2024","article","1","0","0","0","0","0","1","0","future, current","construction, social, research, future","2025cprize-11"
"Social life cycle assessment of adaptive reuse","Rebecka Lundgren","2023","article","1","0","0","0","0","0","1","0","","social, adaptive, reuse","2025cprize-11"
"Social Scorecard: A Comprehensive Social Health Analysis Tool","E. Stach; S. Koch","2022","other","1","0","0","0","0","0","1","0","health","social, tool","2025cprize-08"
"Social Works: Sir David Adjaye OBE","Gagosian","2021","article","1","0","0","1","0","0","0","0","","social","2022cprize-21"
"Socialising Tourism: Reimagining Tourism's Purpose (in Socialising Tourism: Rethinking Tourism for Social and Ecological Justice)","Freya Higgins-Desbiolles; Adam Doering; Bobbie Chew Bigby","2021","chapter","1","0","0","0","1","0","0","0","justice, ecological","social, ecological, justice","2023cprize-15"
"Society and Culture: Hardware and Software of Our Social World","Jeanne Ballantine","2017","chapter","1","0","0","1","0","0","0","0","society, world","social, world, culture","2022cprize-19"
"Society Must Be Defended: Lectures at the Collège de France 1975-76","Michel Foucault","2003","book","1","0","1","0","0","0","0","0","society","social","2021cprize-60"
"Society of the Spectacle","Guy Debord","1983","book","1","1","0","0","0","0","0","0","society","social","2020cprize-51"
"Socio-spatial Patterns of Acculturation: Examining Hmong Habitation in Milwaukee's North-side Neighborhoods","Lynne M. Dearborn","2008","article","1","0","0","0","1","0","0","0","","space","2023cprize-26"
"Sociology and the Theory of Double Consciousness: W. E. B. Du Bois's Phenomenology of Racialized Subjectivity","José Itzigsohn; Karida Brown","2015","article","1","0","0","1","0","0","0","0","","theory","2022cprize-19"
"Sociopolis: Project for a City of the Future","Vicente Guallart","2004","book","1","0","1","0","0","0","0","0","future","city, future","2021cprize-15"
"Soft Boundaries: The Emergence of Material Energies","Maged Guerguis","2017","book","1","0","1","0","0","0","0","0","material","energy, material","2021cprize-37"
"Soft Living Architecture","R. Armstrong","2018","book","1","0","0","0","1","0","0","0","","architecture","2023cprize-07"
"Softspace: From a Representation of Form to a Simulation of Space","Sean Lally; Jessica Young","2014","book","1","0","0","0","0","0","0","1","","representation, space","2026cprize-66"
"Softwall","Molo","2003","other","1","1","0","0","0","0","0","0","","","2020cprize-33"
"Software, Infrastructure, Labor: A Media Theory of Logistical Nightmares","Ned Rossiter","2016","book","1","1","0","0","0","0","0","0","infrastructure","infrastructure, media, labor, theory","2020cprize-02"
"Soil Carbon and Carbon/Nitrogen Ratio Change under Tree Canopy, Tall Grass, and Turf Grass Areas of Urban Green Space","S. J. Livesley; A. Ossola; C. G. Threlfall; A. K. Hahs; N. S. G. Williams","2016","article","1","0","0","0","1","0","0","0","change, carbon","space, change, urban, carbon","2023cprize-21"
"Sola Gratia Farm","","","website","1","0","0","0","0","1","0","0","","","2024cprize-11"
"Solar Decathlon Educational Resources","U.S. Department of Energy","","website","1","0","0","0","0","0","0","1","resource","resource","2026cprize-42"
"Solar Enclosure for Water Reuse (SEWR) / Active Modular Phytoremediation System (AMPS)","Anna Dyson","","other","1","1","0","0","0","0","0","0","systems","water, reuse, system","2020cprize-49"
"Solar Geometry","Pablo La Roche","2017","chapter","1","0","0","1","0","0","0","0","","","2022cprize-07"
"Soleri: Architecture as Human Ecology","Antonietta Iolanda Lima","2003","book","1","0","0","1","0","0","0","0","human, ecological","human, ecological, architecture","2022cprize-24"
"Solid Wood: Case Studies in Mass Timber Architecture, Technology and Design","Joseph Mayo","2015","book","1","1","0","0","0","0","0","0","","technology, timber, design, architecture","2020cprize-26"
"Solidarity Economy: Building Alternatives for People and Planet","Carl Davidson","2008","book","1","0","0","0","0","1","0","0","economic","economy, building, planet","2024cprize-09"
"Solidarity Gardens","","","website","1","0","0","0","0","1","0","0","","","2024cprize-11"
"Solution Sets for Net Zero Energy Buildings: Feedback from 30 Buildings Worldwide","F. Garde; J. Ayoub; L. Aelenei; D. Aelenei; A. Scognamiglio (eds.)","2017","book","1","1","0","0","0","0","0","0","energy","energy","2020cprize-19"
"Solving Baltimore's Vacant Lot Problem, One Wildflower Meadow at a Time","Baltimore Fishbowl","2017","article","1","0","0","1","0","0","0","0","","","2022cprize-13"
"Some of This, Some of That (lecture)","Alison Von Glinow; Lap Chi Kwong","2022","other","1","0","0","0","0","0","0","1","","","2026cprize-15"
"Some Problems with Scale / Working the Edge","Anna Lowenhaupt Tsing","2015","chapter","1","0","0","0","1","0","0","0","","","2023cprize-04"
"Something New Under the Sun: An Environmental History of the Twentieth Century","John McNeill","2000","book","1","1","0","0","0","0","0","0","environmental","history","2020cprize-05"
"Something Vague","Michelle Chang","2018","article","1","1","0","0","0","0","0","0","","","2020cprize-28"
"Song of the Dodo","D. Quammen","1997","book","1","0","0","0","0","1","0","0","","","2024cprize-41"
"SOS: A call for coastal security","","","book","1","1","0","0","0","0","0","0","","coast","2020cprize-48"
"Sources of Geothermal Heat: The Earth as Heat Engine (in Geothermal Energy: Renewable Energy and the Environment)","William E. Glassley","2010","chapter","1","0","0","0","1","0","0","0","environmental, energy","energy, earth, heat","2023cprize-17"
"South Carolina Coastal Resilience Reports","South Carolina Department of Natural Resources","2022","report","1","0","0","0","0","0","0","1","resilience","coast","2026cprize-60"
"Southeast Florida Regional Climate Change Compact","","","website","1","1","0","0","0","0","0","0","climate, change","climate, change","2020cprize-18"
"Southern Crossing: A History of the American South, 1877-1906","Edward L. Ayers","1995","book","1","0","1","0","0","0","0","0","","history","2021cprize-38"
"Southern Reach Trilogy","Jeff Vandermeer","","book","1","0","0","0","0","1","0","0","","","2024cprize-01"
"Sovereignty Matters: Locations of Contestation and Possibility in Indigenous Struggles for Self-Determination","Joanne Barker (ed.)","2005","book","1","1","0","0","0","0","0","0","","indigenous","2020cprize-14"
"Sowing Worlds: A Seed Bag for Terraforming with Earth Others","Donna Haraway","2013","chapter","1","1","0","0","0","0","0","0","","earth","2020cprize-21"
"Space allocations, programming strategies and layouts that stretch STEM facility dollars","Michael Lauber","2015","other","1","0","0","0","1","0","0","0","","space","2023cprize-40"
"Space and the city","","2015","article","1","0","0","0","0","0","1","0","","space, city","2025cprize-15"
"Space, Land and Time: Underground Adventures with Ant Farm","Laura Harrison; Elizabeth Federici","2010","other","1","0","0","0","0","0","0","1","","land, space","2026cprize-30"
"Space: Extensive and Intensive, Actual and Virtual","M. DeLanda","2005","chapter","1","1","0","0","0","0","0","0","","virtual, space","2020cprize-09"
"Spaces in-between impacts on indoor environment and energy efficiency in dwellings","Catarina Ribeiro; Nuno Ramos; Inês Flores-Colen","2019","article","1","0","0","0","1","0","0","0","environmental, energy","energy","2023cprize-28"
"Spaceship in the Desert: Energy, Climate Change, and Urban Design in Abu Dhabi","Gökçe Günel","2019","book","1","1","0","0","0","0","0","0","climate, change, energy","energy, climate, change, urban, design","2020cprize-02"
"Spatial Models for the Domestic Commons: Communes, Co-living, and Cooperatives","Neeraj Bhatia; Antje Steinmuller","","article","1","0","0","0","0","1","0","0","","space","2024cprize-01"
"Spatial Translations: Sequencing Making and Technology in First-Year Design Pedagogy","K. Schumann","2023","article","1","0","0","0","0","1","0","0","","technology, space, design","2024cprize-23"
"Spatial Violence","Anooradha Iyer Siddiqi","2016","book","1","1","0","0","0","0","0","0","","space","2020cprize-14"
"Spatializing Energy Justice","Stefan Bouzarovski; Neil Simcock","","article","1","0","0","0","0","0","1","0","energy, justice","energy, space, justice","2025cprize-35"
"Spatializing Justice: Building Blocks","Teddy Cruz; Fonna Forman","2022","book","1","0","0","0","1","0","0","0","justice","building, space, justice","2023cprize-26"
"Spatializing Reparations: Mapping Reparative Futures","Danika Cooper","2023","article","1","0","0","0","0","0","0","1","","map, space","2026cprize-04"
"Spectacular Solitude, City, and Self in Père-Lachaise Cemetery","","2018","article","1","0","0","0","0","0","1","0","","city","2025cprize-29"
"Speculative Volcanology: Time, Becoming, and Violence in Encounters with Magma","Nigel Clark; Alexandra Gormally; Hugh Tuffen","2018","article","1","0","0","0","0","0","0","1","","speculate","2026cprize-48"
"Spielraum","Barkow Leibinger","","book","1","0","0","0","0","1","0","0","","","2024cprize-01"
"Spokane as Carnival: A Critique of Spokane's Approach to Urban Renewal","","2003","chapter","1","0","1","0","0","0","0","0","","urban","2021cprize-05"
"Stainless Steel Surfaces: A Guide to Alloys, Finishes, Fabrication and Maintenance in Architecture and Art","William Zahner","2019","book","1","0","1","0","0","0","0","0","","fabrication, architecture","2021cprize-11"
"Standing with Standing Rock: Voices from the #NODAPL Movement","N. Estes; J. Dhillon","2019","book","1","0","1","0","0","0","0","0","","","2021cprize-16"
"Star Theatre","Firebrace","","other","1","1","0","0","0","0","0","0","","","2020cprize-33"
"Star Wars: The Clone Wars","Dave Filoni","2008","other","1","0","1","0","0","0","0","0","","","2021cprize-56"
"States of Knowledge: The Co-Production of Science and Social Order","Sheila Jasanoff","2004","book","1","0","1","0","0","0","0","0","science","social, science, knowledge","2021cprize-47"
"Station Eleven","Emily St. John Mandel","2014","book","1","0","1","0","0","0","0","0","","","2021cprize-60"
"Steel Construction Manual","Helmut Schultz; et al.","2000","book","1","1","0","0","0","0","0","0","","construction","2020cprize-16"
"Stick Snap Stack","J. Song; D. Vrana; J. Shim","2022","other","1","0","0","0","1","0","0","0","","","2023cprize-19"
"Still Standing?: Looking Back at Reconstruction and Disaster Risk Reduction in Housing","","2015","book","1","1","0","0","0","0","0","0","","risk, house, disaster","2020cprize-50"
"Stitches and Insertions","L. Samuels","2011","chapter","1","1","0","0","0","0","0","0","","","2020cprize-15"
"Stonehenge in the Mind and Stonehenge on the Ground: Reader, Viewer, and Object in Inigo Jones's Stone-Heng Restored (1655)","","2018","article","1","0","0","0","0","0","1","0","","","2025cprize-29"
"Stones Clouds Miles: A Richard Long Reader","Clarrie Wallis","","book","1","0","0","0","0","1","0","0","","","2024cprize-42"
"Storming the Gates of Paradise: Landscapes for Politics","Rebecca Solnit","2007","book","1","0","0","1","0","0","0","0","","landscape","2022cprize-28"
"Strange Details","Michael Cadwell","","book","1","0","0","0","0","1","0","0","","","2024cprize-01"
"Strange Universalism (Editorial)","Hito Steyerl; Julieta Aranda; Brian Kuan Wood; Stephen Squibb; Anton Vidokle","2017","article","1","1","0","0","0","0","0","0","","","2020cprize-51"
"Strange Weather: Culture, Science and Technology in the Age of Limits","Andrew Ross","1991","book","1","1","0","0","0","0","0","0","science","technology, science, weather, culture","2020cprize-16"
"Stranger Magic: Charmed States and the Arabian Nights","Marina Warner","2013","book","1","0","0","0","0","1","0","0","","","2024cprize-16"
"Strangers In Their Own Land: Anger and Mourning on the American Right","Arlie Russell Hochschild","","book","1","1","0","0","0","0","0","0","","land","2020cprize-36"
"Strategic Methods of Integrating Building Science and Design","Nea Maloo; Dahlia","2020","article","1","0","1","0","0","0","0","0","science","building, science, design","2021cprize-50"
"Strategies of Effect and Mimesis: Naturalized Architectures and Architecturalized Natures","Miguel Guitart","2018","article","1","0","0","1","0","0","0","0","","","2022cprize-30"
"Strategies to Address the Special Challenges of Designing STEM Facilities","Maurice Eftink; Samantha","2016","other","1","0","0","0","1","0","0","0","","","2023cprize-40"
"Strategies to Successfully Navigate the Design of STEM Facilities: A Case Study at the University of Mississippi","Maurice Eftink","2017","article","1","0","0","0","1","0","0","0","","design","2023cprize-40"
"Straw and Other Fibers: A Second Harvest","Chris Magwood; Massey Burke","2017","chapter","1","0","0","1","0","0","0","0","","","2022cprize-21"
"Street Design and Urban Canopy Layer Climate","T.R. Oke","1988","article","1","0","0","0","1","0","0","0","climate","climate, urban, design","2023cprize-39"
"Street view imagery in urban analytics and GIS: A review","F. Biljecki; K. Ito","2021","article","1","0","0","0","1","0","0","0","","urban","2023cprize-22"
"Structural Inequality: Black Architects in the United States","Victoria Kaplan","","book","1","0","1","0","0","0","0","0","","structure","2021cprize-50"
"Structuralism: Destitution of the Subject?","Étienne Balibar","","article","1","0","0","0","1","0","0","0","","","2023cprize-03"
"Structuring the Environmental Experience Design Research Framework Through Selected Aged Care Facility Data Analyses in Victoria","N. Ma; H.W. Chau; J. Zhou; M. Noguchi","2017","article","1","0","1","0","0","0","0","0","environmental, experience, data","data, experience, research, design","2021cprize-42"
"Student Collaboration in Comprehensive Design","Spector; Yates; Homer; Hoskins; Mansy","2019","other","1","1","0","0","0","0","0","0","","collaboration, design","2020cprize-07"
"Students' Positioning in the Classroom: A Study of Teacher-Student Interactions in a Socioscientific Issue Context","Ulrika Bossér; Mats Lindahl","2019","article","1","0","1","0","0","0","0","0","issue","","2021cprize-10"
"Studies in Tectonic Culture","Kenneth Frampton","","book","1","0","0","0","0","1","0","0","","culture","2024cprize-01"
"Studio and Cube: On the Relationship Between Where Art Is Made and Where Art Is Displayed","Brian O'Doherty","2007","book","1","0","1","0","0","0","0","0","","","2021cprize-59"
"Studio Straat: Het inspiratiedocument voor goed ingerichte straten","Studio Bereikbaar","2024","report","1","0","0","0","0","0","0","1","","","2026cprize-46"
"Studying human behavior with virtual reality: The Unity Experiment Framework","J. Brooks; M. Warburton; M. Alghadier; M. Mon-Williams","2019","article","1","0","0","0","0","0","1","0","human","human, virtual","2025cprize-25"
"Stuff Matters","Mark Miodownik","","book","1","1","0","0","0","0","0","0","","","2020cprize-33"
"Stupid Little Automata in Architecture Culture","Alicia Imperiale","2014","article","1","1","0","0","0","0","0","0","","culture, architecture","2020cprize-49"
"SU RE: Sustainable Resilient Design Systems","John Nastasi; Ed May; Clarke Snell; Graham S. Wright; Claire Weisz; Alexandros Washburn; Ken Levenson","2018","book","1","1","0","0","0","0","0","0","systems, sustainable","system, resiliency, sustainability, design","2020cprize-50"
"Subculture: Microbial Metrics and the Multi-Species City","","2019","other","1","1","0","0","0","0","0","0","","species, city","2020cprize-02"
"Subdivided: City Building in an Age of Hyper-Diversity","Jay Pitter; John Lorinc","2016","book","1","0","0","1","0","0","0","0","","building, city","2022cprize-29"
"Subnature","David Gissen","","book","1","0","0","0","0","1","0","0","","","2024cprize-01"
"Subtraction Inversion Remote: Appalachian Trail","Keller Easterling","2001","article","1","1","0","0","0","0","0","0","","","2020cprize-62"
"Subversive Sonnets","Pamela Mordecai","","book","1","0","0","0","0","0","1","0","","","2025cprize-34"
"Sudan: The Nubian Caravans","Erich Pröll","2001","other","1","0","0","0","1","0","0","0","","","2023cprize-05"
"Suffused Blossom #8: A Full-Scale Installation Bridging Design and Neuroscience","Na Wei","2026","article","1","0","0","0","0","0","0","1","","design","2026cprize-43"
"Suffused Space: A Farewell to the Indifferent Architecture","Na Wei","2019","book","1","0","0","0","0","0","0","1","","space, architecture","2026cprize-43"
"Summary for Policymakers (in Climate Change 2022: Impacts, Adaptation, and Vulnerability)","H.-O. Pörtner; D.C. Roberts; E.S. Poloczanska; K. Mintenbeck; M. Tignor; A. Alegría; M. Craig; S. Langsdorf; S. Löschke; V. Möller; A. Okem","2022","report","1","0","0","0","1","0","0","0","climate, change","climate, change","2023cprize-20"
"Summary for Policymakers (IPCC Special Report on Renewable Energy Sources and Climate Change Mitigation)","Ottmar Edenhofer; et al.","","report","1","0","1","0","0","0","0","0","climate, change, energy","energy, climate, change, mitigation","2021cprize-29"
"Summary for Policymakers (Special Report on Climate Change and Land)","IPCC","2019","report","1","0","1","0","0","0","0","0","climate, change","climate, land, change","2021cprize-29"
"Summary of Beach Replenishment Experience on U.S. East Coast Barrier Islands","O. H. Pilkey; Tonya D. Clayton","1989","article","1","0","0","1","0","0","0","0","experience","experience, coast","2022cprize-06"
"Summer in the City Is Hot, but Some Neighborhoods Suffer More","N. Popovich; C. Flavelle","2019","article","1","0","0","1","0","0","0","0","","city","2022cprize-05"
"Sun Tunnels","Nancy Holt","1973","other","1","0","0","1","0","0","0","0","","","2022cprize-28"
"SUPER RAT","Chim↑Pom","2006","other","1","0","0","1","0","0","0","0","","","2022cprize-28"
"Superporous Intelligent Hydrogels for Environmentally Adaptive Building Skins","A. Ida","2017","article","1","1","0","0","0","0","0","0","","building, adaptive","2020cprize-45"
"Superuse: Constructing New Architecture by Shortcutting Material Flows","Ed van Hinte; Césare Peeren; Jan Jongert","2007","book","1","0","0","1","0","0","0","0","material","material, architecture","2022cprize-14"
"Supply Chains and the Human Condition","Anna Lowenhaupt Tsing","2009","article","1","1","0","0","0","0","0","0","human","human","2020cprize-46"
"Surface Architecture","David Leatherbarrow","2005","book","1","0","0","0","0","0","0","1","","architecture","2026cprize-62"
"Surplus Energies: Coal, Architecture, and Modern Space in Britain","","","book","1","0","0","0","0","0","1","0","","energy, space, architecture","2025cprize-01"
"Surplus Enjoyment","Nadia Bou Ali","2022","chapter","1","0","0","0","1","0","0","0","","","2023cprize-03"
"Surprising Commons","Carol Rose","2014","article","1","1","0","0","0","0","0","0","","","2020cprize-56"
"Surrounded Islands","Christo; Jeanne-Claude","1983","other","1","0","0","1","0","0","0","0","","","2022cprize-28"
"Suspending Damage: A Letter to Communities","E. Tuck","2009","article","1","0","0","0","1","0","0","0","community","","2023cprize-06"
"Sustainability","Government of Canada","","website","1","0","1","0","0","0","0","0","sustainable","sustainability","2021cprize-21"
"Sustainability and Redefinition of the Pleasure Principle","Matthias Sauerbruch","2009","article","1","1","0","0","0","0","0","0","sustainable","sustainability","2020cprize-67"
"Sustainability and Resiliency Metrics for Buildings - Critical Review","G. Marjaba; S. Chidiac","2016","article","1","0","1","0","0","0","0","0","sustainable, critical, resilience","critical, resiliency, sustainability","2021cprize-01"
"Sustainability and the Architectural History Survey","Vandana Baweja","2014","article","1","1","0","0","0","0","0","0","sustainable","history, sustainability","2020cprize-24"
"Sustainability and Toxicity of Building Materials","Petrović, Emina Kristina","2024","book","1","0","0","0","0","0","0","1","material, sustainable","material, building, sustainability","2026cprize-62"
"Sustainability Decisions Need a Whole-Life Perspective","The Athena Sustainable Materials Institute","2021","website","1","0","0","1","0","0","0","0","sustainable","sustainability","2022cprize-31"
"Sustainability, Architecture, and 'Nature' Between Fuzzy Systems and Wicked Problems","Mark Jarzombek","2003","article","1","0","0","0","0","1","0","0","systems, sustainable, nature","system, sustainability, architecture","2024cprize-13"
"Sustainable","Matt Wechsler","2016","other","1","0","0","0","0","1","0","0","sustainable","sustainability","2024cprize-11"
"Sustainable and Resilient Critical Infrastructure Systems: Simulation, Modeling, and Intelligent Engineering","Kasthurirangan Gopalakrishnan; Srinivas Peeta","2010","book","1","0","0","1","0","0","0","0","systems, sustainable, infrastructure, critical","infrastructure, model, engineer, critical, system, resiliency, sustainability","2022cprize-25"
"Sustainable Architecture & Design 2025/2026","A. Herold; T. Kammer","2026","book","1","0","0","0","0","0","0","1","sustainable","sustainability, design, architecture","2026cprize-64"
"Sustainable Architecture, Design and Housing","Martina Keitsch","2012","article","1","1","0","0","0","0","0","0","sustainable","house, sustainability, design, architecture","2020cprize-23"
"Sustainable Architecture: White Papers","David E. Brown; Mindy Fox; Mary Rickel Pelletier","2000","book","1","1","0","0","0","0","0","0","sustainable","sustainability, architecture","2020cprize-03"
"Sustainable Building Services: Principles, Systems, Concepts","B. Lenz; Jürgen Schreiber; Thomas Stark","2011","book","1","0","1","0","0","0","0","0","systems, sustainable","building, system, sustainability","2021cprize-51"
"Sustainable Calgary","","","website","1","0","1","0","0","0","0","0","sustainable","sustainability","2021cprize-21"
"Sustainable Coastal Design and Planning","Elizabeth Mossop (ed.)","","book","1","0","0","0","1","0","0","0","sustainable","sustainability, coast, design","2023cprize-20"
"Sustainable communities and the challenge of environmental justice","J. Agyeman","2005","book","1","0","0","0","1","0","0","0","environmental, sustainable, justice, community","justice, sustainability","2023cprize-18"
"Sustainable Development of Smart Cities: A Systematic Review of the Literature","Evelin Priscila Trindade; Marcus Phoebe Farias Hinnig; Eduardo Moreira da Costa; Jamile Sabatini Marques; Rogério Cid Bastos; Tan Yigitcanlar","2017","article","1","0","0","1","0","0","0","0","sustainable","sustainability","2022cprize-25"
"Sustainable Edinburgh 2020: Engaging with our city's future","City of Edinburgh Council","2020","report","1","0","0","1","0","0","0","0","sustainable, future","sustainability, city, future","2022cprize-08"
"Sustainable Facades: Design Methods for High-Performance Building Envelopes","A. Aksamija","2013","book","1","0","1","0","0","0","0","0","sustainable","building, performance, sustainability, design","2021cprize-01"
"Sustainable Food Trust","","","website","1","1","0","0","0","0","0","0","sustainable","sustainability, food","2020cprize-12"
"Sustainable for Whom? Green Urban Development, Environmental Gentrification, and the Atlanta Beltline","Dan Immergluck; Tharunya Balan","","article","1","0","0","0","0","0","1","0","environmental, sustainable","sustainability, urban","2025cprize-09"
"Sustainable High-Rise Buildings: Design, Technology, and Innovation","K. Al-Kodmany (ed.); P. Du (ed.); Mir Ali (ed.)","2022","book","1","0","0","0","1","0","0","0","sustainable","technology, innovation, sustainability, design","2023cprize-35"
"Sustainable Housing Reconstruction: Designing Resilient Housing after Natural Disasters","Esther Charlesworth; Iftekhar Ahmed","","book","1","0","1","0","0","0","0","0","sustainable, nature","natural, house, resiliency, sustainability","2021cprize-26"
"Sustainable Imaginaries and the Green Roof on Chicago's City Hall","Julie Cidell","2017","article","1","1","0","0","0","0","0","0","sustainable","sustainability, city","2020cprize-17"
"Sustainable Large Parks: Ecological Design or Designer Ecology? (in Large Parks)","Nina-Marie Lister","2007","chapter","1","0","0","0","1","0","0","0","sustainable, ecological","ecological, sustainability, design","2023cprize-17"
"Sustainable Management of Construction and Demolition Materials","","","website","1","0","0","0","0","1","0","0","material, sustainable","material, construction, sustainability, management","2024cprize-04"
"Sustainable Materials, Processes and Production","Rob Thompson","","book","1","0","1","0","0","0","0","0","material, sustainable","material, sustainability","2021cprize-26"
"Sustainable Pathways for Mississippi Delta Restoration","","","book","1","0","0","0","1","0","0","0","sustainable","sustainability","2023cprize-20"
"Sustainable SITES Initiative","","","website","1","1","0","0","0","0","0","0","sustainable","sustainability","2020cprize-12"
"Sustainable Student Farm","","","website","1","0","0","0","0","1","0","0","sustainable","sustainability","2024cprize-11"
"Sustainable Tall Buildings: Climate, Energy and Technology (Special Issue)","P. Du","2019","other","1","0","0","0","1","0","0","0","climate, energy, sustainable, issue","energy, technology, climate, sustainability","2023cprize-35"
"Sustainable, Affordable, Prefab: The ecoMOD Project","John Quale","","book","1","0","1","0","0","0","0","0","sustainable","sustainability","2021cprize-32"
"Svalbard Global Seed Vault","","","other","1","0","1","0","0","0","0","0","global","global","2021cprize-13"
"Swamps and the New Wilderness","Nomeda Urbinas; Gediminas Urbinas; Kristupas Sabolius","","book","1","0","1","0","0","0","0","0","","","2021cprize-07"
"Swenson Say Faget Structural Engineers","","","website","1","0","0","0","0","0","0","1","","structure","2026cprize-50"
"Switch: How to Change Things When Change Is Hard","Chip Heath; Dan Heath","","book","1","1","0","0","0","0","0","0","change","change","2020cprize-08"
"Symmetries of Culture: Theory and Practice of Plane Pattern Analysis","Dorothy K. Washburn; Donald W. Crowe","1988","book","1","0","0","0","0","0","0","1","","theory, culture","2026cprize-44"
"Synchronicity: An Acausal Connecting Principle (Vol. 8 of the Collected Works of C. G. Jung)","Carl Jung","","book","1","0","0","0","1","0","0","0","","","2023cprize-23"
"Synchronicity: Nature and Psyche in an Interconnected Universe","Joseph Cambray","2012","book","1","0","0","0","1","0","0","0","nature","","2023cprize-23"
"Synthesizing Community Development – A Case Study for Small Towns in the Heartland Delta Region","C. Anz","2016","other","1","0","1","0","0","0","0","0","community","","2021cprize-12"
"Systemic Crises of Global Climate Change: Intersections of Race, Class and Gender","Phoebe Godfrey; Denise Torres","2016","book","1","0","0","1","0","0","0","0","climate, change, global","climate, system, global, change, race","2022cprize-19"
"Systems and Others: Inclusion and Agency in Willis and Associates' CARLA Platform","Meredith Sattler","2018","article","1","0","1","0","0","0","0","0","systems","system, agency","2021cprize-47"
"Systems Esthetics","Jack Burnham","1968","chapter","1","1","0","0","0","0","0","0","systems","system","2020cprize-55"
"São Paulo: A Graphic Biography","Felipe Correa","2018","book","1","0","0","0","1","0","0","0","","","2023cprize-09"
"Tactical urbanism: Short-term action for long-term change","Mike Lydon; Anthony Garcia","2015","article","1","0","0","0","0","0","0","1","change","change","2026cprize-36"
"Take This Hammer","Richard O. Moore; James Baldwin","1964","other","1","0","1","0","0","0","0","0","","","2021cprize-39"
"Taking Measure: Irony and Contradiction in an Age of Precision","James Corner","1996","chapter","1","0","1","0","0","0","0","0","","","2021cprize-59"
"Taking Stock","Ang Li","","article","1","0","1","0","0","0","0","0","","","2021cprize-08"
"Taking Stock of Our Belongings (Preface, in After Belonging: A Triennale in Residence, On Residence and the Ways We Stay in Transit)","Felicity D. Scott","2016","chapter","1","0","0","0","1","0","0","0","","","2023cprize-26"
"Taking Time","Anupama Kundoo","","book","1","0","0","0","0","0","0","1","","","2026cprize-06"
"Taking Turns With the Earth: Phenomenology, Deconstruction, and Intergenerational Justice","Matthias Fritsch","2018","book","1","1","0","0","0","0","0","0","justice","earth, justice","2020cprize-61"
"Tales from a Colmado: An Evolution of Architecture and Infrastructure","","2026","other","1","0","0","0","0","0","0","1","infrastructure","infrastructure, architecture","2026cprize-05"
"Tales From the Dark Side of the City","Kate Davies; et al.","2016","book","1","0","1","0","0","0","0","0","","city","2021cprize-61"
"Talking Policy: The Green New Deal","Elisa Iturbe","2019","article","1","1","0","0","0","0","0","0","","","2020cprize-25"
"Tall Wood buildings design, construction and performance","Michael Green; Jim Taggart","2020","book","1","0","0","0","0","1","0","0","","construction, performance, design","2024cprize-18"
"Taming the Sun: Innovations to Harness Solar Energy and Power the Planet","Varun Sivaram","2018","book","1","0","1","0","0","0","0","0","energy","energy, planet","2021cprize-57"
"Tangential Timber: Non-linear Wood Masonry","K. Schumann; K. MacDonald; A. Hassell","2022","article","1","0","0","0","0","1","0","0","","timber","2024cprize-23"
"Tarzan and Jane Regained... Sort of","Andy Warhol","1964","other","1","0","0","0","0","0","1","0","","","2025cprize-36"
"Tavastgatan with Ferdinand Tollin","Josabeth Sjöberg","1840","other","1","0","0","1","0","0","0","0","","","2022cprize-28"
"Teaching CFD as a Pedagogy for Architectural Design","Soo Jeong Jo; James Jones","2018","other","1","0","1","0","0","0","0","0","","design","2021cprize-62"
"Teaching Climate Change","Stephen Siperstein","2014","article","1","0","1","0","0","0","0","0","climate, change","climate, change","2021cprize-10"
"Teaching Sustainability in Design Without Greenwashing","Ulrike Heine","2012","article","1","0","0","0","0","0","0","1","sustainable","sustainability, design","2026cprize-60"
"Teatro della terra alienata: re-imaging the fate of the Great Barrier Reef","Sánchez-Velasco, A.; Valiente Oriol, J.; Valiente Oriol, G.; Rodríguez-Casellas, M.","2022","book","1","0","0","0","0","0","0","1","","","2026cprize-48"
"Technological Determinism in American Culture","Merritt Roe Smith","1994","article","1","1","0","0","0","0","0","0","","technology, culture","2020cprize-62"
"Technological Momentum","T. Hughes","1994","chapter","1","1","0","0","0","0","0","0","","technology","2020cprize-09"
"Technology Plays Critical Role in Design of Medical Education Facilities","","2014","other","1","0","0","0","1","0","0","0","critical","technology, critical, design","2023cprize-40"
"Telepresence Garment","Eduardo Kac","1995","other","1","0","0","1","0","0","0","0","","","2022cprize-28"
"Temperature and Aggression: Paradox, Controversy and A (Fairly) Clear Picture","A. Craig Anderson; B. Kathryn Anderson","1998","book","1","0","0","0","1","0","0","0","","","2023cprize-23"
"Temporary Is the New Permanent","A. Arieff","2011","article","1","0","0","1","0","0","0","0","","","2022cprize-13"
"Temporary Urbanism","Housing and Urban Development (HUD) Office of Policy Development and Research","2014","report","1","0","0","1","0","0","0","0","","","2022cprize-13"
"Ten Questions Concerning Thermal Comfort and Ageing","J. Van Hoof; L. Schellen; V. Soebarto; J. K. W. Wong; J. K. Kazak","2017","article","1","0","1","0","0","0","0","0","","","2021cprize-15"
"Ten Shades of Green: Architecture and the Natural World","Peter Buchanan","","book","1","1","0","0","0","0","0","0","world, nature","natural, world, architecture","2020cprize-03"
"Tents: Architecture of the Nomads","Torvald Faegre","1979","book","1","0","0","0","1","0","0","0","","architecture","2023cprize-05"
"Terra Fluxus","James Corner","2006","chapter","1","0","0","0","0","0","1","0","","","2025cprize-26"
"Terra Madre","","","website","1","1","0","0","0","0","0","0","","","2020cprize-12"
"Terra Nova: The New World After Oil, Cars, and Suburbs","Eric W. Sanderson","2013","book","1","0","0","0","1","0","0","0","world","world, oil","2023cprize-08"
"Terrain Vague","Ignasi de Sola-Morales","1995","chapter","1","0","0","1","0","0","0","0","","terrain","2022cprize-07"
"Terrestrial Networks (in Organization Space)","Keller Easterling","2005","chapter","1","1","0","0","0","0","0","0","","space","2020cprize-44"
"Territorializations of Dust","Valeria Guzmán Verri","","article","1","0","0","0","1","0","0","0","","","2023cprize-15"
"Territories of Oil: The Trans-Arabian Pipeline","Rania Ghosn","2016","article","1","1","0","0","0","0","0","0","","oil","2020cprize-25"
"Territories of Urbanism: The Project as Knowledge Producer","Paola Vigano","2016","book","1","0","0","0","0","1","0","0","","knowledge","2024cprize-20"
"Territorios en disputa: extractivismo y conflictos socioambientales en el norte de Chile","I. Carrasco","2020","book","1","0","0","0","0","0","0","1","","","2026cprize-51"
"Territory: Architecture Beyond Environment","David Gissen","2010","article","1","0","0","0","0","1","0","0","environmental","territory, architecture","2024cprize-31"
"Than Samai in Modern Thai Architecture: Case Studies of Crypto-Colonialism","Supasai Vongkulbhisal","2022","other","1","0","0","0","0","0","0","1","","architecture","2026cprize-57"
"The 'Natural' World and Phenomenology","Jan Patocka","1989","chapter","1","1","0","0","0","0","0","0","world, nature","natural, world","2020cprize-61"
"The 1870 Ghost Dance","Cora DuBois","2007","book","1","0","1","0","0","0","0","0","","","2021cprize-47"
"The 2030 Challenge for Embodied Carbon, Buildings, Infrastructure, and Materials","Architecture 2030","2019","website","1","0","1","0","0","0","0","0","material, infrastructure, carbon","material, infrastructure, embodied, carbon","2021cprize-58"
"The Abandoned 'Black Eden' Is Prepared for a Comeback","S. Zito","2017","article","1","0","0","1","0","0","0","0","","","2022cprize-23"
"The Abstract Wild","J. Turner","1996","book","1","0","0","0","0","1","0","0","","","2024cprize-41"
"The Accidental Ecosystem: People and Wildlife in American Cities","P. S. Alagona","2022","book","1","0","0","0","0","1","0","0","","","2024cprize-35"
"The Accommodation: The Politics of Race in an American City","J. Schutze","2021","book","1","0","0","0","0","0","1","0","","city, race","2025cprize-19"
"The Accumulation of Labor and the Degradation of Women","Silvia Federici","2014","chapter","1","0","0","0","1","0","0","0","","labor","2023cprize-03"
"The Action is Form: Victor Hugo's TED Talk","Keller Easterling","2012","book","1","1","0","0","0","0","0","0","","","2020cprize-56"
"The Aesthetic Brain: From Experience to Neural Mechanisms","Anjan Chatterjee; Marcos Nadal; Edward A. Vessel; Oshin Vartanian; Martin Skov","2021","article","1","0","0","0","0","0","0","1","experience","experience","2026cprize-43"
"The Aesthetic Townscape","Yoshinobu Ashihara","","book","1","0","1","0","0","0","0","0","","","2021cprize-12"
"The Aesthetics of Atmospheres","Gernot Bohme","2017","book","1","1","0","0","0","0","0","0","","","2020cprize-61"
"The Aesthetics of Heat: For a Cultural History of Climate in the Age of Global Warming","Eva Horn","2017","article","1","0","0","0","1","0","0","0","climate, global","climate, global, heat, culture, history, warming","2023cprize-15"
"The Aesthetics of Petroleum, after Oil!","Stephanie LeMenager","2012","article","1","1","0","0","0","0","0","0","","oil","2020cprize-25"
"The Aesthetics of Wind Energy","Justin Good","2006","article","1","0","0","0","1","0","0","0","energy","energy","2023cprize-17"
"The Affective Agency of Public Space","A. Mehan","2024","book","1","0","0","0","0","0","1","0","","public, space, agency","2025cprize-03"
"The African Origins of Carolina Rice Culture","Judith Carney","2000","article","1","0","1","0","0","0","0","0","","culture","2021cprize-47"
"The Afterlife of Dying Buildings: Ruskin and Preservation in the Twenty-First Century","","2021","chapter","1","0","0","0","0","0","1","0","","preservation","2025cprize-29"
"The Age of World Picture","Martin Heidegger","","chapter","1","1","0","0","0","0","0","0","world","world","2020cprize-67"
"The Air Aware","David Abram","","other","1","1","0","0","0","0","0","0","","air","2020cprize-41"
"The Air Condition Trap: How Cold Air Is Heating the World","Stephen Buranyi","2019","article","1","1","0","0","0","0","0","0","world","world, air","2020cprize-05"
"The American Lawn: Surface of Everyday Life","","1998","other","1","1","0","0","0","0","0","0","","","2020cprize-02"
"The American West as Classroom, Art and Metaphor","","2011","article","1","0","0","0","1","0","0","0","","","2023cprize-31"
"The Anthropocene Reviewed","John Green","2021","book","1","0","0","0","0","0","0","1","","anthropocene","2026cprize-58"
"The Anthropocene Style","Philippe Rahm","2023","book","1","0","0","0","0","0","0","1","","anthropocene","2026cprize-66"
"The Anthropocene: Are Humans Now Overwhelming the Great Forces of Nature?","W. Steffen; P.J. Crutzen; J.R. McNeill","2007","article","1","0","1","0","0","0","0","0","nature","anthropocene","2021cprize-04"
"The Anthropocene: Key Issues for the Humanities","Eva Horn","2019","book","1","0","0","0","0","0","1","0","issue","anthropocene, humanities","2025cprize-14"
"The anti-colonial politics of degrowth","Jason Hickel","2021","article","1","0","0","0","0","1","0","0","","colonial","2024cprize-09"
"The Application of Self-adjusting Machine Learning Algorithm for Built Performance Simulations","Rania Labib","2021","other","1","0","1","0","0","0","0","0","","performance","2021cprize-58"
"The archaeology of the Upper Amazon: complexity and interaction in the Andean tropical forest","R. Clasby; J. Nesbitt","2021","book","1","0","0","0","0","1","0","0","","","2024cprize-03"
"The Architect's Studio Companion: Rules of Thumb for Preliminary Design (Fourth Edition)","Ed Allen","2008","book","1","1","0","0","0","0","0","0","","design, architect","2020cprize-16"
"The Architects of Algeria, Tunisia, and Libya","Udo Kultermann","1983","article","1","1","0","0","0","0","0","0","","","2020cprize-17"
"The Architects of Egypt","Udo Kultermann","1982","article","1","1","0","0","0","0","0","0","","","2020cprize-17"
"The Architects of Iraq","Udo Kultermann","1984","article","1","1","0","0","0","0","0","0","","","2020cprize-17"
"The Architects of Morocco","Udo Kultermann","1983","article","1","1","0","0","0","0","0","0","","","2020cprize-17"
"The Architects of Saudi Arabia","Udo Kultermann","1985","article","1","1","0","0","0","0","0","0","","","2020cprize-17"
"The Architects of the Gulf States","Udo Kultermann","1984","article","1","1","0","0","0","0","0","0","","","2020cprize-17"
"The Architectural Production of Nature","David Gissen","2009","article","1","0","0","1","0","0","0","0","nature","","2022cprize-30"
"The Architectural Relevance of Cybernetics","Gordon Pask","1969","article","1","0","0","0","0","1","0","0","","","2024cprize-23"
"The Architectural Uncanny: Essays in the Modern Unhomely","Anthony Vidler","","book","1","0","0","0","0","1","0","0","","","2024cprize-42"
"The Architecture Lobby's Annotated GND Resolution","The Architecture Lobby","","website","1","1","0","0","0","0","0","0","","architecture","2020cprize-60"
"The Architecture of Art Museums - A Decade of Design: 2000-2010","Ronnie Self","2014","book","1","0","1","0","0","0","0","0","","design, architecture","2021cprize-59"
"The Architecture of Happiness","Alain de Botton","","book","1","0","0","0","0","1","0","0","","architecture","2024cprize-17"
"The Architecture of Light: Architectural Lighting Design Concepts and Techniques","Sage Russell","2012","book","1","0","1","0","0","0","0","0","","design, architecture","2021cprize-11"
"The Architecture of Neoliberalism","Douglas Spencer","2016","book","1","0","1","0","0","0","0","0","","architecture","2021cprize-16"
"The Architecture of Power","Lewis Mumford","","article","1","0","1","0","0","0","0","0","","architecture","2021cprize-02"
"The Architecture of the Mouse","Mark Wigley","2010","article","1","1","0","0","0","0","0","0","","architecture","2020cprize-51"
"The Architecture of Water (in The Routledge Companion to Critical Approaches to Contemporary Architecture)","Karen Piper","2020","chapter","1","0","0","0","1","0","0","0","critical","water, critical, architecture","2023cprize-17"
"The Architecture Student's Handbook of Professional Practice","AIA","","book","1","0","1","0","0","0","0","0","","architecture","2021cprize-50"
"The Art and Politics of Sustainability","T. J. Demos","2016","chapter","1","0","0","1","0","0","0","0","sustainable","sustainability","2022cprize-14"
"The Art Museum of My Dreams: or A Place for the Work and the Human Being","Rémy Zaugg","2013","book","1","0","1","0","0","0","0","0","human","human, place, museum","2021cprize-59"
"The Art of Collaboration and Innovation","Albert Kahn Associates","2022","book","1","0","0","0","0","1","0","0","","innovation, collaboration","2024cprize-21"
"The Art of Inequality: Architecture, Housing, and Real Estate: A Provisional Report","Reinhold Martin; Jacob Moore; Susanne Schindler","","report","1","0","1","0","0","0","0","0","","house, architecture","2021cprize-49"
"The Art of Infrastructure: Re-Imagining the Productive Landscape in the 21st Century","","2019","book","1","1","0","0","0","0","0","0","infrastructure","infrastructure, landscape","2020cprize-03"
"The Art of Memory","Francis Yates","1966","book","1","0","1","0","0","0","0","0","","","2021cprize-03"
"The Art-Architecture Complex","Hal Foster","2011","book","1","1","0","0","0","0","0","0","","architecture","2020cprize-28"
"The Artist as Urban Geographer: Mark Bradford and Julie Mehretu","Kathryn Brown","2010","article","1","0","1","0","0","0","0","0","","urban","2021cprize-53"
"The Atlas for the End of the World","Richard Weller","2016","report","1","1","0","0","0","0","0","0","world","world","2020cprize-21"
"The Atmosphere as a Cultural Object (in Climates)","Jorge Otero-Pailos","2016","chapter","1","0","0","0","1","0","0","0","","culture","2023cprize-15"
"The atmospheric skin of the city","Tonino Griffero","2013","article","1","1","0","0","0","0","0","0","","city","2020cprize-61"
"The Available City / Curious Mixtures","David Brown","","book","1","0","0","0","0","0","0","1","","city","2026cprize-35"
"The Aztec Confederacy","Karl Marx","","chapter","1","0","0","0","1","0","0","0","","","2023cprize-03"
"The Balance of Nature: Ecology's Enduring Myth","J. Kircher","2009","book","1","0","0","0","0","1","0","0","ecological, nature","ecological","2024cprize-41"
"The Barefoot Architect","Johan van Lengen","","book","1","1","0","0","0","0","0","0","","architect","2020cprize-67"
"The Battle For Paradise: Puerto Rico Takes on the Disaster Capitalists","Naomi Klein","2018","book","1","0","0","0","1","0","0","0","","disaster","2023cprize-34"
"The Beak of the Finch: A Story of Evolution in Our Time","J. Weiner","1995","book","1","0","0","0","0","1","0","0","","","2024cprize-41"
"The Beholding Eye: Ten Versions of the Same Scene","D. W. Meinig","1979","chapter","1","0","1","0","0","0","0","0","","","2021cprize-61"
"The Biggest Short: Climate Change meets the 30-Year Home Mortgage with Dr. Jesse Keenan","","2020","other","1","0","1","0","0","0","0","0","climate, change","climate, change","2021cprize-08"
"The Biodiversity Crisis and Global Justice: A Research Agenda","Chris Armstrong","","article","1","0","0","0","0","0","1","0","global, justice","global, justice, crisis, research","2025cprize-35"
"The Biosphere","Vladimir Vernadsky","1926","book","1","0","1","0","0","0","0","0","","","2021cprize-47"
"The Birth of Black Modernism: Building Community Capacity Through Intentional Design","","","article","1","0","0","0","0","0","0","1","community","building, design","2026cprize-22"
"The Birth of the Anthropocene","Jeremy Davies","2016","book","1","1","0","0","0","0","0","0","","anthropocene","2020cprize-05"
"The Birth of the Clinic","M. Foucault","1973","book","1","0","1","0","0","0","0","0","","","2021cprize-16"
"The Black Aesthetic and Black Architecture: UNearthing the Black Aesthetic","Clarke","","other","1","0","0","0","0","1","0","0","","architecture","2024cprize-33"
"The Black Laws of Illinois and a Few Reasons Why They Should Be Repealed","John Jones","1864","book","1","0","0","1","0","0","0","0","","","2022cprize-19"
"The Black Speculative Arts Movement: Black Futurity, Art, & Design","","","book","1","0","0","0","0","1","0","0","","speculate, design","2024cprize-33"
"The Body in Pain: The Making and Unmaking of the World","Elaine Scarry","1985","book","1","1","0","0","0","0","0","0","world","world","2020cprize-42"
"The Bond of Making","Richard Sennett","2018","chapter","1","0","0","0","0","0","0","1","","","2026cprize-15"
"The Bonds of Inequality: Debt and the Making of the American City","Destin Jenkins","","book","1","0","0","1","0","0","0","0","","city","2022cprize-02"
"The Borderlands and climate change (Chapter 10 in United States-Mexican Borderlands: Facing tomorrow's challenges through USGS science)","Joan Fitzpatrick; Floyd Gray; Russell Dubiel; Jeff Langman; J. Bruce Moring; Laura M. Norman; William R. Page; Jean W. Parcher","2013","chapter","1","0","0","0","1","0","0","0","climate, change, science","science, climate, change","2023cprize-16"
"The Brick and the Balloon: Architecture, Idealism and Land Speculation","Fredric Jameson","","chapter","1","1","0","0","0","0","0","0","","speculate, land, architecture","2020cprize-29"
"The Bridge of Beyond","Simone Schwarz-Bart","2013","book","1","1","0","0","0","0","0","0","","","2020cprize-61"
"The Broken Earth Trilogy","N.K. Jemisin","2015","book","1","0","0","0","1","0","0","0","","earth","2023cprize-04"
"The Bulldozer in the Countryside: Suburban Sprawl and the Rise of American Environmentalism","Adam Rome","","book","1","1","0","0","0","0","0","0","","","2020cprize-44"
"The California Water Atlas","William L. Kahrl; California Office of Planning and Research; California Department of Water Resources","1979","report","1","1","0","0","0","0","0","0","","water","2020cprize-40"
"The Campus Guide: Smith College","","","book","1","1","0","0","0","0","0","0","","","2020cprize-03"
"The Canal and the Pool: Infrastructures of Abundance and the Invention of the Modern Desert","Danika Cooper","2022","article","1","0","0","0","0","1","0","0","","","2024cprize-05"
"The Cape Town drought: A study of the combined effectiveness of measures implemented to prevent ""Day Zero""","J. Brühl; M. Visser","2021","article","1","0","0","0","0","0","1","0","","","2025cprize-15"
"The Captured Garden: Subsistence Under Industrial Capitalism","Steven Stoll","2017","chapter","1","0","1","0","0","0","0","0","","capitalism","2021cprize-54"
"The Car in 2035: Mobility Planning for the Near Future","K. Rubinyi","2013","book","1","1","0","0","0","0","0","0","future","future","2020cprize-15"
"The Carbon Footprint of Everything","M. Berners-Lee","2022","book","1","0","0","0","1","0","0","0","carbon","carbon","2023cprize-41"
"The Care and Conservation of Georgian Houses: A maintenance manual for Edinburgh New Town","Andy Davey; Bob Heath; Desmond Hodges; Mandy Ketchin; Roy Milne","1986","book","1","0","0","1","0","0","0","0","","","2022cprize-08"
"The Case for a Right to Housing","C. Hartman","","book","1","0","1","0","0","0","0","0","","house","2021cprize-12"
"The Case of Air","Eva Horn","2022","article","1","0","0","0","1","0","0","0","","air","2023cprize-14"
"The Changing Landscapes of Modernity: Early Film and ""America's"" Great Picture Tradition","Iris Cahn","1996","article","1","0","0","0","0","1","0","0","","landscape","2024cprize-05"
"The Children of Men","Alfonso Cuarón (director)","2007","other","1","0","0","0","1","0","0","0","","","2023cprize-12"
"The City after the Automobile","Moshe Safdie","","book","1","0","1","0","0","0","0","0","","city","2021cprize-12"
"The City as a Hybrid: On Nature, Society and Cyborg Urbanization","E. Swyngedouw","1996","article","1","1","0","0","0","0","0","0","society, nature","social, city","2020cprize-58"
"The City as Diagram Agency","Patty Heyda","2012","chapter","1","1","0","0","0","0","0","0","","city, agency","2020cprize-34"
"The City as Terra Incognita: Charles Booth's Poverty Survey and the People of London, 1886-1891","Christian Topalov","1993","article","1","1","0","0","0","0","0","0","","city","2020cprize-54"
"The City in the Landscape: Alfred Caldwell's vision and experiment for an ecological city","K. Jones","2022","chapter","1","0","0","0","0","0","1","0","ecological","landscape, ecological, city","2025cprize-14"
"The City of Miami's Comprehensive Stormwater Master Plan (B-30632A)","","2021","report","1","0","0","1","0","0","0","0","","plan, city","2022cprize-16"
"The Climate as Commodity Form (in Architecture in the Anthropocene)","Mark Dorrian","2013","chapter","1","0","0","0","1","0","0","0","climate","anthropocene, climate, architecture","2023cprize-14"
"The Climate Crisis Is a Crisis of Inequality","R. Pande","2023","article","1","0","0","0","0","0","1","0","climate","climate, crisis","2025cprize-35"
"The Climate Crisis, Migration, and Refugees","John Podesta","2019","report","1","1","0","0","0","0","0","0","climate","climate, crisis, migration","2020cprize-66"
"The Climate Is Changing, So Must Architecture","Ned Cramer","2017","article","1","0","1","0","0","0","0","0","climate","climate, architecture","2021cprize-22"
"The Climate of Man I","Elizabeth Kolbert","2005","article","1","1","0","0","0","0","0","0","climate","climate","2020cprize-16"
"The Coal Development Block (in Power to the People: Energy in Europe over the Last Five Centuries)","Paul Warde","2010","chapter","1","0","0","0","0","0","1","0","energy","energy","2025cprize-01"
"The Coal Question","William Stanley Jevons","1865","book","1","0","0","0","0","0","1","0","","","2025cprize-01"
"The Code of the City: Standards and the Hidden Language of Place Making","Eran Ben-Joseph","2005","book","1","1","0","0","0","0","0","0","","place, city","2020cprize-57"
"The Collapse of Complex Societies","Joseph A. Tainter","1988","book","1","1","0","0","0","0","0","0","","","2020cprize-05"
"The Collapse of Western Civilization: A View from the Future","Naomi Oreskes","2014","book","1","1","0","0","0","0","0","0","future","future","2020cprize-21"
"The Colonial Origins of Modernist Prefabrication","Itohan Osayimwese","","chapter","1","1","0","0","0","0","0","0","","colonial","2020cprize-24"
"The colonialism of carbon capture and storage in Alberta's Tar Sands","C. Alexander; A. Stanley","2022","article","1","0","0","0","0","1","0","0","carbon","carbon","2024cprize-12"
"The Color of Pomegranates","Sergei Parajanov","1969","other","1","0","0","0","0","1","0","0","","","2024cprize-16"
"The Columbian Exchange: Biological and Cultural Consequences of 1492","Alfred W. Crosby","1972","book","1","1","0","0","0","0","0","0","","culture","2020cprize-05"
"The Comedy of the Commons: Commerce, Custom, and Inherently Public Property","Carol M. Rose","1986","article","1","1","0","0","0","0","0","0","","public, property","2020cprize-60"
"The Commodity (in Capital I: A Critique of Political Economy)","Karl Marx","1867","chapter","1","1","0","0","0","0","0","0","economic","economy","2020cprize-46"
"The Computational Fallacy","Sanford Kwinter","2011","chapter","1","1","0","0","0","0","0","0","","computation","2020cprize-40"
"The Computational Structure of Life Cycle Assessment","R. Heijungs; S. Suh","2002","book","1","0","1","0","0","0","0","0","","structure, computation","2021cprize-57"
"The Concept of Enlightenment","M. Horkheimer; T. Adorno","1996","chapter","1","1","0","0","0","0","0","0","","","2020cprize-09"
"The Concept of Local-Smart-Housing: Towards Socio-Cultural Sustainability of Vernacular Settlements","Amir Hosein Ghaffarian Hoseini; Nur Dalilah Dahlan; Rahinah Ibrahim; Mohd Nasir Baharuddin; Ali Ghaffarian Hoseini","2011","article","1","1","0","0","0","0","0","0","sustainable","vernacular, local, house, culture, sustainability","2020cprize-23"
"The Concept of Nature in Marx","A. Schmidt","2014","book","1","0","1","0","0","0","0","0","nature","","2021cprize-16"
"The Condition of the Working Class in England","Friedrich Engels","1845","book","1","0","1","0","0","0","0","0","","","2021cprize-54"
"The Conflict Shoreline: Colonialism as Climate Change in the Negev Desert","Eyal Weizman; Fazal Sheikh","2015","book","1","1","0","0","0","0","0","0","climate, change","climate, change","2020cprize-21"
"The Conformity of Biophilic Design to Ratings of Green Buildings","Samia Ebrahiem","2021","other","1","0","0","1","0","0","0","0","","design","2022cprize-31"
"The Contemporary Sublime","Tate","","website","1","0","0","0","1","0","0","0","","","2023cprize-23"
"The Control of Nature","John McPhee","1989","book","1","1","0","0","0","0","0","0","nature","","2020cprize-42"
"The Coupling Coordinated Development of Urban Environment Towards Sustainable Urbanization: An Empirical Study of Shandong Peninsula, China","X. Fang; X. Shi; T. K. Phillips; P. Du; W. Gao","2021","article","1","0","0","0","1","0","0","0","environmental, sustainable","sustainability, urban","2023cprize-35"
"The Crisis in Crisis","Joseph Masco","2017","article","1","0","1","0","0","0","0","0","","crisis","2021cprize-60"
"The Crisis of the African-American Architect","Melvin Mitchell","","book","1","0","1","0","0","0","0","0","","crisis, architect","2021cprize-50"
"The Crystal Palace, environmentally considered","Henrik Schoenefeldt","2008","article","1","0","0","0","1","0","0","0","","","2023cprize-14"
"The Crystal: Architecture Calibrating Climate Change for the Urban Future","M. EE. Wong","2016","chapter","1","0","1","0","0","0","0","0","climate, change, future","climate, change, urban, architecture, future","2021cprize-63"
"The Culture of Building","Howard Davis","2006","book","1","0","1","0","0","0","0","0","","building, culture","2021cprize-30"
"The Culture of Time and Space","Stephen Kern","1983","book","1","0","1","0","0","0","0","0","","space, culture","2021cprize-60"
"The Dark Lord of Coal Country","Jeff Goodell","2010","article","1","0","1","0","0","0","0","0","","","2021cprize-52"
"The Death of the Author","Roland Barthes","","article","1","0","0","0","0","0","0","1","","","2026cprize-06"
"The decolonial imaginary: Writing Chicanas into history","E. Pérez","1999","book","1","0","0","0","1","0","0","0","","history","2023cprize-34"
"The Design Build Movement in Vermont","Daniel Sagan","2021","article","1","0","0","0","0","0","0","1","","build, design","2026cprize-44"
"The Design Build Studio: Crafting Meaningful Work in Architecture Education","Tolya Stonorov","2017","book","1","0","0","0","0","0","0","1","","build, design, architecture","2026cprize-44"
"The Design of Everyday Things","Don Norman","","book","1","0","0","0","0","1","0","0","","design","2024cprize-23"
"The Details of Modern Architecture, Volumes I and II","Edward R. Ford","","book","1","0","0","0","0","1","0","0","","architecture","2024cprize-01"
"The Details of Modern Architecture: 1928-1988","Edward R. Ford","2003","book","1","1","0","0","0","0","0","0","","architecture","2020cprize-16"
"The development of a participatory assessment technique for infrastructure: Neighborhood-level monitoring towards sustainable infrastructure systems","M. D. Hendricks; M. A. Meyer; N. G. Gharaibeh; Van Zandt, S.; J. Masterson; Cooper Jr, J. T.; P. Berke","2018","article","1","1","0","0","0","0","0","0","systems, sustainable, infrastructure","infrastructure, system, sustainability, neighborhood","2020cprize-41"
"The Dialectical Landscape","Robert Smithson","1973","article","1","0","0","1","0","0","0","0","","landscape","2022cprize-18"
"The Difficult Whole","Kersten Geers; Jelena Pancevac; Andrea Zanderigo","2016","book","1","1","0","0","0","0","0","0","","","2020cprize-28"
"The Digital Sublime: Myth, Power, and Cyberspace","Vincent Mosco","2004","book","1","0","0","1","0","0","0","0","","digital","2022cprize-27"
"The Digital Turn in Architecture, 1992-2012","Mario Carpo","2012","book","1","0","0","1","0","0","0","0","","digital, architecture","2022cprize-27"
"The Disappearing Computer: Interaction Design, System Infrastructures and Applications for Smart Environments","N. Streits; A. Kameas; I. Mavrommati","2007","book","1","0","0","0","0","0","1","0","systems","system, design","2025cprize-23"
"The Dispossessed: An Ambiguous Utopia","Ursula K. Le Guin","1994","book","1","0","0","0","1","0","0","0","","","2023cprize-04"
"The Distant Winking of a Star","Sander Woertman","2005","chapter","1","0","0","0","0","0","0","1","","","2026cprize-14"
"The Diversity of Life","E.O. Wilson","2010","book","1","0","0","0","0","1","0","0","","","2024cprize-41"
"The double-curvature masonry vaults of Eladio Dieste","R. Pedreschi; D. Theodossopoulos","2007","article","1","0","0","0","0","0","0","1","","","2026cprize-08"
"The Dragonfly Ridge Residence: Regenerative and Resilient","Kriegh Architecture Studios","2026","report","1","0","0","0","0","0","0","1","","regenerative, resiliency","2026cprize-50"
"The Drunken Botanist: The Plants that Create the World's Great Drinks","Amy Stewart","2013","book","1","1","0","0","0","0","0","0","world","world","2020cprize-12"
"The Dynamic Double Façade: An Integrated Approach to High Performance Building Envelopes","E. Stach; B. Miller; J. Rose; K. Armstrong","2013","other","1","0","0","0","0","0","1","0","","building, performance","2025cprize-08"
"The Earth is Faster Now: Indigenous Observations of Arctic Environmental Change","Igor Krupnik; Dyanna Jolly","2002","book","1","0","1","0","0","0","0","0","change, environmental","indigenous, earth, change","2021cprize-47"
"The Eccentricity of the Middle East and North Africa's Environmental History","J.R. McNeill","2013","chapter","1","1","0","0","0","0","0","0","environmental","history","2020cprize-17"
"The Ecological Rift: Capitalism's War on the Earth","John Bellamy Foster; Brett Clark; Richard York","2010","chapter","1","0","1","0","0","0","0","0","ecological","capitalism, ecological, earth","2021cprize-54"
"The Ecologies of the Building Envelope","Alejandro Zaera-Polo; Jeffrey S. Anderson","2021","book","1","0","0","0","1","0","0","0","","building, ecological","2023cprize-14"
"The Ecology of Building Materials","Bjorn Berge","2009","book","1","0","1","0","0","0","0","0","material, ecological","material, building, ecological","2021cprize-30"
"The Ecology of Others","P. Descola","2013","book","1","0","0","0","1","0","0","0","ecological","ecological","2023cprize-31"
"The Ecology of the Automobile","Peter Freund; George Martin","1993","book","1","0","0","0","0","0","0","1","ecological","ecological","2026cprize-46"
"The Economics of Climate Change","Nicholas Stern","2014","book","1","0","1","0","0","0","0","0","climate, change","climate, change","2021cprize-57"
"The Economics of Maps","Abhishek Nagaraj; Scott Stern","2020","article","1","0","0","0","1","0","0","0","","","2023cprize-29"
"The Economy of Puerto Rico: Restoring Growth","Susan M. Collins (ed.)","2006","book","1","0","0","0","1","0","0","0","economic","economy, growth","2023cprize-34"
"The Ecotourism Experience (in Romancing the Wild: Cultural Dimensions of Ecotourism)","Robert Fletcher","2014","chapter","1","0","0","0","1","0","0","0","experience","experience, culture","2023cprize-15"
"The Edinburgh 2050 City Vision","","","website","1","0","0","1","0","0","0","0","","city","2022cprize-08"
"The Embodiment of Architectural Experience: A Methodological Perspective on Neuro-Architecture","Shuo Wang; Gustavo Sanches de Oliveira; Zohreh Djebbara; Klaus Gramann","2022","article","1","0","0","0","0","0","0","1","experience","experience, architecture","2026cprize-43"
"The End of Nature","Bill McKibben","1989","book","1","1","0","0","0","0","0","0","nature","","2020cprize-44"
"The End of Us: To Imagine Our Own Extinction Is to Be Able to Answer It","Thomas Moynihan","","article","1","0","0","0","1","0","0","0","","","2023cprize-03"
"The Ends of the World","Déborah Danowski; Eduardo Viveiros de Castro","2016","book","1","0","0","0","1","0","0","0","world","world","2023cprize-12"
"The Environmental Apocalypse: Interdisciplinary Reflections on the Climate Crisis","J. Kowalewski","2022","book","1","0","0","0","1","0","0","0","climate, environmental","climate, crisis","2023cprize-12"
"The Environmental Crisis of Our Time and the Ethics of Stewardship: A Muslim Response","Yasin Dutton","2022","chapter","1","0","0","0","0","1","0","0","environmental","ethics, crisis","2024cprize-13"
"The Environmental Imagination","Dean Hawkes","","book","1","0","1","0","0","0","0","0","environmental","","2021cprize-26"
"The Environmental Impact of Suburbanization","M. E. Kahn","2000","article","1","0","0","0","1","0","0","0","environmental, impact","","2023cprize-21"
"The Equipmental Tradition: Architecture's Environmental Pedagogies (in Environmental Histories of Architecture)","Kiel Moe","","chapter","1","0","0","0","0","1","0","0","environmental","architecture","2024cprize-40"
"The Essential Whole Earth Catalog: Access to Tools and Ideas","Stewart Brand (ed.)","1986","book","1","1","0","0","0","0","0","0","","earth","2020cprize-16"
"The Ethical Architect: The Dilemma of Practice","","2001","book","1","1","0","0","0","0","0","0","","ethics, architect","2020cprize-07"
"The Ethical Space of Engagement","W. Ermine","2007","article","1","0","1","0","0","0","0","0","","space, ethics","2021cprize-21"
"The EU Will Be Democratised. Or It Will Disintegrate!: A Manifesto for Democratising Europe","Democracy in Europe Movement 2025","2016","website","1","0","1","0","0","0","0","0","","","2021cprize-17"
"The Evolution of Energy Demand Revisited: Politics, Daily Life and Public Housing in Britain, 1920s-70s","Frank Trentmann","","article","1","0","1","0","0","0","0","0","energy","energy, public, house","2021cprize-02"
"The Evolving Relationship Between Architectural Practice and Education—1980s to 2020s: A Review","","2025","article","1","0","0","0","0","0","0","1","","","2026cprize-38"
"The Expanded Environment","","","website","1","0","0","0","0","1","0","0","environmental","","2024cprize-01"
"The Experience of Place","T. Hiss","1991","book","1","0","0","0","0","1","0","0","experience","experience, place","2024cprize-41"
"The Expert Mind in the Age of Junk Data","Christopher L. Cosper","2016","article","1","0","0","0","1","0","0","0","data","data","2023cprize-10"
"The Extended Case Method","Michael Burawoy","1998","article","1","0","1","0","0","0","0","0","","","2021cprize-33"
"The Extractive Zone: Social Ecologies and Decolonial Perspectives","Macarena Gómez-Barris","2017","book","1","1","0","0","0","0","0","0","","social, ecological","2020cprize-14"
"The Extreme 2018 Northern California Fire Season","Timothy Brown; et al.","2020","article","1","0","1","0","0","0","0","0","","","2021cprize-29"
"The Eyes of the Skin, 3rd Edition","Juhani Pallasmaa","2012","book","1","0","0","0","0","0","0","1","","","2026cprize-63"
"The Fabric of Space: Water, Modernity, and the Urban Imagination","Matthew Gandy","","book","1","1","0","0","0","0","0","0","","water, space, urban","2020cprize-42"
"The Fallacy of Misplaced Concreteness","A. N. Whitehead","1997","chapter","1","1","0","0","0","0","0","0","","","2020cprize-09"
"The Fast Runner (Atanarjuat)","Zacharias Kunuk","2001","film","1","0","0","1","0","0","0","0","","","2022cprize-02"
"The Façade of Redevelopment","Patty Heyda","","article","1","0","0","0","1","0","0","0","","","2023cprize-33"
"The Federal Government and Housing During the Great Depression","John F. Bauman; Roger Biles; Kristin M. Szylvian","","chapter","1","0","1","0","0","0","0","0","","house","2021cprize-02"
"The Feminist Standpoint Theory Reader: Intellectual and Political Controversies","Sandra Harding","2004","book","1","0","1","0","0","0","0","0","","theory","2021cprize-47"
"The Fifth Sacred Thing","Starhawk","","book","1","0","0","0","0","1","0","0","","","2024cprize-32"
"The Fifth Season","N. K. Jemisin","2016","book","1","0","0","0","1","0","0","0","","","2023cprize-12"
"The Fight for Climate Justice Requires a New Narrative","M.A. Heglar","2019","website","1","0","0","0","1","0","0","0","climate, justice","climate, justice","2023cprize-37"
"The Florence Experiment","Carsten Höller","2018","other","1","0","0","1","0","0","0","0","","","2022cprize-28"
"The Force of Things","Jane Bennett","2010","chapter","1","1","0","0","0","0","0","0","","","2020cprize-21"
"The Forest as a Future Ecology for Twentieth-Century Retail Landscapes in the Midwest: A Case Study of Columbus, Ohio","P. Meijerink; T. Sims","2018","article","1","0","0","1","0","0","0","0","future, ecological","landscape, ecological, future","2022cprize-05"
"The Form of the Territory","Vittorio Gregotti","2009","article","1","0","0","0","1","0","0","0","","territory","2023cprize-09"
"The Four Elements of Architecture","Gottfried Semper","","chapter","1","0","0","0","1","0","0","0","","architecture","2023cprize-05"
"The Funambulist #14: Toxic Atmospheres","","2017","other","1","0","0","0","0","1","0","0","","","2024cprize-42"
"The Function of Ornament","Michael Kubo","2006","book","1","0","1","0","0","0","0","0","","","2021cprize-43"
"The Future","Buckminster Fuller; Jaime Snyder","2009","chapter","1","0","0","1","0","0","0","0","future","future","2022cprize-07"
"The Future Is the Termination Shock: On the Antinomies and Psychopathologies of Geoengineering. Part Two","Andreas Malm","2023","article","1","0","0","0","0","0","1","0","future","future","2025cprize-01"
"The Future of Urban Water: Scenarios for Urban Water Utilities in 2040","ARUP","2015","report","1","0","0","0","1","0","0","0","future","water, urban, future","2023cprize-36"
"The Future We Choose: Surviving the Climate Crisis","Christina Figueres; Tom Rivett-Carnac","","book","1","0","1","0","0","0","0","0","climate, future","climate, crisis, future","2021cprize-44"
"The Future: Six Drivers of Global Change","Al Gore","","book","1","0","1","0","0","0","0","0","change, future, global","global, change, future","2021cprize-50"
"The Gaia Atlas of Cities: New Directions for Sustainable Urban Living","Herbert Girardet","","book","1","0","0","0","1","0","0","0","sustainable","sustainability, urban","2023cprize-41"
"The Galápagos: A Natural History","Henry Nichols","","book","1","0","0","0","1","0","0","0","nature","natural, history","2023cprize-13"
"The Gamification of Learning and Instruction: Case-Based Methods and Strategies for Training and Education","K. M. Kapp","2012","book","1","0","0","0","0","0","1","0","","","2025cprize-23"
"The Garden Apartment (in A History of Housing in New York City: Dwelling Type and Social Change in the American Metropolis)","Richard Plunz","1990","chapter","1","0","1","0","0","0","0","0","change","social, house, history, change, city","2021cprize-15"
"The Garden: Making Place","Campus in Camps","","other","1","1","0","0","0","0","0","0","","place","2020cprize-60"
"The Geography of Bliss","Eric Weiner","","book","1","0","0","0","0","1","0","0","","","2024cprize-17"
"The Gifts of the Hurricane: Reimagining Post-María Puerto Rico through Comics","D. Arbino","2021","article","1","0","0","0","1","0","0","0","","","2023cprize-34"
"The Girard Trust Self-Acting Coal-Loading System, Big Mine Run, Centralia","","1891","other","1","0","1","0","0","0","0","0","systems","system","2021cprize-54"
"The Giver","Lois Lowry","","book","1","1","0","0","0","0","0","0","","","2020cprize-33"
"The Grand Domestic Revolution: A History of Feminist Designs for American Homes, Neighborhoods and Cities","Dolores Hayden","","book","1","0","0","0","0","1","0","0","","history","2024cprize-01"
"The Great Lakes Century – a 100 Year Vision","Skidmore, Owings & Merrill LLP (SOM)","2009","report","1","0","0","1","0","0","0","0","","","2022cprize-05"
"The Great Transformation","K. Polanyi","1944","book","1","0","0","0","1","0","0","0","","","2023cprize-31"
"The Greatest Grid, 1811-Now","Museum of the City of New York","","website","1","0","1","0","0","0","0","0","","","2021cprize-60"
"The Greeks: The Land and People since the War","James Pettifer","1993","book","1","0","1","0","0","0","0","0","","land","2021cprize-03"
"The Green Book: The Black Travelers' Guide to Jim Crow America","E. Andrews","2019","website","1","0","0","1","0","0","0","0","","","2022cprize-23"
"The Green Economy Has a Resource-Scarcity Problem: Sustainable Business Practices","D. Young; R. Hutchinson; M. Reeves","2021","article","1","0","0","0","0","0","1","0","sustainable, resource, economic","economy, resource, sustainability","2025cprize-15"
"The Green New Deal (H.Res. 109)","","","report","1","1","0","0","0","0","0","0","","","2020cprize-09"
"The Green New Deal, Landscape, and Public Imagination","Nicholas Pevzner","","article","1","0","1","0","0","0","0","0","","public, landscape","2021cprize-02"
"The Green Roof Manual: A Professional Guide to Design, Installation, and Maintenance","E. C. Snodgrass; L. McIntyre","2010","book","1","0","1","0","0","0","0","0","","design","2021cprize-23"
"The Greening of America's Building Codes: Promises and Paradoxes","","2022","book","1","0","0","0","1","0","0","0","","building","2023cprize-13"
"The Greening of Mars","James Lovelock; Michael Allaby","1984","book","1","0","1","0","0","0","0","0","","","2021cprize-47"
"The Grid, The /Cloud/ and The Detail","Rosalind Krauss","","article","1","0","0","1","0","0","0","0","","","2022cprize-15"
"The Grotesque and the Monstrous (in The Monster in the Garden)","Luke Morgan","","chapter","1","0","0","0","1","0","0","0","","","2023cprize-17"
"The Grow Home","Avi Friedman","2006","book","1","1","0","0","0","0","0","0","","","2020cprize-50"
"The Growing Pavilion","","2019","other","1","0","0","0","1","0","0","0","","","2023cprize-24"
"The Guide to the Architecture of Georgia","","1993","book","1","1","0","0","0","0","0","0","","architecture","2020cprize-07"
"The Guise of Architecture","Marcelyn Gow; Florencia Pita","2017","article","1","1","0","0","0","0","0","0","","architecture","2020cprize-46"
"The Hawaii Coastal Hazard Mitigation Guidebook","D. J. Hwang","2005","chapter","1","0","0","0","0","0","0","1","","coast, mitigation","2026cprize-27"
"The Heartland: An American History","Kristin Hoganson","2019","book","1","1","0","0","0","0","0","0","","history","2020cprize-42"
"The Hidden Dimension","Edward T. Hall","","book","1","0","1","0","0","0","0","0","","","2021cprize-12"
"The hidden planners? Academic knowledge production and urban planning","Samuel Mossner; Catarina Gomes de Matos","2015","other","1","1","0","0","0","0","0","0","","knowledge, urban","2020cprize-58"
"The Highway and the City","Lewis Mumford","1963","book","1","0","0","0","0","1","0","0","","city","2024cprize-39"
"The History of Ice: How Glaciers Became an Endangered Species","Mark Carey","2007","article","1","0","0","0","0","0","0","1","","history, species","2026cprize-48"
"The History of Race in the Anthracite Coal Region","Paul Shackel","2020","chapter","1","0","1","0","0","0","0","0","","history, race","2021cprize-54"
"The Human","Ray Brassier","2021","other","1","0","0","0","1","0","0","0","human","human","2023cprize-03"
"The Human Condition","Hannah Arendt","1958","book","1","1","0","0","0","0","0","0","human","human","2020cprize-55"
"The Human Cost of Disasters: An Overview of the Last 20 Years (2000-2019)","United Nations Office for Disaster Risk Reduction","2020","report","1","0","1","0","0","0","0","0","human","human","2021cprize-04"
"The human right to water: Critiques and condition of possibility","F. Sultana; A. Loftus","2015","article","1","0","0","0","0","0","1","0","human","water, human","2025cprize-15"
"The Human Scale","Jan Gehl","2013","other","1","0","1","0","0","0","0","0","human","human","2021cprize-27"
"The Human Shore: Seacoasts in History","John R. Gillis","2012","book","1","0","1","0","0","0","0","0","human","human, history","2021cprize-39"
"The Hundred-Page Machine Learning Book","Andriy Burkov","","book","1","0","1","0","0","0","0","0","","","2021cprize-58"
"The Illusion of Isolation: The Gullah/Geechees and the Political Economy of African Culture in the Americas","J. Lorand Matory","2008","article","1","0","0","1","0","0","0","0","economic","economy, culture","2022cprize-06"
"The Image of The Environment","Kevin Lynch","1960","chapter","1","0","0","1","0","0","0","0","environmental","","2022cprize-11"
"The Image of the Oil Territory","Rania Ghosn","","chapter","1","1","0","0","0","0","0","0","","territory, oil","2020cprize-29"
"The Impact of Climate Change on Virginia's Coastal Areas","Jonathan L. Goodall; Antonio Elias; Elizabeth Andrews; Christopher Kit Chope; John Cosgrove; Jason El Koubi; Jennifer Irish; Lewis L. Lawrence III; Robert W. Lazaro Jr.; William H. Leighty; Mark W. Luckenbach; Elise Miller-Hooks; Ann C. Phillips; Henry V Pollard; Emily Steinhilber; Charles Feigenoff; Jennifer Sayegh","2021","report","1","0","0","0","1","0","0","0","climate, change, impact","climate, change, coast","2023cprize-20"
"The Impact of Corporate Tourism on Gullah Blacks: Notes on Issues of Employment","J. Manning Thomas","1980","article","1","0","0","1","0","0","0","0","issue, impact","","2022cprize-06"
"The Impact of Dollar Stores and How Communities Can Fight Back","Marie Donahue","2018","report","1","0","0","1","0","0","0","0","community, impact","","2022cprize-03"
"The impact of tourism on coastal areas","E. Gormsen","1997","article","1","0","0","1","0","0","0","0","impact","coast","2022cprize-06"
"The Impact Thinking Framework: A Process for Advancing Research-to-Practice Initiatives in Neuroaesthetics","Susan Magsamen; Theresa L. Golden; Caroline A. Towriss; Jessica Allen","2023","article","1","0","0","0","0","0","0","1","impact","research","2026cprize-43"
"The Imperative of Responsibility","Hans Jonas","","book","1","0","1","0","0","0","0","0","","","2021cprize-12"
"The Imperial Organism at Work","Cara New Daggett","2019","chapter","1","0","0","0","0","0","1","0","","","2025cprize-35"
"The Imperial Synthesis","Gregory A. Barton","2009","article","1","0","1","0","0","0","0","0","","","2021cprize-47"
"The Improvisation of Space","Christopher Dell","2019","book","1","0","0","0","0","0","0","1","","space","2026cprize-09"
"The Indelible Traces of Her Footsteps","Mireille Roddier","2020","chapter","1","0","0","0","0","1","0","0","","","2024cprize-28"
"The indoor microbiome and human health","J. A. Gilbert; E. M. Hartmann","2024","article","1","0","0","0","0","0","0","1","human, health","human","2026cprize-62"
"The Industrious City: Urban industry in the Digital age","Hiromi Hosoya; Markus Schaefer","2021","book","1","0","0","0","0","0","1","0","","digital, city, urban","2025cprize-26"
"The Inevitable","Kevin Kelly","2016","book","1","0","0","1","0","0","0","0","","","2022cprize-09"
"The influence of scarcity perception on people's pro-environmental behavior and their readiness to accept new sustainable technologies","A. Berthold; V. Cologna; M. Siegrist","2022","article","1","0","0","0","0","0","1","0","environmental, sustainable","technology, sustainability","2025cprize-15"
"The Instagram Capital of the World Is a Terrible Place to Be","Rebecca Jennings","2022","article","1","0","0","0","1","0","0","0","world","world, place","2023cprize-15"
"The International Style","Henry-Russell Hitchcock; Philip Johnson","1966","book","1","0","0","1","0","0","0","0","","international","2022cprize-20"
"The Interpretation of Ordinary Landscapes: Geographical Essays","Donald W. Meinig","1979","book","1","0","0","1","0","0","0","0","","landscape","2022cprize-03"
"The Interruption of Myth: Walter Benjamin's Concept of Critique","Thijs Lijster","2012","chapter","1","0","1","0","0","0","0","0","","","2021cprize-03"
"The Invention of Rivers: Alexander's Eye and Ganga's Descent","Da Cunha, Dilip","2019","book","1","0","0","0","0","0","0","1","","","2026cprize-55"
"The Islamic City: Historic Myth, Islamic Essence and Contemporary Relevance","Janet Abu-Lughod","1987","article","1","1","0","0","0","0","0","0","","city","2020cprize-17"
"The Japanese Cool Biz Campaign: Increasing Comfort in the Workplace","EESI","2015","report","1","0","1","0","0","0","0","0","","","2021cprize-33"
"The Jivaro: People of the sacred waterfalls","M.J. Harner","1984","book","1","0","0","0","0","1","0","0","","","2024cprize-03"
"The Kelayres Massacre: Politics and Murder in Pennsylvania's Anthracite Coal Country","Stephanie Hoover","2014","book","1","0","1","0","0","0","0","0","","","2021cprize-54"
"THE LAFITTE MEANDER: Multi-function Pre-cast Paving System modulating the water and pedestrian path","G. Rashleigh","","other","1","0","0","1","0","0","0","0","systems","water, system","2022cprize-11"
"The Land Connection","","","website","1","0","0","0","0","1","0","0","","land","2024cprize-11"
"The Land We Share: Private Property And The Common Good","Eric T. Freyfogle","2003","book","1","1","0","0","0","0","0","0","","land, property, private","2020cprize-32"
"The Landscape of Agricultural Improvement (in The Idea of Landscape and the Sense of Place 1730-1840)","John Barrell","1972","chapter","1","0","0","0","1","0","0","0","","landscape, place","2023cprize-17"
"The Landscape of Contemporary Infrastructure","K. Shannon; M. Smets","2010","book","1","1","0","0","0","0","0","0","infrastructure","infrastructure, landscape","2020cprize-16"
"The landscape of disaster resilience indicators in the USA","Susan Cutter","2016","article","1","1","0","0","0","0","0","0","resilience","landscape, disaster","2020cprize-36"
"The Landscape Urbanism Reader","Charles Waldheim","2006","book","1","1","0","0","0","0","0","0","","landscape","2020cprize-16"
"The Landscapists: Redefining Landscape Relations","Ed Wall","","article","1","0","1","0","0","0","0","0","","landscape","2021cprize-07"
"The Last Beach","O. H. Pilkey; J. Cooper","2014","book","1","1","0","0","0","0","0","0","","","2020cprize-06"
"The Last Black Man in San Francisco","Joe Talbot","2019","other","1","0","1","0","0","0","0","0","","","2021cprize-39"
"The Last Orb: On a Philosophical History of Terrestrial Globalization","Peter Sloterdijk","2014","chapter","1","1","0","0","0","0","0","0","","history","2020cprize-21"
"The Launderette","Tim Mara","1978","other","1","0","0","1","0","0","0","0","","","2022cprize-28"
"The Licit Life of Capitalism: US Oil in Equatorial Guinea","Hannah Appel","2019","book","1","0","0","1","0","0","0","0","","capitalism, oil","2022cprize-02"
"The Life of Lines","Tim Ingold","2015","book","1","0","0","0","0","0","0","1","","","2026cprize-59"
"The Life of Plants: A Metaphysics of Mixture","Emanuele Coccia","","book","1","0","0","0","0","0","0","1","","","2026cprize-56"
"The Light Eaters: How the Unseen World of Plant Intelligence Offers a New Understanding of Life on Earth","Schlanger, Zoë","2024","book","1","0","0","0","0","0","0","1","world","world, earth, intelligence","2026cprize-58"
"The Limits to Growth: The 30-Year Update","Donella Meadows; et al.","1972","book","1","1","0","0","0","0","0","0","","growth","2020cprize-05"
"The Lived Experience of Urban Poverty and Climate Change: Impacts and Adaptation in Slums","M. Roy; D. Hulme; M. Hordijk; S. Cawood","2016","chapter","1","0","1","0","0","0","0","0","climate, change, experience","climate, experience, change, urban","2021cprize-63"
"The Living Billboard","Rios","2012","website","1","0","1","0","0","0","0","0","","","2021cprize-09"
"The Living Building Challenge: Roots and Rise of the World's Greenest Standard","J. McLennan; B. Berkebile","2019","report","1","0","0","0","1","0","0","0","world","building, world","2023cprize-37"
"The Living City","Frank Lloyd Wright","1970","book","1","0","1","0","0","0","0","0","","city","2021cprize-45"
"The Living Thought (in How Forests Think: Toward an Anthropology Beyond the Human)","Eduardo Kohn","2013","chapter","1","0","1","0","0","0","0","0","human","human","2021cprize-18"
"The Location of Culture","Homi K. Bhabha","2004","book","1","0","0","0","0","1","0","0","","culture","2024cprize-42"
"The Logic of the Managerial Surface","J. May","2011","article","1","1","0","0","0","0","0","0","","","2020cprize-40"
"The Lost Steps","Alejo Carpentier","2001","book","1","1","0","0","0","0","0","0","","","2020cprize-61"
"The Lunatics","Kim Stanley Robinson","2011","chapter","1","0","1","0","0","0","0","0","","","2021cprize-54"
"The Lungs Of The City: Frederick Law Olmsted, Public Health, And The Creation Of Central Park","Lucie Levine","2020","article","1","0","1","0","0","0","0","0","health","public, city, park","2021cprize-27"
"The Machine (in The Machine in the Garden: Technology and the Pastoral Ideal in America)","Leo Marx","1964","chapter","1","0","0","0","1","0","0","0","","technology","2023cprize-17"
"The Machine in the Garden: Technology and the Pastoral Ideal in America","Leo Marx","2000","book","1","0","0","0","0","0","1","0","","technology","2025cprize-26"
"The Magic of Imagination: The Art Glass of Stanislav Libenský and Jaroslava Brychtová in Architecture","Oldřich Palata","2013","book","1","0","0","0","0","0","0","1","","architecture","2026cprize-03"
"The Maintainers: How a New Ethic of Care Can Repair Our Relationships with Technology","Lee Vinsel; Andrew Russell","","book","1","0","0","0","0","0","0","1","","technology","2026cprize-52"
"The Malay House: Rediscovering Malaysia's Indigenous Shelter System","Lim Jee Yuan","","book","1","0","1","0","0","0","0","0","systems","indigenous, system, house","2021cprize-31"
"The Many Faces of Cosmo-polis: Border Thinking and Critical Cosmopolitanism","Walter D. Mignolo","2000","article","1","0","1","0","0","0","0","0","critical","critical","2021cprize-17"
"The Master Builders","Peter Blake","1960","book","1","0","0","1","0","0","0","0","","","2022cprize-20"
"The Matter of Climate (in Material Imagination in Architecture)","Dernie; Gaspari","","chapter","1","0","1","0","0","0","0","0","climate, material","material, climate, architecture","2021cprize-26"
"The Meaning of Property: Freedom, Community, and the Legal Imagination","Jedediah Purdy","2011","book","1","1","0","0","0","0","0","0","community","property","2020cprize-32"
"The Meaning of the TVA","C. Herman Pritchett","1942","article","1","0","1","0","0","0","0","0","","","2021cprize-02"
"The Medina, the Hammam, and the Future of Sustainability","Richard Levine; Michael Hughes; Casey Ryan Mather","2008","article","1","1","0","0","0","0","0","0","sustainable, future","sustainability, future","2020cprize-58"
"The Mediterranean: A New Imaginary","Adrian Lahoud","2013","chapter","1","1","0","0","0","0","0","0","","","2020cprize-17"
"The Meteorological Architecture of Philippe Rahm","","2014","article","1","0","0","0","0","1","0","0","","architecture","2024cprize-15"
"The Metropolis and Mental Life","Georg Simmel","","article","1","0","1","0","0","0","0","0","","","2021cprize-15"
"The Metropolis and Mental Life (in Classic Essays on the Culture of Cities)","Georg Simmel","1969","chapter","1","0","0","0","1","0","0","0","","culture","2023cprize-23"
"The Metropolis of Tomorrow","Hugh Ferriss","1929","book","1","1","0","0","0","0","0","0","","","2020cprize-57"
"The Metropolitan Revolution: How Cities and Metros Are Fixing Our Broken Politics and Fragile Economy","Bruce Katz; Jennifer Bradley","","book","1","0","0","0","0","0","0","1","economic","economy","2026cprize-13"
"The Middle Passage","V. S. Naipaul","1962","book","1","1","0","0","0","0","0","0","","","2020cprize-61"
"The Miniature and the Gigantic in Philadelphia Architecture: Essays on Designing the City to Human Scale","","2007","book","1","1","0","0","0","0","0","0","human","human, city, architecture","2020cprize-22"
"The Minimum Dwelling","Karel Teige","2002","book","1","0","1","0","0","0","0","0","","","2021cprize-15"
"The Minor Tonality of Arantzazu","Brent Sturlaugson","2013","article","1","1","0","0","0","0","0","0","","","2020cprize-46"
"The Modern Sublime","Tate","","website","1","0","0","0","1","0","0","0","","","2023cprize-23"
"The Molly Maguires","Martin Ritt","1970","other","1","0","1","0","0","0","0","0","","","2021cprize-54"
"The Moral Case for Fossil Fuels","Alex Epstein","","book","1","0","1","0","0","0","0","0","","fossil fuel","2021cprize-54"
"The Multimedia Language of Models","Bélanger, Pierre","2013","chapter","1","1","0","0","0","0","0","0","","media","2020cprize-40"
"The Municipalist Moment","Erik Forman; Elia Gran; Sixtine van Outryve","2020","article","1","0","1","0","0","0","0","0","","","2021cprize-17"
"The Murmur of the Site","Rafael Moneo","1992","chapter","1","0","1","0","0","0","0","0","","site","2021cprize-59"
"The Myth of the Human Enterprise: Towards a Different Theory","Andreas Malm","2016","chapter","1","0","1","0","0","0","0","0","human","human, theory","2021cprize-54"
"The Myth of the Sustainable City","John Day; Charles Hall","2016","article","1","1","0","0","0","0","0","0","sustainable","sustainability, city","2020cprize-67"
"The Mythology of Technology & Milpa Forest Gardens (in Lo-TEK: Design by Radical Indigenism)","Julia Watson","2019","chapter","1","0","1","0","0","0","0","0","","technology, radical, design","2021cprize-18"
"The Natural Flow Regime: A Paradigm for River Conservation and Restoration","N.L. Poff","1997","article","1","0","0","0","0","0","0","1","nature","natural, river","2026cprize-54"
"The Natural History of the Earth (in Cultures of Natural History)","Martin Guntau","1996","chapter","1","0","0","0","1","0","0","0","nature","natural, earth, history","2023cprize-17"
"The Natural History, Book XVI, Chapter 1","Pliny the Elder; John Bostock (trans./ed.)","1855","book","1","0","0","0","1","0","0","0","nature","natural, history","2023cprize-20"
"The Nature and Art of Workmanship","David Pye","","book","1","0","0","0","0","1","0","0","nature","","2024cprize-01"
"The Nature of Learning: Highlighting Biophilic Research","M. Mick; A. Vick; A. Houston; E. Lewis; E. Neri","2023","other","1","0","0","0","0","1","0","0","nature","research","2024cprize-34"
"The Nature of Nature","","","book","1","1","0","0","0","0","0","0","nature","","2020cprize-08"
"The Nature of Ornament: Rhythm and Metamorphosis in Architecture","Kent Bloomer","2000","book","1","0","0","0","0","0","0","1","nature","architecture","2026cprize-44"
"The Nature of Positive","Pamela Mang; Bill Reed","2014","article","1","0","1","0","0","0","0","0","nature","","2021cprize-40"
"The Nature of the Drift Theory and its Relationship to Hitherto Prevalent Accounts of Changes in the Earth's Surface Configuration in Geological Time (in The Origin of Continents and Oceans)","Alfred Wegener","","chapter","1","0","0","0","1","0","0","0","nature","earth, theory","2023cprize-17"
"The Nature Parallel (in The Return of Nature: Sustaining Architecture in the Face of Sustainability)","Barry Bergdoll","2014","chapter","1","0","0","0","1","0","0","0","sustainable, nature","sustainability, architecture","2023cprize-17"
"The Negative Impact of Solar Reflections Caused by Reflective Buildings' Facades in Urban Settings: Simulation-Based Case Study of the Nasher Museum in Texas","Sahar Abdelwahab; Mariam Elhussinay; Rania Labib","2019","other","1","0","1","0","0","0","0","0","impact, texas","urban, museum","2021cprize-58"
"The New Downtown Library: Designing with Communities","S. Mattern","2007","book","1","0","0","0","0","0","0","1","community","","2026cprize-53"
"The new geography of contemporary urbanization and the environment","K. C. Seto; R. Sánchez-Rodríguez; M. Fragkias","2010","article","1","0","0","0","0","0","1","0","environmental","","2025cprize-15"
"The New Geography of Korean Architects in the World","J. Song","2015","article","1","0","0","0","1","0","0","0","world","world","2023cprize-19"
"The New Materiality","Manuel DeLanda","","article","1","0","0","0","0","1","0","0","","","2024cprize-23"
"The New Net Zero: Leading-Edge Design and Construction of Homes and Buildings for a Renewable Energy Future","B. Maclay","2014","book","1","1","0","0","0","0","0","0","energy, future","energy, construction, design, future","2020cprize-19"
"The new politics and geographies of scarcity","L. Mehta; A. Huff; J. Allouche","2019","article","1","0","0","0","0","0","1","0","","","2025cprize-15"
"The New Regional Pattern: Industries and Gardens: Workshops and Farms","Ludwig Hilberseimer","1949","book","1","1","0","0","0","0","0","0","","","2020cprize-05"
"The Next American Metropolis: Ecology, Community, and the American Dream","Peter Calthorpe","1993","book","1","0","0","0","0","0","0","1","ecological, community","ecological","2026cprize-46"
"The NSA's Spy Hub in New York, Hidden in Plain Sight","Ryan Gallagher; Henrik Moltke","2016","article","1","0","0","0","0","1","0","0","","","2024cprize-39"
"The Object of Ecosophy","Felix Guattari","1999","chapter","1","1","0","0","0","0","0","0","","","2020cprize-44"
"The Objectuals","Hyungkoo Lee","2014","other","1","0","0","1","0","0","0","0","","","2022cprize-28"
"The Oil Town of Ahmadi Since 1946","Reem Alissa","","article","1","1","0","0","0","0","0","0","","oil","2020cprize-29"
"The Ontology of the Enemy: Norbert Wiener and the Cybernetic Vision","Peter Galison","1994","article","1","0","0","1","0","0","0","0","","cybernetic","2022cprize-27"
"The Oppositional Gaze","bell hooks","1992","chapter","1","0","0","0","0","1","0","0","","","2024cprize-05"
"The Option of Urbanism: Investing in a New American Dream","Christopher Leinberger","2009","book","1","1","0","0","0","0","0","0","","","2020cprize-26"
"The Organic Machine","R. White","1996","book","1","1","0","0","0","0","0","0","","","2020cprize-09"
"The Origins of Fossil Capital: From Water to Steam in the British Cotton Industry","Andreas Malm","2013","article","1","0","0","0","0","0","1","0","","water","2025cprize-01"
"The Origins of Sociable Life: Evolution After Science Studies","M.J. Hird","2009","book","1","0","0","0","0","0","0","1","science","science","2026cprize-08"
"The Origins of the Urban Crisis: Race and Inequality in Postwar Detroit","Thomas Sugrue","","book","1","0","0","0","0","0","0","1","","crisis, urban, race","2026cprize-13"
"The Overstory","R. Powers","2019","book","1","0","0","0","1","0","0","0","","","2023cprize-07"
"The Palace of the Arabian Nights","","","other","1","0","0","0","0","1","0","0","","","2024cprize-16"
"The Paradox of Metrics","Richard Graves","2020","chapter","1","0","1","0","0","0","0","0","","","2021cprize-40"
"The paradox of the 'green' prison: Sustaining the environment or sustaining the penal complex?","Y. Jewkes; D. Moran","2015","article","1","0","0","0","0","0","1","0","environmental","","2025cprize-31"
"The Paradox of Water","William Richards","2018","article","1","1","0","0","0","0","0","0","","water","2020cprize-23"
"The Passivhaus Handbook","Janet Cotterell","","book","1","0","1","0","0","0","0","0","","","2021cprize-26"
"The Penn Resolution: Educating Urban Designers for Post-Carbon Cities","Peter Laurence; Eugenie Birch; Gary Hack","2011","book","1","0","0","0","0","0","0","1","carbon","urban, carbon","2026cprize-46"
"The Perception of Nature and the Environment in Sub-Saharan Africa","John D. Kesby","","chapter","1","1","0","0","0","0","0","0","environmental, nature","","2020cprize-49"
"The Perfect Wall","Joseph W. Lstiburek","2010","article","1","0","0","0","0","0","0","1","","","2026cprize-14"
"The Performative Ground: Rediscovering The Deep Section","Stephanie Carlisle; Nicholas Pevzner","2012","article","1","0","0","0","0","0","0","1","","section","2026cprize-33"
"The Peters Projection and the Latitude and Longitude of Recolonization","Timothy Barney","2014","article","1","1","0","0","0","0","0","0","","","2020cprize-54"
"The Petropolis of Tomorrow","Neeraj Bhatia; Mary Casper","","book","1","1","0","0","0","0","0","0","","","2020cprize-29"
"The Physical and Social Dimension of Climate Change","M. Singer","2019","chapter","1","0","1","0","0","0","0","0","climate, change","social, physical, climate, change","2021cprize-63"
"The Placemaker's Guide to Building Community","Nabeel Hamdi","2011","book","1","0","0","0","0","0","0","1","community","building","2026cprize-36"
"The Planet's Sixth Carbon Sink: A Success Story","Craig White","2017","chapter","1","0","0","1","0","0","0","0","carbon","planet, carbon","2022cprize-21"
"The Planet: An Emergent Humanist Category","Dipesh Chakrabarty","","article","1","0","0","0","0","0","0","1","","planet","2026cprize-48"
"The Pleasure of Architecture: Measuring Aesthetic Experience in Built Environments","Andrea B. Weinberger; Oshin Vartanian; Anjan Chatterjee; Martin Skov","2021","article","1","0","0","0","0","0","0","1","experience","experience, architecture","2026cprize-43"
"The Pleasures of Degeneration: Climate, Race, and the Origins of the Global Tourist South in the Americas","Catherine Cocks","2007","article","1","0","0","0","1","0","0","0","climate, global","climate, global, race","2023cprize-15"
"The Point, However, Is to Change It","A. Shotwell","2016","chapter","1","1","0","0","0","0","0","0","change","change","2020cprize-09"
"The Political and Feminist Dimensions of Technological Determinism","R. Williams","","chapter","1","1","0","0","0","0","0","0","","technology","2020cprize-09"
"The Political Nature of the Forest: A Botanic Archaeology of Genocide","Paolo Tavares","2017","chapter","1","0","0","0","0","0","0","1","nature","","2026cprize-48"
"The Politics of Aesthetics: The Distribution of the Sensible","Jacques Rancière","2006","book","1","1","0","0","0","0","0","0","","","2020cprize-02"
"The Politics of Energy","L. Hughes; Phillip Lipscy","2013","article","1","0","1","0","0","0","0","0","energy","energy","2021cprize-57"
"The Politics of the Envelope, A Political Critique of Materialism","Alejandro Zaera Polo","2008","article","1","1","0","0","0","0","0","0","","","2020cprize-54"
"The Post-Professional Ethos","I. Illich","1977","chapter","1","1","0","0","0","0","0","0","","","2020cprize-09"
"The potential for financing small-scale wastewater treatment through resource recovery: experience from Bocas del Toro, Panama","Sebastien Tilmans; Ana Diaz-Hernandez; Eric Nyman; Jennifer Davis","","article","1","1","0","0","0","0","0","0","experience, resource","resource, experience","2020cprize-48"
"The Poverty of Philosophy: Realism and Post-Fordism","Alexander R. Galloway","2013","article","1","1","0","0","0","0","0","0","","","2020cprize-02"
"The Power of Life Cycle Assessment: Data Driven Decision Making for Environmental Sustainability","Laurie Wright","2023","book","1","0","0","0","0","0","1","0","environmental, sustainable, data","data, sustainability","2025cprize-11"
"The Power of Maps","Dennis Wood","","book","1","1","0","0","0","0","0","0","","","2020cprize-68"
"The Powers of Association","Bruno Latour","1986","chapter","1","1","0","0","0","0","0","0","","","2020cprize-46"
"The Presentation of Self in Everyday Life","Erving Goffman","1956","book","1","0","0","1","0","0","0","0","","","2022cprize-28"
"The Problem of the Picturesque","David Marshall","2002","article","1","0","0","0","1","0","0","0","","","2023cprize-17"
"The problem with plastic rocks","A. Li","2024","article","1","0","0","0","0","0","0","1","","","2026cprize-30"
"The Production of Space / Right to the City","Henri Lefebvre","","book","1","0","1","0","0","0","0","0","","space, city","2021cprize-12"
"The Progress of This Storm: Nature and Society in a Warming World","Andreas Malm","2018","book","1","0","0","0","0","0","1","0","society, world, nature","social, world, warming","2025cprize-09"
"The Progression of Historic Preservation in Miami Beach and the Challenges of Sea Level Rise","Laura Weinstein-Berman","2017","other","1","1","0","0","0","0","0","0","","sea, preservation","2020cprize-18"
"The Projective Cast: Architecture and Its Three Geometries","Robin Evans","","book","1","0","1","0","0","0","0","0","","architecture","2021cprize-09"
"The Promise of Infrastructure","Nikhil Anand; Akhil Gupta; Hanna Appel","2018","book","1","0","1","0","0","0","0","0","infrastructure","infrastructure","2021cprize-60"
"The Pruitt-Igoe Myth","99% Invisible","2012","other","1","0","1","0","0","0","0","0","","","2021cprize-27"
"The public values of repatriation in the Native American Graves Protection and Repatriation Act","A. Eynon","2019","article","1","0","0","0","0","1","0","0","","public","2024cprize-03"
"The racial politics of neoliberal regulation in post-Katrina Mississippi","Kate Derickson","","article","1","0","0","0","0","1","0","0","","race","2024cprize-38"
"The racial/ethnic distribution of heat risk-related land cover in relation to residential segregation","B. M. Jesdale; R. Morello-Frosch; L. Cushing","2013","article","1","0","0","1","0","0","0","0","","risk, land, heat, race","2022cprize-05"
"The Racialization of Space and the Spatialization of Race: Theorizing the Hidden Architecture of Landscape","George Lipsitz","2007","article","1","0","1","0","0","0","0","0","","landscape, space, architecture, race","2021cprize-53"
"The Radiant City (1933)","Le Corbusier","1973","book","1","0","0","0","0","0","0","1","","city","2026cprize-14"
"The radical outcomes of tourism development on the natural environment in coastal areas","Nsizwazikhona Simon Chili; et al.","2017","article","1","0","0","1","0","0","0","0","environmental, nature","natural, coast, radical","2022cprize-06"
"The Railway Journey","Wolfgang Schivelbusch","1977","book","1","0","1","0","0","0","0","0","","","2021cprize-60"
"The Railway Navvy—a Reassessment","David Brooke","1989","article","1","0","0","0","0","0","1","0","","","2025cprize-01"
"The Re-Use Atlas: A Designer's Guide Towards a Circular Economy","Duncan Baker-Brown","2017","book","1","0","0","1","0","0","0","0","economic","economy","2022cprize-14"
"The Real Chernobyl","Stephanie DeGroote","2019","other","1","1","0","0","0","0","0","0","","","2020cprize-67"
"The Reason Why the Colored American Is Not in the World's Columbian Exposition: the Afro-American's Contribution to Columbian Literature","Ida B. Wells-Barnett; Robert W. Rydell","1999","book","1","0","0","1","0","0","0","0","world","world","2022cprize-19"
"The Rebound Effect and Energy Efficiency Policy","Kenneth Gillingham; David Rapson; Gernot Wagner","2015","article","1","1","0","0","0","0","0","0","energy","energy","2020cprize-67"
"The Rebound Effect: An Assessment of the Evidence for Economy-Wide Energy Savings from Improved Energy Efficiency","Steve Sorrell","2007","report","1","0","1","0","0","0","0","0","energy, economic","energy, economy","2021cprize-57"
"The recovery of natural environments in architecture: air, comfort and climate","C. Alan Short","2017","book","1","0","0","0","0","1","0","0","climate, nature","natural, climate, air, architecture","2024cprize-24"
"The Red Deal: Decolonizing Climate Action","Manuel Shvartzberg Carrio; Danika Cooper","2022","chapter","1","0","0","0","0","1","0","0","climate","climate","2024cprize-02"
"The Relationships between Architectural Practices and Architectural Theories","Josep Muntanola Thornberg","","other","1","0","1","0","0","0","0","0","","","2021cprize-12"
"The Repeating Island: The Caribbean and the Postmodern Perspective","Antonio Benitez-Rojo","1996","book","1","1","0","0","0","0","0","0","","","2020cprize-61"
"The Resilience Age","Daniel Fries; Rockefeller Foundation","2015","other","1","0","1","0","0","0","0","0","resilience","","2021cprize-22"
"The Resilience Dividend: Being Strong in a World Where Things Go Wrong","Judith Rodin","","book","1","0","0","0","1","0","0","0","world, resilience","world","2023cprize-20"
"The Response: A Permanent Real Estate Cooperative to combat the affordable housing crisis","Noni Session","2020","article","1","0","0","1","0","0","0","0","","house, crisis","2022cprize-02"
"The Responsive City: Engaging Communities through Data-Smart Governance","Stephen Goldsmith; Susan Crawford","2014","book","1","0","0","1","0","0","0","0","community, data","data, city","2022cprize-25"
"The Righteous Mind","Johnathan Haidt","2012","book","1","1","0","0","0","0","0","0","","","2020cprize-67"
"The Rise and Decline of Environmentalism in Lebanon","Karim Makdisi","2013","chapter","1","1","0","0","0","0","0","0","","","2020cprize-17"
"The Rise and Fall of Puerto Rico as a Social Laboratory, 1945-1965","M. Lapp","1995","article","1","0","0","0","1","0","0","0","","social","2023cprize-34"
"The Rise and Role of Social Inequality in the Production of Climate Change","M. Singer","2019","chapter","1","0","1","0","0","0","0","0","climate, change","social, climate, change","2021cprize-63"
"The Rise of Innovation Districts","Bruce Katz; Julie Wagner","2014","report","1","0","0","0","0","0","1","0","","innovation","2025cprize-26"
"The Rise of the American Conservation Movement: Power, Privilege, and Environmental Protection","Dorceta E. Taylor","2016","book","1","0","0","1","0","0","0","0","environmental","","2022cprize-28"
"The Road Taken: The History and Future of America's Infrastructure","Henry Petroski","","book","1","1","0","0","0","0","0","0","future, infrastructure","infrastructure, history, future","2020cprize-31"
"The Role of Digital Fabrication in Architecture Curriculum: Digital Fabrication and Structures","M. Mohsenin","2016","other","1","1","0","0","0","0","0","0","","digital, fabrication, architecture","2020cprize-38"
"The Role of Heritage and Cultural Elements in Coastal Tourism Destination Preferences: A Choice Modeling–Based Analysis","R. G. Lacher; et al.","2013","article","1","0","0","1","0","0","0","0","","model, culture, coast","2022cprize-06"
"The Role of Institutional Regimes in Motivating Change for Sustainable Housing","Lee Ann Nicol","2011","article","1","1","0","0","0","0","0","0","change, sustainable","house, change, sustainability","2020cprize-23"
"The Role of Local Knowledge in Managing Urban Solid Waste: The Tale of Two West African Cities, Accra and Kumasi, Ghana","Benoit Demanya","2007","report","1","1","0","0","0","0","0","0","","local, knowledge, waste, urban","2020cprize-58"
"The Role of Local Organizing: House-to-House with Boots on the Ground","W. Rathke; B. Laboistrie","2006","chapter","1","0","1","0","0","0","0","0","","local, house","2021cprize-63"
"The Roots of Ecological Crisis","Gregory Bateson","","chapter","1","1","0","0","0","0","0","0","ecological","ecological, crisis","2020cprize-16"
"The Routledge Companion Guide to Fascist Italian Architecture and Urbanism: Reception and Legacy","Stephanie Pilat; Kay Bea Jones","","book","1","0","0","0","1","0","0","0","","architecture","2023cprize-06"
"The Routledge Companion to Smart Cities","Katharine S. Willis; Alessandro Aurigi","2020","book","1","0","0","1","0","0","0","0","","","2022cprize-25"
"The Routledge Handbook on Greening High-Density Cities: Climate, Society and Health","P. Du (ed.); K. Al-Kodmany (ed.); Mir Ali (ed.)","2024","book","1","0","0","0","1","0","0","0","climate, society, health","social, climate","2023cprize-35"
"The Rural Studio (in Constructing A New Agenda: Architectural Theory 1993-2009)","Samuel Mockbee","2012","chapter","1","0","1","0","0","0","0","0","","theory, rural","2021cprize-27"
"The Rural-Urban Interface: New Patterns of Spatial Interdependence and Inequality In America","D. T. Lichter; J. P. Ziliak","2017","article","1","0","0","1","0","0","0","0","","space, urban, rural","2022cprize-06"
"The Sacred and the Profane: The Nature of Religion","Mircea Eliade","1959","book","1","0","0","0","0","0","0","1","nature","","2026cprize-45"
"The Sage Handbook of GIS and Society","Dimitris Ballas (ed.); Danny Dorling (ed.)","","book","1","0","0","0","1","0","0","0","society","social","2023cprize-29"
"The Salt of the Earth","Wim Wenders","2014","other","1","0","0","0","0","0","0","1","","earth","2026cprize-30"
"The Same Sky","Heather McGee","2021","chapter","1","0","0","0","0","1","0","0","","","2024cprize-18"
"The SAR Methodology as Applied to Housing Construction, Product Development, and Education","Koos Bosma; Dorine van Hoogstraten; Martijn Vos","2000","chapter","1","0","0","0","0","0","0","1","","construction, house","2026cprize-03"
"The Savage Mind","C. Levi-Strauss","1966","book","1","0","0","0","1","0","0","0","","","2023cprize-31"
"The Scalability of Urban Agriculture: Chicago Case Studies","Kristin Jones","2024","article","1","0","0","0","0","0","1","0","","urban","2025cprize-14"
"The Scenes of the Street and Other Essays","Anthony Vidler","2011","book","1","0","1","0","0","0","0","0","","","2021cprize-15"
"The Scent of Green Papaya","Anh Hung Tran","1994","film","1","0","0","1","0","0","0","0","","","2022cprize-02"
"The Scent of the Freetails","Deji Bryce Olukotun","","other","1","0","0","0","0","1","0","0","","","2024cprize-32"
"The Sea and the Breathing","Astrida Neimanis","2020","article","1","0","0","0","1","0","0","0","","sea","2023cprize-14"
"The Sea and the Mountain","Janaina Tschäpe","2004","other","1","0","0","1","0","0","0","0","","sea","2022cprize-28"
"The Sea Around Us","Rachel Carson","1951","book","1","0","0","0","0","0","0","1","","sea","2026cprize-21"
"The Sea is Not the Land","Claudia Bode; Lizzie Yarina","2020","chapter","1","0","0","0","0","0","1","0","","land, sea","2025cprize-18"
"The Secret of Primitive Accumulation / The Modern Theory of Colonization","Karl Marx","1976","chapter","1","0","0","0","1","0","0","0","","theory","2023cprize-03"
"The See-Through Years: Creation and Destruction in Texas Architecture and Real Estate 1981-1991","Joel Warren Barna","","book","1","1","0","0","0","0","0","0","texas","architecture","2020cprize-29"
"The Serviceberry","Robin Wall Kimmerer","2024","book","1","0","0","0","0","0","0","1","","","2026cprize-58"
"The Shaky Ground of Sustainability","Donald Worster","1993","chapter","1","1","0","0","0","0","0","0","sustainable","sustainability","2020cprize-44"
"The Shape of Utopia: The Architecture of Radical Reform in Nineteenth-Century America","","","book","1","1","0","0","0","0","0","0","","radical, architecture","2020cprize-14"
"The shaping of number in architecture and town planning","Francis Strauven","2005","chapter","1","0","1","0","0","0","0","0","","architecture","2021cprize-02"
"The Share of Wood-Framed Homes Increased in 2021","J. Fu","2022","website","1","0","0","0","0","1","0","0","","","2024cprize-04"
"The Shock Doctrine: The Rise of Disaster Capitalism","Naomi Klein","2008","book","1","0","0","0","0","1","0","0","","capitalism, disaster","2024cprize-43"
"The Siege of Miami","","2015","article","1","0","1","0","0","0","0","0","","","2021cprize-04"
"The Silk Roads","","","book","1","0","0","0","1","0","0","0","","","2023cprize-32"
"The Site (in Site Planning, Third Edition)","Kevin Lynch; Gary Hack","1984","chapter","1","0","0","0","0","1","0","0","","site","2024cprize-31"
"The Sixth Sphere","Albert Pope; Brittany Utting","2024","article","1","0","0","0","0","0","0","1","","","2026cprize-55"
"The Smart Enough City: Putting Technology in Its Place to Reclaim Our Urban Future","Ben Green","2019","book","1","1","0","0","0","0","0","0","future","technology, place, city, urban, future","2020cprize-66"
"The Smithsons at Upper Lawn Pavilion (in Fonthill Recovered: A Cultural History)","Amy Frost","","chapter","1","0","0","0","1","0","0","0","","culture, history","2023cprize-17"
"The Social Construction of Bakelite: Toward a Theory of Invention","Wiebe Bijker","1987","article","1","0","0","1","0","0","0","0","","construction, social, theory","2022cprize-11"
"The Social Construction of Technological Systems","Wiebe Bijker; Thomas Hughes; Trevor Pinch","2012","book","1","0","1","0","0","0","0","0","systems","construction, social, technology, system","2021cprize-33"
"The Social Life of Small Urban Spaces","William H. Whyte","1980","other","1","0","1","0","0","0","0","0","","social, urban","2021cprize-27"
"The Socioecological Complexity of Ecological Restoration in Mexico","E. Ceccon; et al.","2015","article","1","0","0","0","1","0","0","0","ecological","ecological","2023cprize-07"
"The Solar Economy","Hermann Scheer","","book","1","0","1","0","0","0","0","0","economic","economy","2021cprize-02"
"The Songlines","Bruce Chatwin","2012","book","1","0","0","0","0","1","0","0","","","2024cprize-42"
"The Sound of Magma: Geographies of Infrasound, Vibrating Bodies, and Representing the Earth","Adam Bobbette","","article","1","0","0","0","0","0","0","1","","earth","2026cprize-48"
"The Southern Thruway","Julio Cortázar","1973","chapter","1","0","0","0","1","0","0","0","","","2023cprize-03"
"The Space Across: Skybridges and the Future City","A. Wood; P. Du; D. Safarik","2020","book","1","0","0","0","1","0","0","0","future","space, city, future","2023cprize-35"
"The Space Within: Skyspaces in Tall Buildings","J. Parakh; D. Safarik; P. Du","2018","book","1","0","0","0","1","0","0","0","","space","2023cprize-35"
"The spears of twilight: life and death in the Amazon jungle","P. Descola; J. Lloyd","1996","book","1","0","0","0","0","1","0","0","","","2024cprize-03"
"The Spectacle of Urban Blight: Hollywood's Rendition of a Black Los Angeles","Eric Avila","","chapter","1","0","1","0","0","0","0","0","","urban","2021cprize-53"
"The Specter of Black Labor: African American Workers in Illinois before the Great Migration, 1847 to 1910","Alonzo M. Ward","2017","book","1","0","0","1","0","0","0","0","","labor, migration","2022cprize-19"
"The Spell of the Sensuous: Perception and Language in a More-Than-Human World","David Abram","","book","1","0","0","0","0","0","0","1","world, human","non-human, human, world","2026cprize-58"
"The Spiteful Planet and Other Stories","Shinicho Hoshi","1978","book","1","0","0","0","0","0","1","0","","planet","2025cprize-22"
"The Stage of Modernity","Timothy Mitchell","2000","chapter","1","1","0","0","0","0","0","0","","","2020cprize-17"
"The Starter Home: Volume One, Two, and Three","Office of Jonathan Tate","","book","1","0","0","1","0","0","0","0","","","2022cprize-02"
"The State of the Nation's Housing 2023","","2023","report","1","0","0","0","0","1","0","0","","house","2024cprize-18"
"The State, Missionaries, and Native Consciousness in the Upper Amazon, 1767-1896","B. Muratorio","2008","chapter","1","0","0","0","0","1","0","0","","","2024cprize-03"
"The States of the Earth: An Ecological and Racial History of Secularization","Mohamed Amer Meziane","2024","book","1","0","0","0","0","0","1","0","ecological","ecological, earth, history, race","2025cprize-09"
"The Story of Segregation in Los Angeles Was Only Preserved by Its Black-Owned Papers","Natasha Frost","","article","1","0","1","0","0","0","0","0","","","2021cprize-53"
"The Story of the Weeping Camel","Byambasuren Davaa; Luigi Falorni","2003","film","1","0","0","1","0","0","0","0","","","2022cprize-02"
"The Stranger","Albert Camus","1942","book","1","0","0","0","1","0","0","0","","","2023cprize-23"
"The Street in the City: Dorr Street as an Anchor for a Shrinking Toledo","A. Luescher; S. Shetty; S. MacPherson","2009","report","1","0","0","1","0","0","0","0","","city","2022cprize-05"
"The Streets of Ecotopia's Capital","Ernest Callenbach","","other","1","0","0","0","0","1","0","0","","","2024cprize-32"
"The Structure of the Ordinary: Form and Control in the Built Environment","N.J. Habraken","1998","book","1","1","0","0","0","0","0","0","environmental","structure","2020cprize-26"
"The Subject of Freedom","Alenka Zupančič","","chapter","1","0","0","0","1","0","0","0","","","2023cprize-03"
"The Sublime and Beautiful (in A History of Modern Tourism)","Eric G. E. Zuelow","2015","chapter","1","0","0","0","1","0","0","0","","history","2023cprize-15"
"The Substitute","Alexandra Daisy Ginsberg","2019","other","1","1","0","0","0","0","0","0","","","2020cprize-21"
"The Sum of Small Things, a Theory of the Aspirational Class","Elizabeth Currid-Halkett","2017","book","1","0","0","1","0","0","0","0","","theory","2022cprize-03"
"The Suspension of Disbelief: California City 1955-1972","Shannon Starkey","2019","other","1","1","0","0","0","0","0","0","","city","2020cprize-43"
"The Sustainable Development Goals Report 2022","UN-Habitat","2022","website","1","0","0","0","0","0","0","1","sustainable","sustainability","2026cprize-41"
"The Sutured City: Tales of Progress and Disaster in the Freeway Metropolis","Eric Avila","2004","chapter","1","0","1","0","0","0","0","0","","disaster, city","2021cprize-53"
"The System of Objects","Jean Baudrillard","1996","book","1","0","0","0","0","1","0","0","systems","system","2024cprize-42"
"The Taholah Village Relocation Master Plan for the Quinault Indian Nation","Quinault Indian Nation","2017","report","1","0","0","0","0","0","0","1","","plan","2026cprize-50"
"The temporary logics of extraction: Tracing architecture's (neo)colonial deployment at three scales","E. M. H. Mäki","2018","article","1","0","0","0","0","0","0","1","","extraction, colonial, architecture","2026cprize-30"
"The Ten Books on Architecture","Vitruvius","1960","book","1","0","1","0","0","0","0","0","","architecture","2021cprize-03"
"The Tennessee Valley Authority: Design and Persuasion","Tim Culhouse","","book","1","0","1","0","0","0","0","0","","design","2021cprize-02"
"The Terraforming","Benjamin Bratton","2019","report","1","1","0","0","0","0","0","0","","","2020cprize-66"
"The Theory of Unequal Ecological Exchange: A Marx-Odum Dialectic","J. B. Foster; H. Holleman","2014","article","1","1","0","0","0","0","0","0","ecological","ecological, theory","2020cprize-09"
"The Thermostatic Interior (in Modernism's Visible Hand: Architecture and Regulation in America)","Michael Osman","2018","chapter","1","0","1","0","0","0","0","0","","interior, architecture","2021cprize-18"
"The Third Teacher: 79 Ways You Can Use Design to Transform Teaching and Learning","Cannon Design; Bruce Mau Design","","book","1","0","1","0","0","0","0","0","","design","2021cprize-19"
"The Threat of Environmental Racism","Robert Bullard","1993","article","1","0","0","0","0","1","0","0","environmental","","2024cprize-38"
"The Time of the Force Majeure: After 45 Years Counterforce Is on the Horizon","Harrisson Studio","2016","book","1","1","0","0","0","0","0","0","","","2020cprize-21"
"The Top 10 Crises the World Can't Ignore in 2022","International Rescue Committee","2022","report","1","0","0","0","1","0","0","0","world","world","2023cprize-40"
"The Topography of Wellness","","2020","book","1","1","0","0","0","0","0","0","","topography","2020cprize-27"
"The Tourism Disaster Vulnerability Framework: An application to tourism in small island destinations","S. Becken; et al.","2014","article","1","0","0","1","0","0","0","0","","disaster","2022cprize-06"
"The Transfer of Thin Masonry Vaulting from Spain to America","G.R. Collins","1968","article","1","0","0","0","0","0","0","1","","","2026cprize-08"
"The Transit Metropolis: A Global Inquiry","Robert Cervero","1998","book","1","0","0","0","0","0","1","0","global","global","2025cprize-08"
"The Transit of Empire: Indigenous Critiques of Colonialism","Jodi Byrd","","book","1","1","0","0","0","0","0","0","","indigenous","2020cprize-14"
"The Transition from an Organic to an Energy-Rich Economy","E.A. Wrigley","","chapter","1","1","0","0","0","0","0","0","energy, economic","energy, economy","2020cprize-09"
"The Trouble with Reality: A Rumination On Moral Panic In Our Time","Brooke Gladstone","","book","1","1","0","0","0","0","0","0","","","2020cprize-51"
"The Truffle","ENSAMBLE STUDIO","2010","other","1","0","0","1","0","0","0","0","","","2022cprize-28"
"The Turning Point of Building: Structure and Design","Konrad Wachsmann","1961","book","1","1","0","0","0","0","0","0","","building, structure, design","2020cprize-26"
"The Two-Mile Time Machine: Ice Cores, Abrupt Climate Change, and Our Future","R. Alley","2014","book","1","0","0","0","0","1","0","0","climate, change, future","climate, change, future","2024cprize-41"
"The Type V City: Codifying Material Inequity in Urban America","Jeana Ripple","","other","1","0","0","0","0","1","0","0","material","material, city, urban","2024cprize-23"
"The Tyranny of the New","Adam Caruso","1998","article","1","1","0","0","0","0","0","0","","","2020cprize-28"
"The Un-Private House","Michael Bell","","book","1","0","0","0","0","1","0","0","","house, private","2024cprize-01"
"The unbearable heaviness of climate coloniality","F. Sultana","2022","article","1","0","0","0","0","1","0","0","climate","climate","2024cprize-12"
"The Undercommons: Fugitive Planning & Black Study","Stefano Harney; Fred Moten","2013","book","1","0","0","0","0","1","0","0","","","2024cprize-38"
"The Underground City","Jules Verne","1877","book","1","0","0","0","0","0","1","0","","city","2025cprize-01"
"The UNESCO Recommendation on the Historic Urban Landscape, Report of the Second Consultation on its Implementation by Member States","UNESCO World Heritage Centre","2019","report","1","0","0","0","1","0","0","0","","landscape, urban","2023cprize-36"
"The Uninhabitable Earth, Annotated Edition","David Wallace-Wells","2017","article","1","1","0","0","0","0","0","0","","earth","2020cprize-15"
"The United Nations World Water Development Report","UN-Water","","report","1","0","0","0","0","0","0","1","world","water, world","2026cprize-51"
"The Universals and Particulars of Climate: Dipesh Chakrabarty in Conversation with James Graham","Dipesh Chakrabarty; James Graham","2016","chapter","1","0","0","1","0","0","0","0","climate","climate","2022cprize-14"
"The Unreal Estate Guide to Detroit","","2012","book","1","1","0","0","0","0","0","0","","","2020cprize-14"
"The Unusual Football Pitch","","","website","1","0","0","0","0","0","1","0","","","2025cprize-15"
"The Upland Expansion, Vol I","","2022","report","1","0","0","0","0","0","0","1","","","2026cprize-50"
"The Urban Commons as a Remedy to Climate Change Vulnerabilities","D. Munenzon","","article","1","0","0","0","0","1","0","0","climate, change","climate, change, urban","2024cprize-24"
"The Urban Library: Public Space and Urban Development","","","book","1","1","0","0","0","0","0","0","","public, space, urban","2020cprize-25"
"The Urban Process under Capitalism","David Harvey","","chapter","1","0","0","0","0","0","0","1","","capitalism, urban","2026cprize-65"
"The urban south and the predicament of global sustainability","Harini Nagendra","2018","article","1","1","0","0","0","0","0","0","sustainable, global","global, sustainability, urban","2020cprize-58"
"The Usability Study of a Proposed Environmental Experience Design Framework for Active Ageing","M. Noguchi; N. Ma; C.M.M. Woo; H.W. Chau; J. Zhou","2018","article","1","0","1","0","0","0","0","0","environmental, experience","experience, design","2021cprize-42"
"The use of ecosystem services concepts in Canadian municipal plans","Thompson; et al.","2019","article","1","0","0","0","1","0","0","0","","","2023cprize-39"
"The Use of Energy","Wendell Berry","1977","article","1","0","0","0","0","0","1","0","energy","energy","2025cprize-01"
"The Utopian Function of Art and Literature: Selected Essays","E. Bloch","1988","book","1","0","0","0","1","0","0","0","","","2023cprize-12"
"The Value of Narrativity in the Representation of Reality","Hayden White","2003","article","1","0","0","0","0","1","0","0","","representation","2024cprize-05"
"The Vanishing Point: Sylvia Lavin on the Contemporary Pavilion","Sylvia Lavin","","article","1","0","0","0","1","0","0","0","","","2023cprize-17"
"The Visual Display of Quantitative Data","Edward Tufte","2001","book","1","0","1","0","0","0","0","0","data","data, visual","2021cprize-20"
"The Visual Display of Quantitative Information","Edward Tufte","2001","book","1","1","0","0","0","0","0","0","","visual","2020cprize-39"
"The Water Will Come: Rising Seas, Sinking Cities, and the Remaking of the Civilized World","Jeff Goodell","2017","book","1","0","0","1","0","0","0","0","world","water, world","2022cprize-16"
"The Ways That Nature Matters: The World and the Earth in the Thought of Hannah Arendt","Anne Chapman","2007","article","1","0","0","0","0","1","0","0","world, nature","world, earth","2024cprize-13"
"The Weather (in In the Wake: On Blackness and Being)","Christina Sharpe","2016","chapter","1","0","0","0","1","0","0","0","","weather","2023cprize-14"
"The Weather-Conditioned House","Groff Conklin","1960","book","1","1","0","0","0","0","0","0","","weather, house","2020cprize-05"
"The Weissenhofsiedlung: Experimental Housing Built for the Deutscher Werkbund","Karin Kirsh","1989","book","1","0","1","0","0","0","0","0","","house","2021cprize-15"
"The Well-Tempered Tropics: Design for Hot, Humid Climates","Thomas Fisher","1984","article","1","0","1","0","0","0","0","0","","design","2021cprize-20"
"The Whole Earth: California and the Disappearance of the Outside","Diedrich Diederichsen; Anselm Franke (eds.)","2013","book","1","1","0","0","0","0","0","0","","earth","2020cprize-21"
"The Windup Girl","Paolo Bacigalupi","2009","book","1","0","1","0","0","0","0","0","","","2021cprize-56"
"The Wittgenstein House","Bernhard Leitner","2000","book","1","0","1","0","0","0","0","0","","house","2021cprize-15"
"The Woman at the Window: The Moorish-Spanish House and Hispanic Women's Literature","Bonnie Frederick","2005","article","1","0","1","0","0","0","0","0","","house","2021cprize-05"
"The Womb of Space: The Cross-Cultural Imagination","Wilson Harris","1983","book","1","1","0","0","0","0","0","0","","space, culture","2020cprize-61"
"The Word for World Is Forest","Le Guin, Ursula K.","","chapter","1","0","0","0","0","0","0","1","world","world","2026cprize-48"
"The Word Itself and Vernacular","Jackson, John Brinckerhoff","1984","chapter","1","0","0","0","0","0","0","1","","vernacular","2026cprize-57"
"The Work of Art in the Age of Mechanical Reproduction","Walter Benjamin","2007","chapter","1","1","0","0","0","0","0","0","","","2020cprize-61"
"The Works: Anatomy of a City","Kate Ascher","2005","book","1","0","1","0","0","0","0","0","","city","2021cprize-15"
"The World as an Architectural Project","Hashim Sarkis; et al.","2020","book","1","0","0","0","1","0","0","0","world","world","2023cprize-09"
"The World in a Grain: The Story of Sand and How It Transformed Civilization","Beiser, Vince","2018","book","1","0","0","0","0","0","0","1","world","world","2026cprize-65"
"The World Solar Energy Project, ca. 1954","Daniel A. Barber","2013","article","1","0","0","0","1","0","0","0","energy, world","energy, world","2023cprize-17"
"The Wretched of the Screen","Hito Steyerl","2012","book","1","1","0","0","0","0","0","0","","","2020cprize-51"
"The Year's Best Science Fiction","Gardner Dozois","","other","1","0","0","0","0","0","1","0","science","science","2025cprize-22"
"The ZEN Definition – A Guideline for the ZEN Pilot Areas, Version 4.0","ZEN Research Centre","2024","report","1","0","0","0","0","0","0","1","","","2026cprize-12"
"Theoretical and practical windmill book; for engineers, contractors and millwrights","G. Krook","1850","book","1","0","0","0","0","1","0","0","","","2024cprize-37"
"Theoretical foundations (in Readings for diversity and social justice)","L. Bell","2013","chapter","1","0","0","0","1","0","0","0","justice","social, justice","2023cprize-26"
"Theories (in The Tourist Gaze 3.0)","John Urry; Jonas Larsen","2011","chapter","1","0","0","0","1","0","0","0","","","2023cprize-15"
"There Deed","C. Kumanyika","2017","other","1","0","0","1","0","0","0","0","","","2022cprize-06"
"There's a Biodiversity Crisis, and Oil and Gas Are Making It Worse","Alison Cagle","2023","article","1","0","0","0","0","1","0","0","","crisis, oil","2024cprize-39"
"Thermal comfort in transitional spaces—basic concepts: literature review and trial measurement","Chungyoon Chun; Alison Kwok; Akihiro Tamura","2004","article","1","0","0","0","1","0","0","0","","","2023cprize-28"
"Thermal Comfort. Design Tools and Techniques","A. Auliciems; S.V. Szokolay","","book","1","0","0","0","1","0","0","0","","design","2023cprize-28"
"Thermal Delight","Emmett Fitzgerald","2018","other","1","0","1","0","0","0","0","0","","","2021cprize-60"
"Thermal Envelope","","","website","1","0","0","0","0","0","0","1","","","2026cprize-01"
"Thermal Space in Architecture","Luis Fernández-Galiano","","chapter","1","0","0","1","0","0","0","0","","space, architecture","2022cprize-07"
"Thermal, Energy and Daylight Analysis of Different Types of Double Skin Facades in Various Climates","A. Aksamija","2018","article","1","0","1","0","0","0","0","0","energy","energy","2021cprize-01"
"Thermally Active Surfaces: What Your Body Already Knows","Kiel Moe","2010","book","1","0","1","0","0","0","0","0","","","2021cprize-20"
"Thermally Informed Robotic Topologies: Profile-3D-Printing for the Robotic Construction of Concrete Panels, Thermally Tuned Through High Resolution Surface Geometry","Joshua Bard; Dana Cupkova; Newell Washburn; Garth Zeglin","2018","other","1","0","1","0","0","0","0","0","","construction","2021cprize-14"
"Thermoelectric System Applications in Buildings: A Review of Key Factors and Control Methods","Zhineng He; Amaia Zuazua-Ros; Martín-Gómez, César","2021","article","1","0","0","0","0","0","0","1","systems","system","2026cprize-66"
"Thick Edge: Architectural Boundaries in the Postmodern Metropolis (in Intersections: Architectural Histories and Critical Theories)","Iain Borden","2000","chapter","1","0","0","0","1","0","0","0","critical","critical","2023cprize-26"
"Thick Representations for Oceanic Space","Claudia Bode; Lizzie Yarina","2020","chapter","1","0","0","0","0","0","1","0","","space","2025cprize-18"
"Thick Time: Architecture and the Traces of Time","Jeremy Till","2000","chapter","1","0","0","0","0","0","0","1","","architecture","2026cprize-33"
"Thing Theory","Bill Brown","2001","article","1","1","0","0","0","0","0","0","","theory","2020cprize-21"
"Things That Bend, But Don't Break","S.B. Divya","","other","1","0","0","0","0","1","0","0","","","2024cprize-32"
"Things to Come","William Cameron Menzies","1936","other","1","0","1","0","0","0","0","0","","","2021cprize-56"
"Thinking Color in Space","Kerstin","","book","1","1","0","0","0","0","0","0","","space","2020cprize-33"
"Thinking Globally","P. Edwards","","chapter","1","1","0","0","0","0","0","0","","","2020cprize-09"
"Thinking like a Mountain","Aldo Leopold","2020","chapter","1","0","0","0","0","0","0","1","","","2026cprize-56"
"Thinking Scenography Spatially","M. Bleeker","2017","chapter","1","0","0","0","0","0","0","1","","","2026cprize-08"
"Thinking with Gaia: Towards Environmental Humanities","Christophe Bonneuil; Jean-Baptiste Fressoz","","chapter","1","1","0","0","0","0","0","0","environmental","humanities","2020cprize-21"
"This innovative cooling installation fights soaring temperatures at the borders of Delhi","J. Franco","2023","website","1","0","0","0","0","0","0","1","","","2026cprize-23"
"This is Hybrid: An Analysis of Mixed-Use Buildings","Javier Mozas","2014","book","1","0","1","0","0","0","0","0","","","2021cprize-28"
"This Land is Our Land: The Struggle for a New Commonwealth","Jedediah Purdy","2019","book","1","0","1","0","0","0","0","0","","land","2021cprize-08"
"This River Is a Model","Lizzie Yarina","2024","article","1","0","0","0","0","0","1","0","","model, river","2025cprize-18"
"This Thing Called Theory","","2016","book","1","0","1","0","0","0","0","0","","theory","2021cprize-16"
"Thomas Baldwin's Airopaidia, or the Aerial View in Colour (in Seeing from Above: The Aerial View in Visual Culture)","Marie Thébaud-Sorger","2013","chapter","1","0","0","0","1","0","0","0","","visual, culture","2023cprize-17"
"Thomas Demand: Model Studies","Thomas Demand; John Lautner","2011","book","1","1","0","0","0","0","0","0","","model","2020cprize-51"
"Thousands of West African Families Work to Make Flooded Homes Livable in Torrential Rains","Associated Press","2009","article","1","0","0","0","0","0","0","1","","make","2026cprize-10"
"Threatening Dystopias: Development and Adaptation Regimes in Bangladesh","Kasia Paprocki","2018","article","1","1","0","0","0","0","0","0","","","2020cprize-32"
"Three Cultural Ecologies","David Leatherbarrow","2018","book","1","0","0","0","0","0","0","1","","ecological, culture","2026cprize-62"
"Three Pillars of Sustainability: in Search of Conceptual Origins","Ben Purvis; Yong Mao; Darren Robinson","2019","article","1","0","0","0","0","1","0","0","sustainable","sustainability","2024cprize-18"
"Three Watersheds in the History of Energy","On Barak","2015","article","1","0","0","0","0","0","1","0","energy","energy, history","2025cprize-01"
"Through the Repellent Fence","Sam Wainwright Douglas","2017","other","1","0","0","0","1","0","0","0","","","2023cprize-31"
"Timber City: Architectural Speculations in a Black Market","Alan Organschi","","article","1","1","0","0","0","0","0","0","","timber, city","2020cprize-63"
"Timber Construction Manual","Thomas Herzog; et al.","2004","book","1","1","0","0","0","0","0","0","","construction, timber","2020cprize-16"
"Timber in the city: Design and construction in mass timber","Alan Organschi; Andrew Waugh; Andrew Bernheimer","2015","book","1","0","0","0","0","1","0","0","","construction, timber, city, design","2024cprize-18"
"Time for Timber","Ulrich Dangel","","book","1","1","0","0","0","0","0","0","","timber","2020cprize-33"
"Time Matters","Urszula Kozminska; Nacho Ruiz Allén","2024","book","1","0","0","0","0","0","0","1","","","2026cprize-36"
"Time, History, and Philosophy in the Works of Wilson Harris","Gianluca Delfino","2016","book","1","1","0","0","0","0","0","0","","history","2020cprize-61"
"Timelapse of the Universe","Melodysheep","","other","1","1","0","0","0","0","0","0","","","2020cprize-33"
"Timeline of first images of Earth from space","","","website","1","0","0","0","0","1","0","0","","earth, space","2024cprize-15"
"Timepieces, Future Library and Fossil Necklace","Katie Paterson","","other","1","0","1","0","0","0","0","0","future","future","2021cprize-13"
"Tiny Houses","","2009","book","1","0","0","0","0","0","0","1","","","2026cprize-24"
"To Dig a Hole That Collapses Again","Otobong Nkanga","","other","1","0","1","0","0","0","0","0","","","2021cprize-13"
"To Encounter the Plants","Michael Marder","2013","chapter","1","0","0","1","0","0","0","0","","","2022cprize-30"
"To Halt Climate Change, We Need an Ecological Leninism","Andreas Malm","2020","article","1","0","1","0","0","0","0","0","climate, change, ecological","climate, ecological, change","2021cprize-52"
"Toledo Tomorrow: Reading Norman Bel Geddes' Vision for the Future in a Shrinking Midwestern City","S. Shetty; A. Luescher","2016","article","1","0","0","1","0","0","0","0","future","city, future","2022cprize-05"
"Tom Sachs: space program: mission guide and experience report","Tom Sachs","2008","book","1","1","0","0","0","0","0","0","experience","experience, space","2020cprize-55"
"Tomorrow","Cyril Dion; Melanie Laurent","2015","other","1","0","1","0","0","0","0","0","","","2021cprize-22"
"Too hot to handle? On the cooling capacity of urban green spaces in a Neotropical Mexican city","R. Lemoine-Rodríguez; L. Inostroza; I. Falfán; I. MacGregor-Fors","2022","article","1","0","0","0","1","0","0","0","","city, urban","2023cprize-21"
"Toolpath-based design for 3D concrete printing of carbon-efficient architectural structures","L. Breseghello; R. Naboni","2022","article","1","0","0","0","0","1","0","0","carbon","design, carbon","2024cprize-37"
"Top/Up Urbanism","L. Samuels","2017","chapter","1","1","0","0","0","0","0","0","","","2020cprize-15"
"Topography Over Time","Toni Gironès","2016","chapter","1","0","0","1","0","0","0","0","","topography","2022cprize-30"
"Topography: Remapping the Space of Fossil Fuel Transportation","","2021","other","1","0","0","0","0","0","0","1","","topography, space, fossil fuel","2026cprize-24"
"Total Housing: Alternatives to Urban Sprawl","Albert Ferre","2010","book","1","0","1","0","0","0","0","0","","house, urban","2021cprize-15"
"Total War as Environmental Terror: Linking Liberalism, Resilience, and the Bunker","Mark Duffield","2011","article","1","1","0","0","0","0","0","0","environmental, resilience","","2020cprize-43"
"Touring the Archive, Archiving the Tour: Image, Text, and Experience with the Center for Land Use Interpretation","Sarah Kanouse","2005","article","1","1","0","0","0","0","0","0","experience","land, experience, archive","2020cprize-21"
"Tourism and Degrowth: An Emerging Agenda for Research and Praxis","Robert Fletcher; Ivan Murray Mas; Asunción Blanco-Romero; Macià Blázquez-Salom","2019","article","1","0","0","0","1","0","0","0","","research","2023cprize-15"
"Tourism and Empire: The Thomas Cook & Son Enterprise on the Nile, 1868-1914","F. Robert Hunter","2004","article","1","0","0","0","1","0","0","0","","","2023cprize-15"
"Tourism impact on coastal environment","S. Zahedi","2008","article","1","0","0","1","0","0","0","0","environmental, impact","coast","2022cprize-06"
"Tourism Strategy Development for Idlewild, Michigan","C. R. Cortney Dunklin","2013","report","1","0","0","1","0","0","0","0","","","2022cprize-23"
"Toward a Critical Environmental Studies: Black Lives Matter as an Environmental Justice Challenge","David N. Pellow","2016","article","1","0","0","0","0","1","0","0","environmental, critical, justice","critical, justice","2024cprize-38"
"Toward a Feminist Theory of Caring","Joan C. Tronto; Berenice Fisher","","article","1","0","0","0","0","1","0","0","","theory","2024cprize-01"
"Toward a Minor Architecture","Jill Stoner","2012","book","1","0","0","0","0","0","0","1","","architecture","2026cprize-36"
"Toward a Political Ecology of Architecture","Joan Ockman","2022","article","1","0","0","0","0","0","0","1","ecological","ecological, architecture","2026cprize-05"
"Toward a Theory of Uneven Development I: The Dialectic of Geographical Differentiation and Equalization","Neil Smith","1984","chapter","1","1","0","0","0","0","0","0","","theory","2020cprize-46"
"Toward a Transpersonal Ecology, Developing New Foundations for Environmentalism","W. Fox","1995","book","1","1","0","0","0","0","0","0","ecological","ecological","2020cprize-35"
"Toward a Transpersonal Ecology: Developing New Foundations for Environmentalism","W. Fox","1995","book","1","0","1","0","0","0","0","0","ecological","ecological","2021cprize-48"
"Toward an Adaptable Architecture: Guidelines to Integrate Adaptability in the Building","Faiza Nakib","2010","other","1","0","0","0","1","0","0","0","","building, architecture","2023cprize-28"
"Toward an Architecture of Air and Steam: Climate, Bathing, and Public Health in Victorian Britain","Dustin Valen","2022","article","1","0","0","0","1","0","0","0","climate, health","public, climate, air, architecture","2023cprize-15"
"Toward an Integrated Paradigm: Further Thoughts on the Three Urbanisms","Douglas Kelbaugh","","article","1","1","0","0","0","0","0","0","","","2020cprize-67"
"Toward an integrative perspective on social learning in system innovation initiatives","P. Beers; B. van Mierlo; A.-C. Hoes","2016","article","1","0","0","0","0","1","0","0","systems","social, system, innovation","2024cprize-07"
"Toward Operationalizing Equity in Water Infrastructure Services: Developing a Definition of Water Equity","Khalid K. Osman; Kasey M. Faust","2021","article","1","0","0","0","0","0","1","0","infrastructure","infrastructure, water","2025cprize-35"
"Toward re-entanglement: A Charter for the City and the Earth","Ana María Durán Calisto","2022","report","1","0","0","0","0","1","0","0","","earth, city","2024cprize-03"
"Towards a Deeper Philosophy of Biomimicry","F. Mathews","2011","article","1","0","1","0","0","0","0","0","","","2021cprize-46"
"Towards a Genealogy of Tropical Architecture: Historical Fragments of Power-Knowledge, Built Environment and Climate in the British Colonial Territories","Jiat-Hwee Chang; Anthony D. King","2011","article","1","0","0","0","1","0","0","0","climate, environmental","climate, knowledge, colonial, architecture","2023cprize-15"
"Towards a National Landscape","Hildegard Binder Johnson","1990","article","1","1","0","0","0","0","0","0","","landscape","2020cprize-62"
"Towards a New Museum","Victoria Newhouse","2006","book","1","0","1","0","0","0","0","0","","museum","2021cprize-59"
"Towards a New Planning Vocabulary: Developing a Catalogue of Nonconventional Approaches to Steering and Planning Shrinking Territories","A. Luescher; L. Laursen","2016","article","1","0","0","1","0","0","0","0","","","2022cprize-05"
"Towards a Philosophy of Photography","Vilém Flusser","2000","book","1","0","0","0","0","0","0","1","","","2026cprize-16"
"Towards A Solution for the Inevitable Use of Glazed Facades in the Arid Regions via a Parametric Design Approach","Mohammed Mayhoub; Rania Labib","2015","other","1","0","1","0","0","0","0","0","","design","2021cprize-58"
"Towards a Transformative View of Race: The Crisis and Opportunity of Katrina","J. A. Powell; H. K. Jeffries; D. W. Newhart; E. Stiens","2006","chapter","1","0","1","0","0","0","0","0","","crisis, race","2021cprize-63"
"Towards an Aggregate Architecture","Achim Menges","","book","1","1","0","0","0","0","0","0","","architecture","2020cprize-33"
"Towards an Anti-Antiutopia: Solarpunk Cities and the Precarity of Our Urban Future","P. Crosby","","article","1","0","0","0","0","1","0","0","future","urban, future","2024cprize-32"
"Towards an Ecological Theory of Unequal Exchange: Articulating World System Theory and Ecological Economics","A. Hornborg","1998","article","1","1","0","0","0","0","0","0","systems, world, ecological","world, system, ecological, theory","2020cprize-09"
"Towards an Ecology of Tectonics: The Need for Rethinking Construction in Architecture","Anne Beim; Ulrik Stylsvig Madsen; Charlotte Bundgaard; Karl Christiansen; Thomas Bo Jensen; Claus Bech-Danielsen","2014","book","1","0","1","0","0","0","0","0","ecological","construction, ecological, architecture","2021cprize-41"
"Towards Healthy Urbanism: Inclusive, Equitable and Sustainable (THRIVES) - An Urban Design and Planning Framework from Theory to Praxis","Helen Pineo","2020","article","1","0","0","1","0","0","0","0","sustainable","theory, sustainability, urban, design","2022cprize-24"
"Towards integrating Indigenous culture in urban form","Kara Puketapu-Dentice; Sean Connelly; Michelle Thompson-Fawcett","2017","article","1","1","0","0","0","0","0","0","","indigenous, culture, urban","2020cprize-58"
"Towards Low Carbon Greenhouses Using Solar Energy","Samia Ebrahiem","2016","other","1","0","0","1","0","0","0","0","energy, carbon","energy, carbon","2022cprize-31"
"Towards Net-Zero: Lessons for Architectural Education","Mary Guzowski","2015","article","1","0","1","0","0","0","0","0","","","2021cprize-40"
"Towards Sustainable Structure of Tall Buildings by Significantly Reducing the Embodied Carbon","M. Elnimeiri; Y. Hwang","2025","article","1","0","0","0","0","0","0","1","sustainable, carbon","embodied, structure, sustainability, carbon","2026cprize-66"
"Towards the Zero+ Campus: Multi-Disciplinary Design Pedagogy and the Energy-Water Nexus","B. Lehrman; L. Abraham; M. Guzowski; L. Neckar","2012","chapter","1","0","1","0","0","0","0","0","energy","energy, water, design","2021cprize-40"
"Tower of Silence","","","other","1","0","1","0","0","0","0","0","","","2021cprize-13"
"Tower of the Winds","","","other","1","0","1","0","0","0","0","0","","","2021cprize-13"
"Town of Highland Beach, Maryland","Town of Highland Beach, Maryland","","website","1","0","0","1","0","0","0","0","","","2022cprize-23"
"Toxic Progeny: The Plastisphere and Other Queer Futures","H. Davis","2015","article","1","0","1","0","0","0","0","0","","","2021cprize-16"
"Toxic Sublime: Imagining Contaminated Landscapes","Jennifer Peeples","","article","1","1","0","0","0","0","0","0","","landscape","2020cprize-44"
"Toxic Tour Factsheet","T.E.J.A.S.","","website","1","0","1","0","0","0","0","0","","","2021cprize-43"
"Toxic Wastes and Race at Twenty: Why Race Still Matters after All These Years","Robert Bullard; Paul Mohai; Robin Saha; Beverly Wright","2008","article","1","0","0","0","0","1","0","0","","race","2024cprize-38"
"Trade-off Method to Assess the Interaction Between Light Shelves and Complex Ceiling Forms for Optimized Daylighting Performance","Rania Labib","2015","article","1","0","1","0","0","0","0","0","","performance","2021cprize-58"
"Tradition in the Service of Modernity: Architecture and Urbanism in French Colonial Policy, 1900-1930","Gwendolyn Wright","1987","article","1","1","0","0","0","0","0","0","","colonial, architecture","2020cprize-17"
"Traditional Construction for a Sustainable Future","Carole Ryan","2011","book","1","0","0","0","1","0","0","0","sustainable, future","construction, sustainability, future","2023cprize-01"
"Traditional Ecological Knowledge","D. McGregor","2006","article","1","0","1","0","0","0","0","0","ecological","ecological, knowledge","2021cprize-21"
"Traditional heritage management: The case of Australia and Tanzania","J. Hussein; L. Armitage","2014","other","1","1","0","0","0","0","0","0","","management","2020cprize-58"
"Transcending Architecture: Contemporary Views on Sacred Space","Julio Bermudez","2015","book","1","0","0","0","0","0","0","1","","space, architecture","2026cprize-45"
"Transdisciplinary Systems Engineering: Exploiting Convergence in a Hyper-Connected World","Azad Madni","2018","book","1","0","1","0","0","0","0","0","systems, world","engineer, world, system","2021cprize-48"
"Transformational Rehabilitations: Cost Savings, Energy Conservation, and Carbon Emissions Reduction","Steve Mahler; Jacob Knowles","2013","other","1","0","0","0","1","0","0","0","energy, carbon","energy, emissions, carbon","2023cprize-40"
"Transformational Thought: Radical Ideas To Remake The Built Environment","Jason F. McLennan","","book","1","0","0","0","1","0","0","0","environmental","radical","2023cprize-41"
"Transforming Engineering Education for Neurodiversity: Epistemic Communities as Infrastructure for Change","M. Chrysochoou; A. Zaghi; T. Campbell; C. M. Syharat","2023","article","1","0","0","0","0","0","0","1","change, infrastructure, community","infrastructure, engineer, change, epistemology","2026cprize-63"
"Transforming the city for sustainability: The principles of green urbanism","S. Lehmann","2011","article","1","0","1","0","0","0","0","0","sustainable","sustainability, city","2021cprize-62"
"Transgressing Immutable Lines","Elisa Iturbe; Stanley Cho","2023","article","1","0","0","0","0","0","1","0","","","2025cprize-28"
"Translations between Design Research and Scholarship","Lily Chi","2007","article","1","0","0","0","1","0","0","0","","research, design","2023cprize-09"
"Translations from Drawing to Building","Robin Evans","1986","article","1","0","0","0","0","0","1","0","","building, drawing","2025cprize-18"
"Transmaterial Books 1, 2, 3","","","book","1","0","1","0","0","0","0","0","","","2021cprize-26"
"Transparent Cities","Brian McGrath","1994","book","1","1","0","0","0","0","0","0","","","2020cprize-58"
"Travel Guide volume Four: Kcymaerxthaere. Discover Leddl & Parts of Now Estrellia","Eames Demetrios","2014","book","1","0","0","1","0","0","0","0","","","2022cprize-03"
"Traveling Domestic: The Movie 'House'","Giuliana Bruno","","chapter","1","0","0","0","0","1","0","0","","house","2024cprize-05"
"Traveling Technology? American Water Engineers in the Columbia Basin and the Helmand Valley","Linda Nash","2012","article","1","0","0","0","0","1","0","0","","water, technology","2024cprize-05"
"Treatise on Nomadology","G. Deleuze; F. Guattari","1987","chapter","1","1","0","0","0","0","0","0","","","2020cprize-09"
"Treaty of Chicago","Commissioners of the United States; the Ottawa, Chippewa, and Pottawatamie Nations of Indians","1821","report","1","0","0","1","0","0","0","0","","","2022cprize-19"
"Trees in Galapagos","Elizabeth Coral de Backer","","book","1","0","0","0","1","0","0","0","","","2023cprize-13"
"Trees: Their Natural History","Peter Thomas","","book","1","1","0","0","0","0","0","0","nature","natural, history","2020cprize-63"
"Trends in the application of CFD for architectural design","Soo Jeong Jo; James Jones; Elizabeth Grant","2018","other","1","0","1","0","0","0","0","0","","design","2021cprize-62"
"Tropic of Chaos: Climate Change and the New Geography of Violence","Christian Parenti","2011","book","1","0","1","0","0","0","0","0","climate, change","climate, change","2021cprize-31"
"Tropical Architecture in the Humid Zone","Maxwell Fry; Jane Drew","1964","book","1","1","0","0","0","0","0","0","","architecture","2020cprize-05"
"Tropical Design","","","book","1","0","1","0","0","0","0","0","","design","2021cprize-03"
"Tropical Nature: Life and Death in the Rain Forests of Central and South America","A. Forsyth; K. Miyata","2011","book","1","0","0","0","0","1","0","0","nature","","2024cprize-41"
"Tropical Underdevelopment","Jeffrey D. Sachs","2001","report","1","0","1","0","0","0","0","0","","","2021cprize-20"
"Tropical Underdevelopment and 'Thin' Architecture: Globalization, Climate and the Curtainwall","E. McCormick; W. Alghamdi","2020","other","1","0","1","0","0","0","0","0","climate","climate, architecture","2021cprize-20"
"Trouble in Mind: Black Southerners in the Age of Jim Crow","Leon Litwack","","book","1","0","1","0","0","0","0","0","","","2021cprize-38"
"Trouble the Water","Tia Lessin; Carl Deal","2008","film","1","0","1","0","0","0","0","0","","water","2021cprize-60"
"TRUE Zero Waste","","","website","1","1","0","0","0","0","0","0","","waste","2020cprize-12"
"Tsuu T'ina Nation","","","website","1","0","1","0","0","0","0","0","","","2021cprize-21"
"Tumatumari","Wilson Harris","1968","book","1","1","0","0","0","0","0","0","","","2020cprize-61"
"Turning Point in Timber Construction: A New Economy","Ulrich Dangel","2017","book","1","1","0","0","0","0","0","0","economic","economy, construction, timber","2020cprize-26"
"Turning Sovereignty Upside Down","Dorothea Condé; Pierre-Yves Condé","2020","chapter","1","0","0","0","0","1","0","0","","","2024cprize-13"
"Twinned Assemblage: Curating and Distilling Digital Doppelgangers","K. MacDonald; K. Schumann","2021","article","1","0","0","0","0","1","0","0","","digital","2024cprize-23"
"Two Cosmograms","Rania Ghosn; El Hadi Jazairy","2016","other","1","1","0","0","0","0","0","0","","","2020cprize-21"
"Two degrees: the built environment and our changing climate","A. McGregor; C. Roberts; F. Cousins","2013","book","1","0","0","0","0","0","1","0","climate, environmental","climate","2025cprize-19"
"Typology Focus: Museums","Antonello Marotta","2012","article","1","0","1","0","0","0","0","0","","","2021cprize-59"
"U.S. Climate Resilience Toolkit","","","website","1","1","0","0","0","0","0","0","climate, resilience","climate","2020cprize-66"
"U.S. Climate Vulnerability Index","","","website","1","0","0","0","0","0","0","1","climate","climate","2026cprize-13"
"U.S. Department of Agriculture, National List","","","website","1","1","0","0","0","0","0","0","","","2020cprize-12"
"U.S. Global Change Research Program Report: Midwest","","","report","1","1","0","0","0","0","0","0","change, global","global, change, research","2020cprize-42"
"U.S. Green Building Council","","","website","1","1","0","0","0","0","0","0","","building","2020cprize-12"
"U.S. Supreme Court Affirms Tribal Court Jurisdiction in Dollar General v. Mississippi Choctaw","National Congress of American Indians","2016","website","1","0","0","1","0","0","0","0","","","2022cprize-03"
"ULI Advisory Service Panel Report, Miami Beach","Urban Land Institute","2018","report","1","1","0","0","0","0","0","0","","","2020cprize-18"
"UMAR Experimental Unit","Werner Sobek; Dirk Hebel; Heiser","","other","1","1","0","0","0","0","0","0","","","2020cprize-33"
"UN Common Guidance on helping build resilient societies","United Nations","2020","report","1","0","0","0","0","0","1","0","","build, resiliency","2025cprize-24"
"UN Habitat for a Better Urban Future","Harriet Harriss","2019","other","1","1","0","0","0","0","0","0","future","urban, future","2020cprize-49"
"Un país del porvenir: El afán de modernidad en Puerto Rico (siglo XIX)","S.A. Curbelo","2001","book","1","0","0","0","1","0","0","0","","","2023cprize-34"
"UN-WORKING: New Tactics for Architectural Pedagogy","Daniel Jacobs; Brittany Utting","2019","article","1","1","0","0","0","0","0","0","","","2020cprize-42"
"Unbuilding Cities: Obduracy in Urban Socio-Technical Change","Anique Hommels","","book","1","0","0","1","0","0","0","0","change","technology, technical, change, urban","2022cprize-11"
"Unceded: Voices of the Land","David Fortin; Gerald McMaster (eds.)","","report","1","1","0","0","0","0","0","0","","land","2020cprize-14"
"Uncommon Ground: Architecture, Technology, and Topography","David Leatherbarrow","2000","book","1","0","0","1","0","0","0","0","","technology, topography, architecture","2022cprize-30"
"Under a White Sky: The Nature of the Future","Elizabeth Kolbert","","book","1","0","0","0","0","1","0","0","future, nature","future","2024cprize-01"
"Under Pressure: Coal Industry Rhetoric and Neoliberalism","Jen Schneider; Steve Schwarze; Peter K. Bsumek; Jennifer Peeples","","book","1","0","1","0","0","0","0","0","","","2021cprize-54"
"Undercover Softness: An Introduction to the Architecture and Politics of Decay","Reza Negarestani","","article","1","0","0","0","1","0","0","0","","architecture","2023cprize-04"
"Underland: A Deep Time Journey","Robert Macfarlane","","book","1","0","0","0","0","1","0","0","","","2024cprize-01"
"Understanding Human Behavior and Factors in Egress Safety","Bryan Hoskins","2018","other","1","1","0","0","0","0","0","0","human","human","2020cprize-07"
"Understanding Space: the nascent synthesis of cognition and the syntax of spatial morphologies","R. Dalton; C. Hoelscher","2007","article","1","0","0","0","0","0","1","0","","space","2025cprize-25"
"Understanding the Thermal Experience of Elderly People in Their Residences: Study on Thermal Comfort and Adaptive Behaviors of Senior Citizens in Crete, Greece","Marina Giamalaki; Dionysia Kolokotsa","2019","article","1","0","1","0","0","0","0","0","experience","adaptive, experience","2021cprize-15"
"Understanding Urban Heat Vulnerability Assessment Methods: A PRISMA Review","F. Li; T. Yigitcanlar; M. Nepal; K. N. Thanh; F. Dur","2022","article","1","0","0","0","1","0","0","0","","heat, urban","2023cprize-35"
"Underwater: Rising Seas, Chronic Floods, and the Implications for US Coastal Real Estate","Union of Concerned Scientists","2018","report","1","0","1","0","0","0","0","0","","coast","2021cprize-29"
"Undoing Border Imperialism","Harsha Walia","2013","book","1","0","0","0","0","1","0","0","","","2024cprize-13"
"Undoing the Demos: Neoliberalism's Stealth Revolution","Wendy Brown","2015","book","1","1","0","0","0","0","0","0","","","2020cprize-34"
"UNDP's Re:Think 2022 Conference explores how cities can build resilience in an uncertain world","UNDP","2023","website","1","0","0","0","0","0","1","0","world, resilience","world, build","2025cprize-24"
"UNDP-J-CCCP Case Studies Booklet","UNDP","","report","1","0","0","0","0","0","0","1","","","2026cprize-10"
"Uneven Ground: Appalachia Since 1945","Ronald D. Eller","2008","book","1","0","0","0","0","0","0","1","","","2026cprize-20"
"Unincorporated Inequalities: The Political Geography of Race and Unincorporated Communities in California","Melina Lombard","2022","article","1","0","0","0","0","0","0","1","community","race","2026cprize-61"
"United Nations Climate Change Reports","United Nations","2022","report","1","0","0","0","1","0","0","0","climate, change","climate, change","2023cprize-20"
"United Nations Experts' Report on Harmony with Nature","","2016","report","1","0","0","0","0","0","0","1","nature","","2026cprize-24"
"United Nations Sustainable Development Goals","United Nations","","website","1","0","0","0","0","0","1","0","sustainable","sustainability","2025cprize-19"
"United States Census Bureau Data","United States Census Bureau","2019","website","1","0","1","0","0","0","0","0","data","data","2021cprize-40"
"University of Texas at Arlington Strategic Plan 2030","","","report","1","0","0","0","0","0","1","0","texas","plan","2025cprize-19"
"Unknown Quantities","Peter Galison; Caroline Jones","2010","article","1","1","0","0","0","0","0","0","","","2020cprize-21"
"Unruly Edges: Mushrooms as Companion Species","A. Tsing","2012","article","1","0","1","0","0","0","0","0","","species","2021cprize-16"
"Unseen Matters: Emerging Counter-Institutional Pedagogies","Lisa Henry; Tonia Sing Chi; Shawhin Roudbari; Bz Zhang","2022","article","1","0","0","0","0","0","1","0","","","2025cprize-31"
"Upriver: the turbulent life and times of an Amazonian people","M.F. Brown","2014","book","1","0","0","0","0","1","0","0","","","2024cprize-03"
"Urban agriculture of the future: an overview of sustainability aspects of food production in and on buildings","Kathrin Specht; et al.","2013","article","1","0","0","0","1","0","0","0","sustainable, future","sustainability, food, urban, future","2023cprize-39"
"Urban Agriculture, Food Justice and Neoliberal Urbanization: Rebuilding the Institution of Property","Michelle Gova","2017","chapter","1","0","0","0","0","1","0","0","justice","property, justice, food, urban","2024cprize-11"
"Urban and Transport Planning, Environmental Exposures and Health - New Concepts, Methods and Tools to Improve Health in Cities","Mark","","other","1","0","0","0","0","0","0","1","environmental, health","urban","2026cprize-13"
"Urban Climate Justice: Theory, Praxis, Resistance","Jennifer L. Rice; Joshua Long; Anthony Levenda","2023","book","1","0","0","0","0","0","1","0","climate, justice","climate, theory, justice, urban","2025cprize-35"
"Urban Code: 100 Lessons for Understanding the City","A. Mikoleit; M. Pürckhauer","2011","book","1","0","0","1","0","0","0","0","","city, urban","2022cprize-13"
"Urban Composition: Developing Community through Design","M. Childs","2012","book","1","0","0","0","0","0","1","0","community","urban, design","2025cprize-12"
"Urban Design and the Bottom Line: Optimizing the Return on Perception","Dennis Jerke","2008","book","1","0","0","1","0","0","0","0","","urban, design","2022cprize-09"
"Urban Design Ecologies Reader","Brian McGrath","2012","book","1","1","0","0","0","0","0","0","","ecological, urban, design","2020cprize-58"
"Urban Ecology, The Science of Cities","Richard T. T. Forman","2014","book","1","1","0","0","0","0","0","0","ecological, science","science, ecological, urban","2020cprize-67"
"Urban Encounter: An Urban Design Guide to Reclaiming Spaces from Cars","Song, Mincheol","2024","book","1","0","0","0","0","0","0","1","","urban, design","2026cprize-46"
"Urban Energy Use Modeling Methods and Tools: A Review and an Outlook","Narjes Abbasabadi; Mehdi Ashayeri","2019","article","1","0","0","1","0","0","0","0","energy","energy, model, urban","2022cprize-25"
"Urban Form, Density and Solar Potential","Vicky Cheng; et al.","2006","article","1","0","0","0","1","0","0","0","","urban","2023cprize-39"
"Urban Futures: Designing the Digitalised City","Mark Burry","2020","book","1","0","0","1","0","0","0","0","","city, urban","2022cprize-25"
"Urban Health - How the Pandemic Could Reshape the World's Cities","","2020","article","1","0","1","0","0","0","0","0","world, health","world, urban","2021cprize-27"
"Urban heat mitigation through improved building energy efficiency","A. Baniassadi; J. Heusinger; N. Meili; P. I. Gonzalez; H. Samuelson","2022","article","1","0","0","0","1","0","0","0","energy","energy, building, heat, mitigation, urban","2023cprize-22"
"Urban Heat Vulnerability; a Brief Look at a Case of Environmental Inequity in NYC","Ana Lam","2020","website","1","0","1","0","0","0","0","0","environmental","heat, urban","2021cprize-15"
"Urban Heritage, Climate Change and Sustainability","Dimitra Babalis","","book","1","0","0","0","0","0","0","1","climate, change, sustainable","climate, change, sustainability, urban","2026cprize-10"
"Urban Humanities: New Practices for Reimagining the City","Dana Cuff","2020","book","1","0","0","0","0","0","0","1","","humanities, city, urban","2026cprize-17"
"Urban Impulses. Notes to Understand the Future of Dubai","García, Rubén; Tiziano Aglieri","2017","article","1","0","0","0","0","0","0","1","future","urban, future","2026cprize-51"
"Urban Infrastructure: The 'Out of Sight, Out of Mind' Mentality is an Outmoded Concept","Barbara Knecht","2002","article","1","0","0","0","0","0","1","0","infrastructure","infrastructure, urban","2025cprize-36"
"Urban Leviathan: Mexico City in the Twentieth Century","D. E. Davis","1994","book","1","0","0","0","1","0","0","0","","city, urban","2023cprize-07"
"Urban Mining und kreislaufgerechtes Bauen","Felix Heisel","2021","book","1","0","0","1","0","0","0","0","","urban","2022cprize-14"
"Urban neighbourhood environment assessment based on street view image processing: A review of research trends","N. He; G. Li","2021","article","1","0","0","0","1","0","0","0","environmental","urban, research","2023cprize-22"
"Urban Order as Means to Paradisiacal Order; Eden, Jerusalem, and London","S. Padget","2017","article","1","1","0","0","0","0","0","0","","urban","2020cprize-30"
"Urban Political Ecology","Anne Rademacher","2015","article","1","0","0","0","0","0","1","0","ecological","ecological, urban","2025cprize-18"
"Urban Processes, Water Dynamics & Climate Change","García, Rubén","2020","article","1","0","0","0","0","0","0","1","climate, change","water, climate, change, urban","2026cprize-51"
"Urban Regions: Ecology and Planning Beyond the City","Richard T. T. Forman","2008","book","1","0","0","1","0","0","0","0","ecological","ecological, city, urban","2022cprize-19"
"Urban Risk Management and Resilience Strategy","UNDP","2021","report","1","0","0","0","0","0","1","0","resilience","risk, management, urban","2025cprize-24"
"Urban Shrinkage, Industrial Renewal and Automotive Plants","A. Luescher; S. Shetty","2019","book","1","0","0","1","0","0","0","0","","urban","2022cprize-05"
"Urban Sprawl and Public Health: Designing, Planning, and Building for Healthy Communities","H. Frumkin; L. Frank; R. Jackson","2004","book","1","0","1","0","0","0","0","0","community, health","public, building, urban","2021cprize-22"
"Urban Street Design Guide","NACTO","2013","report","1","0","0","0","0","0","0","1","","urban, design","2026cprize-46"
"Urbanism After Geography: The Network is Context","Clare Lyster","2016","chapter","1","1","0","0","0","0","0","0","","","2020cprize-46"
"Urbanization in Developing Countries: Current Trends, Future Projections, and Key Challenges for Sustainability","Barney Cohen","","article","1","0","1","0","0","0","0","0","sustainable, future, current","sustainability, future","2021cprize-20"
"Ursula K. Le Guin, Thinking in SF Mode","Isabelle Stengers","2021","chapter","1","0","0","0","0","0","0","1","","","2026cprize-48"
"Ursula von Rydingsvard: The Contour of Feeling","Ursula von Rydingsvard","","book","1","0","0","0","0","1","0","0","","","2024cprize-23"
"Uruguay: National Resettlement Plan","United Nations Framework Convention on Climate Change (UNFCCC)","2023","report","1","0","0","0","0","0","0","1","","plan","2026cprize-37"
"US Climate Toolkit","","","website","1","1","0","0","0","0","0","0","climate","climate","2020cprize-42"
"User Stories and Algorithms as Research","Stan Carroll; John Phillips","2018","other","1","1","0","0","0","0","0","0","","research","2020cprize-07"
"Using Beaver Dams to Restore Streams: Opportunities and Challenges","M.M. Pollock","2014","article","1","0","0","0","0","0","0","1","","","2026cprize-54"
"Using Python to Automate the Preparation and Execution of Thousands of Daylighting and Glare Simulations on a Cloud Parallel Computing Environment for Time-Efficient Processing","Rania Labib; Juan Carlos Baltazar","2019","other","1","0","1","0","0","0","0","0","environmental","","2021cprize-58"
"Using the Visual Arts to Form an Intervention Design Concept for Resettlement Support Among Refugee Women","Chie Noyori-Corbett; David P. Moxley","","article","1","0","0","0","1","0","0","0","","visual, design","2023cprize-06"
"usus/usures","Rotor","2010","book","1","1","0","0","0","0","0","0","","","2020cprize-46"
"Validation of Computational Fluid Dynamics (CFD) Platforms for the Early Stages of Architectural Design","Soo Jeong Jo; James Jones; Francine Battaglia","2020","article","1","0","1","0","0","0","0","0","","design, computation","2021cprize-62"
"Valley Curtain","Christo; Jeanne-Claude","1972","other","1","0","0","1","0","0","0","0","","","2022cprize-28"
"Value-Inclusive Design Approach (VIDA): Promoting Cultural Values","Eric Harris","2022","other","1","0","0","0","0","0","1","0","","culture, design","2025cprize-10"
"Value-Inclusive Design for Socially Equitable Communities","Eric Harris","2022","other","1","0","0","0","0","0","1","0","community","design","2025cprize-10"
"Variations on a Theme Park: The New American City and the End of Public Space","Mike Davis","","book","1","1","0","0","0","0","0","0","","public, space, city, park","2020cprize-68"
"Veggie Libel Law","","","website","1","1","0","0","0","0","0","0","","","2020cprize-12"
"Vernacular Architecture: Questions of Comfort and Practicability","Ahmadreza Foruzanmehr","2011","article","1","0","1","0","0","0","0","0","","vernacular, architecture","2021cprize-20"
"Vers Une Approche Géopoétique: Lectures de Kenneth White, Victor Segalen, J.-M. G. Le Clézio","Rachel Bouvet","","book","1","0","0","0","0","1","0","0","","","2024cprize-42"
"Vertical City","Avijit Kishore","2011","other","1","0","0","0","0","0","0","1","","city","2026cprize-31"
"Victory Home Renovation Guide","Canada Mortgage and Housing Corporation","","report","1","0","0","0","0","0","0","1","","","2026cprize-19"
"Vigilantism","Shawhin Roudbari; Germane Barnes","2021","book","1","0","0","0","0","0","1","0","","","2025cprize-31"
"Villaggio ENI: Enrico Mattei and Edoardo Gellner Build a New Italy","K. MacDonald; K. Schumann","2020","chapter","1","0","0","0","0","1","0","0","","build","2024cprize-23"
"Violence Taking Place: The Architecture of the Kosovo Conflict","","2010","book","1","1","0","0","0","0","0","0","","place, architecture","2020cprize-14"
"Viral Visualizations: How Coronavirus Skeptics Use Orthodox Data Practices to Promote Unorthodox Science Online","Crystal Lee; et al.","2021","article","1","0","0","0","1","0","0","0","science, data","science, data","2023cprize-29"
"Virginia Climate Fever: How Global Warming will Transform Our Cities, Shorelines, and Forests","Stephen Nash","2017","book","1","0","0","0","1","0","0","0","climate, global","climate, global, warming","2023cprize-20"
"Virginia Coastal Resilience Master Plan","","","report","1","0","0","0","1","0","0","0","resilience","plan, coast","2023cprize-20"
"Vision in Motion: Representing Landscape in Time","Christophe Girot","2006","chapter","1","0","1","0","0","0","0","0","","landscape","2021cprize-61"
"Visionary Workbook","","","book","1","0","1","0","0","0","0","0","","","2021cprize-07"
"Visions of Empire: Voyages, Botany, and Representations of Nature","David Philip Miller; Peter Hanns Reill","1996","book","1","0","1","0","0","0","0","0","nature","","2021cprize-47"
"Visions of Iraq: Modernizing the Past in 1950s Baghdad","Magnus T. Bernhardsson","2008","chapter","1","1","0","0","0","0","0","0","","","2020cprize-17"
"Visual Delight in Architecture","Lisa Heschong","","book","1","0","0","0","0","0","0","1","","visual, architecture","2026cprize-01"
"Visualizing a Living Building","S. Padget","2013","chapter","1","1","0","0","0","0","0","0","","building","2020cprize-30"
"Visualizing Environmental Violence","Forensic Architecture","2018","other","1","0","0","0","0","0","1","0","environmental","","2025cprize-22"
"Visualizing new political ecologies: A critical data studies analysis of the World Bank's renewable energy resource mapping initiative","J. McCarthy; J. Thatcher","2019","article","1","0","0","0","0","1","0","0","energy, world, critical, resource, data","energy, resource, data, map, critical, world, ecological","2024cprize-12"
"Voices from Chernobyl: The Oral History of a Nuclear Disaster","Svetlana Alexievich","2006","book","1","0","0","0","0","1","0","0","","history, disaster","2024cprize-02"
"Vulnerability Assessment for Syrian Refugees in Lebanon (VASyR)","UNHCR; WFP; Unicef","","report","1","0","0","0","1","0","0","0","","","2023cprize-40"
"W. E. B. Du Bois's Data Portraits","Britt Wilson; et al.","2018","book","1","0","0","0","1","0","0","0","data","data","2023cprize-29"
"Wading in Waste","Michael Mallin","2016","article","1","1","0","0","0","0","0","0","","waste","2020cprize-67"
"Waiting in Mold After Hurricanes and Flooding","Erin R. Eldridge; Amanda J. Reinke","2024","article","1","0","0","0","0","0","1","0","","flood","2025cprize-35"
"Walking and Mapping: Artists as Cartographers","Karen O'Rourke","","book","1","0","0","0","0","1","0","0","","map","2024cprize-42"
"Walking the Network","Karen O'Rourke","2016","chapter","1","0","1","0","0","0","0","0","","","2021cprize-61"
"Walkscapes: Walking as an Aesthetic Practice","Francesco Careri","2017","book","1","0","0","0","0","1","0","0","","","2024cprize-42"
"Wall R-value Calculator","","","website","1","0","0","0","0","0","0","1","","","2026cprize-01"
"Want to Escape Global Warming? These Cities Promise Cool Relief","Kendra Pierre-Louis","2019","article","1","1","0","0","0","0","0","0","global","global, warming","2020cprize-66"
"Want to find a place to live that will be safe from climate change?","Adele Peters","2019","article","1","1","0","0","0","0","0","0","climate, change","climate, change, place","2020cprize-66"
"Wartime: The Forces of Remembering in Forgetting","Trinh T. Minh-Ha; Lucie Kim-Chi Mercier","2017","article","1","0","0","0","0","1","0","0","","","2024cprize-05"
"Washington Tribe Moving Infrastructure Due to Rising Sea Levels","","","article","1","0","0","0","0","0","0","1","infrastructure","infrastructure, sea","2026cprize-50"
"Waste Is Information: Infrastructure Legibility and Governance","Dietmar Offenhuber; Carlo Ratti","2017","book","1","0","0","1","0","0","0","0","infrastructure","infrastructure, waste","2022cprize-25"
"Wasteland","Vittoria Di Palma","2014","book","1","0","1","0","0","0","0","0","","","2021cprize-08"
"Wastelanding Arabia: America's 'garden of eden' in Al Kharj, Saudi Arabia","Natalie Koch","2022","article","1","0","0","0","0","0","0","1","","","2026cprize-65"
"Water governance and justice in Cape Town: An overview","J. P. Enqvist; G. Ziervogel","2019","article","1","0","0","0","0","0","1","0","justice","water, justice","2025cprize-15"
"Water is Wealth","Sara Jensen Carr","2021","article","1","0","0","0","0","0","1","0","","water","2025cprize-14"
"Water Like Stone","Zack Godshall","2013","other","1","0","0","0","1","0","0","0","","water","2023cprize-20"
"Water Retention Vessel","K. Tomisato","","other","1","0","0","1","0","0","0","0","","water","2022cprize-11"
"Way Beyond Bigness: The Need for a Watershed Architecture","Derek Hoeferlin","2023","book","1","0","0","0","0","0","0","1","","architecture","2026cprize-31"
"Way of Cooking Things: Women, Food, and Preservation of Cultural Identity among the Gullah","J. Beoku-Betts","1995","article","1","0","0","1","0","0","0","0","","culture, food, preservation","2022cprize-06"
"Ways of assessing children and curriculum: Stories of early childhood practice","C. Genishi","2015","book","1","0","0","0","1","0","0","0","","","2023cprize-18"
"Ways of Being: Animals, Plants, Machines—The Search for a Planetary Intelligence","James Bridle","","book","1","0","0","0","0","1","0","0","","planet, intelligence","2024cprize-01"
"We Are Eating the Earth: The Race to Fix Our Food System and Save Our Climate","Michael Grunwald","2025","book","1","0","0","0","0","0","0","1","climate, systems","climate, system, earth, food, race","2026cprize-37"
"We are the Land: Native American Views of Nature","Annie Booth","2003","chapter","1","1","0","0","0","0","0","0","nature","land","2020cprize-49"
"We Do This 'til We Free Us: Abolitionist Organizing and Transforming Justice","Mariame Kaba","2021","book","1","0","0","0","0","0","1","0","justice","justice","2025cprize-31"
"We Don't Seem to Live on the Same Planet - A Fictional Planetarium (in Designs for Different Futures)","Bruno Latour","2019","chapter","1","0","0","0","0","1","0","0","","planet","2024cprize-40"
"We Have Never Been Sustainable","Brent Sturlaugson","2019","article","1","1","0","0","0","0","0","0","sustainable","sustainability","2020cprize-46"
"We Hold Our Breath: A Journey to Texas Between Storms","Micah Fields","2023","book","1","0","0","0","0","0","1","0","texas","","2025cprize-06"
"We Hold These Truths: Dismantling Racial Hierarchies, Building Equitable Communities","Tia Brown McNair","2020","report","1","0","1","0","0","0","0","0","community","building, race","2021cprize-35"
"We mapped how food gets from farms to your home","","","website","1","1","0","0","0","0","0","0","","food","2020cprize-42"
"Wealthier-but-poorer: The complex sociology of homeownership at peripheral housing in Cartagena, Colombia","L. S. Wainer; L. J. Vale","2021","article","1","0","0","0","0","0","1","0","","house","2025cprize-15"
"Weather Architecture","Jonathan Hill","2012","book","1","1","0","0","0","0","0","0","","weather, architecture","2020cprize-05"
"Weather File Creation Methodology for Remote, Underserved Locations","M. Kyropoulou; J. Huang","2020","other","1","0","0","0","1","0","0","0","","weather","2023cprize-28"
"Weathered: Cultures of Climate","Mike Hulme","2017","book","1","1","0","0","0","0","0","0","climate","climate","2020cprize-36"
"Weaving a Tapestry of Resistance: The Places, Power, and Poetry of a Sustainable Society","Sharon E. Sutton","","book","1","0","1","0","0","0","0","0","sustainable, society","social, sustainability","2021cprize-39"
"Weighing the Solutions","John Keahey","2002","other","1","0","1","0","0","0","0","0","","","2021cprize-38"
"Welcome to the Anthropocene","Christophe Bonneuil; Jean-Baptiste Fressoz","","chapter","1","1","0","0","0","0","0","0","","anthropocene","2020cprize-21"
"Well-being in Memory Care Facilities: Identifying the Role of Spatial Design for Social Interaction in Empirical Literature","F. Ferdous","2019","other","1","0","1","0","0","0","0","0","","social, space, design","2021cprize-22"
"Werewolf: The Architecture of Lunacy, Shapeshifting, and Material Metamorphosis","José Ibarra; Caroline O'Donnell","2022","book","1","0","0","0","1","0","0","0","material","material, architecture","2023cprize-07"
"Werkbund Theses and Antitheses, 1914","Hermann Muthesius; van de Velde, Henry","1964","chapter","1","1","0","0","0","0","0","0","","","2020cprize-28"
"Westworld","Jonathan Nolan","2016","other","1","0","1","0","0","0","0","0","","","2021cprize-56"
"What Are the Differences between Sustainable and Smart Cities?","Hannele Ahvenniemi; Aapo Huovila; Isabel Pinto-Seppä; Miimu Airaksinen","2017","article","1","0","0","1","0","0","0","0","sustainable","sustainability","2022cprize-25"
"What Can a Body Do?: How We Meet the Built World","Sara Hendren","2020","book","1","0","0","1","0","0","0","0","world","world","2022cprize-28"
"What Can Architecture Do?","MVRDV","2017","website","1","0","1","0","0","0","0","0","","architecture","2021cprize-09"
"What Climate Change Will Do to America by Mid-Century","Newkirk II, Vann R.","2025","article","1","0","0","0","0","0","0","1","climate, change","climate, change","2026cprize-61"
"What Does 'Resilience' Have to Do With Architecture?","Michael Mehaffy; Nikos A. Salingaros","2013","article","1","1","0","0","0","0","0","0","resilience","architecture","2020cprize-66"
"What Green Costs","Thea Riofrancos","2019","article","1","0","1","0","0","0","0","0","","","2021cprize-17"
"What Happened to the 20th Century?","Peter Sloterdijk","2018","book","1","1","0","0","0","0","0","0","","","2020cprize-09"
"What Happens When Detroit Shuts Off the Water of 100,000 People","Rose","","article","1","0","0","0","0","0","0","1","","water","2026cprize-13"
"What Has Economics Got to Do with It? The Impact of Socioeconomic Factors on Mental Health and the Case for Collective Action","Anna Macintyre; Daniel Ferris; Briana Gonçalves; Neil Quinn","","article","1","0","0","0","1","0","0","0","impact, health","","2023cprize-04"
"What Has Happened to Territory?","Antoine Picon","2010","article","1","0","0","0","1","0","0","0","","territory","2023cprize-09"
"What HBO's ""Show Me a Hero"" Got Wrong About Public Housing","Jake Blumgart","2015","article","1","0","1","0","0","0","0","0","","public, house","2021cprize-09"
"What if the Poor were Part of City Planning","Smruti Jukur Johari","2019","website","1","0","1","0","0","0","0","0","","city","2021cprize-09"
"What if We Get It Right? Sustainable Futures for Coastal Communities","","2025","other","1","0","0","0","0","0","0","1","sustainable, community","sustainability, coast","2026cprize-05"
"What If We Get It Right?: Visions of Climate Futures","Ayana Elizabeth Johnson","","book","1","0","0","0","0","0","0","1","climate","climate","2026cprize-13"
"What is 'Climate Justice'?","Yale Climate Connections","2020","article","1","0","1","0","0","0","0","0","climate, justice","climate, justice","2021cprize-27"
"What Is a Minor Architecture?","Jill Stoner","2012","chapter","1","1","0","0","0","0","0","0","","architecture","2020cprize-46"
"What Is a Minor Architecture? / The Myth of Nature","Jill Stoner","2012","chapter","1","0","0","0","1","0","0","0","nature","architecture","2023cprize-04"
"What is a Model?","Meister","2024","book","1","0","0","0","0","0","0","1","","model","2026cprize-59"
"What Is Agonistic Politics?","C. Mouffe","2013","chapter","1","1","0","0","0","0","0","0","","","2020cprize-09"
"What Is an Author?","Michel Foucault","","article","1","0","0","0","0","0","0","1","","","2026cprize-06"
"What is Global Climate Change?","J. Nagel","2015","chapter","1","0","1","0","0","0","0","0","climate, change, global","climate, global, change","2021cprize-63"
"What Is Nature?: Culture, Politics, and the Non-Human","Kate Soper","1995","book","1","1","0","0","0","0","0","0","human, nature","non-human, human, culture","2020cprize-25"
"What is Photovoltaics? (in The Solar Generation: Childhood and Adolescence of Terrestrial Photovoltaics)","Phillip R. Wolfe","2018","chapter","1","0","0","0","1","0","0","0","","","2023cprize-17"
"What Is Property?: An Inquiry into the Principle of Right and of Government","Pierre-Joseph Proudhon","1876","book","1","1","0","0","0","0","0","0","","property","2020cprize-32"
"What Is the Relationship between Urban Heat Islands and Segregation?","Housing Matters","2019","website","1","0","0","1","0","0","0","0","","heat, urban","2022cprize-05"
"What Is the Worth of Water?","Steve Cimino","2018","article","1","1","0","0","0","0","0","0","","water","2020cprize-23"
"What It's Like to Live or Work in a Net-Zero Building","","2018","article","1","1","0","0","0","0","0","0","","building","2020cprize-23"
"What the Courage to Change History Looks Like","William Barber; Cornel West; et al.","2020","article","1","0","1","0","0","0","0","0","change","history, change","2021cprize-52"
"What the Twilight Says","Derek Walcott","1998","book","1","1","0","0","0","0","0","0","","","2020cprize-61"
"What to Save? Climate Change Forces Brutal Choices at National Parks","Zoë Schlanger","2021","article","1","0","0","0","1","0","0","0","climate, change","climate, change","2023cprize-15"
"What Will The Climate Feel Like in 60 Years?","","","website","1","1","0","0","0","0","0","0","climate","climate","2020cprize-66"
"What Would A Non-Sexist City Be Like?","Dolores Hayden","2000","chapter","1","1","0","0","0","0","0","0","","city","2020cprize-49"
"What Would a Non-sexist City be Like? Speculations on Housing, Urban Design and Human Work","Dolores Hayden","1980","article","1","1","0","0","0","0","0","0","human","human, house, city, urban, design","2020cprize-54"
"What You Don't See","Brent Sturlaugson","2018","article","1","1","0","0","0","0","0","0","","","2020cprize-46"
"What's So New About New Municipalism?","Matthew Thompson","2020","article","1","0","1","0","0","0","0","0","","","2021cprize-17"
"When All Is Ruin Once Again","Keith Walsh","2019","film","1","0","1","0","0","0","0","0","","","2021cprize-60"
"When Driving Is Not an Option: Steering Away from Car Dependency","Anna Zivarts","2024","book","1","0","0","0","0","0","0","1","","","2026cprize-46"
"When Economic Growth is No Longer the Norm: Teaching Urban Design in a Time of Transformation","S. Shetty; A. Luescher","2010","article","1","0","0","1","0","0","0","0","economic","economy, growth, urban, design","2022cprize-05"
"When Manhattan was Manahatta: A Stroll Through the Centuries","Michael Kimmelman; Eric Sanderson","2020","article","1","0","1","0","0","0","0","0","","","2021cprize-27"
"When Surplus Enjoyment Meets Surplus Value","Alenka Zupančič","","article","1","0","0","0","1","0","0","0","","","2023cprize-03"
"When the Next Hurricane Hits Texas","Roy Scranton","","article","1","0","0","0","0","0","1","0","texas","","2025cprize-06"
"When the Things We Study Respond to Each Other","Anna L. Tsing","2019","chapter","1","0","0","1","0","0","0","0","","","2022cprize-04"
"Where Has All the Water Gone?","Maude Barlow","2007","chapter","1","1","0","0","0","0","0","0","","water","2020cprize-25"
"Where is Home?: Housing for low-Income People After the 2005 Hurricanes","S. Crowley","2006","chapter","1","0","1","0","0","0","0","0","","house","2021cprize-63"
"Where Is the Oil in Modernism?","Joshua Schuster","","chapter","1","1","0","0","0","0","0","0","","oil","2020cprize-25"
"Where Texas Meets the Sea: Corpus Christi & its History","A. Lessoff","","book","1","1","0","0","0","0","0","0","texas","history, sea","2020cprize-06"
"Where the Green Ants Dream","Werner Herzog","1984","other","1","0","0","0","1","0","0","0","","","2023cprize-31"
"Where the Wild Things Were","W. Stolzenburg","2011","book","1","0","0","0","0","1","0","0","","","2024cprize-41"
"Where There Are Mountains: An Environmental History of the Southern Appalachians","Donald Edward Davis","2000","book","1","0","0","0","0","0","0","1","environmental","history","2026cprize-20"
"Where We Want to Live: Reclaiming Infrastructure for a New Generation of Cities","Ryan Gravel","2016","book","1","0","0","0","0","0","1","0","infrastructure","infrastructure","2025cprize-09"
"Where will everyone go?","Abrahm Lustgarten","2020","article","1","0","1","0","0","0","0","0","","","2021cprize-08"
"White and Black Landscapes in Eighteenth-Century Virginia","Dell Upton","1984","article","1","0","0","0","0","1","0","0","","landscape","2024cprize-18"
"White New Orleans Has Recovered from Hurricane Katrina. Black New Orleans Has Not.","Talk Poverty","","article","1","0","1","0","0","0","0","0","","","2021cprize-27"
"White Space: the architecture of institutional racism","Shawhin Roudbari; Germane Barnes; Skye Niles","2021","other","1","0","0","0","0","0","1","0","","space, architecture","2025cprize-31"
"White Utopia/Black Inferno: Life on a Geological Spike","Kathryn Yusoff","2019","article","1","0","1","0","0","0","0","0","","","2021cprize-54"
"Whiteness as Property","Cheryl I. Harris","1993","article","1","1","0","0","0","0","0","0","","property","2020cprize-14"
"Who Builds Your Architecture? A Critical Field Guide","Mabel O. Wilson; et al.","2017","other","1","1","0","0","0","0","0","0","critical","critical, architecture","2020cprize-25"
"Who Hears Their Cry? African American Women and the Fight for Environmental Justice","Andrea Simpson","2002","chapter","1","1","0","0","0","0","0","0","environmental, justice","justice","2020cprize-58"
"Who Killed Tulum?","Reeves Wiedeman","2019","article","1","0","0","0","1","0","0","0","","","2023cprize-15"
"Who Lit This Fire? Approaching the History of the Fossil Economy","Andreas Malm","2016","article","1","0","0","0","0","0","1","0","economic","economy, history","2025cprize-35"
"Who's Afraid of Atmospheres (And of Their Authority)?","Tonino Griffero","2014","article","1","1","0","0","0","0","0","0","","","2020cprize-61"
"Whole Earth Discipline: Why Dense Cities, Nuclear Power, Transgenic Crops, Restored Wildlands, and Geoengineering Are Necessary","Stewart Brand","2010","book","1","0","0","0","0","1","0","0","","earth","2024cprize-39"
"WholeLife-cycle Costing: Risk and Risk Responses","Halim A. Boussabaine; Richard J. Kirkham","2004","book","1","0","0","0","0","0","1","0","","risk","2025cprize-11"
"Wholesale Urbanism: Selling the Dream of Urbanity in the American West","Michael Jenson","2007","article","1","0","1","0","0","0","0","0","","","2021cprize-48"
"Whose City Is it? Globalization and the Formation of New Claims","Saskia Sassen","","chapter","1","1","0","0","0","0","0","0","","city","2020cprize-44"
"Whose culture has capital? A critical race theory discussion of community cultural wealth","T. J. Yosso","2005","article","1","0","0","0","0","0","1","0","critical, community","critical, theory, culture, race","2025cprize-19"
"Whose Names are Unknown: A Novel","S. Babb","2004","book","1","0","1","0","0","0","0","0","","","2021cprize-04"
"Why #BlackLivesMatter Should Transform the Climate Debate","Naomi Klein","2014","article","1","0","0","0","1","0","0","0","climate","climate","2023cprize-14"
"Why America's New Apartment Buildings All Look the Same","Justin Fox","2019","website","1","1","0","0","0","0","0","0","","","2020cprize-57"
"Why an East Harlem Street is 31 Degrees Hotter than Central Park West","John Leland","","article","1","0","0","1","0","0","0","0","","park","2022cprize-02"
"Why Architecture Critics Must Ask about Embodied Energy","Fred Bernstein","2019","article","1","1","0","0","0","0","0","0","energy","energy, embodied, architecture","2020cprize-07"
"Why Birds Do What They Do","Jenny Odell","","article","1","0","0","0","0","1","0","0","","","2024cprize-01"
"Why Cities","C40","","website","1","0","1","0","0","0","0","0","","","2021cprize-22"
"Why Degrowth Shouldn't Scare Businesses","Thomas Roulet; Joel Bothello","","article","1","0","1","0","0","0","0","0","","","2021cprize-44"
"Why Information Grows: The Evolution of Order, from Atoms to Economies","Cesar Hidalgo","2017","book","1","1","0","0","0","0","0","0","","","2020cprize-26"
"Why It Matters How We Frame the Environment","G. Lakoff","2010","article","1","0","1","0","0","0","0","0","environmental","","2021cprize-04"
"Why Libraries May Never Stop Being People Places","K. Jacobs","2022","article","1","0","0","0","0","0","0","1","","","2026cprize-53"
"Why Rare Earths Are the Key to Just about Everything","Christina Lu","2021","article","1","0","0","0","0","1","0","0","","","2024cprize-39"
"Why Sustainable Infrastructure Is a Critical Part of Rebuilding the Post-COVID Economy","Thierry Déau","2020","article","1","0","1","0","0","0","0","0","sustainable, infrastructure, critical, economic","economy, infrastructure, critical, sustainability","2021cprize-29"
"Why the Buildings Sector","Architecture 2030","","article","1","0","1","0","0","0","0","0","","","2021cprize-27"
"Widening understanding of low embodied impact buildings: Results and recommendations from 80 multi-national quantitative and qualitative case studies","Alice M. Moncaster; Freja Nygaard Rasmussen; Tove Malmqvist; Aoife Houlihan Wiberg; Harpa Birgisdottir","2019","article","1","0","0","0","0","0","0","1","impact","embodied","2026cprize-12"
"Wilderness and the American Mind, 4th ed.","Roderick Nash","2001","book","1","0","0","0","0","0","0","1","","","2026cprize-14"
"Wilderness Nation: The Myth of Nature in Canadian Architecture","Elsa Lam","2008","article","1","0","0","0","1","0","0","0","nature","architecture","2023cprize-15"
"Wilderness, Wasteland, Garden (in Wasteland: A History)","Vittoria di Palma","2014","chapter","1","0","0","0","1","0","0","0","","history","2023cprize-17"
"Wildland-Urban Interface (WUI) mapping and risk assessment","United States Forest Service","2020","report","1","0","0","0","0","0","0","1","","map, risk, urban","2026cprize-24"
"Wind and Power in the Anthropocene","Dominic Boyer; Cymene Howe","","book","1","0","1","0","0","0","0","0","","anthropocene","2021cprize-02"
"Wind on Land","Robert L. Thayer","1988","article","1","0","0","0","1","0","0","0","","land","2023cprize-17"
"Wind Towers: Architecture, Climate and Sustainability","Mehdi N. Bahadori; Alireza Dehghani-sanij; Ali Sayigh","2014","book","1","0","0","0","0","1","0","0","climate, sustainable","climate, sustainability, architecture","2024cprize-37"
"Wind-Based Parametric Design in the Changing Climate","Lenka Kabošová; Dušan Katunský; Stanislav Kmet","2020","article","1","0","0","0","0","1","0","0","climate","climate, design","2024cprize-37"
"Winter: Images of Contemporary Chilean Architecture","García, Rubén","2020","book","1","0","0","0","0","0","0","1","","architecture","2026cprize-51"
"With Mass Timber and the Scandinavian Effect, Jennifer Bonner and Hanif Kara Speculate How Wood Might Recapture the American Architectural Imagination","Travis Dagenais","2020","website","1","0","0","1","0","0","0","0","","speculate, timber","2022cprize-21"
"Within The Limits Of Scarcity","B. Ascher; I. N. Ferrera; M. Klein","2014","book","1","0","0","0","0","0","1","0","","","2025cprize-15"
"Without Offending Humans: A Critique of Animal Rights","Élisabeth De Fontenay","2014","chapter","1","0","1","0","0","0","0","0","","","2021cprize-61"
"Woman on the Edge of Time","Marge Piercy","1975","book","1","0","0","0","1","0","0","0","","","2023cprize-04"
"Woman, Water, Freedom: Climate Justice, Women's Liberation, and Territorial Sovereignty in Iran-Iraq Borderlands","Ghazal Jafari","2024","article","1","0","0","0","0","0","1","0","climate, justice","water, climate, justice","2025cprize-35"
"Women [Re]Build: Stories, Polemics, Futures","Franca Trubiano; Ramona Adlkaha; Ramune Bartuskaite","2019","book","1","0","1","0","0","0","0","0","","build","2021cprize-26"
"Women on Wheels for a Better Quality of Life","Samia Ebrahiem","2017","other","1","0","0","1","0","0","0","0","","","2022cprize-31"
"Women's Environmental Rights: A Manifesto","Leslie Kanes Weisman","2000","chapter","1","1","0","0","0","0","0","0","environmental","","2020cprize-54"
"Women's Work: An Eco-Feminist Approach to Environmental Design","N. Claire Napawan; Ellen Burke; Sahoko Yui","2017","article","1","1","0","0","0","0","0","0","environmental","design","2020cprize-49"
"Wonders Never Cease: Descartes's Meteores and the Rainbow Fountain","Simon Werrett","2001","article","1","0","0","0","1","0","0","0","","","2023cprize-17"
"Wood and human stress in the built indoor environment","M. D. Burnard; A. Kutnar","2015","article","1","0","0","0","0","0","0","1","environmental, human","human","2026cprize-62"
"Wood: Material-Specific Data","","","website","1","0","0","0","0","1","0","0","material, data","material, data","2024cprize-04"
"Woodland Park, Michigan (1921- )","R. J. Stephens","2014","website","1","0","0","1","0","0","0","0","","park","2022cprize-23"
"Work as the Struggle against Entropy in the Anthropocene","Bernard Stiegler","2018","article","1","1","0","0","0","0","0","0","","anthropocene","2020cprize-67"
"Worker Rebellion and the Problems of Worker Solidarity","Thomas Keil; Jacqueline M. Keil","2015","chapter","1","0","1","0","0","0","0","0","","","2021cprize-54"
"Working & Learning","Holly Jean Buck","2019","chapter","1","0","0","1","0","0","0","0","","","2022cprize-04"
"Working Public Architecture","L. Samuels","2010","article","1","1","0","0","0","0","0","0","","public, architecture","2020cprize-15"
"Works of Francis Kere","Francis Kere","","website","1","0","0","0","0","0","0","1","","","2026cprize-39"
"Works of Mariam Kamara","Mariam Issoufou","","website","1","0","0","0","0","0","0","1","","","2026cprize-39"
"Workshop Summary","","2022","report","1","0","0","0","0","0","0","1","","","2026cprize-50"
"World Migrants as a Collective before the Response of Space Designers","R. González","2019","article","1","0","1","0","0","0","0","0","world","world, space","2021cprize-12"
"World Resources Institute","","","website","1","1","0","0","0","0","0","0","world, resource","resource, world","2020cprize-12"
"World Vegetable Center","","","website","1","1","0","0","0","0","0","0","world","world","2020cprize-12"
"World Wide Fund for Nature (WWF)","","","website","1","1","0","0","0","0","0","0","world, nature","world","2020cprize-12"
"Worldbuilding in Science Fiction: Foresight and Design","Leah Zaidi","2019","article","1","0","1","0","0","0","0","0","science","science, design","2021cprize-56"
"Worlding. Energy. Transitions.","Billy Fleming; Rania Ghosn","2024","article","1","0","0","0","0","0","0","1","energy","energy","2026cprize-55"
"Worlds in the Making: The Evolution of the Universe","Svante Arrhenius","1908","book","1","0","1","0","0","0","0","0","","","2021cprize-47"
"WPA 2.0: Working Public Architecture","Dana Cuff","2009","article","1","0","0","0","0","1","0","0","","public, architecture","2024cprize-20"
"Wren's St. Paul's: Solomon's Temple of the New Jerusalem","S. Padget","2005","chapter","1","1","0","0","0","0","0","0","","","2020cprize-30"
"Wristify","Embr Labs","","other","1","1","0","0","0","0","0","0","","","2020cprize-33"
"Writing Architectural History: Evidence and Narrative in the Twenty-First Century","Michael Osman","2021","book","1","0","0","0","0","0","1","0","","history","2025cprize-32"
"Writing Los Angeles: A Literary Anthology","David Ulin","","book","1","0","0","0","0","0","1","0","","","2025cprize-36"
"Writing-in-Action: Preliminary Results from a New Method of Teaching Technical Writing","Christopher L. Cosper","2021","other","1","0","0","0","1","0","0","0","","technology, technical","2023cprize-10"
"Writing-in-Action: Teaching Technical Writing through the Lens of the Reflective Practitioner","Christopher L. Cosper","2019","other","1","0","0","0","1","0","0","0","","technology, technical","2023cprize-10"
"Writings on Cities","Henri Lefebvre","1996","book","1","1","0","0","0","0","0","0","","","2020cprize-27"
"X-Ray Architecture: The Tuberculosis Effect","Beatriz Colomina","2015","article","1","0","0","0","1","0","0","0","","architecture","2023cprize-15"
"Yale University Art Gallery refused to display a tribal elder's offering to an artist in his new show","","","website","1","0","0","0","0","1","0","0","","","2024cprize-03"
"Yasmeen Lari: Architecture for the Future","Angelika Fitz; Elke Krasny; Marvi Mazhar","2023","book","1","0","0","0","1","0","0","0","future","architecture, future","2023cprize-40"
"Yes In My Backyard","Karen Chapple; et al.","2012","report","1","0","1","0","0","0","0","0","","","2021cprize-33"
"Young-old: urban utopias of an aging society","D. Simpson","2015","book","1","0","0","0","0","0","1","0","society","social, urban","2025cprize-12"
"Your Place and/or My Place? (in Transcultural Cities: Border-Crossing and Placemaking)","Jeffrey Hou","2013","chapter","1","0","0","0","1","0","0","0","","place","2023cprize-26"
"Your Sea Wall Won't Save You","Lizzie Yarina","2018","article","1","0","0","0","0","0","1","0","","sea","2025cprize-18"
"ZEMCH: Toward the Delivery of Zero Energy Mass Custom Homes","M. Noguchi","2016","book","1","0","1","0","0","0","0","0","energy","energy","2021cprize-42"
"Zero Code Energy Calculator","Architecture 2030","2019","website","1","0","1","0","0","0","0","0","energy","energy","2021cprize-58"
"Zero Emission Neighbourhoods In Smart Cities: Definition, Assessment Criteria and Key Performance Indicators, Version 5.0","M.R.K. Wiik; S. Homaei; S.K. Lien; I. Sartori; S. Meland; H. Karlsson; A. Ekambaram","2024","report","1","0","0","0","0","0","0","1","","performance","2026cprize-12"
"Zero House: Zero Carbon, Zero Net Energy, Zero Toxin, Zero Waste Prefab Home","Endeavour Centre; Ryerson University","2017","report","1","0","0","0","0","0","0","1","energy, carbon","energy, house, waste, carbon","2026cprize-50"
"Zoe Leonard: Al Rio / to the River","","2022","book","1","0","0","0","1","0","0","0","","river","2023cprize-31"
"Zollverein School Building: Active Thermal Insulation","SANAA","2008","website","1","0","1","0","0","0","0","0","","building","2021cprize-09"
"Ética para una vivienda digna: el hábitat humano en función de las condiciones de sus usuarios","R. Gonzalez","2012","book","1","0","1","0","0","0","0","0","","","2021cprize-12"
