lemma,surface_forms,corpus_count,2020,2021,2022,2023,2024,2025,2026
build,"built, building, build, builds",1430,297,294,146,151,184,100,258
include,"including, include, includes, included",1261,250,182,98,169,165,137,260
develop,"develop, developed, developing, develops",1246,256,216,109,125,201,120,219
work,"working, work, worked, works, wrought",856,193,139,89,114,113,75,133
base,"based, base",836,137,138,75,81,93,89,223
focus,"focused, focuses, focus, focusing",785,130,129,66,90,102,108,160
teach,"taught, teaching, teaches, teach",735,156,149,83,67,87,36,157
address,"address, addressing, addresses, addressed",716,119,130,82,64,96,95,130
explore,"explore, exploring, explores, explored",678,120,139,63,74,106,65,111
engage,"engage, engaged, engaging, engages",654,94,85,72,65,77,84,177
design,"design, designed, designing, designs",632,118,126,58,73,88,45,124
provide,"provide, provides, providing, provided",622,123,134,63,94,75,56,77
propose,"proposed, propose, proposes, proposing",596,127,93,67,68,68,48,125
create,"create, creating, created, creates",586,115,116,66,56,76,69,88
support,"support, supported, supporting, supports",565,93,74,44,67,58,60,169
integrate,"integrated, integrating, integrate, integrates",466,59,60,31,42,46,61,167
offer,"offer, offered, offers, offering",464,98,75,52,36,62,45,96
understand,"understand, understanding, understood, understands",461,102,76,63,60,35,40,85
serve,"serve, served, serves, serving",447,82,65,40,55,63,44,98
learn,"learning, learn, learned, learns, learnt",443,82,88,40,41,53,37,102
lead,"led, leading, lead, leads",431,80,60,42,47,59,34,109
exist,"existing, exist, exists, existed",404,88,57,41,39,52,27,100
require,"required, requires, require, requiring",365,78,89,33,39,24,27,75
examine,"examine, examines, examining, examined",347,81,48,20,36,32,37,93
relate,"related, relate, relates, relating",337,91,81,21,36,41,27,40
consider,"consider, considering, considered, considers",333,86,60,27,26,59,37,38
write,"writing, write, written, wrote, writes",332,72,58,46,43,23,29,61
become,"become, becoming, becomes, became",329,76,75,36,35,39,17,51
present,"presented, present, presents, presenting",325,63,56,37,45,45,40,39
bring,"brings, bring, bringing, brought",320,70,55,40,40,37,36,42
produce,"produce, produced, producing, produces",319,57,40,42,37,34,23,86
receive,"received, receive, receiving, receives",308,76,67,34,31,30,27,43
need,"need, needed, needs, needing",283,74,67,35,32,33,21,21
hold,"holds, held, hold, holding",278,60,31,29,33,37,28,60
contribute,"contribute, contributed, contributing, contributes",273,50,48,23,28,31,34,59
identify,"identify, identified, identifying, identifies",267,46,50,30,34,29,33,45
allow,"allow, allows, allowing, allowed",264,57,41,22,31,38,30,45
shape,"shape, shaped, shaping, shapes",262,50,29,19,19,29,23,93
see,"see, seen, seeing, saw, sees",257,58,62,17,22,41,22,35
begin,"begin, beginning, began, begins, begun",253,64,24,23,27,56,24,35
help,"help, helps, helped, helping",253,58,65,21,36,25,27,21
introduce,"introduced, introduce, introduces, introducing",251,36,43,22,28,41,17,64
expand,"expand, expanding, expanded, expands",248,48,48,26,28,29,20,49
share,"shared, share, sharing, shares",245,29,32,36,36,27,29,56
follow,"following, followed, follow, follows",245,52,40,17,36,26,25,49
select,"selected, select, selecting",245,39,39,27,21,33,33,53
inform,"inform, informed, informs, informing",244,38,29,16,34,26,25,76
ask,"asked, ask, asks, asking",243,45,52,37,20,22,18,49
change,"changing, change, changed, changes",241,63,41,25,21,35,30,26
study,"study, studying, studied, studies",240,40,35,26,35,33,27,44
continue,"continue, continues, continued, continuing",239,41,33,24,25,49,27,40
establish,"established, establish, establishing, establishes",236,49,39,23,23,29,28,45
live,"living, live, lived, lives",229,47,43,21,23,32,19,44
apply,"applied, apply, applying, applies",223,35,29,16,33,28,25,57
advance,"advance, advancing, advances, advanced",222,24,23,15,13,48,20,79
look,"look, looking, looks, looked",221,46,46,23,27,31,24,24
investigate,"investigate, investigates, investigating, investigated",221,42,42,21,19,21,18,58
emerge,"emerging, emerge, emerged, emerges",219,49,42,19,22,31,13,43
aim,"aims, aim, aiming, aimed",215,35,42,24,12,47,34,21
draw,"drawing, draw, drawn, draws, drew",209,37,25,19,21,39,22,46
reduce,"reduce, reducing, reduced, reduces",208,30,53,11,14,21,26,53
publish,"published, publish, publishing, publishes",208,53,41,21,30,9,25,29
think,"think, thinking, thought, thinks",207,50,35,18,19,21,28,36
represent,"represents, represent, representing, represented",206,41,29,12,31,24,19,50
seek,"seeks, seek, seeking, sought",206,56,29,22,29,30,17,23
involve,"involved, involving, involve, involves",203,51,30,17,35,23,26,21
define,"define, defined, defining, defines",203,56,36,13,35,14,15,34
recognize,"recognized, recognize, recognizing, recognizes",199,40,28,21,21,30,19,40
enable,"enable, enables, enabled, enabling",196,28,32,13,10,48,21,44
connect,"connect, connecting, connected, connects",190,40,31,14,28,19,10,48
drive,"driven, driving, drive, drives",190,19,15,13,16,26,35,66
organize,"organized, organize, organizing, organizes",186,37,19,20,37,17,17,39
demonstrate,"demonstrate, demonstrated, demonstrating, demonstrates",185,31,26,11,16,8,31,62
challenge,"challenges, challenge, challenged, challenging",184,50,26,26,14,15,17,36
face,"facing, face, faced, faces",184,45,33,11,10,29,10,46
analyze,"analyze, analyzing, analyzed, analyzes",179,22,23,16,24,26,25,43
respond,"respond, responds, responding, responded",179,25,36,13,16,22,17,50
find,"find, found, finding, finds",177,37,33,23,33,18,14,19
prepare,"prepare, preparing, prepares, prepared",174,34,28,10,19,9,26,48
embody,"embodied, embody, embodies, embodying",171,25,20,13,18,15,19,61
know,"known, know, knowing, knows, knew",166,39,36,22,16,22,16,15
increase,"increasing, increased, increase",157,30,29,11,26,29,14,18
conduct,"conduct, conducted, conducting, conducts",156,25,19,16,35,17,14,30
affect,"affect, affected, affecting, affects",155,29,37,22,18,17,13,19
grow,"growing, grow, grown, grew, grows",155,34,27,16,16,30,10,22
incorporate,"incorporate, incorporating, incorporates, incorporated",154,30,33,14,13,23,20,21
imagine,"imagine, imagining, imagined, imagines",153,30,15,14,16,46,20,12
meet,"meet, meets, meeting, met",153,44,28,13,27,15,12,14
generate,"generate, generated, generating, generates",152,36,20,10,21,14,15,36
emphasize,"emphasizes, emphasizing, emphasize, emphasized",151,17,8,3,6,22,39,56
construct,"constructed, construct, constructing, constructs",150,25,30,20,10,26,16,23
combine,"combined, combining, combine, combines",150,25,23,16,12,21,10,43
encourage,"encourage, encouraged, encourages, encouraging",149,39,28,8,7,27,20,20
submit,"submitted, submit, submitting, submits",149,29,34,8,27,9,11,31
participate,"participate, participating, participated, participates",147,29,28,11,21,22,16,20
operate,"operate, operates, operating, operated",146,20,22,10,15,13,7,59
visit,"visiting, visit, visited, visits",145,27,27,19,25,17,6,24
move,"move, moving, moves, moved",143,26,27,20,16,22,9,23
impact,"impact, impacted, impacting, impacts",142,31,25,16,21,24,15,10
complete,"completed, complete, completing, completes",141,29,42,9,14,12,15,20
guide,"guided, guide, guiding, guides",140,24,23,7,25,17,15,29
award,"awarded, awarding",138,38,21,23,19,12,10,15
invite,"invited, invite, invites, inviting",135,37,19,13,15,19,10,22
align,"aligns, aligned, align, aligning",134,15,14,5,9,19,28,44
test,"test, tested, testing, tests",133,23,19,14,17,16,10,34
discuss,"discuss, discussed, discussing, discusses",133,30,29,29,15,13,10,7
reflect,"reflect, reflects, reflecting, reflected",132,23,19,17,14,13,17,29
center,"centered, centering, center, centers",131,14,17,9,11,20,11,49
evaluate,"evaluate, evaluated, evaluating, evaluates",129,19,17,6,13,8,16,50
utilize,"utilizing, utilize, utilized, utilizes",128,35,29,6,20,23,8,7
play,"play, plays, played, playing",127,26,35,14,16,12,11,13
call,"called, calls, call, calling",127,32,34,17,8,16,6,14
believe,"believe, believes, believed",126,29,17,9,14,25,14,18
improve,"improve, improving, improved, improves",125,23,42,4,13,5,15,23
found,"founding, founded",125,31,12,25,13,13,15,16
ground,"grounded, ground, grounding, grounds",124,14,15,5,9,14,12,55
implement,"implement, implemented, implementing, implements",121,23,20,14,13,17,12,22
transform,"transform, transforming, transformed, transforms",120,24,18,11,10,17,8,32
evolve,"evolving, evolve, evolved, evolves",120,22,21,11,12,18,14,22
promote,"promote, promoting, promotes, promoted",120,21,14,17,10,20,22,16
collaborate,"collaborate, collaborating, collaborated, collaborates",119,21,21,7,11,25,17,17
situate,"situated, situate, situating, situates",119,15,14,8,14,9,8,51
embed,"embedded, embedding, embed",118,18,11,11,11,10,11,46
form,"form, formed, forming, forms",118,29,17,18,14,13,10,17
join,"joining, joined, join, joins",118,23,18,16,13,16,10,22
foster,"foster, fostering, fosters, fostered",116,16,18,5,5,20,32,20
position,"positioned, positioning, position, positions",115,23,7,7,9,6,7,56
link,"linked, linking, link, links",115,23,18,8,6,12,11,37
choose,"chosen, choose, choosing, chose, chooses",113,24,24,8,11,15,13,18
review,"reviewed, review, reviews, reviewing",113,25,25,7,8,15,8,25
adapt,"adapt, adapting, adapted, adapts",112,28,20,8,13,16,9,18
result,"resulting, result, resulted, results",112,15,18,15,18,18,13,15
win,"winning, won, win, wins",112,29,18,12,9,17,10,17
practice,"practicing, practiced, practice, practices",109,27,24,15,10,11,8,14
run,"run, running, runs, ran",106,23,25,8,12,20,6,12
plan,"plan, planning, planned, plans",105,25,20,8,20,7,12,13
start,"start, starting, started, starts",104,30,23,11,9,10,7,14
frame,"framed, framing, frame, frames",103,16,8,13,9,9,5,43
enhance,"enhance, enhancing, enhanced, enhances",103,16,15,10,7,10,21,24
set,"set, setting, sets",102,19,17,11,17,14,13,11
envision,"envision, envisioning, envisioned, envisions",101,20,12,10,7,32,11,9
translate,"translate, translating, translated, translates",101,4,6,6,7,5,13,60
reveal,"reveal, reveals, revealing, revealed",100,18,15,12,11,10,4,30
mean,"means, mean, meaning, meant",99,28,24,10,9,10,5,13
show,"show, shows, shown, showing, showed",98,24,14,7,9,16,8,20
locate,"located, locate, locating, locates",98,22,13,10,16,17,6,14
remain,"remain, remains, remaining, remained",96,20,16,7,16,7,6,24
research,"research, researching, researched, researches",96,11,9,16,15,16,7,22
leverage,"leverage, leveraging, leverages, leveraged",96,16,20,11,17,13,9,10
read,"reading, read, reads",94,13,14,13,6,14,11,23
associate,"associated, associate",94,23,26,10,10,12,4,9
extend,"extend, extends, extended, extending",94,16,13,2,13,12,5,33
gain,"gain, gained, gaining, gains",94,18,16,9,7,18,12,14
achieve,"achieve, achieving, achieved, achieves",94,16,20,15,16,5,14,8
ensure,"ensure, ensuring, ensures, ensured",93,10,7,6,4,8,15,43
shift,"shifting, shift, shifted, shifts",91,21,13,3,13,10,9,22
document,"document, documenting, documented, documents",91,14,7,10,8,8,9,35
describe,"described, describe, describes, describing",90,23,23,13,13,8,2,8
experience,"experience, experienced, experiencing, experiences",89,15,13,14,5,23,6,13
inspire,"inspired, inspire, inspiring, inspires",87,18,15,7,13,9,13,12
place,"placed, place, places, placing",86,17,15,6,11,8,10,19
mitigate,"mitigate, mitigating, mitigates, mitigated",86,18,16,10,15,9,9,9
fund,"funded, fund, funding",85,25,15,3,10,6,9,17
approach,"approach, approaches, approached, approaching",85,17,9,9,11,18,8,13
assign,"assigned, assign, assigning",84,14,37,2,9,8,4,10
fall,"fall, falls, falling, fallen",83,19,20,5,3,26,4,6
rise,"rising, rise, risen, rose, rises",81,18,14,14,9,9,6,11
assess,"assess, assessing, assessed, assesses",81,13,20,8,10,7,6,17
structure,"structured, structure, structuring, structures",81,14,7,8,10,9,5,28
recommend,"recommend, recommended, recommending, recommends",81,14,19,7,7,6,8,20
reimagine,"reimagine, reimagining, reimagined, reimagines",81,10,6,6,10,6,22,21
surround,"surrounding, surrounded, surrounds, surround",80,21,17,9,6,7,8,12
accord,according,80,14,20,6,8,19,5,8
contact,"contact, contacting, contacted",79,20,19,10,9,5,4,12
exhibit,"exhibited, exhibit, exhibits, exhibiting",79,22,9,14,7,7,6,14
maintain,"maintain, maintaining, maintained, maintains",79,18,17,8,6,10,3,17
empower,"empower, empowering, empowers, empowered",79,11,13,16,6,14,12,7
reach,"reach, reaching, reaches, reached",78,23,18,8,5,10,7,7
expose,"exposed, expose, exposing, exposes",78,16,9,6,11,12,7,17
map,"map, mapping, mapped, maps",78,15,19,5,9,8,7,15
expect,"expected, expect, expects",77,5,34,9,7,4,6,12
confront,"confront, confronting, confronts, confronted",76,15,8,12,2,7,7,25
treat,"treating, treated, treats, treat",76,3,3,1,3,0,3,63
feel,"feel, felt, feels, feeling",76,20,11,7,11,9,4,14
highlight,"highlight, highlighting, highlights, highlighted",75,13,9,10,4,11,14,14
direct,"directed, directs, directing, direct",75,12,16,11,8,9,6,13
determine,"determine, determined, determining, determines",74,25,17,7,8,8,4,5
deliver,"deliver, delivered, delivering, delivers",74,18,20,1,8,3,6,18
act,"act, acting, acted, acts",74,12,17,18,8,6,6,7
travel,"travel, travelling, traveling, travels, traveled, travelled",74,13,7,13,17,8,2,14
intend,"intended, intends, intend",73,17,7,12,12,5,12,8
strengthen,"strengthen, strengthening, strengthens, strengthened",73,3,7,6,5,5,9,38
rethink,"rethink, rethinking",72,18,11,9,6,8,15,5
foreground,"foreground, foregrounds, foregrounding, foregrounded",72,11,7,4,5,8,5,32
visualize,"visualize, visualizing, visualized, visualizes",71,12,9,4,7,11,4,24
title,titled,70,12,15,4,9,10,10,10
earn,"earned, earning, earn",70,10,16,9,4,8,11,12
manage,"managed, manage, managing, manages",70,12,12,7,14,9,4,12
pursue,"pursue, pursuing, pursued, pursues",69,20,11,10,5,6,4,13
add,"adding, add, added, adds",69,18,19,7,8,7,4,6
equip,"equips, equipped, equip, equipping",69,4,6,6,4,11,14,24
range,"ranging, range, ranges, ranged",68,16,10,7,4,9,9,13
regard,"regarding, regarded",68,14,10,2,8,6,17,11
leave,"left, leaving, leave, leaves",68,16,11,7,11,7,7,9
reinforce,"reinforce, reinforces, reinforcing, reinforced",67,11,10,4,5,3,4,30
cause,"caused, causing, cause, causes",66,13,16,11,8,7,7,4
facilitate,"facilitate, facilitates, facilitating, facilitated",66,12,16,8,3,9,10,8
influence,"influence, influenced, influencing, influences",65,12,14,6,5,8,7,13
project,"projected, project, projecting, projects",65,11,11,5,13,5,4,16
articulate,"articulate, articulated, articulating, articulates",65,19,9,4,4,6,4,19
suggest,"suggests, suggested, suggest, suggesting",65,9,11,17,9,12,1,6
synthesize,"synthesize, synthesizing, synthesizes, synthesized",63,12,6,5,10,5,3,22
divide,"divided, divide, dividing, divides",63,11,10,5,7,6,18,6
express,"express, expressed, expressing, expresses",63,10,6,6,5,12,10,14
rely,"rely, relies, relying, relied",63,17,9,8,3,11,7,8
question,"question, questioning, questions, questioned",62,14,8,13,6,9,3,9
sustain,"sustain, sustained, sustaining, sustains",62,9,10,11,6,6,1,19
cover,"covers, covered, cover, covering",62,11,15,5,11,5,7,8
speculate,"speculate, speculating, speculated, speculates",62,15,12,9,10,6,5,5
prioritize,"prioritize, prioritizing, prioritizes, prioritized",61,5,4,4,10,10,12,16
bridge,"bridge, bridging, bridges, bridged",61,10,7,4,2,7,12,19
lie,"lies, lying, lie, lay",61,15,6,6,3,14,4,13
graduate,"graduated, graduate, graduating",60,15,11,6,6,7,6,9
open,"open, opens, opening, opened",59,14,7,3,10,12,2,11
pose,"posed, pose, poses, posing",59,14,13,6,8,7,5,6
coordinate,"coordinated, coordinates, coordinate, coordinating",59,5,8,3,7,13,9,14
register,"registered, register, registering",59,17,8,10,7,4,4,9
root,"rooted, rooting",58,7,11,0,5,15,9,11
consist,"consist, consists, consisting, consisted",58,7,13,4,13,8,8,5
solve,"solving, solve, solved, solves",57,10,10,10,2,11,7,7
employ,"employ, employs, employed, employing",57,15,10,4,5,7,3,13
press,"pressing, press, pressed",57,11,7,8,4,7,11,9
assist,"assist, assisting, assisted, assists",57,12,13,1,10,5,4,12
raise,"raised, raise, raising, raises",56,13,7,5,8,9,6,8
measure,"measuring, measure, measured",56,5,6,16,12,3,2,12
feature,"featured, feature, featuring, features",56,11,6,6,9,5,5,14
outline,"outlined, outline, outlines, outlining",55,12,9,5,7,6,10,6
thank,thank,55,7,9,3,5,10,8,13
refine,"refine, refined, refining",55,3,8,4,5,7,10,18
orient,"oriented, orient",54,10,13,5,1,9,6,10
distribute,"distributed, distribute, distributing, distributes",54,13,4,9,3,3,6,16
compare,"compare, compared, comparing, compares",53,10,11,5,8,6,1,12
marginalize,marginalized,53,9,9,4,5,5,10,11
put,"put, putting, puts",53,18,11,4,6,3,8,3
cultivate,"cultivate, cultivating, cultivates, cultivated",53,6,6,7,1,6,7,20
commit,"committed, commit, committing, commits",52,15,4,3,7,13,5,5
benefit,"benefit, benefits, benefited, benefiting",52,12,10,3,5,9,4,9
limit,"limited, limiting, limit, limits",52,15,6,2,4,11,5,9
communicate,"communicate, communicating, communicates, communicated",52,12,12,4,3,4,6,11
culminate,"culminating, culminate, culminates, culminated",51,10,4,5,5,6,3,18
hope,"hope, hopes, hoped, hoping",51,14,14,5,7,4,6,1
cool,"cooling, cool, cools",51,6,10,0,8,10,0,17
curate,"curated, curate, curating, curates",50,12,4,6,3,4,5,16
assemble,"assemble, assembling, assembled",50,7,7,5,2,11,8,10
redefine,"redefine, redefining, redefined, redefines",49,10,13,5,11,2,3,5
initiate,"initiated, initiate, initiating, initiates",47,11,9,5,4,3,3,12
dedicate,"dedicated, dedicate, dedicates",47,14,1,5,6,8,4,9
enter,"enter, entering, entered, enters",47,8,8,5,8,7,2,9
model,"modeling, modeled, model, models, modelling, modelled",47,7,8,4,7,6,5,10
hesitate,hesitate,46,15,7,6,3,2,5,8
embrace,"embrace, embraces, embracing, embraced",46,8,9,10,1,5,6,7
concern,"concerned, concern, concerning, concerns",46,18,5,3,5,2,8,5
name,"named, name",46,11,6,4,12,5,1,7
stand,"stands, standing, stand, stood",46,11,5,3,5,3,5,14
list,"listed, listing, lists",46,6,11,0,11,8,5,5
interrogate,"interrogate, interrogating, interrogates, interrogated",45,10,5,5,4,5,5,11
turn,"turn, turning, turned, turns",45,6,9,5,8,6,6,5
illustrate,"illustrate, illustrating, illustrates, illustrated",45,12,6,5,8,4,3,7
bear,"born, bear, borne, bearing, bears",45,8,12,6,7,4,4,4
spend,"spent, spend, spending, spends",45,5,10,4,7,5,4,10
tackle,"tackle, tackling, tackled, tackles",44,10,5,4,8,6,8,3
control,"controlled, control, controlling, controls",44,6,4,9,3,3,3,16
collect,"collected, collect, collecting, collects",44,10,4,9,5,2,3,11
launch,"launched, launch, launching",44,20,8,3,4,5,3,1
week,week,44,12,0,8,8,0,0,16
interconnect,"interconnected, interconnect",44,5,7,3,3,9,7,10
advocate,"advocate, advocating, advocated, advocates",43,11,7,3,2,7,8,5
encompass,"encompasses, encompassing, encompass, encompassed",43,9,9,4,3,8,2,8
keep,"keep, kept, keeping, keeps",43,10,13,6,4,6,2,2
weave,"weaving, weave, weaves, woven, weaved",42,4,4,2,5,5,4,18
revise,"revised, revise, revising, revises",42,9,11,5,5,1,1,10
educate,"educate, educating, educated, educates",42,19,8,1,4,3,2,5
exemplify,"exemplifies, exemplify, exemplified, exemplifying",42,4,5,3,3,1,5,21
deal,"dealing, deal, dealt, deals",41,9,8,7,5,3,3,6
lecture,"lectured, lectures, lecture",41,8,7,8,3,2,2,11
conceive,"conceived, conceive, conceives, conceiving",41,11,7,7,4,5,2,5
promise,"promises, promising, promise, promised",41,5,8,1,6,9,6,6
exacerbate,"exacerbated, exacerbating, exacerbate, exacerbates",41,9,4,5,3,7,7,6
anticipate,"anticipate, anticipated, anticipating, anticipates",41,16,6,1,6,3,3,6
perform,"perform, performing, performed, performs",41,5,10,3,7,7,1,8
alter,"altered, alter, altering, alters",40,6,6,4,4,7,5,8
speak,"speak, speaks, speaking, spoke, spoken",40,13,6,6,4,4,3,4
accept,"accepted, accept, accepting, accepts",40,8,15,4,3,2,2,6
happen,"happen, happens, happening, happened",40,12,6,0,9,6,5,2
protect,"protect, protected, protecting, protects",40,15,6,3,2,3,2,9
carry,"carry, carried, carries, carrying",40,10,6,5,6,6,1,6
occur,"occur, occurred, occurs, occurring",40,15,6,1,5,6,3,4
pair,"paired, pairing, pairs, pair",40,3,5,5,1,13,1,12
render,"rendering, render, rendered, renders",39,6,7,4,3,7,1,11
specialize,"specializing, specializes, specialized",39,7,5,8,3,7,3,6
comprise,"comprised, comprise, comprises, comprising",39,12,5,3,6,5,3,5
preserve,"preserve, preserving, preserved, preserves",39,7,4,9,3,4,2,10
showcase,"showcasing, showcase, showcased, showcases",39,4,4,0,4,12,14,1
value,"valued, value, valuing, values",38,9,5,6,2,5,4,7
craft,"crafted, craft, crafting",38,9,5,1,5,7,5,6
acknowledge,"acknowledge, acknowledges, acknowledging, acknowledged",38,7,8,4,5,4,2,8
explain,"explain, explaining, explains, explained",38,10,10,1,8,3,3,3
occupy,"occupy, occupied, occupies, occupying",38,11,8,6,3,2,1,7
gather,"gather, gathered, gathering, gathers",38,3,8,2,6,2,8,9
want,"want, wants, wanted, wanting",37,10,3,6,5,9,1,3
accelerate,"accelerating, accelerate, accelerated, accelerates",37,7,8,6,4,1,1,10
tie,"tied, tying, ties, tie",37,7,9,2,2,4,3,10
contain,"contains, contain, containing, contained",37,9,10,5,6,3,1,3
architecture,"architecture, architectures",36,12,8,3,4,4,1,4
push,"push, pushing, pushes, pushed",36,9,12,8,2,1,1,3
force,"forced, forcing, force, forces",36,9,6,0,9,5,2,5
undertake,"undertake, undertaken, undertaking, undertakes, undertook",36,11,7,2,8,6,0,2
entitle,entitled,36,7,12,2,6,2,3,4
reframe,"reframe, reframing, reframes, reframed",36,10,3,1,2,6,0,14
intertwine,"intertwined, intertwining",36,5,1,2,6,10,6,6
interact,"interact, interacting, interacts, interacted",36,5,6,4,8,3,2,8
attend,"attend, attended, attending, attends",36,10,8,5,4,2,4,3
trace,"trace, tracing, traces, traced",35,12,4,1,2,2,3,11
navigate,"navigate, navigating, navigated, navigates",35,2,5,1,9,6,6,6
certify,"certified, certify",35,6,9,5,3,4,3,5
endorse,"endorse, endorsed",35,3,4,4,3,2,6,13
train,"trained, train, trains, training",35,8,5,5,3,5,1,8
adopt,"adopted, adopting, adopt, adopts",35,6,9,1,0,3,6,10
scale,"scaled, scale, scaling, scales",35,8,5,3,4,4,0,11
deploy,"deploy, deployed, deploys, deploying",35,7,6,2,6,5,3,6
obtain,"obtained, obtain, obtaining",35,3,4,8,6,2,10,2
interpret,"interpret, interpreting, interpreted",35,5,5,3,3,0,6,13
seem,"seems, seem, seemed, seeming",34,13,6,1,6,2,2,4
post,"posted, posting, post",34,3,26,1,0,0,3,1
replace,"replace, replaced, replacing, replaces",34,8,10,1,0,4,2,9
conclude,"conclude, concludes, concluding, concluded",34,5,2,7,7,4,5,4
say,"said, say, saying, says",34,9,8,3,6,3,1,4
mediate,"mediated, mediate, mediating, mediates",34,2,5,2,3,1,3,18
confirm,"confirm, confirmed, confirming",34,7,4,4,5,1,5,8
host,"host, hosted, hosts",34,4,3,2,4,9,6,6
tell,"tell, telling, told, tells",34,6,6,8,7,3,0,4
span,"spans, spanning, span, spanned",34,4,8,1,5,4,4,8
argue,"argues, argue, argued, arguing",34,11,6,2,2,3,3,7
prove,"proven, prove, proved, proving",34,4,9,2,4,2,3,10
observe,"observe, observing, observed",34,1,9,5,3,5,2,9
fail,"failed, fail, failing, fails",33,6,5,3,2,8,1,8
realize,"realize, realized, realizing, realizes",33,4,8,4,2,7,3,5
extract,"extract, extracted, extracting, extracts",33,11,5,6,2,1,1,7
unfold,"unfold, unfolding, unfolds, unfolded",33,7,2,2,4,6,4,8
reconsider,"reconsider, reconsidering, reconsidered, reconsiders",33,3,9,12,0,3,1,5
formulate,"formulate, formulated, formulating",33,5,6,4,6,6,5,1
avoid,"avoid, avoided, avoiding, avoids",33,3,4,2,5,13,3,3
reshape,"reshaping, reshape, reshaped, reshapes",33,5,5,2,1,7,2,11
delve,"delve, delves, delving, delved",32,3,2,2,3,11,11,0
elevate,"elevated, elevate, elevating, elevates",32,10,6,3,1,2,3,7
redesign,"redesign, redesigning, redesigned",32,9,3,4,6,3,3,4
refer,"refers, refer, referring, referred",32,1,6,6,4,8,2,5
merge,"merging, merges, merged, merge",32,3,15,5,1,2,4,2
threaten,"threatened, threatening, threaten, threatens",31,4,4,4,9,3,2,5
disseminate,"disseminate, disseminated, disseminating",31,11,4,2,1,5,1,7
note,"note, noted, noting, notes",31,6,7,5,4,3,2,4
walk,"walking, walk, walks, walked",31,4,7,4,2,4,0,10
grant,"granted, grant, grants",31,9,6,0,6,4,3,3
demand,"demands, demand, demanding, demanded",31,5,7,2,3,2,3,9
broaden,"broaden, broadens, broadening, broadened",31,10,3,3,4,6,3,2
try,"trying, try, tries, tried",30,6,11,5,1,1,2,4
account,"account, accounts, accounted, accounting",30,8,7,2,1,7,1,4
minimize,"minimizing, minimize",30,4,10,2,1,4,7,2
sponsor,"sponsored, sponsoring, sponsor",30,6,10,4,1,4,4,1
couple,"coupled, coupling, couples",30,11,9,1,1,4,2,2
view,"view, viewed, viewing, views",30,5,3,4,5,3,3,7
function,"function, functioning, functioned, functions",30,6,2,2,2,2,1,15
appear,"appeared, appear, appears, appearing",30,8,5,1,5,4,1,6
prototype,"prototyping, prototype, prototyped",30,5,5,8,1,4,0,7
recycle,"recycled, recycling, recycle",30,4,4,3,3,2,7,7
storytelle,storytelling,30,0,1,1,6,13,3,6
combat,"combat, combating, combatting",29,7,2,0,6,6,5,3
capture,"capture, captured, captures, capturing",29,12,4,2,1,3,3,4
end,"end, ending, ends, ended",29,5,6,5,5,2,3,3
acquire,"acquired, acquire, acquiring",29,6,11,2,3,3,2,2
balance,"balance, balancing, balances, balanced",29,7,1,7,2,4,3,5
author,"authored, authoring",29,6,5,1,2,3,5,7
enrich,"enriching, enrich, enriched, enriches",29,2,2,2,1,8,8,6
thrive,"thrive, thriving, thrived, thrives",29,3,3,3,3,6,6,5
compose,"composed, compose",29,2,9,3,4,2,4,5
inhabit,"inhabit, inhabited, inhabiting, inhabits",29,3,6,6,3,4,1,6
finalize,"finalize, finalizing, finalized",29,1,3,2,1,6,3,13
celebrate,"celebrated, celebrate, celebrating, celebrates",28,7,4,5,3,3,4,2
attempt,"attempt, attempts, attempting, attempted",28,10,6,5,2,2,3,0
return,"return, returning, returned, returns",28,6,6,0,2,3,2,9
concentrate,"concentrate, concentrated, concentrates, concentrating",28,3,10,2,2,0,1,10
site,"sited, site, siting",28,5,4,4,4,8,0,3
assume,"assume, assuming, assumed, assumes",28,5,8,1,2,5,1,6
vary,"varying, vary",28,7,8,0,4,6,1,2
critique,"critique, critiquing, critiqued, critiques",28,8,6,3,2,3,2,4
float,"floating, floats, float",28,11,11,5,0,1,0,0
negotiate,"negotiate, negotiating, negotiates, negotiated",27,4,5,5,1,2,2,8
enact,"enact, enacted, enacting",27,3,3,1,4,12,3,1
like,like,27,9,4,2,3,3,2,4
enrol,"enrolled, enrolling",27,3,10,1,6,3,1,3
engineer,"engineered, engineering",27,12,2,0,2,2,4,5
displace,"displaced, displacing, displace, displaces",27,4,9,3,6,0,0,5
sit,"sits, sit, sat",27,4,4,3,4,3,3,6
mark,"marked, marking, mark, marks",27,6,7,1,2,4,2,5
answer,"answer, answering, answers",27,3,8,1,5,8,1,1
arise,"arise, arising, arose, arises",26,7,3,7,2,3,2,2
ignore,"ignore, ignored, ignores, ignoring",26,10,5,2,1,1,1,6
license,"licensed, license",26,3,10,4,3,2,0,4
accommodate,"accommodate, accommodating, accommodates",26,8,4,3,0,1,1,9
secure,"secured, secure, securing, secures",26,6,2,1,3,4,7,3
record,"recorded, record, recording",26,4,6,2,9,1,1,3
discover,"discover, discovered, discovering",25,7,6,5,3,2,1,1
fit,"fits, fit",25,3,2,4,1,5,7,3
characterize,"characterized, characterize, characterizes",25,4,3,0,5,5,4,4
break,"break, breaking, broken, breaks, broke",25,3,4,3,5,8,2,0
designate,"designated, designate, designating, designates",25,5,10,5,1,2,1,1
flow,"flows, flow, flowing",25,6,6,2,2,3,1,5
mention,"mentioned, mention, mentioning",25,2,10,2,2,6,2,1
disrupt,"disrupted, disrupt, disrupting, disrupts",25,3,7,0,4,1,5,5
arrive,"arriving, arrived, arrive, arrives",24,6,4,5,4,1,0,4
appreciate,"appreciate, appreciated, appreciating",24,8,1,1,1,6,6,1
impose,"imposed, impose, imposes, imposing",24,1,5,2,3,7,1,5
overlook,"overlooked, overlooking, overlook",24,2,1,5,4,3,4,5
predict,"predict, predicted, predicts, predicting",24,5,5,2,4,1,3,4
cross,"cross, crossing, crosses, crossed",24,6,3,4,7,0,1,3
invent,"invented, invent, inventing",24,5,5,3,2,3,0,6
amplify,"amplified, amplify, amplifying, amplifies",24,6,3,3,3,4,1,4
intervene,"intervene, intervening",24,5,1,0,3,4,5,6
reconfigure,"reconfiguring, reconfigures, reconfigured, reconfigure",24,4,2,0,2,2,4,10
convey,"convey, conveyed, conveys, conveying",24,2,9,4,4,1,2,2
calculate,"calculate, calculated, calculating",24,2,4,1,3,0,0,14
partner,"partnered, partner, partnering, partners",24,1,6,1,7,1,3,5
constitute,"constitute, constitutes, constituted",23,7,4,1,2,4,2,3
grapple,"grapple, grappling",23,3,4,3,1,4,2,6
stop,"stop, stopping, stops",23,4,1,12,2,2,1,1
depend,"depending, depend, depends",23,3,9,3,0,3,2,3
light,"lighting, light",23,2,5,1,3,1,0,11
restore,"restore, restoring, restored, restores",23,1,4,1,2,8,3,4
edit,"edited, editing, edit",23,5,3,4,6,1,2,2
abandon,"abandoned, abandoning, abandon",23,2,3,3,5,2,1,7
appoint,"appointed, appointing",23,4,8,1,3,0,5,2
hide,"hidden, hide",23,1,0,3,4,7,4,4
rebuild,"rebuilding, rebuild, rebuilt",23,2,3,0,2,3,9,4
task,tasked,23,4,3,2,5,7,2,0
invest,"invest, invested, investing, invests",22,7,4,3,0,4,2,2
intensify,"intensify, intensified, intensifying, intensifies",22,5,5,0,1,0,2,9
consume,"consumed, consume, consuming, consumes",22,6,3,2,2,4,0,5
augment,"augmented, augment, augments, augmenting",22,5,1,1,0,3,7,5
oppose,"oppose, opposed, opposing",22,4,0,1,4,6,5,2
lose,"lost, losing, lose, loses",22,5,4,3,1,4,1,4
accredit,"accredited, accrediting",22,3,5,2,3,4,3,2
dominate,"dominated, dominate, dominating, dominates",22,5,4,0,4,6,2,1
prompt,"prompting, prompt, prompted, prompts",22,4,3,2,1,5,2,5
reuse,"reuse, reused, reusing",22,1,4,5,3,0,3,6
course,course,21,7,2,3,1,2,3,3
fuel,"fueled, fuel, fueling, fuels",21,6,5,1,1,2,4,2
conceptualize,"conceptualize, conceptualized, conceptualizing",21,5,3,2,4,4,2,1
indicate,"indicate, indicated, indicates",21,6,9,1,2,1,1,1
optimize,"optimized, optimize, optimizing",21,1,4,0,0,2,4,10
govern,"govern, governed, governs, governing",21,5,4,1,2,0,1,8
point,"points, point, pointing",21,12,2,2,1,1,1,2
destroy,"destroying, destroyed, destroy, destroys",21,2,9,1,3,1,3,2
advise,"advised, advising, advises",21,7,0,1,3,2,3,5
unpack,"unpack, unpacking",21,8,5,2,2,0,0,4
state,"stated, states, stating, state",21,5,6,1,1,2,3,3
cut,"cutting, cut, cuts",21,2,6,3,3,3,1,3
belong,"belonging, belong, belongs",21,2,3,1,2,5,4,4
mobilize,"mobilized, mobilize, mobilizing, mobilizes",21,7,1,0,1,4,2,6
detail,"detailing, detailed, detail",21,1,2,7,8,1,1,1
daylighte,daylighting,21,0,7,2,6,1,0,5
supplement,"supplement, supplemented, supplementing",20,3,3,2,2,1,3,6
care,"care, cares, caring, cared",20,4,3,0,3,4,1,5
ally,"allied, allying",20,6,1,1,3,2,6,1
accompany,"accompanied, accompanying, accompanies, accompany",20,5,2,1,6,2,0,4
experiment,"experiment, experimenting, experimented",20,3,4,1,2,6,2,2
last,"lasting, last, lasts",20,6,4,2,1,3,2,2
witness,"witnessed, witness, witnessing",20,5,2,0,4,5,4,0
contend,"contend, contending, contends",20,5,2,1,1,5,1,5
house,"house, housed, houses",20,8,4,1,3,2,1,1
pay,"paying, paid, pay, pays",20,3,4,2,3,4,2,2
uncover,"uncover, uncovering, uncovered",20,4,3,5,3,3,1,1
lay,"laying, lay, lays, laid",20,7,4,0,4,2,3,0
underlie,"underlying, underlies, underlie",20,5,5,0,3,4,0,3
aid,"aided, aid, aids",20,11,0,5,1,1,1,1
track,"track, tracking, tracks",20,0,8,3,3,2,1,3
stay,"stay, staying, stays",19,6,1,5,1,0,0,6
manufacture,"manufactured, manufacturing, manufacture",19,2,3,3,1,1,2,7
survive,"survive, survived, survives, surviving",19,3,6,1,4,3,0,2
spread,"spread, spreading, spreads",19,4,4,3,3,2,2,1
estimate,"estimated, estimating, estimate",19,5,4,4,1,1,1,3
compete,"competing, compete, competed",19,5,1,0,2,7,0,4
honor,"honored, honors",19,8,1,2,0,4,1,3
fabricate,"fabricated, fabricate, fabricating",19,4,0,1,2,4,1,7
report,"reported, report, reports, reporting",19,5,2,0,2,4,4,2
strive,"strives, strive, striving",19,8,4,1,2,1,1,2
progress,"progresses, progress, progressing",19,1,4,2,0,6,2,4
provoke,"provoke, provoking, provokes, provoked",19,3,5,0,1,6,1,3
process,"process, processed, processing, processes",19,3,2,2,1,3,0,8
underscore,"underscore, underscores, underscoring, underscored",19,4,3,0,0,4,5,3
update,"updating, updated, update",19,3,0,1,4,4,5,2
induce,induced,19,2,1,3,1,2,4,6
derive,"derived, deriving",19,3,3,4,2,2,1,4
approve,"approved, approve",19,4,3,0,5,3,2,2
deepen,"deepen, deepens, deepening, deepened",19,1,2,0,5,4,4,3
contest,contested,19,3,0,4,0,4,2,6
localize,localized,19,0,2,3,4,1,2,7
complement,"complement, complemented, complements",18,5,1,5,1,3,1,2
attract,"attract, attracts, attracted, attracting",18,6,2,5,2,2,0,1
zone,"zoning, zoned",18,4,4,4,0,1,0,5
immerse,"immersed, immerse, immerses, immersing",18,4,4,3,3,3,0,1
reproduce,"reproduce, reproducing, reproduced, reproduces",18,1,1,0,1,7,2,6
innovate,"innovate, innovating, innovates",18,1,3,2,3,4,4,1
schedule,"scheduled, schedule, scheduling",18,6,0,1,5,1,1,4
bind,"bound, binding, bind",18,2,3,2,0,3,2,6
fill,"fill, filling, fills, filled",18,2,2,2,1,7,0,4
afford,"afford, afforded, affords",18,5,4,2,1,2,2,2
watershe,watershed,18,7,3,0,0,5,2,1
maximize,"maximize, maximizing, maximizes",18,8,2,1,1,3,2,1
let,"let, lets, letting",18,1,5,2,2,5,1,2
repeat,"repeated, repeating, repeat",18,2,2,1,0,10,1,2
regulate,"regulating, regulated, regulate, regulates",18,2,2,0,2,6,3,3
decarbonize,"decarbonized, decarbonizing, decarbonize",18,0,2,10,0,0,3,3
exceed,"exceed, exceeds, exceeded",17,7,3,0,1,0,0,6
modify,"modified, modify, modifying",17,6,1,1,4,3,2,0
tend,"tend, tending, tended",17,2,7,1,1,3,3,0
isolate,"isolated, isolate, isolating",17,2,3,3,1,0,1,7
source,"sourced, sourcing",17,2,1,1,2,2,0,9
survey,"survey, surveying, surveyed",17,10,2,0,0,3,0,2
elect,"elected, elect, electing",17,3,2,2,8,1,0,1
resolve,"resolve, resolved, resolving, resolves",17,2,4,0,0,2,4,5
damage,"damaged, damaging",17,2,3,2,1,4,2,3
underserve,underserved,17,3,3,1,3,1,2,4
resonate,"resonates, resonate, resonated, resonating",17,2,4,2,2,4,1,2
summarize,"summarize, summarizing, summarized, summarizes",16,2,5,2,3,1,0,3
release,"released, releasing, release",16,4,4,4,0,2,2,0
depict,"depict, depicted, depicting, depicts",16,2,2,0,5,3,1,3
suffer,"suffer, suffering, suffered, suffers",16,3,3,2,0,3,4,1
undergo,"undergo, undergoing, undergone, underwent, undergoes",16,6,0,1,2,2,3,2
flood,"flooding, flooded",16,3,5,0,2,3,0,3
activate,"activated, activate, activating, activates",16,3,3,2,3,1,0,4
claim,"claim, claims, claimed, claiming",16,6,2,2,0,3,0,3
renew,"renewed, renewing, renew",16,2,5,0,2,5,0,2
matter,"matters, matter, mattered",16,2,1,1,4,0,0,8
touch,"touch, touches, touching, touched",16,2,6,0,2,3,2,1
eliminate,"eliminate, eliminating, eliminated",16,2,6,1,2,1,1,3
charge,"charged, charging, charge",16,2,3,4,4,1,1,1
reclaim,"reclaim, reclaimed, reclaiming, reclaims",16,2,2,1,4,2,2,3
contextualize,"contextualize, contextualized, contextualizes, contextualizing",16,1,5,0,2,6,1,1
listen,"listen, listening",16,6,3,0,0,1,0,6
mentor,"mentoring, mentored, mentor, mentors",16,1,6,4,1,1,1,2
display,"displayed, displaying, display",16,2,4,3,3,2,1,1
pilot,"piloted, pilot, piloting",16,3,5,1,1,1,2,3
remove,"removed, remove, removing",16,1,1,2,4,0,1,7
enclose,"enclosed, enclose",16,1,1,2,4,2,3,3
miss,"missing, missed, miss",16,0,7,0,1,4,2,2
perceive,"perceived, perceive",16,0,3,2,1,5,3,2
resist,"resist, resists, resisting",16,0,1,2,2,2,4,5
adjust,"adjust, adjusted",15,3,2,0,2,1,5,2
prevail,"prevailing, prevail, prevails",15,3,1,1,4,2,3,1
accomplish,"accomplished, accomplish, accomplishes",15,4,5,1,1,0,4,0
necessitate,"necessitated, necessitates, necessitate, necessitating",15,3,2,1,4,2,3,0
welcome,"welcome, welcomes, welcomed, welcoming",15,6,1,0,4,1,1,2
intersect,"intersect, intersects, intersecting",15,2,5,3,0,2,0,3
declare,"declared, declare, declares, declaring",15,2,3,2,2,2,3,1
further,"further, furthers, furthering",15,5,3,0,1,0,4,2
compile,"compiled, compile, compiling",15,3,1,5,0,0,3,3
own,"owned, own, owns",15,3,4,2,1,0,3,2
harness,"harnessing, harness, harnessed, harnesses",15,2,1,4,0,6,0,2
target,"targeted, targeting, targets, target",15,2,1,0,2,2,3,5
aspire,"aspires, aspire, aspiring",15,4,2,1,1,3,2,2
devise,"devise, devised, devising",15,2,2,2,2,2,3,2
consult,"consulting, consult, consulted",15,2,2,1,1,1,4,4
diagram,"diagramming, diagram",15,2,0,0,0,5,3,5
dwell,"dwelling, dwell",15,1,6,0,3,3,2,0
phase,"phased, phase, phasing, phases",15,0,2,1,1,1,0,10
anchor,"anchored, anchors, anchor, anchoring",15,0,1,1,1,1,1,10
compound,"compounded, compound",15,0,0,1,2,1,3,8
wish,"wish, wishes",14,6,0,2,3,2,1,0
specify,"specified, specify, specifying",14,3,3,2,1,0,4,1
crit,crits,14,5,8,0,0,0,0,1
urge,"urge, urges, urging, urged",14,5,3,0,0,0,4,2
privilege,"privilege, privileging, privileged, privileges",14,6,1,1,2,1,1,2
overlap,"overlapping, overlap, overlaps",14,3,2,2,2,0,2,3
perpetuate,"perpetuating, perpetuate, perpetuates, perpetuated",14,6,0,0,0,3,3,2
age,"aging, aged",14,2,1,0,3,2,0,6
recover,"recover, recovers, recovered, recovering",14,3,2,3,1,3,1,1
prevent,"prevent, preventing, prevented",14,3,2,2,1,3,2,1
chair,"chaired, chairing, chairs, chair",14,6,0,0,2,4,1,1
erode,"eroding, erode, eroded",14,4,3,1,2,0,2,2
catalyze,"catalyze, catalyzed, catalyzing",14,3,3,1,1,4,1,1
administer,"administered, administer, administers, administering",14,4,3,2,1,0,3,1
feed,"feed, fed, feeding",14,1,1,3,5,3,0,1
posit,"posits, posited, positing, posit",14,1,2,3,1,1,3,3
warm,"warming, warmed",14,1,1,4,3,5,0,0
repurpose,"repurposing, repurpose, repurposed",14,0,6,0,2,2,1,3
simulate,"simulate, simulating, simulated, simulates",14,0,2,3,4,0,1,4
nuance,nuanced,14,0,0,1,2,4,3,4
supply,"supply, supplying, supplies",13,4,5,1,1,1,0,1
attach,"attached, attaching",13,6,4,1,1,1,0,0
cite,"cited, cite, citing, cites",13,4,6,0,0,0,0,3
validate,"validate, validated, validating",13,1,4,1,1,1,1,4
save,"save, saving, saves",13,1,1,1,3,7,0,0
discard,"discarded, discarding",13,1,0,2,1,0,1,8
yield,"yielded, yield, yielding, yields",13,3,2,1,0,1,4,2
capitalize,"capitalize, capitalizes",13,5,2,0,2,3,0,1
transcend,"transcend, transcends, transcending",13,2,6,2,0,1,1,1
print,"printed, printing",13,1,3,0,0,3,1,5
assert,"assert, asserting, asserts, asserted",13,4,0,4,0,1,0,4
sprawl,"sprawling, sprawled, sprawl",13,3,3,1,3,1,0,2
recur,recurring,13,2,5,1,1,0,1,3
transition,"transitioning, transition, transitioned",13,1,1,2,0,4,4,1
fulfil,"fulfilling, fulfils, fulfil",13,1,4,1,2,0,3,2
separate,"separated, separate, separates",13,1,2,2,3,1,0,4
decrease,"decrease, decreasing, decreased, decreases",13,1,2,0,2,3,3,2
transport,"transported, transport, transporting, transports",13,0,4,1,6,2,0,0
underpin,"underpinning, underpin, underpinned, underpins",13,0,1,1,4,2,4,1
revolve,"revolve, revolved, revolves, revolving",13,0,0,1,3,2,5,2
fix,"fixed, fixing",13,0,0,1,2,1,0,9
propel,"propel, propelled, propels",12,2,1,3,3,2,1,0
fight,"fought, fight, fighting, fights",12,5,1,2,2,1,1,0
stretch,"stretch, stretching, stretched",12,4,1,2,2,2,0,1
diminish,"diminishing, diminished, diminish",12,2,2,0,2,2,2,2
pass,"passed, pass, passing",12,5,1,0,2,1,0,3
watch,"watch, watching, watched",12,2,2,0,0,2,6,0
desire,"desired, desire, desiring",12,1,4,0,1,1,4,1
attribute,"attributed, attributes",12,3,4,1,0,3,1,0
hear,"hear, heard, hearing",12,9,0,0,1,0,0,2
evidence,"evidenced, evidences",12,6,2,1,2,1,0,0
encounter,"encounter, encountered, encounters, encountering",12,3,2,2,1,0,0,4
oversee,"oversee, overseeing, oversaw, oversees",12,2,1,0,1,5,3,0
stem,"stems, stemming, stem",12,1,5,2,4,0,0,0
close,"close, closing, closes",12,1,2,0,1,3,3,2
imply,"implies, imply, implying, implied",12,2,4,0,1,2,1,2
exchange,"exchanging, exchange",12,3,2,5,0,1,0,1
surface,"surface, surfacing",12,1,2,0,2,4,1,2
endure,"enduring, endure, endured, endures",12,2,0,3,1,3,1,2
manifest,"manifested, manifest, manifesting",12,1,2,1,3,4,0,1
overlay,"overlaid, overlay, overlays, overlayed, overlaying",12,2,3,3,1,0,1,2
instill,"instilling, instill, instills, instilled",12,1,1,5,0,1,2,2
distinguish,"distinguished, distinguishes, distinguish, distinguishing",12,1,0,0,4,0,1,6
debate,"debate, debated, debates, debating",12,6,3,0,1,1,0,1
emit,"emitted, emitting, emits, emit",12,1,3,3,0,1,2,2
entangle,"entangled, entangling",12,1,2,3,1,1,1,3
revisit,"revisit, revisited, revisits, revisiting",12,0,3,2,2,1,2,2
permit,"permit, permitted, permitting, permits",12,0,3,1,2,4,1,1
access,"access, accessing, accessed",12,0,4,4,4,0,0,0
restructure,"restructure, restructuring, restructured",12,0,5,2,0,1,2,2
import,"imported, importing",12,0,3,0,5,2,1,1
pertain,"pertaining, pertains",11,5,2,1,1,0,0,2
deserve,"deserving, deserves, deserve",11,3,3,1,1,0,1,2
materialize,"materialize, materialized, materializes",11,2,1,0,1,3,4,0
quantify,"quantify, quantifying, quantifies",11,4,1,1,3,0,2,0
grasp,"grasp, grasping",11,3,2,0,1,3,1,1
affiliate,"affiliated, affiliate",11,3,1,1,2,2,0,2
spearhead,"spearheaded, spearheading, spearheads, spearhead",11,1,1,2,4,1,1,1
announce,announced,11,2,7,1,0,0,1,0
poise,poised,11,2,1,3,2,1,1,1
agree,"agree, agreed, agreeing",11,4,2,2,0,2,1,0
excite,"excited, excite, excites",11,4,1,0,2,1,1,2
entail,"entails, entail, entailed",11,1,2,2,0,4,2,0
lack,"lack, lacking, lacks, lacked",11,3,1,1,1,1,1,3
layer,"layered, layer, layers, layering",11,2,0,1,2,2,1,3
familiarize,familiarize,11,2,0,0,6,2,1,0
diagnose,"diagnosed, diagnose",11,1,6,0,0,1,1,2
calibrate,"calibrated, calibrate",11,1,3,2,0,2,0,3
supervise,"supervised, supervises, supervising",11,0,2,0,2,1,3,3
devastate,"devastated, devastating, devastate",11,0,3,3,2,1,1,1
store,"storing, store, stored",11,0,1,4,2,2,1,1
multifacete,multifaceted,11,0,2,2,1,2,2,2
probe,"probe, probes, probing",11,0,0,1,3,5,1,1
retain,"retaining, retain, retains, retained",10,2,1,2,2,0,3,0
motivate,"motivated, motivates, motivating",10,4,2,1,1,0,2,0
check,"check, checking",10,2,6,0,2,0,0,0
burn,"burning, burned, burn",10,5,1,1,2,0,1,0
hone,"honing, honed, hone",10,2,3,1,1,2,1,0
contrast,"contrasting, contrast, contrasted, contrasts",10,2,1,0,1,2,2,2
comprehend,"comprehend, comprehending",10,2,1,2,1,2,0,2
bio,bio,10,2,0,0,0,2,1,5
execute,"executed, execute, executes, executing",10,1,1,4,1,2,1,0
kill,"killing, killed, kill, kills",10,1,4,0,3,0,0,2
harvest,"harvested, harvest",10,3,0,0,1,1,2,3
export,"exported, exporting",10,7,1,0,0,2,0,0
differ,"differ, differing, differs",10,4,2,1,2,0,0,1
strike,"strikes, striking, struck, strike",10,1,0,1,2,3,2,1
inherit,"inherited, inheriting",10,3,5,0,0,0,0,2
resource,"resourced, resourcing, resource",10,1,3,1,1,3,0,1
sense,"sensing, sense",10,3,3,1,1,0,0,2
succeed,"succeed, succeeded",10,1,3,0,2,4,0,0
wait,"wait, waited, waiting",10,1,5,0,4,0,0,0
talk,"talk, talking, talks",10,2,2,2,1,3,0,0
worsen,"worsen, worsening, worsens, worsened",10,2,2,0,0,4,2,0
prefabricate,prefabricated,10,2,0,0,1,0,0,7
reorganize,"reorganizes, reorganized, reorganize, reorganizing",10,2,3,0,0,0,0,5
repair,"repair, repairing, repaired, repairs",10,3,1,1,0,3,0,2
configure,"configured, configure, configuring",10,2,2,0,1,4,0,1
compromise,"compromise, compromising, compromised, compromises",10,2,1,3,3,0,0,1
redirect,"redirect, redirected, redirecting",10,3,0,0,2,4,0,1
dismantle,"dismantle, dismantled, dismantling",10,1,3,1,1,0,2,2
lower,"lower, lowered, lowering",10,2,4,0,0,1,2,1
stimulate,"stimulate, stimulating, stimulated",10,4,0,3,2,0,0,1
deconstruct,"deconstructing, deconstruct, deconstructed",10,1,2,1,2,2,1,1
retrofit,"retrofitting, retrofit, retrofitted",10,1,2,2,0,0,2,3
animate,"animated, animate",10,6,1,3,0,0,0,0
replicate,"replicate, replicated, replicating",10,1,0,1,1,1,1,5
blend,"blend, blended, blending",10,2,2,0,1,2,3,0
circulate,"circulated, circulate, circulating",10,0,4,0,1,0,1,4
relocate,"relocated, relocate, relocating",10,0,3,3,1,0,0,3
rank,"ranks, ranked, ranking",10,0,6,0,3,1,0,0
noma,noma,10,0,1,5,0,2,1,1
disassemble,"disassembled, disassembling, disassemble",10,0,0,0,4,2,2,2
install,install,9,2,0,0,3,3,0,1
forge,"forge, forging",9,5,1,0,1,1,1,0
incentivize,"incentivize, incentivized, incentivizing, incentivizes",9,5,0,1,2,0,0,1
architect,architect,9,3,1,0,1,2,0,2
sell,"selling, sold, sell",9,1,1,3,0,3,0,1
counter,"counter, countering",9,6,1,0,2,0,0,0
settle,"settled, settling",9,1,3,3,0,2,0,0
cascade,"cascading, cascades",9,1,0,0,3,2,2,1
purchase,"purchasing, purchased",9,1,2,3,1,1,0,1
credit,"credit, crediting, credited",9,1,7,1,0,0,0,0
reify,"reify, reifying, reified",9,2,0,0,3,1,2,1
heighten,"heightened, heightening",9,2,1,1,2,0,2,1
formalize,"formalize, formalizing, formalizes",9,2,0,2,0,0,0,5
wellbee,wellbeing,9,1,2,0,0,1,1,4
shelter,"shelter, sheltering, sheltered",9,1,1,0,1,3,2,1
colonize,"colonizing, colonize",9,6,0,0,0,2,0,1
unthinke,unthinking,9,9,0,0,0,0,0,0
reference,"referencing, referenced, reference",9,3,0,0,1,0,2,3
diverse,diverse,9,3,0,0,0,1,3,2
clarify,"clarify, clarified, clarifies",9,3,4,0,1,0,1,0
reserve,"reserved, reserve",9,1,5,2,1,0,0,0
instigate,"instigate, instigating, instigates, instigated",9,2,2,1,1,2,1,0
offset,offset,9,3,3,1,1,0,1,0
climate,climate,9,3,1,0,1,1,2,1
mix,"mixed, mixes, mixing",9,1,3,1,0,1,0,3
allocate,"allocated, allocate, allocating",9,2,1,2,0,1,2,1
garner,"garnered, garnering",9,1,1,1,1,0,4,1
narrate,"narrate, narrated, narrating",9,2,1,1,2,2,0,1
overcome,"overcome, overcoming, overcame",9,1,3,2,0,0,1,2
collapse,"collapsing, collapse, collapses, collapsed",9,1,2,2,1,1,1,1
simplify,"simplified, simplify, simplifies",9,2,3,0,1,0,1,2
illuminate,"illuminate, illuminating, illuminated",9,2,4,0,1,1,1,0
eat,"eat, ate",9,1,3,2,0,2,1,0
reject,"rejecting, rejects, rejected, reject",9,2,1,2,1,0,0,3
grade,"graded, grading",9,1,6,1,0,0,1,0
predicate,predicated,9,1,2,0,1,3,2,0
instal,"installed, installing",9,0,4,0,2,1,1,1
exclude,"excluded, excluding, exclude, excludes",9,0,2,0,3,1,1,2
pende,pending,9,0,3,0,1,2,1,2
nurture,"nurture, nurturing, nurtured",9,0,1,3,0,2,2,1
deplete,"depleted, depleting, deplete",9,0,2,1,3,2,1,0
thread,"threaded, thread, threads",9,0,8,0,1,0,0,0
diversify,"diversify, diversified, diversifies, diversifying",9,0,1,1,2,4,0,1
speculative,speculative,9,0,1,5,0,0,1,2
discourse,"discourse, discourses",9,0,0,2,1,3,0,3
escalate,"escalating, escalates",9,0,0,1,0,2,2,4
affirm,"affirm, affirms",9,0,0,1,0,3,1,4
refocus,"refocusing, refocus, refocused",8,2,0,5,0,1,0,0
dictate,"dictates, dictate, dictated",8,2,0,2,1,2,0,1
extrapolate,"extrapolate, extrapolated",8,4,3,0,0,0,1,0
outcome,"outcomes, outcome",8,1,1,3,0,1,0,2
ship,"shipped, shipping, ship",8,1,2,0,3,1,1,0
reside,"reside, resides, residing",8,3,2,1,0,0,1,1
stream,"streamed, streams, stream, streaming",8,3,0,2,0,0,1,2
plant,"plant, planted, planting",8,2,1,1,2,1,0,1
gauge,gauge,8,2,0,0,1,1,2,2
hit,"hit, hitting, hits",8,1,4,2,0,1,0,0
devote,"devoted, devoting",8,3,0,1,1,0,1,2
mine,"mined, mine, mining, mines",8,2,1,1,1,1,0,2
chart,"chart, charting",8,2,2,2,0,1,0,1
reckon,"reckoning, reckon, reckoned",8,1,3,1,2,0,1,0
instructor,instructor,8,1,5,0,0,0,0,2
spatialize,"spatialize, spatializing, spatializes",8,3,1,0,1,1,1,1
nest,"nested, nesting",8,3,2,0,1,2,0,0
conflict,conflicting,8,1,3,2,0,1,0,1
urbanize,"urbanizing, urbanize",8,3,3,0,0,0,0,2
convene,"convene, convened, convening",8,2,1,1,2,0,0,2
unearth,"unearthing, unearth",8,2,1,0,0,1,0,4
possess,"possess, possesses",8,1,2,0,1,3,0,1
convert,"convert, converting, converted",8,1,1,2,1,1,0,2
stage,"staged, stages, staging",8,5,0,1,0,1,0,1
contaminate,"contaminated, contaminating",8,1,1,0,3,2,1,0
cast,"cast, casting",8,2,2,2,0,0,1,1
ssue,"ssues, ssue",8,1,7,0,0,0,0,0
pioneer,"pioneering, pioneered, pioneer",8,1,2,0,1,1,3,0
effect,"effect, effecting, effected",8,2,4,2,0,0,0,0
migrate,"migrate, migrating, migrates, migrated",8,1,1,0,2,0,1,3
cost,"cost, costs, costing",8,1,1,0,1,2,2,1
insulate,"insulated, insulating",8,0,3,1,1,1,1,1
forget,"forgotten, forget, forgetting",8,0,4,2,1,0,0,1
reverse,"reverse, reversed, reversing",8,0,2,0,3,2,0,1
condition,"conditioned, condition",8,0,1,0,1,1,1,4
issue,"issued, issue",8,0,5,0,0,2,0,1
email,"email, emailed",8,0,6,0,0,0,1,1
reconstruct,"reconstruct, reconstructed, reconstructs",8,0,1,1,1,5,0,0
tailor,"tailored, tailor",8,0,1,0,2,1,2,2
fold,"folding, folded",8,0,1,5,1,0,0,1
reinterpret,"reinterpret, reinterpreting, reinterpreted",8,0,0,1,0,3,0,4
image,"imaging, imaged",8,0,0,0,5,3,0,0
redline,redlining,8,0,0,0,1,4,0,3
spur,"spurred, spurring, spur",7,2,0,0,0,2,0,3
correlate,"correlated, correlate, correlates",7,2,2,0,0,1,1,1
react,react,7,4,1,1,0,0,0,1
hire,"hire, hired, hiring",7,3,1,1,1,0,1,0
tear,"tearing, tear, tore",7,2,1,0,0,1,0,3
orchestrate,"orchestrates, orchestrated, orchestrating",7,4,3,0,0,0,0,0
die,"die, died, dying",7,1,1,1,2,1,1,0
precede,"preceding, preceded, precede",7,3,1,1,0,1,0,1
decide,"decide, decided, deciding",7,3,2,0,0,1,0,1
waste,"waste, wasting",7,3,1,0,0,1,0,2
tap,"tap, tapping, tapped",7,1,2,1,0,2,0,1
verify,"verify, verified",7,1,1,0,1,1,1,2
instruct,"instructed, instructing, instructs",7,1,1,0,2,1,0,2
dry,"dried, drying, dry",7,2,1,0,0,0,0,4
forecast,"forecasting, forecasted, forecast",7,4,0,0,0,0,3,0
clear,cleared,7,2,0,4,0,0,0,1
double,"double, doubling, doubled",7,2,0,1,2,0,0,2
power,"powered, powering",7,1,0,1,1,2,1,1
suit,"suited, suit",7,1,4,1,0,0,0,1
monitor,"monitoring, monitors, monitor",7,3,0,0,0,0,2,2
hybridize,"hybridize, hybridizing, hybridized",7,2,0,3,0,1,1,0
nominate,"nominate, nominating",7,1,1,0,1,2,1,1
proceed,proceed,7,1,0,1,0,0,0,5
neglect,"neglected, neglect",7,2,0,1,1,2,1,0
trigger,"triggered, triggers",7,1,1,1,3,0,0,1
juxtapose,"juxtaposed, juxtaposing, juxtapose",7,2,2,0,0,0,0,3
glean,"glean, gleaned",7,1,2,2,1,0,0,1
fulfill,"fulfill, fulfills",7,1,1,2,0,1,2,0
heal,"healing, heal",7,1,2,1,0,3,0,0
request,"requested, request",7,2,3,0,0,0,1,1
interview,"interviewing, interviewed, interview",7,2,3,1,0,1,0,0
ensue,"ensuing, ensued",7,1,1,1,0,4,0,0
exercise,"exercises, exercise, exercising",7,1,3,0,2,0,0,1
convince,"convinced, convince, convincing",7,1,3,1,0,0,0,2
program,"programming, program, programmed, programing",7,2,2,1,1,0,1,0
format,"formatted, format",7,3,0,1,0,0,0,3
depart,"depart, departing",7,4,1,0,1,0,0,1
parallel,"parallels, parallel, paralleling, paralleled",7,1,3,2,1,0,0,0
inscribe,"inscribed, inscribes, inscribe",7,1,1,1,0,3,0,1
melt,"melting, melt",7,1,0,1,0,3,0,2
implicate,"implicated, implicate",7,2,1,0,1,2,1,0
wildfire,"wildfires, wildfire",7,2,0,0,1,0,1,3
aggregate,"aggregated, aggregating, aggregate",7,1,1,2,0,0,0,3
scan,"scanning, scanned, scan",7,1,1,3,0,0,0,2
upload,"upload, uploaded",7,1,2,0,0,0,1,3
draft,"draft, drafted, drafting",7,1,0,0,4,0,2,0
nclude,"ncluding, ncludes, nclude, ncluded",7,0,7,0,0,0,0,0
loom,"looming, loom",7,0,1,1,0,2,0,3
solidify,"solidifying, solidify, solidifies",7,0,4,1,0,1,0,1
retreat,"retreat, retreated",7,0,1,1,1,0,2,2
reen,reen,7,0,6,0,0,1,0,0
count,"counted, counts, count",7,0,5,0,1,0,0,1
copy,"copy, copying",7,0,6,0,0,0,0,1
undermine,"undermined, undermines, undermine, undermining",7,0,2,0,0,3,1,1
shed,"shed, shedding",7,0,1,1,0,2,2,1
traverse,"traversing, traverse, traverses, traversed",7,0,1,2,1,2,1,0
consolidate,"consolidate, consolidates, consolidating, consolidated",7,0,1,1,1,2,1,1
redistribute,"redistribute, redistributes",7,0,0,2,0,0,1,4
pave,"paving, pave",7,0,0,4,0,2,1,0
remember,"remember, remembered, remembering",7,0,0,2,2,2,0,1
disturb,disturbing,7,0,0,7,0,0,0,0
bend,"bend, bending",7,0,0,0,1,4,1,1
sequence,"sequencing, sequenced",7,0,0,0,0,2,0,5
solarpunk,solarpunk,7,0,0,0,0,7,0,0
cappa,cappa,7,0,0,0,0,0,2,5
destabilize,"destabilize, destabilized, destabilizing",6,1,0,1,1,2,1,0
burgeon,burgeoning,6,1,0,1,0,0,1,3
slow,slow,6,2,2,0,1,0,1,0
compel,"compelled, compelling, compels, compel",6,2,0,0,0,2,0,2
recruit,"recruit, recruited, recruiting",6,3,1,0,0,1,0,1
pollute,"polluting, polluted",6,2,3,1,0,0,0,0
lend,"lends, lend",6,2,0,0,2,2,0,0
annotate,"annotated, annotate",6,2,1,0,0,1,0,2
stress,"stressed, stress, stressing",6,1,0,0,1,1,1,2
step,"stepping, stepped, step",6,4,0,0,0,2,0,0
slate,slated,6,1,1,0,1,3,0,0
enjoy,"enjoy, enjoys",6,3,1,1,0,0,0,1
lock,"locked, lock",6,3,0,1,2,0,0,0
drain,"drained, drain, draining, drains",6,1,0,0,1,0,1,3
wear,"wearing, wear, worn",6,1,1,0,0,0,2,2
incarcerate,incarcerated,6,4,1,0,0,0,1,0
escape,"escape, escaping",6,2,0,2,1,1,0,0
commission,"commissioned, commission, commissioning",6,3,0,0,2,1,0,0
obscure,"obscures, obscure, obscuring, obscured",6,2,0,0,1,0,0,3
prime,primed,6,1,0,1,2,1,0,1
embark,"embark, embarking",6,2,0,0,0,1,0,3
match,"match, matching, matched, matches",6,1,2,0,2,0,0,1
unite,"unite, uniting, unites, united",6,2,0,2,1,0,1,0
eradicate,"eradicate, eradicating, eradicated",6,2,3,1,0,0,0,0
segregate,"segregated, segregates",6,2,2,0,1,1,0,0
favor,"favors, favor, favoring",6,2,2,0,0,1,1,0
categorize,"categorized, categorizes, categorize, categorizing",6,2,1,1,1,1,0,0
absorb,"absorb, absorbs, absorbing",6,2,1,2,0,1,0,0
degrade,"degrading, degraded, degrade, degrades",6,2,1,1,1,0,0,1
subvert,"subvert, subverted",6,2,2,0,1,1,0,0
reconceptualize,"reconceptualizing, reconceptualize, reconceptualizes",6,1,1,0,1,2,0,1
scaffold,"scaffolded, scaffolds, scaffolding",6,1,0,0,2,0,1,2
package,"packaged, package, packaging",6,2,0,4,0,0,0,0
breathe,"breathe, breathing, breathed",6,1,1,0,3,1,0,0
elaborate,"elaborate, elaborated",6,2,2,0,0,0,1,1
instrumentalize,"instrumentalized, instrumentalize, instrumentalizes",6,2,2,1,0,0,0,1
disperse,"dispersed, disperse, dispersing",6,2,0,1,1,2,0,0
undergraduate,"undergraduate, undergraduates",6,2,0,1,2,1,0,0
clad,cladding,6,1,1,0,0,0,3,1
index,"indexes, indexed, index",6,1,2,0,1,0,1,1
reconceive,"reconceived, reconceiving, reconceive",6,2,2,1,1,0,0,0
rest,"rest, rests, resting",6,2,1,1,0,1,0,1
normalize,"normalized, normalize",6,1,1,0,0,0,1,3
send,"sent, send, sends, sending",6,1,1,0,2,1,0,1
unbuilde,unbuilding,6,2,0,0,0,0,3,1
democratize,"democratizing, democratize",6,0,3,0,1,0,2,0
revitalize,"revitalize, revitalized, revitalizing",6,0,2,1,0,2,0,1
love,"love, loves, loving",6,0,1,1,2,0,1,1
justify,"justify, justified",6,0,1,0,1,0,0,4
contemplate,"contemplate, contemplating",6,0,3,2,0,1,0,0
regenerate,"regenerate, regenerated, regenerating",6,0,1,0,0,3,0,2
iterate,iterate,6,0,3,3,0,0,0,0
reconcile,"reconcile, reconciling",6,0,1,2,1,1,0,1
widen,"widening, widens, widen",6,0,2,1,1,0,2,0
respect,"respect, respected, respecting",6,0,2,1,2,0,0,1
recognise,recognised,6,0,1,0,0,0,0,5
screen,"screened, screen, screening",6,0,1,0,0,5,0,0
decommission,decommissioned,6,0,1,0,0,5,0,0
solicit,"solicit, soliciting",6,0,1,1,1,2,1,0
proliferate,"proliferate, proliferated",6,0,0,4,0,1,1,0
salvage,"salvaged, salvaging",6,0,0,1,1,0,0,4
centralize,"centralizes, centralizing, centralize",6,0,0,1,3,0,2,0
subject,"subjected, subjecting, subject",6,0,0,2,0,1,0,3
evoke,"evoke, evoking",6,0,0,1,1,1,0,3
stabilize,"stabilize, stabilized",6,0,0,1,2,0,0,3
racialize,racialized,6,0,0,0,0,1,1,4
shade,shading,6,0,0,0,0,0,1,5
opt,"opted, opting, opt",5,2,3,0,0,0,0,0
cope,"coping, cope, coped",5,2,0,0,3,0,0,0
object,"objects, objected, object",5,3,0,0,1,0,0,1
fuse,"fused, fusing, fuses, fuse",5,2,2,1,0,0,0,0
converge,"converging, converged, converge",5,2,0,1,1,0,0,1
dissect,"dissect, dissected, dissecting",5,2,0,2,0,0,0,1
propagate,"propagate, propagated, propagating, propagates",5,2,0,0,1,0,0,2
borrow,"borrowed, borrows",5,2,2,0,1,0,0,0
originate,"originate, originated, originates",5,2,0,0,1,2,0,0
ignite,"igniting, ignited, ignite",5,1,0,1,0,2,1,0
omit,"omitted, omits",5,2,1,0,0,1,0,1
alternate,"alternating, alternates, alternate",5,1,1,1,1,0,1,0
ventilate,"ventilated, ventilating",5,1,2,0,0,1,0,1
decline,"declining, declined, decline",5,1,2,0,0,0,1,1
hinder,"hinder, hinders, hindering",5,2,2,0,0,0,1,0
verse,versed,5,1,3,0,0,0,0,1
trust,"trust, trusting, trusted",5,2,0,0,0,0,2,1
size,"sizing, sizes",5,2,1,0,0,1,1,0
disappear,"disappeared, disappearing",5,3,1,0,1,0,0,0
decolonize,"decolonizing, decolonized",5,4,0,1,0,0,0,0
complicate,"complicated, complicate, complicating",5,3,1,0,0,1,0,0
restrict,"restricted, restricts, restricting, restrict",5,1,0,0,2,1,1,0
alleviate,"alleviate, alleviating",5,2,0,0,1,0,1,1
recast,"recast, recasting",5,1,0,1,2,0,0,1
pump,"pumping, pumped, pump",5,1,1,1,0,1,0,1
attest,attest,5,1,2,0,0,0,0,2
catalogue,"catalogue, catalogued, cataloguing",5,1,1,1,1,0,0,1
automate,"automated, automating",5,1,0,0,0,1,1,2
sink,"sank, sinking, sunk",5,4,0,0,0,0,0,1
infuse,"infused, infuse",5,2,0,1,0,1,0,1
classify,"classified, classify",5,1,2,0,1,1,0,0
search,"searching, search",5,1,2,1,1,0,0,0
saturate,saturated,5,2,1,1,0,0,0,1
permeate,"permeate, permeates, permeated",5,3,0,2,0,0,0,0
attune,"attuned, attune",5,3,0,0,0,2,0,0
pull,"pulling, pull, pulls",5,1,2,1,1,0,0,0
sacrifice,"sacrificing, sacrifice, sacrificed",5,2,0,1,0,0,0,2
picture,"picturing, pictured",5,1,0,0,0,4,0,0
remade,remade,5,1,2,0,1,0,0,1
guarantee,guarantee,5,1,3,0,0,1,0,0
satisfy,"satisfy, satisfying",5,2,0,0,1,0,2,0
relegate,"relegated, relegating",5,1,0,0,3,1,0,0
arrange,"arranged, arranging",5,1,2,0,0,1,0,1
commence,"commence, commenced",5,1,2,0,1,1,0,0
endeavor,"endeavor, endeavors",5,1,2,1,1,0,0,0
reinvent,"reinvent, reinvented",5,1,1,1,0,0,0,2
seat,"seated, seating",5,2,0,0,1,0,1,1
mount,mounting,5,2,0,0,0,0,0,3
endow,endowed,5,1,1,0,0,0,3,0
uphold,"uphold, upholds, upholding",5,2,0,0,0,1,1,1
strategize,strategize,5,1,1,1,2,0,0,0
mold,molded,5,1,1,2,0,0,1,0
inflect,"inflects, inflected",5,1,2,1,0,0,0,1
land,"land, landed, lands",5,1,2,0,1,0,0,1
figure,"figure, figures",5,2,2,0,0,1,0,0
detect,"detecting, detected",5,1,0,1,0,0,3,0
exploit,"exploited, exploiting, exploits, exploit",5,2,1,1,0,1,0,0
precipitate,"precipitated, precipitate",5,1,2,0,0,0,2,0
shortlist,shortlisted,5,1,0,1,0,0,0,3
round,"rounded, rounding",5,1,1,0,0,1,1,1
differentiate,"differentiated, differentiate",5,0,2,2,0,0,0,1
surpass,"surpass, surpasses",5,0,2,0,1,1,0,1
trap,"trapped, trap, trapping",5,0,1,1,3,0,0,0
dig,"dug, dig, digging",5,0,3,1,1,0,0,0
uilde,uilding,5,0,5,0,0,0,0,0
onduct,"onduct, onducts",5,0,5,0,0,0,0,0
esign,"esign, esigns",5,0,5,0,0,0,0,0
eache,"eaching, eaches",5,0,5,0,0,0,0,0
fragment,"fragmented, fragmenting",5,0,1,0,0,0,2,2
insist,"insisted, insisting, insist",5,0,1,1,0,2,0,1
accumulate,"accumulated, accumulate, accumulates",5,0,1,1,1,0,0,2
substantiate,"substantiating, substantiated, substantiate",5,0,4,0,0,0,1,0
flourish,"flourish, flourishing, flourished",5,0,1,0,1,2,0,1
commend,commend,5,0,1,0,0,1,1,2
mpact,"mpact, mpacts",5,0,5,0,0,0,0,0
siloe,siloed,5,0,1,0,0,1,2,1
bolster,"bolster, bolstering",5,0,1,0,1,3,0,0
upgrade,"upgrading, upgrade",5,0,1,0,1,0,3,0
catalog,"cataloging, catalog, cataloged",5,0,2,2,0,0,1,0
overarch,overarching,5,0,2,3,0,0,0,0
compost,"composting, composted",5,0,1,3,0,0,0,1
exd,exd,5,0,5,0,0,0,0,0
coin,coined,5,0,1,1,1,1,0,1
cancel,"cancel, cancelled, cancels",5,0,1,0,2,1,1,0
arch,arch,5,0,1,0,0,1,3,0
meld,"meld, melding",5,0,1,0,0,3,0,1
enforce,"enforced, enforce, enforcing",5,0,1,2,0,2,0,0
volunteer,"volunteered, volunteering, volunteers",5,0,0,3,0,0,0,2
seal,"sealed, sealing",5,0,0,1,0,0,0,4
unify,"unified, unify",5,0,0,1,1,0,1,2
pick,pick,5,0,0,1,2,0,0,2
sketch,"sketching, sketch",5,0,0,1,1,0,0,3
storm,storming,5,0,0,5,0,0,0,0
meetthe,meetthe,5,0,0,5,0,0,0,0
ofall,ofall,5,0,0,5,0,0,0,0
budgetgym,budgetgym,5,0,0,5,0,0,0,0
ofnature,ofnature,5,0,0,5,0,0,0,0
delineate,"delineate, delineated",5,0,0,1,1,1,0,2
weaken,"weakened, weakening",5,0,0,0,1,0,2,2
dive,"dive, dives",5,0,0,0,3,2,0,0
archive,"archived, archives, archiving",5,0,0,0,1,0,1,3
unlock,unlock,5,0,0,0,0,4,1,0
deliverable,deliverables,5,0,0,0,0,3,2,0
customize,customized,5,0,0,0,0,3,0,2
reassemble,"reassembled, reassembling",5,0,0,0,0,0,2,3
champion,"champion, championing, championed",5,0,0,0,0,0,4,1
testbe,testbed,5,0,0,0,0,0,0,5
sample,sampling,4,2,1,0,0,0,0,1
detach,detached,4,1,0,0,1,0,1,1
terrace,"terraced, terrace",4,1,0,0,0,3,0,0
theme,"themed, themes",4,1,1,1,1,0,0,0
focusse,"focusses, focussed, focussing",4,3,0,1,0,0,0,0
comply,comply,4,1,0,2,0,0,0,1
block,"blocking, blocked",4,2,0,0,0,1,0,1
shrink,shrinking,4,3,0,0,0,0,0,1
ameliorate,"ameliorate, ameliorates, ameliorated",4,2,0,0,1,0,1,0
unleash,"unleashing, unleashes",4,1,0,0,0,3,0,0
flip,"flipped, flipping, flips",4,1,0,1,0,0,2,0
shoot,shot,4,1,0,0,0,3,0,0
steer,"steers, steer, steered, steering",4,1,0,1,1,0,0,1
finish,"finished, finish",4,2,0,0,2,0,0,0
rework,"reworking, rework",4,3,0,0,0,0,0,1
date,"dates, dated, dating",4,2,0,0,0,1,1,0
undergird,"undergird, undergirding, undergirds",4,3,0,0,0,0,1,0
surge,"surges, surge",4,2,0,0,1,0,0,1
mangrove,mangrove,4,2,1,0,1,0,0,0
persist,"persist, persists",4,1,1,0,0,0,1,1
ntegrate,"ntegrates, ntegrate",4,1,2,0,0,0,0,1
tighten,"tighten, tightening, tightens",4,1,0,0,1,1,0,1
operationalize,"operationalized, operationalizing",4,1,0,0,1,1,0,1
impede,"impede, impeding",4,1,2,0,1,0,0,0
entwine,"entwined, entwines, entwine",4,3,0,1,0,0,0,0
testify,"testifies, testify, testified",4,2,0,0,0,2,0,0
discern,discern,4,2,1,0,1,0,0,0
shine,"shine, shining",4,2,0,1,1,0,0,0
timberize,"timberizing, timberized",4,4,0,0,0,0,0,0
underwrite,"underwritten, underwrite",4,1,0,0,0,2,0,1
triangulate,"triangulates, triangulating, triangulate, triangulated",4,1,1,1,0,0,0,1
rationalize,"rationalize, rationalized, rationalizing",4,2,0,2,0,0,0,0
distance,"distancing, distanced, distances",4,1,1,0,1,0,0,1
problematize,"problematize, problematizing, problematizes",4,1,1,0,0,1,0,1
inaugurate,"inaugurate, inaugurated",4,1,1,0,1,1,0,0
carbonize,carbonize,4,2,0,0,2,0,0,0
major,majoring,4,2,2,0,0,0,0,0
correspond,"corresponding, corresponds",4,1,0,0,1,0,0,2
industrialize,"industrialized, industrializing",4,1,0,0,1,2,0,0
catch,"catching, caught",4,1,2,1,0,0,0,0
ouse,ousing,4,1,3,0,0,0,0,0
rate,rated,4,1,1,0,1,0,0,1
multiply,"multiplying, multiply",4,1,1,0,0,0,0,2
lessen,lessen,4,2,1,0,1,0,0,0
streamline,streamlining,4,1,1,0,0,0,1,1
reset,"reset, resetting",4,2,2,0,0,0,0,0
brainstorm,brainstorming,4,1,0,0,0,0,3,0
narrow,"narrows, narrow, narrowing",4,1,1,1,0,0,0,1
delay,"delay, delaying",4,1,0,0,1,2,0,0
submerge,submerged,4,1,0,1,1,1,0,0
gate,"gated, gates",4,1,0,1,1,0,0,1
transfer,"transfer, transfers",4,2,1,0,0,0,1,0
border,"borders, bordering",4,1,2,0,1,0,0,0
decompose,"decompose, decomposes",4,1,3,0,0,0,0,0
coexist,coexist,4,1,1,1,0,1,0,0
encapsulate,"encapsulates, encapsulated",4,1,1,1,0,0,0,1
transmit,"transmit, transmitted",4,1,0,0,1,0,0,2
drown,"drowning, drowned",4,1,0,0,1,0,2,0
unsettle,"unsettle, unsettling",4,1,0,0,0,0,0,3
back,"backing, backed",4,1,1,1,0,0,0,1
externalize,"externalized, externalize, externalizing",4,1,0,1,1,0,0,1
linger,"lingers, linger, lingering",4,1,0,0,0,0,0,3
owe,"owed, owe, owes",4,1,2,1,0,0,0,0
coincide,"coincide, coincided, coinciding",4,1,0,1,0,1,0,1
internalize,"internalize, internalizing, internalized",4,1,0,2,1,0,0,0
resemble,"resemble, resembling, resembles",4,1,2,0,0,0,0,1
codify,"codify, codifies",4,1,1,0,1,0,1,0
load,"loading, load, loaded",4,1,0,0,0,3,0,0
team,"team, teamed",4,1,1,1,0,0,1,0
admire,"admire, admired",4,1,2,0,0,0,0,1
notify,notified,4,0,1,0,3,0,0,0
triple,tripled,4,0,1,0,0,2,0,1
substitute,"substituting, substituted",4,0,3,0,0,0,0,1
remind,"reminds, reminded",4,0,3,0,0,1,0,0
reexamine,"reexamined, reexamining, reexamine",4,0,2,0,0,0,0,2
ave,"aving, ave",4,0,4,0,0,0,0,0
roject,"roject, rojects",4,0,4,0,0,0,0,0
tudent,tudents,4,0,4,0,0,0,0,0
nderstande,nderstanding,4,0,4,0,0,0,0,0
head,"heads, heading",4,0,1,0,0,1,0,2
tip,"tipped, tip",4,0,2,0,0,2,0,0
nderlye,nderlying,4,0,4,0,0,0,0,0
wonder,"wonder, wonders",4,0,1,0,1,0,1,1
lag,"lags, lagged, lag",4,0,4,0,0,0,0,0
fluctuate,"fluctuating, fluctuate",4,0,1,2,0,0,1,0
abide,"abide, abiding",4,0,3,0,0,0,1,0
tolerate,"tolerated, tolerates",4,0,4,0,0,0,0,0
conserve,"conserve, conserves",4,0,3,0,0,1,0,0
prolong,prolonged,4,0,1,1,1,0,0,1
withstand,withstand,4,0,2,0,1,0,0,1
interrelate,interrelated,4,0,1,0,0,0,3,0
suppose,"suppose, supposed",4,0,1,0,1,0,0,2
wetland,wetlands,4,0,1,0,0,0,1,2
mbodie,mbodied,4,0,4,0,0,0,0,0
underutilize,underutilized,4,0,1,0,1,1,0,1
spark,"sparked, sparking, spark",4,0,2,1,0,0,0,1
total,totaling,4,0,3,0,0,0,0,1
photograph,"photograph, photographing",4,0,1,0,2,0,0,1
confine,confined,4,0,1,0,0,0,0,3
workshoppe,"workshopped, workshopping",4,0,1,0,0,3,0,0
recalibrate,"recalibrates, recalibrated",4,0,1,2,1,0,0,0
fire,"fired, firing",4,0,1,0,1,1,1,0
scrutinize,"scrutinize, scrutinizes",4,0,3,0,1,0,0,0
heat,"heat, heated",4,0,0,1,0,2,0,1
discipline,disciplined,4,0,0,1,0,0,2,1
compress,compressed,4,0,0,1,0,3,0,0
curb,"curb, curbing",4,0,0,1,1,1,1,0
reconnect,reconnect,4,0,0,1,0,0,2,1
counteract,"counteract, counteracting",4,0,0,1,1,1,0,1
stitch,"stitched, stitch, stitching",4,0,0,1,1,1,0,1
handle,"handled, handle, handling",4,0,0,1,1,0,1,1
buy,"bought, buy",4,0,0,2,2,0,0,0
recall,"recalling, recalled",4,0,0,3,0,1,0,0
reconstitute,"reconstitute, reconstituted",4,0,0,0,2,1,0,1
commodifie,commodified,4,0,0,0,1,1,1,1
exert,"exerted, exerting, exert",4,0,0,0,1,1,0,2
standardize,"standardized, standardizing",4,0,0,0,1,0,1,2
ere,"eres, ered, ering",4,0,0,0,2,1,0,1
factor,"factored, factoring",4,0,0,0,3,0,0,1
cater,"cater, catering",4,0,0,0,0,2,2,0
overheat,"overheating, overheated",4,0,0,0,0,1,0,3
reboot,reboot,4,0,0,0,0,4,0,0
refurnish,refurnish,4,0,0,0,0,4,0,0
rewilde,rewilding,4,0,0,0,0,4,0,0
narrative,narratives,4,0,0,0,0,4,0,0
stare,staring,4,0,0,0,0,4,0,0
harm,"harmed, harms",4,0,0,0,0,2,1,1
await,awaiting,4,0,0,0,0,0,1,3
biobase,biobased,4,0,0,0,0,0,4,0
machine,machined,4,0,0,0,0,0,0,4
fabulate,"fabulate, fabulating",4,0,0,0,0,0,0,4
partake,"partake, partakes",3,1,0,0,1,0,0,1
glaze,"glazed, glazing",3,1,1,0,0,0,1,0
warn,"warning, warns, warned",3,2,0,0,0,0,0,1
dump,"dumping, dumped",3,1,1,0,0,1,0,0
jump,jump,3,2,1,0,0,0,0,0
equate,equate,3,1,0,1,0,0,1,0
bestow,"bestowed, bestows",3,1,0,0,0,1,1,0
weigh,"weighed, weigh, weighing",3,1,0,0,0,1,0,1
scrape,scraped,3,2,1,0,0,0,0,0
group,"grouping, grouped",3,1,1,0,0,0,0,1
refuse,refuse,3,1,1,0,0,0,0,1
modernize,modernizing,3,1,0,0,0,2,0,0
radiate,"radiate, radiating",3,1,0,0,0,1,0,1
fly,"flown, flying, flew",3,1,0,0,1,1,0,0
rush,"rushing, rushed",3,1,0,0,0,0,0,2
suffice,suffice,3,2,1,0,0,0,0,0
coalesce,"coalesced, coalesce, coalescing",3,2,0,0,1,0,0,0
modulate,"modulate, modulating",3,1,1,0,0,0,0,1
crystallize,"crystallizing, crystallized",3,1,0,0,0,1,1,0
harden,"hardened, hardening",3,2,0,0,0,0,0,1
praise,praised,3,1,2,0,0,0,0,0
vote,"vote, voted, voting",3,1,1,0,0,0,1,0
struggle,"struggles, struggle, struggling",3,2,1,0,0,0,0,0
reverberate,"reverberate, reverberating",3,1,0,0,0,1,0,1
knit,"knit, knitting",3,1,0,1,0,1,0,0
erase,"erased, erases, erase",3,1,0,2,0,0,0,0
interface,"interface, interfacing, interfaced",3,1,2,0,0,0,0,0
disuse,disused,3,1,0,0,0,0,0,2
realign,"realign, realigns",3,3,0,0,0,0,0,0
mainstream,mainstream,3,1,0,0,1,1,0,0
forward,"forward, forwarding",3,1,0,2,0,0,0,0
file,"filed, file",3,1,0,0,0,0,2,0
tour,"tour, touring",3,2,0,0,1,0,0,0
correct,"corrected, correct",3,1,1,0,0,0,0,1
assimilate,assimilate,3,1,1,1,0,0,0,0
preoccupy,preoccupied,3,2,1,0,0,0,0,0
unmask,"unmasking, unmask",3,3,0,0,0,0,0,0
marshal,"marshal, marshaling",3,1,1,1,0,0,0,0
reward,"rewarded, reward",3,2,0,0,1,0,0,0
assure,"assured, assuring, assure",3,1,0,0,0,0,1,1
leak,"leaking, leaked",3,2,1,0,0,0,0,0
overflow,"overflows, overflowing",3,1,1,0,0,1,0,0
hypothesize,"hypothesize, hypothesized",3,2,0,1,0,0,0,0
clean,"clean, cleaned",3,1,1,1,0,0,0,0
façade,façade,3,1,0,0,0,0,1,1
clash,clash,3,1,0,0,1,0,0,1
renovate,"renovating, renovate",3,1,0,1,0,1,0,0
legitimize,"legitimizing, legitimized",3,2,0,0,0,0,0,1
politicize,"politicize, politicizing, politicizes",3,1,2,0,0,0,0,0
cull,culled,3,1,0,0,2,0,0,0
ease,ease,3,1,1,0,0,0,0,1
transgress,"transgress, transgressed",3,1,2,0,0,0,0,0
dispel,dispel,3,2,1,0,0,0,0,0
slip,"slipping, slips",3,1,0,2,0,0,0,0
irrigate,"irrigating, irrigate, irrigated",3,1,0,1,1,0,0,0
arm,"armed, arms",3,2,1,0,0,0,0,0
defend,"defend, defended",3,1,0,0,1,1,0,0
decay,decaying,3,1,0,0,2,0,0,0
grind,"grinding, ground",3,1,0,1,0,1,0,0
enmesh,"enmeshed, enmeshing",3,2,0,0,0,0,0,1
voice,"voicing, voiced, voice",3,1,0,0,1,0,1,0
extraction,"extractions, extraction",3,2,1,0,0,0,0,0
deteriorate,deteriorating,3,1,1,0,0,0,0,1
intercede,intercede,3,1,0,2,0,0,0,0
clude,cluding,3,1,0,2,0,0,0,0
incubate,"incubated, incubating, incubate",3,1,0,0,0,2,0,0
moor,moored,3,1,2,0,0,0,0,0
attain,"attained, attain",3,1,1,0,1,0,0,0
laugh,laughed,3,1,0,0,0,1,0,1
geologize,geologizing,3,1,1,1,0,0,0,0
usher,"ushered, ushering",3,1,1,1,0,0,0,0
unravel,"unravel, unraveling",3,1,0,2,0,0,0,0
reorient,reorient,3,1,0,1,0,0,0,1
prefer,"preferred, prefer",3,1,0,0,0,0,1,1
commone,commoning,3,1,0,0,0,0,0,2
disclose,"disclose, disclosing",3,1,0,1,0,0,1,0
appropriate,"appropriates, appropriated",3,1,0,0,1,0,0,1
socio,socio,3,1,0,0,1,0,0,1
weather,"weathering, weather",3,1,1,0,0,0,0,1
tune,"tuned, tunes",3,1,0,0,1,1,0,0
destine,destined,3,1,0,1,0,0,0,1
log,"log, logging",3,1,2,0,0,0,0,0
withhold,"withheld, withholds",3,2,0,0,0,0,0,1
lean,"lean, leans",3,1,1,1,0,0,0,0
crisscross,"crisscross, crisscrossed",3,0,2,0,0,0,1,0
notice,"notice, noticed",3,0,1,0,0,1,0,1
blame,"blamed, blame",3,0,3,0,0,0,0,0
level,"levels, leveled",3,0,2,0,0,1,0,0
populate,"populate, populating",3,0,1,2,0,0,0,0
mirror,"mirroring, mirrors",3,0,1,0,0,1,0,1
term,"termed, terms",3,0,1,0,1,0,1,0
wander,"wander, wandering",3,0,2,0,0,0,0,1
othere,"othering, othered",3,0,2,0,0,1,0,0
supplant,"supplanted, supplant",3,0,2,1,0,0,0,0
reposition,"repositioning, reposition",3,0,1,0,0,1,0,1
retool,"retooling, retool, retooled",3,0,3,0,0,0,0,0
suppress,"suppressed, suppress",3,0,1,0,0,0,0,2
dea,"deas, dea",3,0,3,0,0,0,0,0
nvestigate,nvestigate,3,0,3,0,0,0,0,0
ollowe,ollowing,3,0,2,0,1,0,0,0
rovide,rovide,3,0,3,0,0,0,0,0
uilt,uilt,3,0,3,0,0,0,0,0
ase,ased,3,0,3,0,0,0,0,0
orke,"orking, orked",3,0,2,0,0,1,0,0
old,olds,3,0,3,0,0,0,0,0
channel,channel,3,0,1,0,0,1,1,0
judge,"judging, judged",3,0,2,0,0,1,0,0
feedback,feedback,3,0,1,0,0,0,1,1
recede,"recede, recedes, receded",3,0,1,0,0,1,1,0
wreak,"wreaks, wreak, wreaking",3,0,1,0,1,0,1,0
transformative,transformative,3,0,2,0,1,0,0,0
variegate,variegated,3,0,1,0,1,0,1,0
disregard,"disregarded, disregard",3,0,1,0,1,0,0,1
actuate,"actuated, actuate",3,0,2,0,1,0,0,0
macro,macro,3,0,1,1,1,0,0,0
diffuse,"diffuse, diffused, diffuses",3,0,2,0,0,0,0,1
specialise,"specialises, specialised, specialising",3,0,1,1,0,1,0,0
extenuate,extenuating,3,0,3,0,0,0,0,0
wrap,"wrap, wrapped",3,0,2,1,0,0,0,0
drink,"drinking, drink",3,0,2,0,1,0,0,0
nterest,"nterest, nterests",3,0,3,0,0,0,0,0
nvestigation,nvestigation,3,0,3,0,0,0,0,0
sing,sing,3,0,1,0,0,0,1,1
zoom,zoom,3,0,1,1,0,1,0,0
revamp,"revamped, revamp",3,0,2,0,0,0,0,1
rehabilitate,"rehabilitate, rehabilitated",3,0,1,0,0,2,0,0
hang,"hanging, hung",3,0,1,0,0,0,1,1
edge,"edged, edges",3,0,1,0,0,1,1,0
premise,premised,3,0,1,0,0,2,0,0
reassess,"reassessing, reassess",3,0,1,0,0,1,1,0
interlink,"interlinked, interlink",3,0,2,0,1,0,0,0
mimic,"mimic, mimicking",3,0,1,0,0,1,1,0
framework,"framework, frameworks",3,0,1,0,0,0,0,2
institute,instituted,3,0,1,1,0,0,0,1
analyse,"analysed, analyse, analyses",3,0,1,1,0,0,0,1
kindle,"kindle, kindles",3,0,1,1,0,0,0,1
remark,"remarked, remarks",3,0,1,0,1,0,0,1
compartmentalize,compartmentalized,3,0,1,0,0,0,2,0
worldbuilde,worldbuilding,3,0,1,0,0,0,0,2
blur,"blur, blurs",3,0,1,0,0,1,0,1
student,"student, students",3,0,1,0,0,0,0,2
revolutionize,"revolutionize, revolutionizing",3,0,2,0,0,0,0,1
manipulate,"manipulating, manipulate",3,0,1,0,0,1,0,1
decipher,"decipher, deciphering",3,0,1,1,1,0,0,0
refrigerate,refrigerated,3,0,0,3,0,0,0,0
gear,geared,3,0,0,2,0,0,0,1
fracke,fracking,3,0,0,1,0,0,0,2
afterlive,afterlives,3,0,0,1,0,0,0,2
acclimatize,acclimatizing,3,0,0,3,0,0,0,0
discourage,"discouraging, discouraged, discourages",3,0,0,2,0,1,0,0
compute,computing,3,0,0,2,0,0,0,1
disinvestment,disinvestment,3,0,0,2,0,1,0,0
decentralize,"decentralized, decentralizing",3,0,0,1,0,0,0,2
code,"coded, coding",3,0,0,1,0,1,0,1
sharpen,"sharpening, sharpen, sharpened",3,0,0,1,0,1,0,1
straddle,"straddle, straddles",3,0,0,1,1,0,0,1
relinquish,relinquish,3,0,0,3,0,0,0,0
remake,"remake, remaking",3,0,0,1,1,1,0,0
battle,"battling, battled",3,0,0,1,1,0,0,1
condense,"condensed, condensing",3,0,0,2,1,0,0,0
abstract,"abstract, abstracting, abstracted",3,0,0,1,1,1,0,0
reaffirm,reaffirm,3,0,0,1,0,2,0,0
renewable,renewable,3,0,0,1,0,1,1,0
dismiss,"dismisses, dismissed, dismiss",3,0,0,0,3,0,0,0
qualify,"qualifies, qualify",3,0,0,0,2,0,1,0
groundbreake,groundbreaking,3,0,0,0,1,2,0,0
protract,protracted,3,0,0,0,2,0,0,1
ail,"ailing, ail",3,0,0,0,2,0,1,0
condemn,condemned,3,0,0,0,3,0,0,0
demolish,demolished,3,0,0,0,1,1,0,1
dispose,"disposed, dispose",3,0,0,0,1,0,1,1
transect,"transect, transected",3,0,0,0,1,1,1,0
signal,"signal, signaled",3,0,0,0,2,1,0,0
arid,arid,3,0,0,0,1,0,0,2
constrain,constrained,3,0,0,0,1,0,1,1
microclimate,"microclimates, microclimate",3,0,0,0,2,0,0,1
garden,"gardening, gardened",3,0,0,0,1,1,1,0
occupant,"occupant, occupants",3,0,0,0,1,0,0,2
scatter,scattered,3,0,0,0,1,1,0,1
master,master,3,0,0,0,1,1,1,0
tinker,tinkering,3,0,0,0,1,1,1,0
demounte,demounted,3,0,0,0,2,1,0,0
outfit,"outfitted, outfit",3,0,0,0,2,1,0,0
acsa,acsa,3,0,0,0,1,1,0,1
haunt,"haunted, haunt",3,0,0,0,1,0,1,1
rodrigo,rodrigo,3,0,0,0,1,1,1,0
dub,dubbed,3,0,0,0,0,2,1,0
potentiate,potentiate,3,0,0,0,0,3,0,0
sdie,sdied,3,0,0,0,0,3,0,0
carpet,carpet,3,0,0,0,0,3,0,0
conceal,conceal,3,0,0,0,0,2,0,1
atmosphere,atmospheres,3,0,0,0,0,2,0,1
burden,burdened,3,0,0,0,0,1,0,2
collaboration,"collaboration, collaborations",3,0,0,0,0,0,3,0
switch,"switching, switch",3,0,0,0,0,0,1,2
trend,trend,3,0,0,0,0,0,3,0
tweede,tweede,3,0,0,0,0,0,3,0
hardworke,hardworking,3,0,0,0,0,0,3,0
ect,ect,3,0,0,0,0,0,0,3
graft,"grafting, grafts",3,0,0,0,0,0,0,3
indigenize,"indigenizing, indigenize",3,0,0,0,0,0,0,3
preclude,precludes,2,1,0,1,0,0,0,0
refract,"refract, refracted",2,1,1,0,0,0,0,0
imbue,"imbue, imbued",2,2,0,0,0,0,0,0
culture,cultures,2,1,1,0,0,0,0,0
devalue,devaluing,2,1,0,0,0,0,0,1
thrill,thrilled,2,1,0,0,1,0,0,0
furnish,"furnished, furnishing",2,1,0,1,0,0,0,0
roll,"roll, rolling",2,1,0,0,1,0,0,0
placemake,placemaking,2,1,0,0,0,0,0,1
subdivide,subdivided,2,1,0,0,1,0,0,0
spill,spilled,2,1,0,0,0,0,1,0
laud,"lauded, laud",2,1,0,0,0,1,0,0
attack,"attack, attacked",2,1,0,0,0,0,0,1
biomimicry,biomimicry,2,1,0,0,0,0,0,1
insure,insure,2,1,0,0,1,0,0,0
firm,firm,2,1,1,0,0,0,0,0
pledge,pledge,2,1,0,0,1,0,0,0
reason,"reason, reasoning",2,1,0,0,1,0,0,0
sanction,sanctioned,2,1,0,1,0,0,0,0
cofounde,cofounded,2,1,0,0,1,0,0,0
bifurcate,"bifurcated, bifurcate",2,1,0,1,0,0,0,0
wire,wired,2,1,0,1,0,0,0,0
river,river,2,1,0,0,0,0,0,1
etch,"etching, etched",2,1,0,0,0,0,0,1
duce,duce,2,1,0,0,0,1,0,0
distil,distilled,2,2,0,0,0,0,0,0
endanger,endangered,2,2,0,0,0,0,0,0
cook,cooked,2,1,0,1,0,0,0,0
subdue,subdued,2,1,1,0,0,0,0,0
sarc,sarc,2,2,0,0,0,0,0,0
relevant,relevant,2,2,0,0,0,0,0,0
dialogue,"dialoguing, dialogue",2,1,0,1,0,0,0,0
wield,"wielded, wield",2,1,1,0,0,0,0,0
harbor,"harbors, harbor",2,1,0,0,1,0,0,0
hail,"hailing, hails",2,1,0,0,0,0,0,1
boom,booming,2,2,0,0,0,0,0,0
synergize,synergize,2,1,0,0,0,0,0,1
recreate,recreate,2,2,0,0,0,0,0,0
database,"database, databases",2,1,0,0,0,0,0,1
curtail,"curtail, curtailed",2,1,0,0,1,0,0,0
sequester,sequester,2,1,0,0,0,0,1,0
rename,"renamed, renaming",2,1,0,0,0,1,0,0
market,"marketed, markets",2,1,0,1,0,0,0,0
landscape,landscape,2,1,0,0,0,1,0,0
bike,biking,2,1,0,0,1,0,0,0
contract,contracted,2,2,0,0,0,0,0,0
overwhelm,"overwhelm, overwhelmed",2,1,0,0,1,0,0,0
morph,"morphed, morph",2,1,1,0,0,0,0,0
untangle,untangle,2,2,0,0,0,0,0,0
unthink,unthink,2,2,0,0,0,0,0,0
mill,milled,2,1,0,1,0,0,0,0
warrant,"warranting, warrant",2,1,1,0,0,0,0,0
adhere,"adhering, adhere",2,1,0,0,0,1,0,0
defamiliarize,"defamiliarizing, defamiliarize",2,1,0,0,0,0,1,0
cohouse,cohousing,2,1,0,0,0,0,0,1
gesture,gesture,2,1,1,0,0,0,0,0
signify,"signified, signify",2,1,0,0,0,1,0,0
explode,exploded,2,1,0,0,1,0,0,0
underlay,underlay,2,1,1,0,0,0,0,0
asphalt,asphalt,2,1,1,0,0,0,0,0
sag,sag,2,1,1,0,0,0,0,0
stcudorp,stcudorp,2,1,1,0,0,0,0,0
lio,lio,2,1,1,0,0,0,0,0
uck,uck,2,1,1,0,0,0,0,0
fossilize,fossilize,2,1,0,0,1,0,0,0
disguise,"disguise, disguises",2,1,0,0,0,1,0,0
hinge,"hinge, hinging",2,1,0,0,0,0,1,0
insert,inserted,2,1,0,0,0,0,0,1
galvanize,"galvanize, galvanized",2,1,0,1,0,0,0,0
halt,"halting, halt",2,2,0,0,0,0,0,0
uture,utures,2,2,0,0,0,0,0,0
hile,hile,2,1,1,0,0,0,0,0
ive,"iving, ived",2,1,1,0,0,0,0,0
route,routing,2,1,0,0,0,0,0,1
globalize,globalizing,2,1,1,0,0,0,0,0
flash,flash,2,1,1,0,0,0,0,0
overhaul,"overhaul, overhauling",2,1,0,1,0,0,0,0
mint,minted,2,1,1,0,0,0,0,0
room,room,2,1,1,0,0,0,0,0
advertise,advertised,2,1,1,0,0,0,0,0
wither,withering,2,2,0,0,0,0,0,0
choreograph,choreograph,2,1,0,0,0,0,0,1
campaign,"campaigns, campaigning",2,1,0,0,0,1,0,0
disallow,"disallow, disallows",2,2,0,0,0,0,0,0
relay,"relayed, relaying",2,1,1,0,0,0,0,0
upend,"upended, upending",2,1,0,0,0,1,0,0
pollinate,"pollinated, pollinate",2,1,0,0,0,0,0,1
discriminate,"discriminate, discriminates",2,2,0,0,0,0,0,0
tse,tsing,2,2,0,0,0,0,0,0
undersell,underselling,2,1,0,1,0,0,0,0
enroll,"enrolls, enroll",2,1,1,0,0,0,0,0
afflict,afflicting,2,1,0,0,0,0,0,1
attenuate,attenuate,2,1,1,0,0,0,0,0
vegetate,vegetated,2,1,0,0,1,0,0,0
reiterate,"reiterated, reiterate",2,1,1,0,0,0,0,0
seed,"seed, seeded",2,1,0,0,1,0,0,0
labor,"laboring, labor",2,1,1,0,0,0,0,0
recieve,"recieve, recieved",2,1,0,0,0,1,0,0
broadcast,"broadcasting, broadcast",2,1,1,0,0,0,0,0
chill,"chill, chilling",2,1,0,0,0,0,0,1
shorten,shortening,2,1,1,0,0,0,0,0
vest,vested,2,2,0,0,0,0,0,0
trip,trips,2,1,0,0,0,0,0,1
corral,corralled,2,1,1,0,0,0,0,0
calcify,calcified,2,1,1,0,0,0,0,0
denote,denotes,2,1,1,0,0,0,0,0
reclassify,reclassified,2,1,1,0,0,0,0,0
refute,refuting,2,1,1,0,0,0,0,0
proclaim,proclaimed,2,1,0,0,0,0,1,0
predispose,"predisposed, predisposes",2,2,0,0,0,0,0,0
superimpose,"superimposed, superimpose",2,1,0,0,0,0,0,1
top,"topping, top",2,1,1,0,0,0,0,0
perspective,perspective,2,1,0,0,0,0,1,0
credentiale,credentialed,2,1,0,0,0,0,0,1
theorize,"theorizes, theorizing",2,1,0,1,0,0,0,0
fear,"fear, feared",2,1,0,0,1,0,0,0
intrigue,intrigue,2,1,0,0,0,0,0,1
steep,steeped,2,1,0,0,1,0,0,0
shake,"shakes, shake",2,1,0,0,0,0,0,1
slide,slides,2,1,0,0,0,1,0,0
remote,remote,2,1,0,0,1,0,0,0
expedite,"expedite, expedited",2,1,0,0,0,0,0,1
unpin,unpin,2,1,0,0,1,0,0,0
elucidate,"elucidate, elucidates",2,2,0,0,0,0,0,0
average,"averages, average",2,1,0,0,0,1,0,0
outpace,"outpace, outpaced",2,1,0,1,0,0,0,0
pretend,pretending,2,2,0,0,0,0,0,0
redraw,redraw,2,1,0,0,0,0,0,1
acclaim,acclaimed,2,1,0,0,0,1,0,0
greenwashe,greenwashing,2,1,0,0,0,0,0,1
incur,"incur, incurred",2,1,0,0,0,0,0,1
redress,redress,2,1,1,0,0,0,0,0
paradigm,"paradigm, paradigms",2,1,0,0,0,0,1,0
pitch,"pitched, pitch",2,1,0,1,0,0,0,0
crise,crises,2,1,0,0,1,0,0,0
cede,ceded,2,0,1,1,0,0,0,0
blow,"blowing, blow",2,0,2,0,0,0,0,0
split,split,2,0,1,0,0,0,0,1
structe,structing,2,0,1,1,0,0,0,0
organise,"organise, organised",2,0,1,0,0,0,0,1
brew,"brewing, brewed",2,0,1,0,0,0,0,1
till,"tilling, tills",2,0,1,0,0,0,0,1
uproot,uprooting,2,0,1,0,0,0,1,0
dovetail,"dovetail, dovetails",2,0,2,0,0,0,0,0
defeat,"defeat, defeating",2,0,2,0,0,0,0,0
forbid,forbidden,2,0,1,0,0,1,0,0
orbit,orbit,2,0,2,0,0,0,0,0
interrupt,interrupts,2,0,1,0,0,0,0,1
flatten,"flatten, flattening",2,0,1,0,0,1,0,0
idealize,"idealize, idealized",2,0,1,0,0,0,0,1
pause,"pause, pauses",2,0,1,0,0,0,0,1
comment,comment,2,0,1,0,0,0,0,1
eete,eeting,2,0,2,0,0,0,0,0
mmediate,mmediate,2,0,2,0,0,0,0,0
lanne,lanning,2,0,2,0,0,0,0,0
ddresse,"ddressed, ddressing",2,0,2,0,0,0,0,0
ncrease,"ncrease, ncreasing",2,0,1,0,1,0,0,0
infille,infilling,2,0,1,0,0,1,0,0
ormal,ormal,2,0,2,0,0,0,0,0
eepene,eepened,2,0,2,0,0,0,0,0
asse,assing,2,0,2,0,0,0,0,0
emonstrate,emonstrate,2,0,2,0,0,0,0,0
ite,"ite, ited",2,0,1,0,0,1,0,0
etween,etween,2,0,2,0,0,0,0,0
stablishe,stablished,2,0,2,0,0,0,0,0
nvite,nvited,2,0,2,0,0,0,0,0
ecture,ectures,2,0,2,0,0,0,0,0
ackground,ackground,2,0,1,0,1,0,0,0
ward,warded,2,0,2,0,0,0,0,0
ithin,ithin,2,0,1,0,1,0,0,0
raduate,"raduate, raduated",2,0,2,0,0,0,0,0
rior,rior,2,0,2,0,0,0,0,0
eceive,eceived,2,0,2,0,0,0,0,0
carve,"carved, carving",2,0,1,0,0,0,0,1
neutralize,neutralize,2,0,1,0,0,1,0,0
hybrid,hybrid,2,0,1,0,0,0,0,1
rectify,"rectify, rectifying",2,0,1,0,0,1,0,0
shatter,"shattered, shattering",2,0,1,0,0,1,0,0
inquire,"inquires, inquire",2,0,1,0,0,0,1,0
shock,shocked,2,0,1,0,0,0,1,0
inhabitant,"inhabitants, inhabitant",2,0,1,1,0,0,0,0
reformulate,reformulate,2,0,1,0,0,1,0,0
tione,tioned,2,0,1,0,0,0,0,1
passionate,passionate,2,0,1,0,1,0,0,0
tenure,tenured,2,0,1,0,1,0,0,0
internationalize,internationalizing,2,0,2,0,0,0,0,0
eal,eal,2,0,2,0,0,0,0,0
mplication,mplications,2,0,2,0,0,0,0,0
limate,limate,2,0,2,0,0,0,0,0
ocuse,"ocused, ocuses",2,0,2,0,0,0,0,0
wind,wind,2,0,1,0,0,0,0,1
roof,roofing,2,0,1,0,0,1,0,0
acquaint,"acquaint, acquainted",2,0,2,0,0,0,0,0
envelop,"envelopes, envelop",2,0,1,0,0,0,0,1
punctuate,"punctuates, punctuated",2,0,1,0,1,0,0,0
tilize,"tilizing, tilizes",2,0,2,0,0,0,0,0
nfire,nfired,2,0,2,0,0,0,0,0
tag,tages,2,0,2,0,0,0,0,0
unfire,unfired,2,0,2,0,0,0,0,0
repress,repressed,2,0,1,0,0,0,0,1
desert,"desert, deserted",2,0,1,0,0,0,1,0
handbook,handbook,2,0,2,0,0,0,0,0
excel,excel,2,0,2,0,0,0,0,0
exhaust,exhausts,2,0,1,0,0,0,0,1
espouse,"espoused, espouses",2,0,1,0,0,1,0,0
multilayere,multilayered,2,0,1,0,0,1,0,0
nourish,nourish,2,0,1,0,0,1,0,0
pack,"packed, pack",2,0,1,0,1,0,0,0
metabolize,"metabolized, metabolize",2,0,1,1,0,0,0,0
rule,"rules, rule",2,0,1,0,0,1,0,0
strip,stripped,2,0,1,0,0,0,0,1
ponder,"pondering, ponder",2,0,1,0,1,0,0,0
licensure,licensure,2,0,2,0,0,0,0,0
boost,boost,2,0,1,0,0,0,0,1
response,response,2,0,1,1,0,0,0,0
space,"spaces, spacing",2,0,1,1,0,0,0,0
reinvigorate,"reinvigorate, reinvigorated",2,0,1,1,0,0,0,0
purpose,purposing,2,0,1,0,0,0,1,0
deem,deemed,2,0,1,1,0,0,0,0
redevelop,"redeveloping, redeveloped",2,0,1,0,0,0,0,1
reconnoiter,"reconnoiter, reconnoitering",2,0,1,1,0,0,0,0
circumnavigate,"circumnavigating, circumnavigate",2,0,1,1,0,0,0,0
ruminate,ruminate,2,0,1,1,0,0,0,0
abate,"abating, abated",2,0,1,0,0,0,0,1
circumvent,"circumventing, circumvented",2,0,1,0,0,0,0,1
hoard,"hoard, hoarding",2,0,0,1,0,1,0,0
trisect,trisect,2,0,0,2,0,0,0,0
retail,retail,2,0,0,2,0,0,0,0
peel,"peeled, peeling",2,0,0,2,0,0,0,0
squeeze,squeeze,2,0,0,2,0,0,0,0
debilitate,"debilitated, debilitating",2,0,0,1,0,0,0,1
decelerate,"decelerate, decelerates",2,0,0,1,1,0,0,0
wreck,"wrecking, wrecked",2,0,0,1,0,0,1,0
inventory,inventorying,2,0,0,1,0,0,0,1
landfille,"landfilling, landfilled",2,0,0,1,0,0,0,1
terminate,"terminates, terminated",2,0,0,1,1,0,0,0
merce,merced,2,0,0,2,0,0,0,0
plague,plagued,2,0,0,1,0,1,0,0
sign,"sign, signed",2,0,0,1,1,0,0,0
stifle,"stifling, stifled",2,0,0,1,1,0,0,0
appraise,appraise,2,0,0,2,0,0,0,0
divert,"diverting, diverted",2,0,0,1,0,0,1,0
hint,"hinting, hint",2,0,0,2,0,0,0,0
enunciate,"enunciate, enunciated",2,0,0,2,0,0,0,0
sum,"sum, sums",2,0,0,1,0,1,0,0
dissipate,"dissipating, dissipate",2,0,0,1,0,0,0,1
drift,drift,2,0,0,2,0,0,0,0
corroborate,"corroborating, corroborates",2,0,0,1,1,0,0,0
bound,"bounded, bounds",2,0,0,1,0,0,1,0
herald,heralded,2,0,0,1,0,1,0,0
micro,micro,2,0,0,1,1,0,0,0
delink,"delink, delinks",2,0,0,2,0,0,0,0
reopen,"reopen, reopens",2,0,0,1,0,0,0,1
engender,"engendering, engenders",2,0,0,1,1,0,0,0
boast,"boasted, boasts",2,0,0,1,0,1,0,0
ride,"riding, ride",2,0,0,1,1,0,0,0
societal,societal,2,0,0,1,0,0,1,0
epitomize,epitomized,2,0,0,1,1,0,0,0
ram,rammed,2,0,0,0,1,0,0,1
remappe,"remapping, remapped",2,0,0,0,2,0,0,0
tether,tethered,2,0,0,0,1,0,1,0
impend,impending,2,0,0,0,1,0,0,1
disavow,disavow,2,0,0,0,2,0,0,0
lift,"lifting, lifted",2,0,0,0,2,0,0,0
station,stationed,2,0,0,0,1,0,0,1
label,labeled,2,0,0,0,1,0,0,1
socialize,socialize,2,0,0,0,2,0,0,0
resettle,"resettled, resettling",2,0,0,0,2,0,0,0
enslave,enslaved,2,0,0,0,1,0,0,1
territorialize,"territorialize, territorialized",2,0,0,0,1,1,0,0
megastructure,"megastructure, megastructures",2,0,0,0,1,1,0,0
cloak,cloaked,2,0,0,0,1,1,0,0
dream,"dreaming, dream",2,0,0,0,1,1,0,0
sanitize,sanitized,2,0,0,0,1,0,0,1
rot,"rot, rotting",2,0,0,0,1,0,1,0
borderland,borderland,2,0,0,0,2,0,0,0
ole,oled,2,0,0,0,2,0,0,0
beg,"begs, beg",2,0,0,0,1,1,0,0
deliberate,deliberate,2,0,0,0,1,1,0,0
seep,"seeps, seep",2,0,0,0,1,0,0,1
contradict,contradict,2,0,0,0,1,0,0,1
moderate,moderate,2,0,0,0,1,1,0,0
allay,allayed,2,0,0,0,1,1,0,0
taine,"tained, taining",2,0,0,0,1,0,0,1
emulate,"emulating, emulates",2,0,0,0,1,0,1,0
apprehend,apprehending,2,0,0,0,1,0,0,1
sixteen,sixteen,2,0,0,0,2,0,0,0
stake,stake,2,0,0,0,1,1,0,0
agitate,agitate,2,0,0,0,1,1,0,0
romanticize,romanticized,2,0,0,0,1,1,0,0
daunt,daunting,2,0,0,0,1,0,0,1
fye,fying,2,0,0,0,1,1,0,0
que,"que, ques",2,0,0,0,1,0,1,0
causa,causa,2,0,0,0,1,1,0,0
interplay,interplays,2,0,0,0,2,0,0,0
fabrication,fabrication,2,0,0,0,0,1,1,0
rainscreen,rainscreen,2,0,0,0,0,1,1,0
dam,"dammed, dams",2,0,0,0,0,1,0,1
headquarter,headquartered,2,0,0,0,0,2,0,0
safeguard,safeguard,2,0,0,0,0,1,1,0
throw,"throws, thrown",2,0,0,0,0,1,1,0
postulate,postulates,2,0,0,0,0,1,1,0
context,context,2,0,0,0,0,2,0,0
endeavour,endeavours,2,0,0,0,0,2,0,0
improvise,"improvised, improvising",2,0,0,0,0,1,0,1
paricipae,paricipaed,2,0,0,0,0,2,0,0
deelope,deeloping,2,0,0,0,0,2,0,0
interweave,interweaving,2,0,0,0,0,1,0,1
grassroot,grassroot,2,0,0,0,0,1,1,0
demystify,demystifying,2,0,0,0,0,2,0,0
uplift,uplifting,2,0,0,0,0,1,1,0
tweet,tweeted,2,0,0,0,0,1,0,1
siphon,siphoning,2,0,0,0,0,1,0,1
dewatere,dewatering,2,0,0,0,0,2,0,0
overpower,overpowered,2,0,0,0,0,1,1,0
story,storied,2,0,0,0,0,2,0,0
inflate,inflated,2,0,0,0,0,2,0,0
ien,ien,2,0,0,0,0,1,0,1
learnaboutmaterialcostsfrommanufacture,learnaboutmaterialcostsfrommanufacturing,2,0,0,0,0,2,0,0
elicit,eliciting,2,0,0,0,0,1,1,0
overshoot,overshooting,2,0,0,0,0,1,1,0
incapacitate,incapacitate,2,0,0,0,0,1,1,0
brownfield,brownfield,2,0,0,0,0,2,0,0
commemorate,commemorate,2,0,0,0,0,2,0,0
aggravate,"aggravated, aggravates",2,0,0,0,0,2,0,0
buffer,"buffer, buffered",2,0,0,0,0,1,0,1
enlarge,enlarged,2,0,0,0,0,1,1,0
camouflage,"camouflaged, camouflage",2,0,0,0,0,2,0,0
longstande,longstanding,2,0,0,0,0,0,1,1
overshadow,"overshadows, overshadow",2,0,0,0,0,0,2,0
tactile,tactile,2,0,0,0,0,0,1,1
fortify,fortified,2,0,0,0,0,0,2,0
sur,sur,2,0,0,0,0,0,2,0
vault,vaulted,2,0,0,0,0,0,2,0
pressure,pressured,2,0,0,0,0,0,2,0
vate,vate,2,0,0,0,0,0,1,1
educa,educa,2,0,0,0,0,0,2,0
commie,commied,2,0,0,0,0,0,2,0
personalize,"personalized, personalize",2,0,0,0,0,0,2,0
andaffordablehouse,andaffordablehousing,2,0,0,0,0,0,2,0
cure,"curing, cures",2,0,0,0,0,0,2,0
floor,flooring,2,0,0,0,0,0,2,0
blight,blighted,2,0,0,0,0,0,1,1
measurable,measurable,2,0,0,0,0,0,0,2
bottle,bottling,2,0,0,0,0,0,0,2
dissolve,"dissolve, dissolving",2,0,0,0,0,0,0,2
benchmarke,benchmarking,2,0,0,0,0,0,0,2
infill,infills,2,0,0,0,0,0,0,2
optimise,optimise,2,0,0,0,0,0,0,2
stack,stacked,2,0,0,0,0,0,0,2
predefine,"predefine, predefined",2,0,0,0,0,0,0,2
entrench,entrenched,2,0,0,0,0,0,0,2
universalize,universalizing,2,0,0,0,0,0,0,2
radiative,radiative,2,0,0,0,0,0,0,2
ture,tured,2,0,0,0,0,0,0,2
braid,braiding,2,0,0,0,0,0,0,2
scope,scoping,2,0,0,0,0,0,0,2
strand,stranded,2,0,0,0,0,0,0,2
remediate,remediate,2,0,0,0,0,0,0,2
warehouse,warehoused,2,0,0,0,0,0,0,2
harmonize,harmonize,2,0,0,0,0,0,0,2
replenish,replenish,2,0,0,0,0,0,0,2
concert,concerted,1,1,0,0,0,0,0,0
librarie,libraries,1,1,0,0,0,0,0,0
paint,painted,1,1,0,0,0,0,0,0
protest,protested,1,1,0,0,0,0,0,0
discount,discount,1,1,0,0,0,0,0,0
treasure,treasures,1,1,0,0,0,0,0,0
sweep,sweeping,1,1,0,0,0,0,0,0
squash,squashed,1,1,0,0,0,0,0,0
wrangle,wrangle,1,1,0,0,0,0,0,0
coerce,coerced,1,1,0,0,0,0,0,0
amend,amend,1,1,0,0,0,0,0,0
environment,environments,1,1,0,0,0,0,0,0
expend,expend,1,1,0,0,0,0,0,0
recontextualize,recontextualized,1,1,0,0,0,0,0,0
dystopia,dystopias,1,1,0,0,0,0,0,0
template,templates,1,1,0,0,0,0,0,0
effectiveness,effectiveness,1,1,0,0,0,0,0,0
core,core,1,1,0,0,0,0,0,0
acquiesce,acquiesce,1,1,0,0,0,0,0,0
obsolete,obsolete,1,1,0,0,0,0,0,0
ecosystem,ecosystems,1,1,0,0,0,0,0,0
bounce,bounce,1,1,0,0,0,0,0,0
subsidize,subsidize,1,1,0,0,0,0,0,0
redact,redact,1,1,0,0,0,0,0,0
aqueduct,aqueducts,1,1,0,0,0,0,0,0
invert,inverted,1,1,0,0,0,0,0,0
birth,birthed,1,1,0,0,0,0,0,0
tamp,tamp,1,1,0,0,0,0,0,0
comingle,comingle,1,1,0,0,0,0,0,0
ishe,ished,1,1,0,0,0,0,0,0
ate,ated,1,1,0,0,0,0,0,0
vanish,vanish,1,1,0,0,0,0,0,0
swallow,swallowed,1,1,0,0,0,0,0,0
congeal,congealed,1,1,0,0,0,0,0,0
mingle,mingle,1,1,0,0,0,0,0,0
crumble,crumble,1,1,0,0,0,0,0,0
etary,etary,1,1,0,0,0,0,0,0
reform,reformed,1,1,0,0,0,0,0,0
stricken,stricken,1,1,0,0,0,0,0,0
ribble,ribbling,1,1,0,0,0,0,0,0
interpellate,interpellated,1,1,0,0,0,0,0,0
colonialism,colonialism,1,1,0,0,0,0,0,0
supersede,superseded,1,1,0,0,0,0,0,0
shellmound,shellmound,1,1,0,0,0,0,0,0
conjoin,conjoined,1,1,0,0,0,0,0,0
rabid,rabid,1,1,0,0,0,0,0,0
affix,affixed,1,1,0,0,0,0,0,0
gridlock,gridlock,1,1,0,0,0,0,0,0
jurie,juried,1,1,0,0,0,0,0,0
inquiry,inquiry,1,1,0,0,0,0,0,0
jam,jammed,1,1,0,0,0,0,0,0
sparkle,sparkling,1,1,0,0,0,0,0,0
drop,dropped,1,1,0,0,0,0,0,0
unbuilt,unbuilt,1,1,0,0,0,0,0,0
stich,stich,1,1,0,0,0,0,0,0
contac,contac,1,1,0,0,0,0,0,0
coauthore,coauthored,1,1,0,0,0,0,0,0
pressurize,pressurized,1,1,0,0,0,0,0,0
representation,representation,1,1,0,0,0,0,0,0
overview,overviews,1,1,0,0,0,0,0,0
provincialize,provincializing,1,1,0,0,0,0,0,0
scratch,scratched,1,1,0,0,0,0,0,0
sition,sitions,1,1,0,0,0,0,0,0
pervade,pervades,1,1,0,0,0,0,0,0
exhilarate,exhilarates,1,1,0,0,0,0,0,0
soothe,soothes,1,1,0,0,0,0,0,0
lament,lamented,1,1,0,0,0,0,0,0
misplace,misplaced,1,1,0,0,0,0,0,0
development,development,1,1,0,0,0,0,0,0
foresee,foresee,1,1,0,0,0,0,0,0
componentize,componentized,1,1,0,0,0,0,0,0
forebode,foreboding,1,1,0,0,0,0,0,0
race,racing,1,1,0,0,0,0,0,0
bus,busing,1,1,0,0,0,0,0,0
decontextualize,decontextualize,1,1,0,0,0,0,0,0
specifi,specifi,1,1,0,0,0,0,0,0
stripe,striped,1,1,0,0,0,0,0,0
churn,churning,1,1,0,0,0,0,0,0
polis,polis,1,1,0,0,0,0,0,0
profess,professed,1,1,0,0,0,0,0,0
reawaken,reawaken,1,1,0,0,0,0,0,0
phd,phd,1,1,0,0,0,0,0,0
fumble,fumble,1,1,0,0,0,0,0,0
reshuffle,reshuffling,1,1,0,0,0,0,0,0
outsize,outsized,1,1,0,0,0,0,0,0
unrealize,unrealized,1,1,0,0,0,0,0,0
kickstarte,kickstarting,1,1,0,0,0,0,0,0
stray,stray,1,1,0,0,0,0,0,0
ulminate,ulminate,1,1,0,0,0,0,0,0
hange,hange,1,1,0,0,0,0,0,0
ore,ores,1,1,0,0,0,0,0,0
refabricate,refabricated,1,1,0,0,0,0,0,0
endear,endearing,1,1,0,0,0,0,0,0
oftware,oftware,1,1,0,0,0,0,0,0
nfinite,nfinite,1,1,0,0,0,0,0,0
mmersion,mmersion,1,1,0,0,0,0,0,0
dabble,dabbles,1,1,0,0,0,0,0,0
sscchhooooll,sscchhooooll,1,1,0,0,0,0,0,0
subscribe,subscribed,1,1,0,0,0,0,0,0
projective,projective,1,1,0,0,0,0,0,0
overburden,overburdened,1,1,0,0,0,0,0,0
misguide,misguided,1,1,0,0,0,0,0,0
disconnect,disconnects,1,1,0,0,0,0,0,0
avenue,avenues,1,1,0,0,0,0,0,0
transdisciplinary,transdisciplinary,1,1,0,0,0,0,0,0
slacken,slackening,1,1,0,0,0,0,0,0
forage,foraging,1,1,0,0,0,0,0,0
smooth,smooth,1,1,0,0,0,0,0,0
engineeringtechnology,engineeringtechnology,1,1,0,0,0,0,0,0
ofadde,ofadding,1,1,0,0,0,0,0,0
ofbuilde,ofbuilding,1,1,0,0,0,0,0,0
fluctuating,fluctuating,1,1,0,0,0,0,0,0
angle,angles,1,1,0,0,0,0,0,0
overtax,overtaxed,1,1,0,0,0,0,0,0
ope,oping,1,1,0,0,0,0,0,0
hunt,hunting,1,1,0,0,0,0,0,0
regroup,regroup,1,1,0,0,0,0,0,0
militarize,militarize,1,1,0,0,0,0,0,0
hedge,hedges,1,1,0,0,0,0,0,0
inject,inject,1,1,0,0,0,0,0,0
beat,beating,1,1,0,0,0,0,0,0
expel,expelled,1,1,0,0,0,0,0,0
purge,purging,1,1,0,0,0,0,0,0
phrase,phrased,1,1,0,0,0,0,0,0
dehydrate,dehydrated,1,1,0,0,0,0,0,0
prognosticate,prognosticated,1,1,0,0,0,0,0,0
bite,bite,1,1,0,0,0,0,0,0
veil,veiled,1,1,0,0,0,0,0,0
reformatte,reformatted,1,1,0,0,0,0,0,0
federate,federated,1,1,0,0,0,0,0,0
hsinme,hsinming,1,1,0,0,0,0,0,0
extoll,extolls,1,1,0,0,0,0,0,0
risk,risk,1,1,0,0,0,0,0,0
presuppose,presuppose,1,1,0,0,0,0,0,0
ramify,ramifying,1,1,0,0,0,0,0,0
cake,caked,1,1,0,0,0,0,0,0
suffocate,suffocate,1,1,0,0,0,0,0,0
delayere,delayering,1,1,0,0,0,0,0,0
delaminate,delaminate,1,1,0,0,0,0,0,0
soa,soa,1,1,0,0,0,0,0,0
preexist,preexisting,1,1,0,0,0,0,0,0
motive,motives,1,1,0,0,0,0,0,0
entr,entr,1,1,0,0,0,0,0,0
uil,uil,1,1,0,0,0,0,0,0
frequent,frequented,1,1,0,0,0,0,0,0
physicalize,physicalize,1,1,0,0,0,0,0,0
brave,brave,1,1,0,0,0,0,0,0
satire,satire,1,1,0,0,0,0,0,0
admit,admit,1,1,0,0,0,0,0,0
distract,distracted,1,1,0,0,0,0,0,0
heartland,heartland,1,1,0,0,0,0,0,0
ipate,ipated,1,1,0,0,0,0,0,0
solution,solutions,1,1,0,0,0,0,0,0
oloballv,oloballv,1,1,0,0,0,0,0,0
everchange,everchanging,1,1,0,0,0,0,0,0
oft,oft,1,1,0,0,0,0,0,0
penalize,penalizing,1,1,0,0,0,0,0,0
unerre,unerring,1,1,0,0,0,0,0,0
muddle,muddled,1,1,0,0,0,0,0,0
studentsuse,studentsusing,1,1,0,0,0,0,0,0
transpire,transpire,1,1,0,0,0,0,0,0
satellite,satellite,1,1,0,0,0,0,0,0
georeference,georeferenced,1,1,0,0,0,0,0,0
blot,blot,1,1,0,0,0,0,0,0
right,righted,1,1,0,0,0,0,0,0
seize,seized,1,1,0,0,0,0,0,0
approximate,approximating,1,1,0,0,0,0,0,0
tiere,tiered,1,1,0,0,0,0,0,0
hestitate,hestitate,1,1,0,0,0,0,0,0
smother,smothered,1,1,0,0,0,0,0,0
decimate,decimating,1,1,0,0,0,0,0,0
apportion,apportioning,1,1,0,0,0,0,0,0
proffer,proffered,1,1,0,0,0,0,0,0
valorize,valorizes,1,1,0,0,0,0,0,0
masquerade,masquerades,1,1,0,0,0,0,0,0
refresh,refresh,1,1,0,0,0,0,0,0
abet,abet,1,1,0,0,0,0,0,0
undiscipline,undisciplined,1,1,0,0,0,0,0,0
nflicte,nflicted,1,1,0,0,0,0,0,0
stipend,stipends,1,1,0,0,0,0,0,0
writer,writers,1,1,0,0,0,0,0,0
thematize,thematizing,1,1,0,0,0,0,0,0
are,are,1,1,0,0,0,0,0,0
cloud,cloud,1,1,0,0,0,0,0,0
sleep,sleeping,1,1,0,0,0,0,0,0
singe,singing,1,1,0,0,0,0,0,0
heave,heaves,1,1,0,0,0,0,0,0
home,home,1,1,0,0,0,0,0,0
discovery,discovery,1,1,0,0,0,0,0,0
soak,soaked,1,1,0,0,0,0,0,0
performative,performative,1,1,0,0,0,0,0,0
fell,felling,1,1,0,0,0,0,0,0
belie,belies,1,1,0,0,0,0,0,0
blanket,blanket,1,1,0,0,0,0,0,0
resists,resists,1,1,0,0,0,0,0,0
rewrite,rewrite,1,1,0,0,0,0,0,0
evince,evinced,1,1,0,0,0,0,0,0
circuit,circuiting,1,1,0,0,0,0,0,0
commoditize,commoditize,1,1,0,0,0,0,0,0
infrare,infrared,1,1,0,0,0,0,0,0
enrage,enraged,1,1,0,0,0,0,0,0
plead,pleads,1,1,0,0,0,0,0,0
effectuate,effectuates,1,1,0,0,0,0,0,0
writ,writ,1,1,0,0,0,0,0,0
chthulucene,chthulucene,1,1,0,0,0,0,0,0
instagramme,instagramming,1,1,0,0,0,0,0,0
disaffect,disaffected,1,1,0,0,0,0,0,0
oscillate,oscillating,1,1,0,0,0,0,0,0
degrow,degrow,1,1,0,0,0,0,0,0
predominate,predominates,1,1,0,0,0,0,0,0
browse,browse,1,1,0,0,0,0,0,0
these,theses,1,1,0,0,0,0,0,0
rotate,rotating,1,1,0,0,0,0,0,0
front,front,1,1,0,0,0,0,0,0
revive,revive,1,0,1,0,0,0,0,0
revisione,revisioning,1,0,1,0,0,0,0,0
reengage,reengage,1,0,1,0,0,0,0,0
domesticate,domesticated,1,0,1,0,0,0,0,0
volve,volved,1,0,1,0,0,0,0,0
visione,visioning,1,0,1,0,0,0,0,0
evaporate,evaporate,1,0,1,0,0,0,0,0
broadacre,broadacre,1,0,1,0,0,0,0,0
quote,quoted,1,0,1,0,0,0,0,0
barb,barbed,1,0,1,0,0,0,0,0
reapplie,reapplied,1,0,1,0,0,0,0,0
flesh,fleshing,1,0,1,0,0,0,0,0
burrow,burrowing,1,0,1,0,0,0,0,0
wage,waging,1,0,1,0,0,0,0,0
conquer,conquered,1,0,1,0,0,0,0,0
couch,couching,1,0,1,0,0,0,0,0
replay,replayed,1,0,1,0,0,0,0,0
service,services,1,0,1,0,0,0,0,0
occlude,occluded,1,0,1,0,0,0,0,0
sump,sumps,1,0,1,0,0,0,0,0
covid,covid,1,0,1,0,0,0,0,0
suspect,suspect,1,0,1,0,0,0,0,0
sneak,sneaking,1,0,1,0,0,0,0,0
torment,tormented,1,0,1,0,0,0,0,0
sail,sail,1,0,1,0,0,0,0,0
better,better,1,0,1,0,0,0,0,0
unflinche,unflinching,1,0,1,0,0,0,0,0
commodify,commodify,1,0,1,0,0,0,0,0
flock,flock,1,0,1,0,0,0,0,0
cease,cease,1,0,1,0,0,0,0,0
lace,laced,1,0,1,0,0,0,0,0
evacuate,evacuate,1,0,1,0,0,0,0,0
enerate,enerates,1,0,1,0,0,0,0,0
ewly,ewly,1,0,1,0,0,0,0,0
etrofitte,etrofitting,1,0,1,0,0,0,0,0
functional,functional,1,0,1,0,0,0,0,0
ndoor,ndoor,1,0,1,0,0,0,0,0
riente,riented,1,0,1,0,0,0,0,0
evitalize,evitalized,1,0,1,0,0,0,0,0
conic,conic,1,0,1,0,0,0,0,0
nderutilize,nderutilized,1,0,1,0,0,0,0,0
imit,imits,1,0,1,0,0,0,0,0
eighborhood,eighborhoods,1,0,1,0,0,0,0,0
ncome,ncome,1,0,1,0,0,0,0,0
ustaine,ustaining,1,0,1,0,0,0,0,0
ailure,ailures,1,0,1,0,0,0,0,0
xamine,xamining,1,0,1,0,0,0,0,0
criteria,criteria,1,0,1,0,0,0,0,0
utput,utputs,1,0,1,0,0,0,0,0
bject,bjects,1,0,1,0,0,0,0,0
odel,odels,1,0,1,0,0,0,0,0
terative,terative,1,0,1,0,0,0,0,0
nalyze,nalyzing,1,0,1,0,0,0,0,0
uideline,uidelines,1,0,1,0,0,0,0,0
onstraint,onstraints,1,0,1,0,0,0,0,0
elivere,elivered,1,0,1,0,0,0,0,0
ropose,roposed,1,0,1,0,0,0,0,0
hinke,hinking,1,0,1,0,0,0,0,0
dentifye,dentifying,1,0,1,0,0,0,0,0
nown,nown,1,0,1,0,0,0,0,0
xiste,xisting,1,0,1,0,0,0,0,0
nnovate,nnovate,1,0,1,0,0,0,0,0
ystem,ystems,1,0,1,0,0,0,0,0
ontrol,ontrol,1,0,1,0,0,0,0,0
utcome,utcomes,1,0,1,0,0,0,0,0
icense,icensed,1,0,1,0,0,0,0,0
ounde,ounding,1,0,1,0,0,0,0,0
ulture,ultures,1,0,1,0,0,0,0,0
romote,romotes,1,0,1,0,0,0,0,0
acilitate,acilitated,1,0,1,0,0,0,0,0
njustice,njustice,1,0,1,0,0,0,0,0
oordinate,oordinated,1,0,1,0,0,0,0,0
ourse,ourses,1,0,1,0,0,0,0,0
hiang,hiang,1,0,1,0,0,0,0,0
eld,eld,1,0,1,0,0,0,0,0
ocate,ocated,1,0,1,0,0,0,0,0
rize,rize,1,0,1,0,0,0,0,0
aureate,aureate,1,0,1,0,0,0,0,0
etache,etached,1,0,1,0,0,0,0,0
anke,anking,1,0,1,0,0,0,0,0
nstitute,nstitute,1,0,1,0,0,0,0,0
underperform,underperform,1,0,1,0,0,0,0,0
fictionalize,fictionalized,1,0,1,0,0,0,0,0
overthrow,overthrew,1,0,1,0,0,0,0,0
inset,inset,1,0,1,0,0,0,0,0
evissap,evissap,1,0,1,0,0,0,0,0
subsist,subsist,1,0,1,0,0,0,0,0
expert,expert,1,0,1,0,0,0,0,0
ingrain,ingrain,1,0,1,0,0,0,0,0
distill,distills,1,0,1,0,0,0,0,0
tempt,tempted,1,0,1,0,0,0,0,0
worry,worry,1,0,1,0,0,0,0,0
tangle,tangled,1,0,1,0,0,0,0,0
order,ordered,1,0,1,0,0,0,0,0
emplace,emplaced,1,0,1,0,0,0,0,0
engorge,engorged,1,0,1,0,0,0,0,0
hindsight,hindsight,1,0,1,0,0,0,0,0
squat,squatting,1,0,1,0,0,0,0,0
outreach,outreach,1,0,1,0,0,0,0,0
behave,behave,1,0,1,0,0,0,0,0
troubleshoot,troubleshoot,1,0,1,0,0,0,0,0
evebb,evebb,1,0,1,0,0,0,0,0
areign,areign,1,0,1,0,0,0,0,0
menintimize,menintimized,1,0,1,0,0,0,0,0
dda,dda,1,0,1,0,0,0,0,0
deflect,deflect,1,0,1,0,0,0,0,0
ance,anced,1,0,1,0,0,0,0,0
fort,fort,1,0,1,0,0,0,0,0
passive,passive,1,0,1,0,0,0,0,0
lecte,lecting,1,0,1,0,0,0,0,0
vibrant,vibrant,1,0,1,0,0,0,0,0
systematize,systematized,1,0,1,0,0,0,0,0
pecte,pected,1,0,1,0,0,0,0,0
merse,mersed,1,0,1,0,0,0,0,0
yazdanseta,yazdanseta,1,0,1,0,0,0,0,0
overemphasize,overemphasize,1,0,1,0,0,0,0,0
spring,spring,1,0,1,0,0,0,0,0
ferry,ferried,1,0,1,0,0,0,0,0
heed,heeding,1,0,1,0,0,0,0,0
assuage,assuaging,1,0,1,0,0,0,0,0
oward,owards,1,0,1,0,0,0,0,0
ethinke,ethinking,1,0,1,0,0,0,0,0
ntertwine,ntertwined,1,0,1,0,0,0,0,0
ntangle,ntangle,1,0,1,0,0,0,0,0
oalition,oalitions,1,0,1,0,0,0,0,0
rraye,rrayed,1,0,1,0,0,0,0,0
disparate,disparate,1,0,1,0,0,0,0,0
ombate,ombating,1,0,1,0,0,0,0,0
ecome,ecoming,1,0,1,0,0,0,0,0
eft,eft,1,0,1,0,0,0,0,0
ake,aking,1,0,1,0,0,0,0,0
aise,aised,1,0,1,0,0,0,0,0
reenwashe,reenwashing,1,0,1,0,0,0,0,0
nite,nited,1,0,1,0,0,0,0,0
atere,atered,1,0,1,0,0,0,0,0
nterrogate,nterrogate,1,0,1,0,0,0,0,0
ntereste,nterested,1,0,1,0,0,0,0,0
eade,eading,1,0,1,0,0,0,0,0
ext,exts,1,0,1,0,0,0,0,0
lucidate,lucidates,1,0,1,0,0,0,0,0
nguage,nguage,1,0,1,0,0,0,0,0
nternationalist,nternationalist,1,0,1,0,0,0,0,0
eek,eek,1,0,1,0,0,0,0,0
uild,uild,1,0,1,0,0,0,0,0
ame,ame,1,0,1,0,0,0,0,0
alk,alks,1,0,1,0,0,0,0,0
ngage,ngaged,1,0,1,0,0,0,0,0
eminar,eminars,1,0,1,0,0,0,0,0
ovement,ovements,1,0,1,0,0,0,0,0
xhibite,xhibited,1,0,1,0,0,0,0,0
perate,perate,1,0,1,0,0,0,0,0
nsurgent,nsurgent,1,0,1,0,0,0,0,0
ellow,ellow,1,0,1,0,0,0,0,0
nfrastructure,nfrastructure,1,0,1,0,0,0,0,0
divorce,divorces,1,0,1,0,0,0,0,0
scientize,scientized,1,0,1,0,0,0,0,0
innate,innate,1,0,1,0,0,0,0,0
catawba,catawba,1,0,1,0,0,0,0,0
tawba,tawba,1,0,1,0,0,0,0,0
verte,verted,1,0,1,0,0,0,0,0
recuperate,recuperated,1,0,1,0,0,0,0,0
deede,deeded,1,0,1,0,0,0,0,0
interest,interested,1,0,1,0,0,0,0,0
grate,grated,1,0,1,0,0,0,0,0
sist,sist,1,0,1,0,0,0,0,0
cord,cording,1,0,1,0,0,0,0,0
iibec,iibec,1,0,1,0,0,0,0,0
sophisticate,sophisticated,1,0,1,0,0,0,0,0
concur,concur,1,0,1,0,0,0,0,0
ladder,laddered,1,0,1,0,0,0,0,0
smudge,smudging,1,0,1,0,0,0,0,0
pray,praying,1,0,1,0,0,0,0,0
spawn,spawn,1,0,1,0,0,0,0,0
setting,settings,1,0,1,0,0,0,0,0
case,cases,1,0,1,0,0,0,0,0
calamitie,calamities,1,0,1,0,0,0,0,0
shafer,shafer,1,0,1,0,0,0,0,0
mvrdv,mvrdv,1,0,1,0,0,0,0,0
firt,firt,1,0,1,0,0,0,0,0
skill,skills,1,0,1,0,0,0,0,0
itle,itle,1,0,1,0,0,0,0,0
nythe,nything,1,0,1,0,0,0,0,0
stimate,stimated,1,0,1,0,0,0,0,0
ndia,ndia,1,0,1,0,0,0,0,0
utperform,utperforms,1,0,1,0,0,0,0,0
mplemented,mplemented,1,0,1,0,0,0,0,0
stablish,stablish,1,0,1,0,0,0,0,0
uite,uited,1,0,1,0,0,0,0,0
roduce,roduced,1,0,1,0,0,0,0,0
istribute,istributed,1,0,1,0,0,0,0,0
ype,ype,1,0,1,0,0,0,0,0
erm,erms,1,0,1,0,0,0,0,0
ccepte,ccepted,1,0,1,0,0,0,0,0
erceive,erceived,1,0,1,0,0,0,0,0
rigin,rigin,1,0,1,0,0,0,0,0
equeste,equested,1,0,1,0,0,0,0,0
xcite,xciting,1,0,1,0,0,0,0,0
hough,hough,1,0,1,0,0,0,0,0
andmade,andmade,1,0,1,0,0,0,0,0
amme,ammed,1,0,1,0,0,0,0,0
rop,rops,1,0,1,0,0,0,0,0
onsidere,onsidered,1,0,1,0,0,0,0,0
ust,ust,1,0,1,0,0,0,0,0
escribe,escribed,1,0,1,0,0,0,0,0
avi,avis,1,0,1,0,0,0,0,0
ure,uring,1,0,1,0,0,0,0,0
esponde,esponded,1,0,1,0,0,0,0,0
ocus,ocus,1,0,1,0,0,0,0,0
chieve,chieved,1,0,1,0,0,0,0,0
eedback,eedback,1,0,1,0,0,0,0,0
oste,osted,1,0,1,0,0,0,0,0
odifie,odified,1,0,1,0,0,0,0,0
nterview,nterviews,1,0,1,0,0,0,0,0
ntroduction,ntroduction,1,0,1,0,0,0,0,0
ookend,ookends,1,0,1,0,0,0,0,0
omprise,omprises,1,0,1,0,0,0,0,0
ontain,ontain,1,0,1,0,0,0,0,0
pplie,pplied,1,0,1,0,0,0,0,0
omplete,ompleted,1,0,1,0,0,0,0,0
nput,nputs,1,0,1,0,0,0,0,0
nterviews,nterviews,1,0,1,0,0,0,0,0
erve,erved,1,0,1,0,0,0,0,0
aterial,aterials,1,0,1,0,0,0,0,0
rogramme,rogramming,1,0,1,0,0,0,0,0
nvironment,nvironments,1,0,1,0,0,0,0,0
nline,nline,1,0,1,0,0,0,0,0
ffere,ffered,1,0,1,0,0,0,0,0
ntroduce,ntroduces,1,0,1,0,0,0,0,0
ompelle,ompelling,1,0,1,0,0,0,0,0
hap,haped,1,0,1,0,0,0,0,0
nstagram,nstagram,1,0,1,0,0,0,0,0
objective,objectives,1,0,1,0,0,0,0,0
incude,incuding,1,0,1,0,0,0,0,0
bringinge,bringinging,1,0,1,0,0,0,0,0
minimum,minimum,1,0,1,0,0,0,0,0
near,nearing,1,0,1,0,0,0,0,0
rooftop,rooftop,1,0,1,0,0,0,0,0
emergent,emergent,1,0,1,0,0,0,0,0
briefly,briefly,1,0,1,0,0,0,0,0
typify,typified,1,0,1,0,0,0,0,0
innovative,innovative,1,0,1,0,0,0,0,0
rediscover,rediscovering,1,0,1,0,0,0,0,0
cement,cemented,1,0,1,0,0,0,0,0
gel,gelling,1,0,1,0,0,0,0,0
signage,signage,1,0,1,0,0,0,0,0
awaken,awaken,1,0,1,0,0,0,0,0
belove,beloved,1,0,1,0,0,0,0,0
revalue,revalue,1,0,1,0,0,0,0,0
summarise,summarised,1,0,1,0,0,0,0,0
tabulate,tabulated,1,0,1,0,0,0,0,0
visualise,visualising,1,0,1,0,0,0,0,0
extricate,extricate,1,0,1,0,0,0,0,0
legacy,legacy,1,0,1,0,0,0,0,0
excuse,excuse,1,0,1,0,0,0,0,0
pursuit,pursuit,1,0,1,0,0,0,0,0
prescribe,prescribed,1,0,1,0,0,0,0,0
deduct,deducted,1,0,1,0,0,0,0,0
subjugate,subjugated,1,0,1,0,0,0,0,0
future,futuring,1,0,1,0,0,0,0,0
ment,ment,1,0,1,0,0,0,0,0
mitte,mitted,1,0,1,0,0,0,0,0
crystalize,crystalize,1,0,1,0,0,0,0,0
eco,eco,1,0,1,0,0,0,0,0
envelope,envelope,1,0,1,0,0,0,0,0
townhouse,townhouse,1,0,1,0,0,0,0,0
skillset,skillset,1,0,1,0,0,0,0,0
underrepresente,underrepresented,1,0,1,0,0,0,0,0
reinvention,reinvention,1,0,1,0,0,0,0,0
colleague,colleague,1,0,1,0,0,0,0,0
lurk,lurks,1,0,1,0,0,0,0,0
choice,choice,1,0,1,0,0,0,0,0
transit,transiting,1,0,1,0,0,0,0,0
heyday,heydays,1,0,1,0,0,0,0,0
profit,profited,1,0,1,0,0,0,0,0
dissociate,dissociated,1,0,1,0,0,0,0,0
publicationand,publicationand,1,0,1,0,0,0,0,0
shower,shower,1,0,1,0,0,0,0,0
dawn,dawned,1,0,1,0,0,0,0,0
carbon,carbon,1,0,1,0,0,0,0,0
hasten,hasten,1,0,1,0,0,0,0,0
converse,converse,1,0,1,0,0,0,0,0
puncture,puncture,1,0,1,0,0,0,0,0
apprentice,apprenticed,1,0,1,0,0,0,0,0
woodworke,woodworking,1,0,1,0,0,0,0,0
rarifie,rarified,1,0,1,0,0,0,0,0
recenter,recenters,1,0,1,0,0,0,0,0
denaturalize,denaturalize,1,0,1,0,0,0,0,0
recount,recount,1,0,1,0,0,0,0,0
paralyze,paralyzing,1,0,1,0,0,0,0,0
vie,vie,1,0,1,0,0,0,0,0
sophomore,sophomore,1,0,1,0,0,0,0,0
roam,roaming,1,0,1,0,0,0,0,0
mooch,mooching,1,0,1,0,0,0,0,0
alert,alerts,1,0,1,0,0,0,0,0
fish,fish,1,0,1,0,0,0,0,0
interlock,interlocking,1,0,0,1,0,0,0,0
recapture,recapture,1,0,0,1,0,0,0,0
bank,banked,1,0,0,1,0,0,0,0
crack,crack,1,0,0,1,0,0,0,0
mase,masing,1,0,0,1,0,0,0,0
inculcate,inculcating,1,0,0,1,0,0,0,0
undercut,undercut,1,0,0,1,0,0,0,0
pace,paced,1,0,0,1,0,0,0,0
wash,washed,1,0,0,1,0,0,0,0
tout,tout,1,0,0,1,0,0,0,0
overstate,overstated,1,0,0,1,0,0,0,0
tribe,tribe,1,0,0,1,0,0,0,0
assault,assaulting,1,0,0,1,0,0,0,0
sue,sued,1,0,0,1,0,0,0,0
stock,stocks,1,0,0,1,0,0,0,0
bug,bug,1,0,0,1,0,0,0,0
trouble,trouble,1,0,0,1,0,0,0,0
rematriate,rematriate,1,0,0,1,0,0,0,0
utte,utting,1,0,0,1,0,0,0,0
soar,soared,1,0,0,1,0,0,0,0
sand,sand,1,0,0,1,0,0,0,0
patrimoine,patrimoine,1,0,0,1,0,0,0,0
outsource,outsourced,1,0,0,1,0,0,0,0
reintegrate,reintegrating,1,0,0,1,0,0,0,0
aerate,aerated,1,0,0,1,0,0,0,0
raze,razing,1,0,0,1,0,0,0,0
reactivate,reactivating,1,0,0,1,0,0,0,0
recondition,reconditioning,1,0,0,1,0,0,0,0
weight,weighted,1,0,0,1,0,0,0,0
override,overriding,1,0,0,1,0,0,0,0
enthusiasm,enthusiasm,1,0,0,1,0,0,0,0
institutional,institutional,1,0,0,1,0,0,0,0
bundle,bundled,1,0,0,1,0,0,0,0
stud,studing,1,0,0,1,0,0,0,0
overbear,overbearing,1,0,0,1,0,0,0,0
surrender,surrender,1,0,0,1,0,0,0,0
mute,muted,1,0,0,1,0,0,0,0
hollow,hollows,1,0,0,1,0,0,0,0
detain,detained,1,0,0,1,0,0,0,0
script,scripts,1,0,0,1,0,0,0,0
amine,amining,1,0,0,1,0,0,0,0
erage,eraging,1,0,0,1,0,0,0,0
tile,tiling,1,0,0,1,0,0,0,0
cuse,cuses,1,0,0,1,0,0,0,0
chomp,chomping,1,0,0,1,0,0,0,0
game,gaming,1,0,0,1,0,0,0,0
parcel,parceled,1,0,0,1,0,0,0,0
thwart,thwarting,1,0,0,1,0,0,0,0
gbg,gbg,1,0,0,1,0,0,0,0
ecologie,ecologies,1,0,0,1,0,0,0,0
amount,amounts,1,0,0,1,0,0,0,0
precipitation,precipitation,1,0,0,1,0,0,0,0
mudslide,mudslide,1,0,0,1,0,0,0,0
ricate,ricated,1,0,0,1,0,0,0,0
phenomena,phenomena,1,0,0,1,0,0,0,0
boil,boils,1,0,0,1,0,0,0,0
alarm,alarmed,1,0,0,1,0,0,0,0
tthhe,tthhe,1,0,0,1,0,0,0,0
neencdt,neencdt,1,0,0,1,0,0,0,0
raynd,raynd,1,0,0,1,0,0,0,0
conform,conform,1,0,0,1,0,0,0,0
lanbidsscacyanpe,lanbidsscacyanpe,1,0,0,1,0,0,0,0
rkamt,rkamt,1,0,0,1,0,0,0,0
seawall,seawall,1,0,0,1,0,0,0,0
ecology,ecology,1,0,0,1,0,0,0,0
suspend,suspended,1,0,0,1,0,0,0,0
derivate,derivated,1,0,0,1,0,0,0,0
sse,ssing,1,0,0,1,0,0,0,0
ioo,ioo,1,0,0,1,0,0,0,0
rre,rre,1,0,0,1,0,0,0,0
tieerms,tieerms,1,0,0,1,0,0,0,0
fso,fso,1,0,0,1,0,0,0,0
gonzález,gonzález,1,0,0,1,0,0,0,0
alsowon,alsowon,1,0,0,1,0,0,0,0
atomize,atomized,1,0,0,1,0,0,0,0
dilute,diluted,1,0,0,1,0,0,0,0
condone,condoned,1,0,0,1,0,0,0,0
fathom,fathom,1,0,0,1,0,0,0,0
invisiblize,invisiblized,1,0,0,1,0,0,0,0
reschedule,rescheduled,1,0,0,1,0,0,0,0
emancipate,emancipated,1,0,0,1,0,0,0,0
abolish,abolished,1,0,0,1,0,0,0,0
assemblage,assemblages,1,0,0,1,0,0,0,0
trail,trailing,1,0,0,1,0,0,0,0
utterance,utterances,1,0,0,1,0,0,0,0
promulgate,promulgates,1,0,0,1,0,0,0,0
imbricate,imbricated,1,0,0,1,0,0,0,0
decoloniality,decoloniality,1,0,0,1,0,0,0,0
predetermine,predetermined,1,0,0,1,0,0,0,0
stunt,stunted,1,0,0,1,0,0,0,0
interlace,interlaced,1,0,0,1,0,0,0,0
architecturalize,architecturalizing,1,0,0,1,0,0,0,0
climatize,climatizing,1,0,0,1,0,0,0,0
trauma,trauma,1,0,0,1,0,0,0,0
piece,pieced,1,0,0,1,0,0,0,0
enfold,enfolding,1,0,0,1,0,0,0,0
harbour,harbour,1,0,0,1,0,0,0,0
demarcate,demarcating,1,0,0,1,0,0,0,0
invoke,invoke,1,0,0,1,0,0,0,0
popularise,popularised,1,0,0,1,0,0,0,0
miniaturise,miniaturises,1,0,0,1,0,0,0,0
resituate,resituating,1,0,0,1,0,0,0,0
utilise,utilise,1,0,0,1,0,0,0,0
relax,relax,1,0,0,1,0,0,0,0
christen,christening,1,0,0,1,0,0,0,0
homestead,homesteaded,1,0,0,1,0,0,0,0
plat,platting,1,0,0,1,0,0,0,0
vacation,vacation,1,0,0,1,0,0,0,0
makeup,makeup,1,0,0,1,0,0,0,0
toggle,toggle,1,0,0,1,0,0,0,0
frustrate,frustrated,1,0,0,1,0,0,0,0
interviewee,interviewees,1,0,0,1,0,0,0,0
fascinate,fascinated,1,0,0,1,0,0,0,0
distort,distorted,1,0,0,1,0,0,0,0
exude,exudes,1,0,0,1,0,0,0,0
unwavere,unwavering,1,0,0,1,0,0,0,0
rally,rally,1,0,0,1,0,0,0,0
lobby,lobbying,1,0,0,1,0,0,0,0
maneuver,maneuver,1,0,0,1,0,0,0,0
postpone,postponed,1,0,0,1,0,0,0,0
popularize,popularized,1,0,0,1,0,0,0,0
foreshadow,foreshadowed,1,0,0,1,0,0,0,0
reprogram,reprogram,1,0,0,1,0,0,0,0
authorize,authorized,1,0,0,1,0,0,0,0
retell,retell,1,0,0,1,0,0,0,0
terraforme,terraformed,1,0,0,1,0,0,0,0
sleuth,sleuth,1,0,0,1,0,0,0,0
evade,evade,1,0,0,1,0,0,0,0
redubbe,redubbed,1,0,0,1,0,0,0,0
singular,singular,1,0,0,1,0,0,0,0
linear,linear,1,0,0,1,0,0,0,0
novel,novel,1,0,0,1,0,0,0,0
led,leds,1,0,0,1,0,0,0,0
alienate,alienates,1,0,0,1,0,0,0,0
estrange,estranged,1,0,0,1,0,0,0,0
rebalance,rebalance,1,0,0,1,0,0,0,0
grass,grasses,1,0,0,1,0,0,0,0
adscribe,adscribe,1,0,0,1,0,0,0,0
ebrahiem,ebrahiem,1,0,0,1,0,0,0,0
bcpm,bcpm,1,0,0,1,0,0,0,0
sunbake,sunbaked,1,0,0,0,1,0,0,0
analogue,analogues,1,0,0,0,1,0,0,0
example,example,1,0,0,0,1,0,0,0
armature,armatures,1,0,0,0,1,0,0,0
trade,trades,1,0,0,0,1,0,0,0
ghost,ghosted,1,0,0,0,1,0,0,0
atla,atlas,1,0,0,0,1,0,0,0
collate,collates,1,0,0,0,1,0,0,0
remap,remap,1,0,0,0,1,0,0,0
objectify,objectified,1,0,0,0,1,0,0,0
venture,venture,1,0,0,0,1,0,0,0
empty,emptied,1,0,0,0,1,0,0,0
psychoanalysis,psychoanalysis,1,0,0,0,1,0,0,0
elude,eludes,1,0,0,0,1,0,0,0
construe,construed,1,0,0,0,1,0,0,0
entrap,entrapped,1,0,0,0,1,0,0,0
dystopic,dystopic,1,0,0,0,1,0,0,0
pin,pinned,1,0,0,0,1,0,0,0
ravage,ravaged,1,0,0,0,1,0,0,0
past,past,1,0,0,0,1,0,0,0
unbroken,unbroken,1,0,0,0,1,0,0,0
bias,biased,1,0,0,0,1,0,0,0
plunge,plunged,1,0,0,0,1,0,0,0
budge,budged,1,0,0,0,1,0,0,0
creep,creeping,1,0,0,0,1,0,0,0
knock,knocked,1,0,0,0,1,0,0,0
milder,milder,1,0,0,0,1,0,0,0
pepper,peppered,1,0,0,0,1,0,0,0
modification,modifications,1,0,0,0,1,0,0,0
patent,patented,1,0,0,0,1,0,0,0
hurt,hurt,1,0,0,0,1,0,0,0
splice,splice,1,0,0,0,1,0,0,0
biodiverse,biodiverse,1,0,0,0,1,0,0,0
humanitie,humanities,1,0,0,0,1,0,0,0
wknj,wknj,1,0,0,0,1,0,0,0
ollin,ollins,1,0,0,0,1,0,0,0
rezone,rezoned,1,0,0,0,1,0,0,0
teve,teve,1,0,0,0,1,0,0,0
rfp,rfp,1,0,0,0,1,0,0,0
ighlighte,ighlighted,1,0,0,0,1,0,0,0
xplore,xploring,1,0,0,0,1,0,0,0
actualize,actualizing,1,0,0,0,1,0,0,0
descale,descaled,1,0,0,0,1,0,0,0
mismanage,mismanaged,1,0,0,0,1,0,0,0
baffle,baffling,1,0,0,0,1,0,0,0
rail,railed,1,0,0,0,1,0,0,0
mesh,meshes,1,0,0,0,1,0,0,0
dislocate,dislocated,1,0,0,0,1,0,0,0
turbid,turbid,1,0,0,0,1,0,0,0
por,por,1,0,0,0,1,0,0,0
com,com,1,0,0,0,1,0,0,0
municate,municate,1,0,0,0,1,0,0,0
parse,parse,1,0,0,0,1,0,0,0
accomodate,accomodate,1,0,0,0,1,0,0,0
publicize,publicized,1,0,0,0,1,0,0,0
reemerge,reemerge,1,0,0,0,1,0,0,0
engraine,engrained,1,0,0,0,1,0,0,0
inflatable,inflatables,1,0,0,0,1,0,0,0
cinephilia,cinephilia,1,0,0,0,1,0,0,0
frente,frente,1,0,0,0,1,0,0,0
renowne,renowned,1,0,0,0,1,0,0,0
bond,bonded,1,0,0,0,1,0,0,0
overcut,overcut,1,0,0,0,1,0,0,0
equalize,equalize,1,0,0,0,1,0,0,0
geoengineere,geoengineering,1,0,0,0,1,0,0,0
didem,didem,1,0,0,0,1,0,0,0
refeere,refeered,1,0,0,0,1,0,0,0
dock,docking,1,0,0,0,1,0,0,0
filter,filtering,1,0,0,0,1,0,0,0
reexporte,reexported,1,0,0,0,1,0,0,0
cruise,cruising,1,0,0,0,1,0,0,0
agent,agents,1,0,0,0,1,0,0,0
irradiate,irradiated,1,0,0,0,1,0,0,0
desertifie,desertified,1,0,0,0,1,0,0,0
collude,collude,1,0,0,0,1,0,0,0
donate,donated,1,0,0,0,1,0,0,0
systemac,systemac,1,0,0,0,1,0,0,0
retrofe,retrofing,1,0,0,0,1,0,0,0
ulize,ulize,1,0,0,0,1,0,0,0
invesgate,invesgate,1,0,0,0,1,0,0,0
annualize,annualized,1,0,0,0,1,0,0,0
potentialize,potentialize,1,0,0,0,1,0,0,0
prearrange,prearranged,1,0,0,0,1,0,0,0
collage,collages,1,0,0,0,1,0,0,0
glimpse,glimpsed,1,0,0,0,1,0,0,0
branch,branch,1,0,0,0,1,0,0,0
idevelop,idevelop,1,0,0,0,1,0,0,0
workflow,workflows,1,0,0,0,1,0,0,0
opportunitie,opportunities,1,0,0,0,1,0,0,0
arouse,aroused,1,0,0,0,1,0,0,0
appliedresearchinthefieldofarchitectureconcerne,appliedresearchinthefieldofarchitectureconcerning,1,0,0,0,1,0,0,0
itwillprovidethebuildingwithlivingandhealingpropertiesbeforebeingheate,itwillprovidethebuildingwithlivingandhealingpropertiesbeforebeingheated,1,0,0,0,1,0,0,0
friendlyresourcestoevaluatebuildingenergyoutcomesatthebeginne,friendlyresourcestoevaluatebuildingenergyoutcomesatthebeginning,1,0,0,0,1,0,0,0
conjure,conjure,1,0,0,0,1,0,0,0
perforate,perforated,1,0,0,0,1,0,0,0
ibpsa,ibpsa,1,0,0,0,1,0,0,0
lowdown,lowdown,1,0,0,0,1,0,0,0
suck,sucks,1,0,0,0,1,0,0,0
scrollytelle,scrollytelling,1,0,0,0,1,0,0,0
inch,inching,1,0,0,0,1,0,0,0
domesticity,domesticity,1,0,0,0,1,0,0,0
deny,denies,1,0,0,0,1,0,0,0
sift,sift,1,0,0,0,1,0,0,0
dematerialize,dematerialized,1,0,0,0,1,0,0,0
tecture,tecture,1,0,0,0,1,0,0,0
marry,married,1,0,0,0,1,0,0,0
ratify,ratified,1,0,0,0,1,0,0,0
cohabit,cohabiting,1,0,0,0,1,0,0,0
culmiate,culmiates,1,0,0,0,1,0,0,0
cat,cated,1,0,0,0,1,0,0,0
camp,camping,1,0,0,0,1,0,0,0
esteem,esteem,1,0,0,0,1,0,0,0
rough,roughed,1,0,0,0,1,0,0,0
ramp,ramping,1,0,0,0,1,0,0,0
weatherize,weatherize,1,0,0,0,1,0,0,0
privatize,privatized,1,0,0,0,1,0,0,0
finance,financing,1,0,0,0,1,0,0,0
collide,collided,1,0,0,0,1,0,0,0
generalize,generalized,1,0,0,0,1,0,0,0
bulldoze,bulldozes,1,0,0,0,1,0,0,0
coworke,coworking,1,0,0,0,1,0,0,0
roar,roar,1,0,0,0,1,0,0,0
con,con,1,0,0,0,1,0,0,0
nue,nue,1,0,0,0,1,0,0,0
fie,fied,1,0,0,0,1,0,0,0
culate,culate,1,0,0,0,1,0,0,0
procure,procured,1,0,0,0,1,0,0,0
imperil,imperiled,1,0,0,0,1,0,0,0
alumnus,alumnus,1,0,0,0,1,0,0,0
reimage,reimaging,1,0,0,0,1,0,0,0
stagger,staggered,1,0,0,0,1,0,0,0
monroy,monroy,1,0,0,0,1,0,0,0
photovoltaic,photovoltaic,1,0,0,0,1,0,0,0
collaborative,collaborative,1,0,0,0,1,0,0,0
inanimate,inanimate,1,0,0,0,1,0,0,0
infirm,infirm,1,0,0,0,1,0,0,0
entertain,entertain,1,0,0,0,1,0,0,0
impress,impress,1,0,0,0,1,0,0,0
centre,centred,1,0,0,0,1,0,0,0
reintroduce,reintroduced,1,0,0,0,0,1,0,0
nique,niques,1,0,0,0,0,1,0,0
elective,electives,1,0,0,0,0,1,0,0
ploye,ployed,1,0,0,0,0,1,0,0
trick,trick,1,0,0,0,0,1,0,0
implant,implanted,1,0,0,0,0,1,0,0
lodge,lodge,1,0,0,0,0,1,0,0
ruin,ruined,1,0,0,0,0,1,0,0
butrespondedthattheficshwa,butrespondedthattheficshwas,1,0,0,0,0,1,0,0
placedin,placedin,1,0,0,0,0,1,0,0
shuar,shuar,1,0,0,0,0,1,0,0
peruse,peruse,1,0,0,0,0,1,0,0
ája,ája,1,0,0,0,0,1,0,0
withafocusonindigenoussystemsofterritorialplanne,withafocusonindigenoussystemsofterritorialplanning,1,0,0,0,0,1,0,0
maynotbereelecte,maynotbereelected,1,0,0,0,0,1,0,0
jeopardize,jeopardizing,1,0,0,0,0,1,0,0
upcycle,upcycling,1,0,0,0,0,1,0,0
refurbish,refurbished,1,0,0,0,0,1,0,0
elongate,elongate,1,0,0,0,0,1,0,0
buoy,buoyed,1,0,0,0,0,1,0,0
gaze,gazing,1,0,0,0,0,1,0,0
gleam,gleaming,1,0,0,0,0,1,0,0
naturalize,naturalizing,1,0,0,0,0,1,0,0
infect,infect,1,0,0,0,0,1,0,0
unveil,unveiling,1,0,0,0,0,1,0,0
sow,sow,1,0,0,0,0,1,0,0
retake,retaken,1,0,0,0,0,1,0,0
geomarkete,geomarketing,1,0,0,0,0,1,0,0
infiltrate,infiltrate,1,0,0,0,0,1,0,0
recharge,recharge,1,0,0,0,0,1,0,0
marginalise,marginalised,1,0,0,0,0,1,0,0
fauna,fauna,1,0,0,0,0,1,0,0
unload,unloading,1,0,0,0,0,1,0,0
pool,pooling,1,0,0,0,0,1,0,0
shout,shouting,1,0,0,0,0,1,0,0
wane,waning,1,0,0,0,0,1,0,0
breakdown,breakdown,1,0,0,0,0,1,0,0
creak,creak,1,0,0,0,0,1,0,0
breed,bred,1,0,0,0,0,1,0,0
maser,masers,1,0,0,0,0,1,0,0
boh,boh,1,0,0,0,0,1,0,0
sppore,sppored,1,0,0,0,0,1,0,0
briish,briish,1,0,0,0,0,1,0,0
folloe,folloing,1,0,0,0,0,1,0,0
pblishe,pblished,1,0,0,0,0,1,0,0
archiecre,archiecre,1,0,0,0,0,1,0,0
fonde,fonded,1,0,0,0,0,1,0,0
focse,focsed,1,0,0,0,0,1,0,0
collaborae,collaboraed,1,0,0,0,0,1,0,0
salute,salute,1,0,0,0,0,1,0,0
greet,greeted,1,0,0,0,0,1,0,0
remedy,remedy,1,0,0,0,0,1,0,0
newe,newed,1,0,0,0,0,1,0,0
oritize,oritized,1,0,0,0,0,1,0,0
specte,specting,1,0,0,0,0,1,0,0
reevaluate,reevaluate,1,0,0,0,0,1,0,0
inflict,inflicted,1,0,0,0,0,1,0,0
iscuss,iscuss,1,0,0,0,0,1,0,0
overload,overloaded,1,0,0,0,0,1,0,0
toexpand,toexpand,1,0,0,0,0,1,0,0
fracture,fractured,1,0,0,0,0,1,0,0
except,excepted,1,0,0,0,0,1,0,0
circumscribe,circumscribed,1,0,0,0,0,1,0,0
unroll,unrolling,1,0,0,0,0,1,0,0
imprint,imprinted,1,0,0,0,0,1,0,0
defy,defying,1,0,0,0,0,1,0,0
magnify,magnified,1,0,0,0,0,1,0,0
pronoun,pronouns,1,0,0,0,0,1,0,0
barn,barn,1,0,0,0,0,1,0,0
gift,gifted,1,0,0,0,0,1,0,0
laminate,laminated,1,0,0,0,0,1,0,0
descend,descending,1,0,0,0,0,1,0,0
facet,facetted,1,0,0,0,0,1,0,0
rend,rend,1,0,0,0,0,1,0,0
gridlocke,gridlocked,1,0,0,0,0,1,0,0
rob,robbing,1,0,0,0,0,1,0,0
reconnecte,reconnecting,1,0,0,0,0,1,0,0
dismantele,dismanteling,1,0,0,0,0,1,0,0
academia,academia,1,0,0,0,0,1,0,0
ideologie,ideologies,1,0,0,0,0,1,0,0
amalgamate,amalgamate,1,0,0,0,0,1,0,0
confer,confer,1,0,0,0,0,1,0,0
equal,equals,1,0,0,0,0,1,0,0
leaod,leaod,1,0,0,0,0,1,0,0
rnt,rnt,1,0,0,0,0,1,0,0
tsda,tsda,1,0,0,0,0,1,0,0
oiutuene,oiutuenes,1,0,0,0,0,1,0,0
iloet,iloet,1,0,0,0,0,1,0,0
crila,crila,1,0,0,0,0,1,0,0
ias,ias,1,0,0,0,0,1,0,0
sfn,sfn,1,0,0,0,0,1,0,0
iou,iou,1,0,0,0,0,1,0,0
bapl,bapl,1,0,0,0,0,1,0,0
vaeen,vaeens,1,0,0,0,0,1,0,0
ailintyd,ailintyd,1,0,0,0,0,1,0,0
blnht,blnht,1,0,0,0,0,1,0,0
pio,pio,1,0,0,0,0,1,0,0
fseb,fseb,1,0,0,0,0,1,0,0
eic,eic,1,0,0,0,0,1,0,0
irn,irns,1,0,0,0,0,1,0,0
futile,futile,1,0,0,0,0,1,0,0
ditione,ditioning,1,0,0,0,0,1,0,0
circularity,circularity,1,0,0,0,0,1,0,0
embedcircularityin,embedcircularityin,1,0,0,0,0,1,0,0
featuresandcasestudiesexploringregenerativematerialsandrecovere,featuresandcasestudiesexploringregenerativematerialsandrecovered,1,0,0,0,0,1,0,0
halve,halve,1,0,0,0,0,1,0,0
germinate,germinated,1,0,0,0,0,1,0,0
restrain,restrained,1,0,0,0,0,1,0,0
number,numbers,1,0,0,0,0,1,0,0
stumble,stumble,1,0,0,0,0,1,0,0
inhale,inhale,1,0,0,0,0,1,0,0
comb,comb,1,0,0,0,0,1,0,0
exaggerate,exaggerate,1,0,0,0,0,1,0,0
editorialize,editorialize,1,0,0,0,0,1,0,0
presage,presage,1,0,0,0,0,1,0,0
long,long,1,0,0,0,0,1,0,0
assignment,assignment,1,0,0,0,0,1,0,0
educator,educator,1,0,0,0,0,1,0,0
interject,interject,1,0,0,0,0,1,0,0
disjoint,disjointed,1,0,0,0,0,1,0,0
adjoin,adjoining,1,0,0,0,0,1,0,0
pit,pitting,1,0,0,0,0,1,0,0
chat,chat,1,0,0,0,0,1,0,0
ridge,ridge,1,0,0,0,0,1,0,0
wholehearte,wholehearted,1,0,0,0,0,1,0,0
windmill,windmills,1,0,0,0,0,1,0,0
shred,shredding,1,0,0,0,0,1,0,0
practise,practised,1,0,0,0,0,1,0,0
mask,mask,1,0,0,0,0,1,0,0
obsess,obsessing,1,0,0,0,0,1,0,0
andsocietalchallenge,andsocietalchallenges,1,0,0,0,0,1,0,0
examinestheirimplicationsforclimatechangeandsocietyatlarge,examinestheirimplicationsforclimatechangeandsocietyatlarge,1,0,0,0,0,1,0,0
edgeresearchintoherteache,edgeresearchintoherteaching,1,0,0,0,0,1,0,0
vague,vague,1,0,0,0,0,1,0,0
stead,stead,1,0,0,0,0,1,0,0
archstorme,archstorming,1,0,0,0,0,1,0,0
lnstitute,lnstitute,1,0,0,0,0,1,0,0
oftentime,oftentimes,1,0,0,0,0,1,0,0
disagree,disagreeing,1,0,0,0,0,1,0,0
memorize,memorizing,1,0,0,0,0,1,0,0
regurgitate,regurgitate,1,0,0,0,0,1,0,0
journey,journeys,1,0,0,0,0,1,0,0
underscoretheinherentlycomplexissuesoflandownershippatternsandnaturalresourceright,underscoretheinherentlycomplexissuesoflandownershippatternsandnaturalresourcerights,1,0,0,0,0,1,0,0
subsequentiterationsfocusingonotherhawaiianislandswillbedevelope,subsequentiterationsfocusingonotherhawaiianislandswillbedeveloped,1,0,0,0,0,1,0,0
includingimportingshapefilesandutilize,includingimportingshapefilesandutilizing,1,0,0,0,0,1,0,0
bedevelope,bedeveloped,1,0,0,0,0,1,0,0
isanidealplatformforadvancingtheseconceptsinastudiosette,isanidealplatformforadvancingtheseconceptsinastudiosetting,1,0,0,0,0,1,0,0
explorepotentialzoningchangesandpoliciesaimedatcurtaile,explorepotentialzoningchangesandpoliciesaimedatcurtailing,1,0,0,0,0,1,0,0
affordablehousingmodel,affordablehousingmodels,1,0,0,0,0,1,0,0
oftheseinstitutionshavebeenestablishe,oftheseinstitutionshavebeenestablished,1,0,0,0,0,1,0,0
thenextstepsinvolvespecifyingthenatureof,thenextstepsinvolvespecifyingthenatureof,1,0,0,0,0,1,0,0
partition,partitioning,1,0,0,0,0,1,0,0
metropolis,metropolis,1,0,0,0,0,0,1,0
rescripte,rescripted,1,0,0,0,0,0,1,0
vex,vexed,1,0,0,0,0,0,1,0
iron,ironed,1,0,0,0,0,0,1,0
dichotomie,dichotomies,1,0,0,0,0,0,1,0
deprive,deprived,1,0,0,0,0,0,1,0
imaginarie,imaginaries,1,0,0,0,0,0,1,0
stone,stone,1,0,0,0,0,0,1,0
enchant,enchanting,1,0,0,0,0,0,1,0
institutionalize,institutionalized,1,0,0,0,0,0,1,0
undo,undone,1,0,0,0,0,0,1,0
qualitative,qualitative,1,0,0,0,0,0,1,0
bake,baked,1,0,0,0,0,0,1,0
waterlogge,waterlogged,1,0,0,0,0,0,1,0
uncontaine,uncontained,1,0,0,0,0,0,1,0
dredge,dredged,1,0,0,0,0,0,1,0
desde,desde,1,0,0,0,0,0,1,0
sustainable,sustainable,1,0,0,0,0,0,1,0
articulateanuancedunderstande,articulateanuancedunderstanding,1,0,0,0,0,0,1,0
thecourseempowersstudentstobridgegapsbetween,thecourseempowersstudentstobridgegapsbetween,1,0,0,0,0,0,1,0
resonatewiththechallengessocietyfacesinthewakeofclimatechange,resonatewiththechallengessocietyfacesinthewakeofclimatechange,1,0,0,0,0,0,1,0
architecturaleducationinthefaceofclimatechange,architecturaleducationinthefaceofclimatechange,1,0,0,0,0,0,1,0
sdespite,sdespite,1,0,0,0,0,0,1,0
plateforme,plateformes,1,0,0,0,0,0,1,0
supérieure,supérieure,1,0,0,0,0,0,1,0
cour,cours,1,0,0,0,0,0,1,0
facette,facettes,1,0,0,0,0,0,1,0
pour,pour,1,0,0,0,0,0,1,0
métamorphose,métamorphose,1,0,0,0,0,0,1,0
republish,republish,1,0,0,0,0,0,1,0
quoofinefficientflatslabsandwall,quoofinefficientflatslabsandwalls,1,0,0,0,0,0,1,0
theultimategoalofthiscourseistoempowerstudentswithnew,theultimategoalofthiscourseistoempowerstudentswithnew,1,0,0,0,0,0,1,0
structurescanbedesigne,structurescanbedesigned,1,0,0,0,0,0,1,0
analyzedandoptimize,analyzedandoptimized,1,0,0,0,0,0,1,0
thiscourseemphasizesuse,thiscourseemphasizesusing,1,0,0,0,0,0,1,0
beableto,beableto,1,0,0,0,0,0,1,0
tocompensateforthedamagetheexiste,tocompensateforthedamagetheexisting,1,0,0,0,0,0,1,0
abstractandcommunicatecomputationaldesign,abstractandcommunicatecomputationaldesign,1,0,0,0,0,0,1,0
toolsandtechniqueswillbeexplore,toolsandtechniqueswillbeexplored,1,0,0,0,0,0,1,0
curve,curved,1,0,0,0,0,0,1,0
download,downloaded,1,0,0,0,0,0,1,0
topple,toppling,1,0,0,0,0,0,1,0
unaddresse,unaddressed,1,0,0,0,0,0,1,0
scarce,scarce,1,0,0,0,0,0,1,0
stipulate,stipulated,1,0,0,0,0,0,1,0
subside,subsided,1,0,0,0,0,0,1,0
reinhabite,reinhabited,1,0,0,0,0,0,1,0
recoup,recouped,1,0,0,0,0,0,1,0
envisage,envisage,1,0,0,0,0,0,1,0
reprioritize,reprioritized,1,0,0,0,0,0,1,0
concertize,concertized,1,0,0,0,0,0,1,0
batter,battered,1,0,0,0,0,0,1,0
eato,eato,1,0,0,0,0,0,1,0
ianh,ianh,1,0,0,0,0,0,1,0
network,networked,1,0,0,0,0,0,1,0
swim,swim,1,0,0,0,0,0,1,0
iden,iden,1,0,0,0,0,0,1,0
disenfranchise,disenfranchised,1,0,0,0,0,0,1,0
lize,lizing,1,0,0,0,0,0,1,0
triad,triad,1,0,0,0,0,0,1,0
priorize,priorizing,1,0,0,0,0,0,1,0
steam,steam,1,0,0,0,0,0,1,0
reflecng,reflecng,1,0,0,0,0,0,1,0
evelope,eveloped,1,0,0,0,0,0,1,0
integra,integra,1,0,0,0,0,0,1,0
rebound,rebound,1,0,0,0,0,0,1,0
renounce,renouncing,1,0,0,0,0,0,1,0
distress,distressed,1,0,0,0,0,0,1,0
late,lated,1,0,0,0,0,0,1,0
evermore,evermore,1,0,0,0,0,0,1,0
numb,numbing,1,0,0,0,0,0,1,0
restock,restocking,1,0,0,0,0,0,1,0
localcraftpracticesandvalue,localcraftpracticesandvalues,1,0,0,0,0,0,1,0
whatisneededarecoursesthatprovideabroaderintroductiontoclimate,whatisneededarecoursesthatprovideabroaderintroductiontoclimate,1,0,0,0,0,0,1,0
revising,revising,1,0,0,0,0,0,1,0
andresolve,andresolved,1,0,0,0,0,0,1,0
designstudentsandprepare,designstudentsandprepare,1,0,0,0,0,0,1,0
spot,spot,1,0,0,0,0,0,1,0
fundamental,fundamentals,1,0,0,0,0,0,1,0
usingavarietyofprogramme,usingavarietyofprogramming,1,0,0,0,0,0,1,0
willdemonstrate,willdemonstrate,1,0,0,0,0,0,1,0
studentsarerequiredtocontributetotheclassdiscussionsbythefollowe,studentsarerequiredtocontributetotheclassdiscussionsbythefollowing,1,0,0,0,0,0,1,0
designsummit,designsummits,1,0,0,0,0,0,1,0
invitationtoutilizemethodologyapplie,invitationtoutilizemethodologyapplied,1,0,0,0,0,0,1,0
proposal,proposal,1,0,0,0,0,0,1,0
dehumanize,dehumanizing,1,0,0,0,0,0,1,0
rejuvenate,rejuvenating,1,0,0,0,0,0,1,0
spotlight,spotlights,1,0,0,0,0,0,1,0
postgraduate,postgraduate,1,0,0,0,0,0,1,0
staff,staff,1,0,0,0,0,0,1,0
vet,vet,1,0,0,0,0,0,1,0
strain,strain,1,0,0,0,0,0,1,0
commingle,commingling,1,0,0,0,0,0,1,0
studentswilldevelopabasicknowledgeof,studentswilldevelopabasicknowledgeof,1,0,0,0,0,0,1,0
beprinte,beprinted,1,0,0,0,0,0,1,0
itwillallowformoretargetedlegislativeresearchandthecultivationofnew,itwillallowformoretargetedlegislativeresearchandthecultivationofnew,1,0,0,0,0,0,1,0
supportthestudentproduction,supportthestudentproduction,1,0,0,0,0,0,1,0
daap,daap,1,0,0,0,0,0,1,0
derelict,derelict,1,0,0,0,0,0,1,0
tnempoleve,tnempoleved,1,0,0,0,0,0,1,0
depoleve,depoleved,1,0,0,0,0,0,1,0
dye,dyed,1,0,0,0,0,0,1,0
urfi,urfi,1,0,0,0,0,0,1,0
iwi,iwi,1,0,0,0,0,0,1,0
iotr,iotr,1,0,0,0,0,0,1,0
yreetcycle,yreetcycled,1,0,0,0,0,0,1,0
tbsa,tbsa,1,0,0,0,0,0,1,0
purify,purifying,1,0,0,0,0,0,1,0
pop,pop,1,0,0,0,0,0,1,0
tir,tir,1,0,0,0,0,0,1,0
mceaadniec,mceaadniec,1,0,0,0,0,0,1,0
haa,haa,1,0,0,0,0,0,1,0
ahy,ahy,1,0,0,0,0,0,1,0
resistant,resistant,1,0,0,0,0,0,1,0
telescope,telescope,1,0,0,0,0,0,1,0
classroom,classroom,1,0,0,0,0,0,1,0
ternate,ternate,1,0,0,0,0,0,1,0
cumulativeexercise,cumulativeexercises,1,0,0,0,0,0,1,0
studentswillmodelandanalyzecontemporaryexperiencesofincarcerate,studentswillmodelandanalyzecontemporaryexperiencesofincarcerated,1,0,0,0,0,0,1,0
andimagine,andimagining,1,0,0,0,0,0,1,0
thesetechniquesofferatoolkitforradicalandliberatorypraxis,thesetechniquesofferatoolkitforradicalandliberatorypraxis,1,0,0,0,0,0,1,0
thesewillbeuse,thesewillbeused,1,0,0,0,0,0,1,0
designingabolitionistadaptiveandreparativealternative,designingabolitionistadaptiveandreparativealternatives,1,0,0,0,0,0,1,0
reflectionwrite,reflectionwriting,1,0,0,0,0,0,1,0
andcollecte,andcollected,1,0,0,0,0,0,1,0
radicalimagine,radicalimagining,1,0,0,0,0,0,1,0
schemesthatincorporatethephysicalandmetaphoricalunbuildingofadecommissione,schemesthatincorporatethephysicalandmetaphoricalunbuildingofadecommissioned,1,0,0,0,0,0,1,0
thisstudiowillhaveasignificantamountofreade,thisstudiowillhaveasignificantamountofreading,1,0,0,0,0,0,1,0
successfulstudioswehavele,successfulstudioswehaveled,1,0,0,0,0,0,1,0
mechanismsofmanage,mechanismsofmanaging,1,0,0,0,0,0,1,0
thisfinaldesignwillbesituate,thisfinaldesignwillbesituated,1,0,0,0,0,0,1,0
thefinalreviewforthisprojectwillbeareceptionandexhibithoste,thefinalreviewforthisprojectwillbeareceptionandexhibithosted,1,0,0,0,0,0,1,0
debrief,debrief,1,0,0,0,0,0,1,0
wewilloffer,wewilloffer,1,0,0,0,0,0,1,0
willbeseenasacollectiverealizationthattheconsequencesof,willbeseenasacollectiverealizationthattheconsequencesof,1,0,0,0,0,0,1,0
winterquarteroverview,winterquarteroverview,1,0,0,0,0,0,1,0
tointroducestudentstothestructuralconditionsthroughwhichtheeffectsofclimatechangeareexacerbate,tointroducestudentstothestructuralconditionsthroughwhichtheeffectsofclimatechangeareexacerbated,1,0,0,0,0,0,1,0
civilandenvironmentalengineere,civilandenvironmentalengineering,1,0,0,0,0,0,1,0
diverge,diverge,1,0,0,0,0,0,1,0
andnewpatternsforlivingand,andnewpatternsforlivingand,1,0,0,0,0,0,1,0
disappoint,disappoint,1,0,0,0,0,0,1,0
concept,concept,1,0,0,0,0,0,1,0
remanufacture,remanufacturing,1,0,0,0,0,0,1,0
oanlal,oanlal,1,0,0,0,0,0,1,0
resiliencethemetheyexplore,resiliencethemetheyexplored,1,0,0,0,0,0,1,0
climateimpact,climateimpact,1,0,0,0,0,0,1,0
surprise,surprised,1,0,0,0,0,0,0,1
void,void,1,0,0,0,0,0,0,1
garbage,garbage,1,0,0,0,0,0,0,1
retire,retired,1,0,0,0,0,0,0,1
remelte,remelting,1,0,0,0,0,0,0,1
glassmake,glassmaking,1,0,0,0,0,0,0,1
fade,fades,1,0,0,0,0,0,0,1
waitliste,waitlisted,1,0,0,0,0,0,0,1
overexploit,overexploited,1,0,0,0,0,0,0,1
rust,rusted,1,0,0,0,0,0,0,1
drill,drilling,1,0,0,0,0,0,0,1
memory,memory,1,0,0,0,0,0,0,1
disorient,disorienting,1,0,0,0,0,0,0,1
abbreviate,abbreviated,1,0,0,0,0,0,0,1
sel,sel,1,0,0,0,0,0,0,1
freeze,freezes,1,0,0,0,0,0,0,1
densifie,densified,1,0,0,0,0,0,0,1
dimension,dimensioned,1,0,0,0,0,0,0,1
placekeepe,placekeeping,1,0,0,0,0,0,0,1
spond,spond,1,0,0,0,0,0,0,1
workshop,workshops,1,0,0,0,0,0,0,1
ver,vers,1,0,0,0,0,0,0,1
tween,tween,1,0,0,0,0,0,0,1
embe,embed,1,0,0,0,0,0,0,1
behaviour,behaviours,1,0,0,0,0,0,0,1
spatialise,spatialising,1,0,0,0,0,0,0,1
synthesise,synthesises,1,0,0,0,0,0,0,1
nivestigate,nivestigating,1,0,0,0,0,0,0,1
withe,withing,1,0,0,0,0,0,0,1
ordinate,ordinate,1,0,0,0,0,0,0,1
quire,quires,1,0,0,0,0,0,0,1
neighborhoodsorganize,neighborhoodsorganized,1,0,0,0,0,0,0,1
aoife,aoife,1,0,0,0,0,0,0,1
revel,revels,1,0,0,0,0,0,0,1
quit,quit,1,0,0,0,0,0,0,1
hate,hate,1,0,0,0,0,0,0,1
recode,recoding,1,0,0,0,0,0,0,1
outperform,outperforms,1,0,0,0,0,0,0,1
misprice,mispriced,1,0,0,0,0,0,0,1
stain,stained,1,0,0,0,0,0,0,1
precondition,preconditions,1,0,0,0,0,0,0,1
box,boxed,1,0,0,0,0,0,0,1
twist,twisting,1,0,0,0,0,0,0,1
overbuilde,overbuilding,1,0,0,0,0,0,0,1
cale,cales,1,0,0,0,0,0,0,1
orme,orming,1,0,0,0,0,0,0,1
clip,clipping,1,0,0,0,0,0,0,1
highland,highlands,1,0,0,0,0,0,0,1
pronounce,pronounced,1,0,0,0,0,0,0,1
talente,talented,1,0,0,0,0,0,0,1
prototyped,prototyped,1,0,0,0,0,0,0,1
audit,audit,1,0,0,0,0,0,0,1
bury,burying,1,0,0,0,0,0,0,1
deposit,deposits,1,0,0,0,0,0,0,1
dome,domes,1,0,0,0,0,0,0,1
penetrate,penetrated,1,0,0,0,0,0,0,1
inhibit,inhibits,1,0,0,0,0,0,0,1
breeze,breezes,1,0,0,0,0,0,0,1
unshade,unshaded,1,0,0,0,0,0,0,1
moisture,moisture,1,0,0,0,0,0,0,1
transpose,transposes,1,0,0,0,0,0,0,1
synchronize,synchronized,1,0,0,0,0,0,0,1
gutte,gutting,1,0,0,0,0,0,0,1
lifecycle,lifecycle,1,0,0,0,0,0,0,1
doodle,doodled,1,0,0,0,0,0,0,1
regularize,regularized,1,0,0,0,0,0,0,1
healthcare,healthcare,1,0,0,0,0,0,0,1
arcc,arcc,1,0,0,0,0,0,0,1
parametric,parametric,1,0,0,0,0,0,0,1
setback,setback,1,0,0,0,0,0,0,1
professional,professional,1,0,0,0,0,0,0,1
technofossil,technofossils,1,0,0,0,0,0,0,1
filmmake,filmmaking,1,0,0,0,0,0,0,1
tihev,tihev,1,0,0,0,0,0,0,1
sever,severing,1,0,0,0,0,0,0,1
bungalow,bungalows,1,0,0,0,0,0,0,1
surrounding,surroundings,1,0,0,0,0,0,0,1
restitche,restitching,1,0,0,0,0,0,0,1
temper,tempering,1,0,0,0,0,0,0,1
pattern,patterns,1,0,0,0,0,0,0,1
decision,decisions,1,0,0,0,0,0,0,1
soften,soften,1,0,0,0,0,0,0,1
disagreement,disagreement,1,0,0,0,0,0,0,1
funnel,funnel,1,0,0,0,0,0,0,1
adobe,adobe,1,0,0,0,0,0,0,1
intersperse,interspersed,1,0,0,0,0,0,0,1
village,villages,1,0,0,0,0,0,0,1
bioculturaladventure,bioculturaladventures,1,0,0,0,0,0,0,1
mutate,mutated,1,0,0,0,0,0,0,1
allentown,allentown,1,0,0,0,0,0,0,1
ook,ook,1,0,0,0,0,0,0,1
sunshade,sunshading,1,0,0,0,0,0,0,1
indice,indices,1,0,0,0,0,0,0,1
embolden,emboldened,1,0,0,0,0,0,0,1
replant,replant,1,0,0,0,0,0,0,1
forego,foregoing,1,0,0,0,0,0,0,1
peri,peri,1,0,0,0,0,0,0,1
lustgarten,lustgarten,1,0,0,0,0,0,0,1
regional,regional,1,0,0,0,0,0,0,1
additional,additional,1,0,0,0,0,0,0,1
exisite,exisiting,1,0,0,0,0,0,0,1
dci,dci,1,0,0,0,0,0,0,1
vmg,vmg,1,0,0,0,0,0,0,1
seo,seo,1,0,0,0,0,0,0,1
eain,eain,1,0,0,0,0,0,0,1
refuge,refuge,1,0,0,0,0,0,0,1
dao,dao,1,0,0,0,0,0,0,1
ihmuabtse,ihmuabtse,1,0,0,0,0,0,0,1
defunde,defunded,1,0,0,0,0,0,0,1
kick,kicks,1,0,0,0,0,0,0,1
stewarde,stewarding,1,0,0,0,0,0,0,1
ltrate,ltrate,1,0,0,0,0,0,0,1
ise,ising,1,0,0,0,0,0,0,1
ifte,ifting,1,0,0,0,0,0,0,1
ink,inking,1,0,0,0,0,0,0,1
geste,gested,1,0,0,0,0,0,0,1
phasize,phasize,1,0,0,0,0,0,0,1
kmle,kmle,1,0,0,0,0,0,0,1
maria,maria,1,0,0,0,0,0,0,1
ceive,ceived,1,0,0,0,0,0,0,1
rigor,rigor,1,0,0,0,0,0,0,1
illustration,illustrations,1,0,0,0,0,0,0,1
digitize,digitize,1,0,0,0,0,0,0,1
hardline,hardline,1,0,0,0,0,0,0,1
disecte,disecting,1,0,0,0,0,0,0,1
multiple,multiple,1,0,0,0,0,0,0,1
avail,availing,1,0,0,0,0,0,0,1
cheer,cheer,1,0,0,0,0,0,0,1
stimuli,stimuli,1,0,0,0,0,0,0,1
endnote,endnotes,1,0,0,0,0,0,0,1
suffuse,suffused,1,0,0,0,0,0,0,1
eeach,eeach,1,0,0,0,0,0,0,1
savor,savored,1,0,0,0,0,0,0,1
abdicate,abdicate,1,0,0,0,0,0,0,1
unexamine,unexamined,1,0,0,0,0,0,0,1
striate,striated,1,0,0,0,0,0,0,1
aestheticize,aestheticizing,1,0,0,0,0,0,0,1
hydrate,hydrates,1,0,0,0,0,0,0,1
section,sectioning,1,0,0,0,0,0,0,1
storye,storying,1,0,0,0,0,0,0,1
knot,knots,1,0,0,0,0,0,0,1
stre,string,1,0,0,0,0,0,0,1
derange,deranged,1,0,0,0,0,0,0,1
expertise,expertise,1,0,0,0,0,0,0,1
real,real,1,0,0,0,0,0,0,1
scrap,scrap,1,0,0,0,0,0,0,1
cquire,cquiring,1,0,0,0,0,0,0,1
esngage,esngaged,1,0,0,0,0,0,0,1
clothe,clad,1,0,0,0,0,0,0,1
edxplore,edxplore,1,0,0,0,0,0,0,1
glaine,glained,1,0,0,0,0,0,0,1
erect,erected,1,0,0,0,0,0,0,1
aspect,aspects,1,0,0,0,0,0,0,1
replicable,replicable,1,0,0,0,0,0,0,1
studio,studio,1,0,0,0,0,0,0,1
dossier,dossiers,1,0,0,0,0,0,0,1
vacate,vacated,1,0,0,0,0,0,0,1
reappropriate,reappropriating,1,0,0,0,0,0,0,1
sensationalize,sensationalized,1,0,0,0,0,0,0,1
continuum,continuum,1,0,0,0,0,0,0,1
tame,tamed,1,0,0,0,0,0,0,1
offsite,offsite,1,0,0,0,0,0,0,1
boat,boating,1,0,0,0,0,0,0,1
percolate,percolate,1,0,0,0,0,0,0,1
extractivist,extractivist,1,0,0,0,0,0,0,1
unprospecte,unprospecting,1,0,0,0,0,0,0,1
aftereffect,aftereffects,1,0,0,0,0,0,0,1
plumb,plumb,1,0,0,0,0,0,0,1
rupture,rupture,1,0,0,0,0,0,0,1
reenact,reenact,1,0,0,0,0,0,0,1
modernist,modernists,1,0,0,0,0,0,0,1
shun,shunned,1,0,0,0,0,0,0,1
inert,inert,1,0,0,0,0,0,0,1
technology,technology,1,0,0,0,0,0,0,1
finesse,finessing,1,0,0,0,0,0,0,1
syllabus,syllabus,1,0,0,0,0,0,0,1
grip,grips,1,0,0,0,0,0,0,1
plummet,plummet,1,0,0,0,0,0,0,1
shield,shielding,1,0,0,0,0,0,0,1
echo,echoed,1,0,0,0,0,0,0,1
intimate,intimated,1,0,0,0,0,0,0,1
manuscripfollow,manuscripfollows,1,0,0,0,0,0,0,1
overexpose,overexposed,1,0,0,0,0,0,0,1
capstone,capstone,1,0,0,0,0,0,0,1
galvanise,galvanising,1,0,0,0,0,0,0,1
decarbonise,decarbonise,1,0,0,0,0,0,0,1
prohibit,prohibited,1,0,0,0,0,0,0,1
arci,arci,1,0,0,0,0,0,0,1
conceptualise,conceptualising,1,0,0,0,0,0,0,1
externalise,externalised,1,0,0,0,0,0,0,1
emphasise,emphasises,1,0,0,0,0,0,0,1
neurodiverse,neurodiverse,1,0,0,0,0,0,0,1
comport,comports,1,0,0,0,0,0,0,1
brand,branded,1,0,0,0,0,0,0,1
hatch,hatch,1,0,0,0,0,0,0,1
tyhen,tyhen,1,0,0,0,0,0,0,1
sfoernw,sfoernw,1,0,0,0,0,0,0,1
ith,iths,1,0,0,0,0,0,0,1
lishe,lished,1,0,0,0,0,0,0,1
discomfit,discomfiting,1,0,0,0,0,0,0,1
decouple,decouple,1,0,0,0,0,0,0,1
