year,category,noun,co_occur_sentences,category_sentences,noun_sentences,total_sentences_year,pmi,G2
2020,built_environment,code,4,77,19,6144,4.07,16.05
2020,built_environment,territory,4,77,46,6144,2.795,9.07
2020,built_environment,economy,4,77,47,6144,2.764,8.92
2020,built_environment,city,9,77,236,6144,1.605,8.62
2020,built_environment,fuel,3,77,26,6144,3.203,8.36
2020,built_environment,energy,7,77,156,6144,1.84,8.29
2020,built_environment,area,5,77,84,6144,2.248,8.09
2020,built_environment,system,8,77,208,6144,1.618,7.7
2020,built_environment,world,6,77,129,6144,1.892,7.39
2020,built_environment,engineering,3,77,43,6144,2.477,5.61
2020,built_environment,housing,4,77,78,6144,2.033,5.47
2020,built_environment,land,3,77,53,6144,2.175,4.55
2020,built_environment,order,3,77,59,6144,2.02,4.04
2020,built_environment,water,4,77,105,6144,1.604,3.69
2020,built_environment,material,6,77,208,6144,1.203,3.43
2020,built_environment,construction,3,77,83,6144,1.528,2.53
2020,built_environment,scale,4,77,132,6144,1.274,2.49
2020,built_environment,carbon,3,77,85,6144,1.494,2.44
2020,built_environment,society,3,77,88,6144,1.444,2.3
2020,built_environment,resource,3,77,112,6144,1.096,1.42
2020,built_environment,project,6,77,309,6144,0.632,1.08
2020,built_environment,challenge,3,77,126,6144,0.926,1.05
2020,built_environment,infrastructure,4,77,206,6144,0.632,0.7
2020,built_environment,architecture,8,77,490,6144,0.382,0.57
2020,built_environment,landscape,3,77,154,6144,0.636,0.53
2020,built_environment,building,4,77,228,6144,0.485,0.43
2020,built_environment,design,7,77,692,6144,-0.309,0.39
2020,built_environment,architect,3,77,168,6144,0.511,0.35
2020,built_environment,community,4,77,238,6144,0.423,0.33
2020,built_environment,climate,7,77,644,6144,-0.205,0.17
2020,built_environment,change,6,77,519,6144,-0.116,0.04
2021,built_environment,identity,4,86,15,6273,4.282,17.4
2021,built_environment,earth,4,86,18,6273,4.019,15.8
2021,built_environment,city,9,86,159,6273,2.046,12.76
2021,built_environment,house,4,86,28,6273,3.381,12.17
2021,built_environment,space,7,86,101,6273,2.338,12.16
2021,built_environment,comfort,4,86,29,6273,3.331,11.89
2021,built_environment,zone,3,86,14,6273,3.966,11.59
2021,built_environment,air,4,86,31,6273,3.234,11.37
2021,built_environment,book,4,86,39,6273,2.903,9.63
2021,built_environment,code,3,86,20,6273,3.452,9.39
2021,built_environment,people,5,86,67,6273,2.445,9.24
2021,built_environment,unit,3,86,21,6273,3.381,9.1
2021,built_environment,ecology,3,86,24,6273,3.189,8.32
2021,built_environment,building,10,86,275,6273,1.407,7.68
2021,built_environment,region,4,86,52,6273,2.488,7.57
2021,built_environment,strategy,6,86,118,6273,1.891,7.37
2021,built_environment,culture,4,86,54,6273,2.434,7.31
2021,built_environment,climate,12,86,387,6273,1.177,6.9
2021,built_environment,scale,5,86,92,6273,1.987,6.62
2021,built_environment,place,4,86,67,6273,2.123,5.87
2021,built_environment,century,3,86,40,6273,2.452,5.52
2021,built_environment,neighborhood,3,86,43,6273,2.347,5.15
2021,built_environment,time,5,86,115,6273,1.665,4.94
2021,built_environment,community,8,86,252,6273,1.211,4.69
2021,built_environment,power,3,86,49,6273,2.159,4.5
2021,built_environment,world,4,86,96,6273,1.604,3.69
2021,built_environment,condition,3,86,59,6273,1.891,3.62
2021,built_environment,theory,3,86,59,6273,1.891,3.62
2021,built_environment,water,3,86,60,6273,1.867,3.55
2021,built_environment,solution,3,86,65,6273,1.751,3.19
2021,built_environment,idea,3,86,66,6273,1.729,3.12
2021,built_environment,housing,3,86,66,6273,1.729,3.12
2021,built_environment,opportunity,3,86,73,6273,1.584,2.69
2021,built_environment,project,7,86,269,6273,0.925,2.53
2021,built_environment,structure,3,86,82,6273,1.416,2.22
2021,built_environment,health,3,86,94,6273,1.219,1.71
2021,built_environment,resource,3,86,95,6273,1.204,1.68
2021,built_environment,energy,5,86,206,6273,0.824,1.44
2021,built_environment,environment,5,86,265,6273,0.461,0.49
2021,built_environment,design,11,86,698,6273,0.201,0.23
2021,built_environment,system,3,86,178,6273,0.298,0.13
2021,built_environment,change,4,86,280,6273,0.059,0.01
2021,built_environment,architecture,5,86,367,6273,-0.009,0.0
2022,built_environment,soil,4,53,6,2961,5.219,24.92
2022,built_environment,river,4,53,7,2961,4.997,23.03
2022,built_environment,surface,5,53,25,2961,3.482,16.35
2022,built_environment,ground,3,53,13,2961,3.688,10.6
2022,built_environment,street,3,53,13,2961,3.688,10.6
2022,built_environment,unit,3,53,15,2961,3.482,9.71
2022,built_environment,island,3,53,20,2961,3.067,7.98
2022,built_environment,area,5,53,61,2961,2.195,7.97
2022,built_environment,community,7,53,138,2961,1.503,6.1
2022,built_environment,technique,3,53,28,2961,2.582,6.1
2022,built_environment,water,4,53,55,2961,2.023,5.54
2022,built_environment,system,6,53,118,2961,1.506,5.2
2022,built_environment,method,3,53,40,2961,2.067,4.27
2022,built_environment,carbon,3,53,42,2961,1.997,4.03
2022,built_environment,level,3,53,45,2961,1.897,3.71
2022,built_environment,landscape,3,53,49,2961,1.774,3.32
2022,built_environment,future,3,53,58,2961,1.531,2.59
2022,built_environment,scale,4,53,93,2961,1.265,2.51
2022,built_environment,infrastructure,3,53,66,2961,1.345,2.07
2022,built_environment,history,3,53,67,2961,1.323,2.01
2022,built_environment,material,4,53,132,2961,0.76,1.01
2022,built_environment,site,4,53,136,2961,0.716,0.91
2022,built_environment,design,8,53,331,2961,0.433,0.76
2022,built_environment,environment,3,53,127,2961,0.4,0.23
2022,built_environment,city,3,53,128,2961,0.389,0.21
2022,built_environment,building,3,53,139,2961,0.27,0.11
2023,built_environment,science,4,51,40,3311,2.699,8.73
2023,built_environment,material,7,51,143,3311,1.668,7.25
2023,built_environment,future,4,51,59,3311,2.138,6.04
2023,built_environment,space,4,51,106,3311,1.293,2.61
2023,built_environment,energy,3,51,81,3311,1.266,1.86
2023,built_environment,city,3,51,87,3311,1.163,1.6
2023,built_environment,project,4,51,163,3311,0.672,0.81
2023,built_environment,system,3,51,113,3311,0.785,0.79
2023,built_environment,design,5,51,391,3311,-0.268,0.21
2023,built_environment,building,3,51,158,3311,0.302,0.13
2023,built_environment,climate,3,51,233,3311,-0.259,0.11
2024,built_environment,technique,7,62,46,3639,3.159,19.78
2024,built_environment,air,4,62,15,3639,3.968,15.79
2024,built_environment,energy,7,62,86,3639,2.256,11.73
2024,built_environment,supply,3,62,12,3639,3.875,11.38
2024,built_environment,area,6,62,77,3639,2.193,9.54
2024,built_environment,population,3,62,17,3639,3.373,9.19
2024,built_environment,ability,3,62,19,3639,3.212,8.53
2024,built_environment,system,8,62,157,3639,1.581,7.57
2024,built_environment,strategy,5,62,67,3639,2.131,7.54
2024,built_environment,structure,4,62,43,3639,2.449,7.48
2024,built_environment,world,6,62,99,3639,1.831,7.12
2024,built_environment,environment,6,62,111,3639,1.666,6.09
2024,built_environment,neighborhood,4,62,53,3639,2.147,6.06
2024,built_environment,power,3,62,34,3639,2.373,5.3
2024,built_environment,history,5,62,90,3639,1.705,5.23
2024,built_environment,site,6,62,133,3639,1.405,4.57
2024,built_environment,infrastructure,5,62,102,3639,1.525,4.33
2024,built_environment,method,3,62,42,3639,2.068,4.25
2024,built_environment,design,12,62,431,3639,0.709,2.94
2024,built_environment,land,3,62,57,3639,1.627,2.85
2024,built_environment,production,3,62,57,3639,1.627,2.85
2024,built_environment,architecture,8,62,254,3639,0.886,2.78
2024,built_environment,city,4,62,98,3639,1.26,2.48
2024,built_environment,construction,4,62,99,3639,1.246,2.43
2024,built_environment,technology,3,62,64,3639,1.46,2.37
2024,built_environment,region,3,62,67,3639,1.394,2.19
2024,built_environment,space,4,62,115,3639,1.03,1.74
2024,built_environment,community,5,62,183,3639,0.681,1.04
2024,built_environment,building,4,62,138,3639,0.767,1.02
2024,built_environment,climate,8,62,332,3639,0.5,0.98
2024,built_environment,practice,3,62,109,3639,0.692,0.63
2024,built_environment,landscape,3,62,114,3639,0.627,0.52
2024,built_environment,future,3,62,119,3639,0.565,0.43
2024,built_environment,material,3,62,136,3639,0.373,0.2
2024,built_environment,project,3,62,189,3639,-0.102,0.02
2025,built_environment,quality,4,40,23,3104,3.754,14.41
2025,built_environment,place,4,40,25,3104,3.634,13.73
2025,built_environment,site,5,40,68,3104,2.512,9.88
2025,built_environment,addition,3,40,25,3104,3.219,8.52
2025,built_environment,area,3,40,28,3104,3.056,7.87
2025,built_environment,people,3,40,29,3104,3.005,7.67
2025,built_environment,water,3,40,35,3104,2.734,6.63
2025,built_environment,world,3,40,44,3104,2.404,5.42
2025,built_environment,issue,3,40,46,3104,2.339,5.2
2025,built_environment,carbon,3,40,51,3104,2.191,4.68
2025,built_environment,city,4,40,93,3104,1.739,4.34
2025,built_environment,sustainability,3,40,65,3104,1.841,3.53
2025,built_environment,climate,7,40,284,3104,0.936,2.76
2025,built_environment,strategy,3,40,80,3104,1.541,2.62
2025,built_environment,impact,3,40,84,3104,1.471,2.42
2025,built_environment,design,3,40,423,3104,-0.862,1.51
2025,built_environment,material,3,40,128,3104,0.863,0.95
2025,built_environment,change,3,40,146,3104,0.673,0.6
2026,built_environment,water,9,78,83,5141,2.837,21.5
2026,built_environment,ground,5,78,26,5141,3.664,17.35
2026,built_environment,assembly,6,78,44,5141,3.168,16.75
2026,built_environment,century,4,78,34,5141,2.955,9.95
2026,built_environment,condition,9,78,177,5141,1.745,9.92
2026,built_environment,soil,3,78,19,5141,3.379,9.14
2026,built_environment,level,6,78,90,5141,2.136,9.03
2026,built_environment,energy,8,78,156,5141,1.757,8.87
2026,built_environment,object,3,78,21,5141,3.235,8.55
2026,built_environment,city,7,78,130,5141,1.827,8.22
2026,built_environment,rise,3,78,24,5141,3.042,7.78
2026,built_environment,people,4,78,46,5141,2.519,7.76
2026,built_environment,system,12,78,338,5141,1.227,7.48
2026,built_environment,river,3,78,28,5141,2.82,6.91
2026,built_environment,reuse,4,78,54,5141,2.288,6.65
2026,built_environment,building,10,78,285,5141,1.21,5.99
2026,built_environment,world,4,78,61,5141,2.112,5.85
2026,built_environment,sea,3,78,39,5141,2.342,5.15
2026,built_environment,form,5,78,106,5141,1.636,4.83
2026,built_environment,agency,3,78,43,5141,2.201,4.66
2026,built_environment,future,3,78,48,5141,2.042,4.13
2026,built_environment,framework,6,78,172,5141,1.201,3.44
2026,built_environment,infrastructure,6,78,174,5141,1.184,3.35
2026,built_environment,access,3,78,60,5141,1.721,3.11
2026,built_environment,climate,14,78,608,5141,0.602,2.51
2026,built_environment,life,3,78,71,5141,1.478,2.4
2026,built_environment,datum,3,78,75,5141,1.399,2.19
2026,built_environment,outcome,3,78,76,5141,1.379,2.13
2026,built_environment,material,10,78,419,5141,0.654,2.0
2026,built_environment,space,4,78,121,5141,1.124,2.0
2026,built_environment,question,3,78,79,5141,1.324,1.99
2026,built_environment,change,6,78,219,5141,0.853,1.87
2026,built_environment,resource,3,78,84,5141,1.235,1.76
2026,built_environment,housing,3,78,86,5141,1.201,1.68
2026,built_environment,time,3,78,99,5141,0.998,1.21
2026,built_environment,site,5,78,206,5141,0.678,1.01
2026,built_environment,design,11,78,940,5141,-0.375,0.99
2026,built_environment,scale,4,78,167,5141,0.659,0.76
2026,built_environment,performance,4,78,170,5141,0.633,0.71
2026,built_environment,landscape,3,78,124,5141,0.673,0.59
2026,built_environment,community,7,78,351,5141,0.394,0.53
2026,built_environment,model,3,78,142,5141,0.478,0.31
2026,built_environment,construction,3,78,153,5141,0.37,0.19
2026,built_environment,practice,5,78,287,5141,0.199,0.1
2026,built_environment,project,5,78,300,5141,0.136,0.05
2026,built_environment,strategy,3,78,186,5141,0.088,0.01
2026,built_environment,architecture,5,78,341,5141,-0.049,0.01
2020,collaborating,design,59,241,692,6144,1.12,34.65
2020,collaborating,community,30,241,238,6144,1.684,32.62
2020,collaborating,knowledge,17,241,114,6144,1.927,22.54
2020,collaborating,partner,9,241,39,6144,2.557,18.8
2020,collaborating,format,7,241,24,6144,2.894,17.88
2020,collaborating,institution,10,241,68,6144,1.907,12.86
2020,collaborating,activity,7,241,35,6144,2.35,12.69
2020,collaborating,ethic,5,241,18,6144,2.824,12.23
2020,collaborating,expertise,8,241,49,6144,2.057,11.64
2020,collaborating,network,8,241,52,6144,1.972,10.84
2020,collaborating,intervention,6,241,31,6144,2.303,10.5
2020,collaborating,discipline,11,241,98,6144,1.517,9.6
2020,collaborating,issue,17,241,193,6144,1.167,9.54
2020,collaborating,change,34,241,519,6144,0.74,8.86
2020,collaborating,complexity,5,241,26,6144,2.294,8.68
2020,collaborating,opportunity,9,241,76,6144,1.594,8.52
2020,collaborating,fellow,3,241,9,6144,3.087,8.48
2020,collaborating,question,11,241,106,6144,1.404,8.4
2020,collaborating,technology,11,241,108,6144,1.377,8.12
2020,collaborating,mode,5,241,28,6144,2.187,8.02
2020,collaborating,unit,5,241,28,6144,2.187,8.02
2020,collaborating,methodology,6,241,40,6144,1.935,7.85
2020,collaborating,time,11,241,114,6144,1.299,7.33
2020,collaborating,state,6,241,45,6144,1.765,6.72
2020,collaborating,client,4,241,22,6144,2.213,6.53
2020,collaborating,system,16,241,208,6144,0.972,6.46
2020,collaborating,decision,5,241,34,6144,1.907,6.37
2020,collaborating,expert,5,241,34,6144,1.907,6.37
2020,collaborating,principle,5,241,35,6144,1.865,6.13
2020,collaborating,architecture,30,241,490,6144,0.642,5.96
2020,collaborating,today,5,241,36,6144,1.824,5.91
2020,collaborating,range,6,241,52,6144,1.557,5.42
2020,collaborating,campus,6,241,52,6144,1.557,5.42
2020,collaborating,art,6,241,52,6144,1.557,5.42
2020,collaborating,leader,5,241,39,6144,1.709,5.29
2020,collaborating,construction,8,241,83,6144,1.297,5.28
2020,collaborating,science,7,241,68,6144,1.392,5.22
2020,collaborating,justice,6,241,56,6144,1.45,4.79
2020,collaborating,greenhouse,3,241,17,6144,2.17,4.73
2020,collaborating,meeting,3,241,17,6144,2.17,4.73
2020,collaborating,experience,8,241,88,6144,1.213,4.69
2020,collaborating,city,16,241,236,6144,0.789,4.43
2020,collaborating,order,6,241,59,6144,1.374,4.37
2020,collaborating,effort,6,241,59,6144,1.374,4.37
2020,collaborating,interest,6,241,59,6144,1.374,4.37
2020,collaborating,inequality,3,241,19,6144,2.009,4.16
2020,collaborating,climate,35,241,644,6144,0.47,3.97
2020,collaborating,resilience,6,241,62,6144,1.303,3.97
2020,collaborating,economy,5,241,47,6144,1.439,3.93
2020,collaborating,generation,3,241,20,6144,1.935,3.9
2020,collaborating,stakeholder,3,241,20,6144,1.935,3.9
2020,collaborating,sequence,3,241,20,6144,1.935,3.9
2020,collaborating,mission,3,241,20,6144,1.935,3.9
2020,collaborating,ecology,6,241,64,6144,1.257,3.73
2020,collaborating,thinking,4,241,34,6144,1.585,3.71
2020,collaborating,project,19,241,309,6144,0.649,3.7
2020,collaborating,space,8,241,98,6144,1.057,3.68
2020,collaborating,right,3,241,21,6144,1.865,3.67
2020,collaborating,scholar,3,241,21,6144,1.865,3.67
2020,collaborating,gas,3,241,21,6144,1.865,3.67
2020,collaborating,presentation,4,241,35,6144,1.543,3.54
2020,collaborating,source,5,241,50,6144,1.35,3.52
2020,collaborating,schedule,3,241,23,6144,1.733,3.24
2020,collaborating,researcher,3,241,23,6144,1.733,3.24
2020,collaborating,crisis,6,241,69,6144,1.149,3.18
2020,collaborating,tool,5,241,53,6144,1.266,3.14
2020,collaborating,designer,6,241,70,6144,1.128,3.08
2020,collaborating,extraction,3,241,24,6144,1.672,3.04
2020,collaborating,diversity,3,241,24,6144,1.672,3.04
2020,collaborating,modeling,3,241,24,6144,1.672,3.04
2020,collaborating,dialogue,3,241,25,6144,1.613,2.86
2020,collaborating,funding,3,241,25,6144,1.613,2.86
2020,collaborating,conversation,4,241,40,6144,1.35,2.81
2020,collaborating,policy,6,241,73,6144,1.067,2.79
2020,collaborating,infrastructure,13,241,206,6144,0.686,2.76
2020,collaborating,collaboration,5,241,57,6144,1.161,2.7
2020,collaborating,colleague,3,241,26,6144,1.557,2.69
2020,collaborating,environment,15,241,250,6144,0.613,2.6
2020,collaborating,capital,3,241,27,6144,1.502,2.53
2020,collaborating,level,8,241,113,6144,0.852,2.49
2020,collaborating,scale,9,241,132,6144,0.798,2.49
2020,collaborating,engineering,4,241,43,6144,1.246,2.44
2020,collaborating,neighborhood,3,241,28,6144,1.45,2.38
2020,collaborating,landscape,10,241,154,6144,0.727,2.34
2020,collaborating,concern,4,241,44,6144,1.213,2.32
2020,collaborating,body,3,241,29,6144,1.399,2.24
2020,collaborating,topic,6,241,81,6144,0.917,2.12
2020,collaborating,engagement,4,241,46,6144,1.149,2.11
2020,collaborating,exploration,3,241,30,6144,1.35,2.1
2020,collaborating,effect,5,241,64,6144,0.994,2.04
2020,collaborating,people,4,241,47,6144,1.117,2.01
2020,collaborating,event,3,241,31,6144,1.303,1.97
2020,collaborating,quality,3,241,31,6144,1.303,1.97
2020,collaborating,urbanism,4,241,48,6144,1.087,1.91
2020,collaborating,point,4,241,48,6144,1.087,1.91
2020,collaborating,medium,4,241,48,6144,1.087,1.91
2020,collaborating,region,6,241,86,6144,0.831,1.77
2020,collaborating,building,13,241,228,6144,0.54,1.76
2020,collaborating,technique,3,241,33,6144,1.213,1.74
2020,collaborating,educator,3,241,33,6144,1.213,1.74
2020,collaborating,practice,11,241,187,6144,0.585,1.72
2020,collaborating,disaster,3,241,34,6144,1.17,1.63
2020,collaborating,idea,4,241,52,6144,0.972,1.56
2020,collaborating,impact,9,241,150,6144,0.613,1.53
2020,collaborating,land,4,241,53,6144,0.944,1.48
2020,collaborating,model,6,241,91,6144,0.749,1.47
2020,collaborating,service,3,241,37,6144,1.048,1.34
2020,collaborating,exhibition,3,241,37,6144,1.048,1.34
2020,collaborating,power,4,241,55,6144,0.891,1.33
2020,collaborating,value,4,241,57,6144,0.839,1.2
2020,collaborating,housing,5,241,78,6144,0.709,1.1
2020,collaborating,sustainability,6,241,99,6144,0.628,1.05
2020,collaborating,culture,4,241,60,6144,0.765,1.01
2020,collaborating,history,10,241,188,6144,0.439,0.91
2020,collaborating,energy,4,241,156,6144,-0.613,0.89
2020,collaborating,industry,3,241,43,6144,0.831,0.88
2020,collaborating,solution,5,241,84,6144,0.602,0.81
2020,collaborating,perspective,3,241,44,6144,0.798,0.81
2020,collaborating,strategy,6,241,105,6144,0.543,0.8
2020,collaborating,organization,3,241,47,6144,0.702,0.64
2020,collaborating,approach,6,241,110,6144,0.476,0.63
2020,collaborating,site,7,241,132,6144,0.435,0.62
2020,collaborating,life,4,241,68,6144,0.585,0.61
2020,collaborating,goal,5,241,90,6144,0.502,0.58
2020,collaborating,sea,3,241,50,6144,0.613,0.5
2020,collaborating,method,5,241,93,6144,0.455,0.48
2020,collaborating,performance,3,241,51,6144,0.585,0.46
2020,collaborating,material,10,241,208,6144,0.294,0.42
2020,collaborating,datum,3,241,54,6144,0.502,0.34
2020,collaborating,architect,8,241,168,6144,0.28,0.3
2020,collaborating,planning,4,241,78,6144,0.387,0.28
2020,collaborating,challenge,6,241,126,6144,0.28,0.23
2020,collaborating,water,5,241,105,6144,0.28,0.19
2020,collaborating,world,6,241,129,6144,0.246,0.18
2020,collaborating,place,3,241,60,6144,0.35,0.17
2020,collaborating,production,3,241,60,6144,0.35,0.17
2020,collaborating,area,4,241,84,6144,0.28,0.15
2020,collaborating,form,4,241,84,6144,0.28,0.15
2020,collaborating,resource,5,241,112,6144,0.187,0.09
2020,collaborating,response,3,241,64,6144,0.257,0.09
2020,collaborating,society,4,241,88,6144,0.213,0.09
2020,collaborating,structure,3,241,71,6144,0.107,0.02
2021,collaborating,opportunity,16,240,73,6273,2.518,32.88
2021,collaborating,issue,19,240,158,6273,1.652,19.5
2021,collaborating,video,8,240,30,6273,2.801,19.34
2021,collaborating,community,25,240,252,6273,1.375,19.01
2021,collaborating,order,9,240,48,6273,2.293,15.68
2021,collaborating,discipline,10,240,59,6273,2.147,15.66
2021,collaborating,innovation,7,240,32,6273,2.515,14.16
2021,collaborating,idea,10,240,66,6273,1.986,13.74
2021,collaborating,dialogue,5,240,18,6273,2.86,12.46
2021,collaborating,climate,29,240,387,6273,0.97,12.1
2021,collaborating,exchange,4,240,12,6273,3.123,11.51
2021,collaborating,architecture,27,240,367,6273,0.943,10.66
2021,collaborating,place,9,240,67,6273,1.812,10.58
2021,collaborating,resource,11,240,95,6273,1.598,10.48
2021,collaborating,question,9,240,69,6273,1.769,10.17
2021,collaborating,design,43,240,698,6273,0.687,10.1
2021,collaborating,equity,8,240,57,6273,1.875,9.95
2021,collaborating,system,16,240,178,6273,1.232,9.84
2021,collaborating,initiative,5,240,24,6273,2.445,9.63
2021,collaborating,network,5,240,24,6273,2.445,9.63
2021,collaborating,artist,4,240,15,6273,2.801,9.62
2021,collaborating,knowledge,10,240,86,6273,1.604,9.57
2021,collaborating,lab,4,240,17,6273,2.621,8.62
2021,collaborating,speculation,3,240,9,6273,3.123,8.62
2021,collaborating,change,21,240,280,6273,0.971,8.58
2021,collaborating,collaboration,6,240,39,6273,2.008,8.34
2021,collaborating,crisis,9,240,80,6273,1.556,8.16
2021,collaborating,detail,4,240,19,6273,2.46,7.77
2021,collaborating,topic,8,240,69,6273,1.6,7.59
2021,collaborating,code,4,240,20,6273,2.386,7.38
2021,collaborating,strategy,11,240,118,6273,1.285,7.19
2021,collaborating,energy,16,240,206,6273,1.022,7.06
2021,collaborating,responsibility,4,240,21,6273,2.316,7.03
2021,collaborating,emission,6,240,46,6273,1.769,6.74
2021,collaborating,campus,4,240,22,6273,2.249,6.69
2021,collaborating,goal,8,240,75,6273,1.479,6.63
2021,collaborating,concern,4,240,23,6273,2.184,6.38
2021,collaborating,model,8,240,78,6273,1.423,6.2
2021,collaborating,boundary,4,240,24,6273,2.123,6.08
2021,collaborating,greenhouse,3,240,14,6273,2.486,5.92
2021,collaborating,source,5,240,37,6273,1.821,5.88
2021,collaborating,perspective,6,240,51,6273,1.621,5.8
2021,collaborating,benefit,4,240,26,6273,2.008,5.54
2021,collaborating,film,4,240,26,6273,2.008,5.54
2021,collaborating,aim,3,240,15,6273,2.386,5.53
2021,collaborating,trip,3,240,15,6273,2.386,5.53
2021,collaborating,ethic,3,240,16,6273,2.293,5.18
2021,collaborating,quality,5,240,42,6273,1.638,4.91
2021,collaborating,stakeholder,3,240,17,6273,2.206,4.85
2021,collaborating,deliverable,3,240,17,6273,2.206,4.85
2021,collaborating,metric,3,240,17,6273,2.206,4.85
2021,collaborating,building,18,240,275,6273,0.775,4.84
2021,collaborating,institution,4,240,29,6273,1.85,4.82
2021,collaborating,neighborhood,5,240,43,6273,1.604,4.74
2021,collaborating,material,14,240,199,6273,0.879,4.68
2021,collaborating,planning,5,240,44,6273,1.571,4.57
2021,collaborating,approach,9,240,113,6273,1.058,4.15
2021,collaborating,life,7,240,79,6273,1.212,4.08
2021,collaborating,project,17,240,269,6273,0.724,4.03
2021,collaborating,medium,4,240,33,6273,1.664,4.03
2021,collaborating,creation,3,240,20,6273,1.971,4.02
2021,collaborating,gas,3,240,20,6273,1.971,4.02
2021,collaborating,solution,6,240,65,6273,1.271,3.8
2021,collaborating,partnership,3,240,21,6273,1.901,3.78
2021,collaborating,people,6,240,67,6273,1.227,3.57
2021,collaborating,criterion,3,240,22,6273,1.834,3.56
2021,collaborating,city,11,240,159,6273,0.855,3.47
2021,collaborating,performance,7,240,85,6273,1.106,3.47
2021,collaborating,architect,9,240,122,6273,0.947,3.4
2021,collaborating,technology,7,240,86,6273,1.089,3.38
2021,collaborating,density,3,240,23,6273,1.769,3.35
2021,collaborating,area,6,240,70,6273,1.164,3.25
2021,collaborating,challenge,8,240,106,6273,0.98,3.2
2021,collaborating,environment,16,240,265,6273,0.658,3.17
2021,collaborating,ecology,3,240,24,6273,1.708,3.15
2021,collaborating,business,3,240,24,6273,1.708,3.15
2021,collaborating,session,3,240,25,6273,1.649,2.97
2021,collaborating,agency,3,240,26,6273,1.593,2.8
2021,collaborating,profession,4,240,42,6273,1.316,2.68
2021,collaborating,practice,11,240,172,6273,0.741,2.67
2021,collaborating,time,8,240,115,6273,0.863,2.54
2021,collaborating,action,3,240,28,6273,1.486,2.48
2021,collaborating,future,7,240,97,6273,0.915,2.47
2021,collaborating,addition,4,240,44,6273,1.249,2.44
2021,collaborating,experience,6,240,80,6273,0.971,2.35
2021,collaborating,comfort,3,240,29,6273,1.435,2.33
2021,collaborating,waste,3,240,30,6273,1.386,2.2
2021,collaborating,range,3,240,30,6273,1.386,2.2
2021,collaborating,tool,5,240,64,6273,1.03,2.17
2021,collaborating,air,3,240,31,6273,1.339,2.07
2021,collaborating,designer,4,240,50,6273,1.064,1.84
2021,collaborating,history,5,240,71,6273,0.88,1.63
2021,collaborating,policy,5,240,71,6273,0.88,1.63
2021,collaborating,land,3,240,36,6273,1.123,1.51
2021,collaborating,culture,4,240,54,6273,0.953,1.51
2021,collaborating,expertise,3,240,36,6273,1.123,1.51
2021,collaborating,point,3,240,37,6273,1.084,1.42
2021,collaborating,concept,4,240,56,6273,0.901,1.36
2021,collaborating,book,3,240,39,6273,1.008,1.25
2021,collaborating,interest,3,240,40,6273,0.971,1.17
2021,collaborating,century,3,240,40,6273,0.971,1.17
2021,collaborating,condition,4,240,59,6273,0.825,1.16
2021,collaborating,site,8,240,142,6273,0.558,1.14
2021,collaborating,water,4,240,60,6273,0.801,1.1
2021,collaborating,space,6,240,101,6273,0.635,1.08
2021,collaborating,assessment,3,240,43,6273,0.867,0.95
2021,collaborating,response,3,240,44,6273,0.834,0.88
2021,collaborating,justice,4,240,64,6273,0.708,0.87
2021,collaborating,carbon,5,240,85,6273,0.621,0.86
2021,collaborating,presentation,3,240,46,6273,0.769,0.76
2021,collaborating,technique,3,240,47,6273,0.738,0.71
2021,collaborating,potential,3,240,47,6273,0.738,0.71
2021,collaborating,principle,3,240,48,6273,0.708,0.65
2021,collaborating,power,3,240,49,6273,0.678,0.6
2021,collaborating,health,5,240,94,6273,0.475,0.52
2021,collaborating,region,3,240,52,6273,0.593,0.47
2021,collaborating,world,5,240,96,6273,0.445,0.46
2021,collaborating,construction,4,240,76,6273,0.46,0.39
2021,collaborating,impact,3,240,109,6273,-0.475,0.38
2021,collaborating,sustainability,3,240,104,6273,-0.407,0.28
2021,collaborating,theory,3,240,59,6273,0.41,0.23
2021,collaborating,method,4,240,86,6273,0.282,0.15
2021,collaborating,problem,3,240,66,6273,0.249,0.09
2021,collaborating,scale,4,240,92,6273,0.184,0.07
2021,collaborating,landscape,3,240,75,6273,0.064,0.01
2021,collaborating,structure,3,240,82,6273,-0.065,0.01
2021,collaborating,infrastructure,3,240,82,6273,-0.065,0.01
2022,collaborating,opportunity,12,160,45,2961,2.303,22.13
2022,collaborating,project,24,160,169,2961,1.394,19.67
2022,collaborating,resource,13,160,60,2961,2.003,19.03
2022,collaborating,experience,12,160,55,2961,2.014,17.67
2022,collaborating,approach,11,160,47,2961,2.115,17.54
2022,collaborating,aesthetic,5,160,9,2961,3.362,17.4
2022,collaborating,community,20,160,138,2961,1.423,16.74
2022,collaborating,capacity,6,160,19,2961,2.547,12.93
2022,collaborating,design,33,160,331,2961,0.884,12.7
2022,collaborating,conversation,6,160,22,2961,2.335,11.17
2022,collaborating,responsibility,3,160,5,2961,3.473,11.05
2022,collaborating,model,11,160,68,2961,1.582,10.71
2022,collaborating,finding,4,160,10,2961,2.888,10.63
2022,collaborating,innovation,4,160,10,2961,2.888,10.63
2022,collaborating,sequence,4,160,12,2961,2.625,9.03
2022,collaborating,partner,5,160,19,2961,2.284,8.94
2022,collaborating,specie,3,160,7,2961,2.988,8.44
2022,collaborating,architecture,20,160,193,2961,0.939,8.08
2022,collaborating,observation,4,160,14,2961,2.403,7.77
2022,collaborating,ecology,7,160,40,2961,1.695,7.58
2022,collaborating,topic,6,160,33,2961,1.751,6.84
2022,collaborating,debate,3,160,9,2961,2.625,6.76
2022,collaborating,agenda,3,160,9,2961,2.625,6.76
2022,collaborating,story,4,160,16,2961,2.21,6.75
2022,collaborating,nature,7,160,44,2961,1.558,6.55
2022,collaborating,discipline,4,160,18,2961,2.04,5.89
2022,collaborating,hand,3,160,11,2961,2.335,5.55
2022,collaborating,space,9,160,73,2961,1.19,5.29
2022,collaborating,organization,4,160,20,2961,1.888,5.16
2022,collaborating,narrative,4,160,20,2961,1.888,5.16
2022,collaborating,distribution,3,160,12,2961,2.21,5.05
2022,collaborating,challenge,6,160,42,2961,1.403,4.66
2022,collaborating,format,3,160,13,2961,2.094,4.61
2022,collaborating,range,3,160,13,2961,2.094,4.61
2022,collaborating,possibility,3,160,13,2961,2.094,4.61
2022,collaborating,change,13,160,132,2961,0.866,4.39
2022,collaborating,designer,5,160,33,2961,1.487,4.29
2022,collaborating,scale,10,160,93,2961,0.993,4.27
2022,collaborating,home,4,160,23,2961,1.686,4.25
2022,collaborating,platform,3,160,14,2961,1.988,4.22
2022,collaborating,tool,5,160,34,2961,1.444,4.08
2022,collaborating,resilience,3,160,15,2961,1.888,3.86
2022,collaborating,labor,3,160,16,2961,1.795,3.54
2022,collaborating,environment,12,160,127,2961,0.806,3.54
2022,collaborating,source,3,160,16,2961,1.795,3.54
2022,collaborating,theme,3,160,16,2961,1.795,3.54
2022,collaborating,knowledge,4,160,26,2961,1.51,3.51
2022,collaborating,area,7,160,61,2961,1.087,3.47
2022,collaborating,value,5,160,38,2961,1.284,3.31
2022,collaborating,economy,4,160,27,2961,1.455,3.29
2022,collaborating,effort,3,160,17,2961,1.707,3.25
2022,collaborating,book,3,160,17,2961,1.707,3.25
2022,collaborating,perspective,4,160,28,2961,1.403,3.09
2022,collaborating,reality,3,160,18,2961,1.625,2.98
2022,collaborating,site,12,160,136,2961,0.707,2.79
2022,collaborating,mode,3,160,19,2961,1.547,2.74
2022,collaborating,issue,8,160,82,2961,0.852,2.57
2022,collaborating,collaboration,4,160,31,2961,1.256,2.54
2022,collaborating,example,3,160,20,2961,1.473,2.51
2022,collaborating,resident,3,160,20,2961,1.473,2.51
2022,collaborating,neighborhood,4,160,35,2961,1.081,1.94
2022,collaborating,landscape,5,160,49,2961,0.917,1.81
2022,collaborating,intervention,3,160,24,2961,1.21,1.78
2022,collaborating,application,3,160,25,2961,1.151,1.62
2022,collaborating,place,4,160,40,2961,0.888,1.36
2022,collaborating,justice,5,160,54,2961,0.777,1.34
2022,collaborating,equity,3,160,28,2961,0.988,1.23
2022,collaborating,industry,3,160,28,2961,0.988,1.23
2022,collaborating,body,3,160,28,2961,0.988,1.23
2022,collaborating,energy,6,160,70,2961,0.666,1.21
2022,collaborating,housing,4,160,42,2961,0.818,1.17
2022,collaborating,engagement,3,160,29,2961,0.937,1.12
2022,collaborating,form,5,160,58,2961,0.674,1.03
2022,collaborating,theory,3,160,30,2961,0.888,1.02
2022,collaborating,planning,4,160,47,2961,0.655,0.78
2022,collaborating,city,9,160,128,2961,0.38,0.64
2022,collaborating,problem,3,160,35,2961,0.666,0.6
2022,collaborating,component,3,160,35,2961,0.666,0.6
2022,collaborating,life,3,160,35,2961,0.666,0.6
2022,collaborating,material,9,160,132,2961,0.335,0.5
2022,collaborating,section,3,160,37,2961,0.585,0.47
2022,collaborating,policy,3,160,37,2961,0.585,0.47
2022,collaborating,system,8,160,118,2961,0.327,0.42
2022,collaborating,building,6,160,139,2961,-0.324,0.36
2022,collaborating,time,4,160,61,2961,0.279,0.15
2022,collaborating,architect,4,160,87,2961,-0.233,0.12
2022,collaborating,climate,12,160,204,2961,0.122,0.1
2022,collaborating,infrastructure,3,160,66,2961,-0.249,0.1
2022,collaborating,strategy,5,160,81,2961,0.192,0.09
2022,collaborating,world,4,160,65,2961,0.188,0.07
2022,collaborating,history,4,160,67,2961,0.144,0.04
2022,collaborating,practice,5,160,86,2961,0.106,0.03
2022,collaborating,land,3,160,51,2961,0.122,0.02
2023,collaborating,community,24,179,166,3311,1.419,20.1
2023,collaborating,experience,11,179,67,3311,1.603,10.91
2023,collaborating,generation,5,179,16,3311,2.531,10.63
2023,collaborating,collaborator,4,179,10,3311,2.887,10.62
2023,collaborating,perspective,8,179,41,3311,1.852,10.08
2023,collaborating,expertise,5,179,17,3311,2.444,10.01
2023,collaborating,history,12,179,85,3311,1.385,9.27
2023,collaborating,designer,7,179,35,3311,1.887,9.09
2023,collaborating,exhibition,6,179,28,3311,1.987,8.48
2023,collaborating,visit,5,179,20,3311,2.209,8.44
2023,collaborating,site,15,179,127,3311,1.127,8.15
2023,collaborating,technology,7,179,40,3311,1.695,7.56
2023,collaborating,expert,5,179,23,3311,2.008,7.18
2023,collaborating,design,33,179,391,3311,0.643,7.02
2023,collaborating,conference,3,179,9,3311,2.624,6.75
2023,collaborating,institution,5,179,25,3311,1.887,6.46
2023,collaborating,approach,8,179,55,3311,1.428,6.44
2023,collaborating,architect,10,179,79,3311,1.227,6.21
2023,collaborating,planner,3,179,10,3311,2.472,6.1
2023,collaborating,opportunity,6,179,36,3311,1.624,6.0
2023,collaborating,question,7,179,48,3311,1.432,5.64
2023,collaborating,subject,3,179,11,3311,2.335,5.54
2023,collaborating,activity,4,179,19,3311,1.961,5.5
2023,collaborating,environment,14,179,136,3311,0.929,5.36
2023,collaborating,resilience,5,179,29,3311,1.673,5.25
2023,collaborating,mitigation,3,179,12,3311,2.209,5.04
2023,collaborating,element,3,179,12,3311,2.209,5.04
2023,collaborating,component,6,179,42,3311,1.402,4.65
2023,collaborating,justice,6,179,42,3311,1.402,4.65
2023,collaborating,climate,20,179,233,3311,0.667,4.29
2023,collaborating,solution,6,179,44,3311,1.335,4.26
2023,collaborating,quality,3,179,14,3311,1.987,4.21
2023,collaborating,project,15,179,163,3311,0.767,4.07
2023,collaborating,colleague,3,179,15,3311,1.887,3.86
2023,collaborating,initiative,3,179,15,3311,1.887,3.86
2023,collaborating,action,5,179,36,3311,1.361,3.67
2023,collaborating,effort,4,179,26,3311,1.509,3.5
2023,collaborating,planning,5,179,38,3311,1.283,3.3
2023,collaborating,life,5,179,38,3311,1.283,3.3
2023,collaborating,conversation,3,179,17,3311,1.707,3.24
2023,collaborating,stakeholder,3,179,17,3311,1.707,3.24
2023,collaborating,issue,6,179,51,3311,1.122,3.13
2023,collaborating,example,4,179,28,3311,1.402,3.08
2023,collaborating,concern,3,179,18,3311,1.624,2.98
2023,collaborating,thinking,3,179,18,3311,1.624,2.98
2023,collaborating,framework,4,179,29,3311,1.351,2.89
2023,collaborating,knowledge,5,179,41,3311,1.174,2.82
2023,collaborating,mass,3,179,19,3311,1.546,2.73
2023,collaborating,discipline,4,179,30,3311,1.302,2.7
2023,collaborating,intervention,3,179,20,3311,1.472,2.51
2023,collaborating,art,3,179,20,3311,1.472,2.51
2023,collaborating,discourse,3,179,20,3311,1.472,2.51
2023,collaborating,architecture,16,179,201,3311,0.558,2.42
2023,collaborating,economy,4,179,32,3311,1.209,2.37
2023,collaborating,intersection,3,179,21,3311,1.402,2.3
2023,collaborating,country,3,179,21,3311,1.402,2.3
2023,collaborating,strategy,5,179,46,3311,1.008,2.14
2023,collaborating,type,3,179,22,3311,1.335,2.11
2023,collaborating,construction,7,179,74,3311,0.807,2.02
2023,collaborating,technique,3,179,23,3311,1.271,1.94
2023,collaborating,adaptation,3,179,23,3311,1.271,1.94
2023,collaborating,world,7,179,75,3311,0.788,1.93
2023,collaborating,presentation,3,179,24,3311,1.209,1.77
2023,collaborating,outcome,4,179,37,3311,1.0,1.69
2023,collaborating,impact,8,179,93,3311,0.67,1.64
2023,collaborating,event,3,179,26,3311,1.094,1.48
2023,collaborating,scenario,3,179,26,3311,1.094,1.48
2023,collaborating,energy,7,179,81,3311,0.677,1.46
2023,collaborating,science,4,179,40,3311,0.887,1.36
2023,collaborating,infrastructure,6,179,71,3311,0.644,1.14
2023,collaborating,campus,3,179,29,3311,0.936,1.12
2023,collaborating,change,10,179,133,3311,0.476,1.09
2023,collaborating,city,7,179,87,3311,0.574,1.07
2023,collaborating,topic,5,179,59,3311,0.649,0.95
2023,collaborating,interest,3,179,31,3311,0.84,0.92
2023,collaborating,theory,4,179,46,3311,0.686,0.84
2023,collaborating,ecology,5,179,61,3311,0.6,0.83
2023,collaborating,model,3,179,33,3311,0.75,0.74
2023,collaborating,problem,3,179,33,3311,0.75,0.74
2023,collaborating,building,11,179,158,3311,0.365,0.73
2023,collaborating,carbon,3,179,34,3311,0.707,0.67
2023,collaborating,nature,3,179,34,3311,0.707,0.67
2023,collaborating,scale,5,179,65,3311,0.509,0.6
2023,collaborating,system,8,179,113,3311,0.389,0.59
2023,collaborating,resource,4,179,50,3311,0.565,0.59
2023,collaborating,region,4,179,54,3311,0.454,0.39
2023,collaborating,production,3,179,40,3311,0.472,0.31
2023,collaborating,water,4,179,57,3311,0.376,0.27
2023,collaborating,future,4,179,59,3311,0.327,0.21
2023,collaborating,datum,3,179,43,3311,0.368,0.19
2023,collaborating,effect,3,179,44,3311,0.335,0.16
2023,collaborating,performance,3,179,44,3311,0.335,0.16
2023,collaborating,level,3,179,45,3311,0.302,0.13
2023,collaborating,method,3,179,67,3311,-0.272,0.12
2023,collaborating,people,4,179,63,3311,0.232,0.11
2023,collaborating,material,7,179,143,3311,-0.143,0.08
2023,collaborating,tool,3,179,48,3311,0.209,0.06
2023,collaborating,landscape,3,179,62,3311,-0.16,0.04
2023,collaborating,form,3,179,58,3311,-0.064,0.01
2023,collaborating,area,3,179,59,3311,-0.088,0.01
2023,collaborating,space,6,179,106,3311,0.066,0.01
2023,collaborating,practice,5,179,91,3311,0.023,0.0
2024,collaborating,design,50,193,431,3639,1.129,30.65
2024,collaborating,lab,9,193,23,3639,2.883,23.94
2024,collaborating,initiative,10,193,32,3639,2.559,21.77
2024,collaborating,architecture,31,193,254,3639,1.202,19.79
2024,collaborating,designer,12,193,55,3639,2.04,17.93
2024,collaborating,discourse,7,193,27,3639,2.289,12.56
2024,collaborating,opportunity,10,193,54,3639,1.804,12.07
2024,collaborating,conversation,6,193,21,3639,2.43,11.88
2024,collaborating,participant,4,193,9,3639,3.067,11.74
2024,collaborating,system,19,193,157,3639,1.19,11.45
2024,collaborating,mapping,7,193,32,3639,2.044,10.38
2024,collaborating,scholar,5,193,17,3639,2.471,10.17
2024,collaborating,people,6,193,26,3639,2.121,9.45
2024,collaborating,collaboration,8,193,44,3639,1.777,9.37
2024,collaborating,stakeholder,4,193,12,3639,2.652,9.15
2024,collaborating,project,20,193,189,3639,0.997,8.83
2024,collaborating,socio,5,193,20,3639,2.237,8.6
2024,collaborating,complexity,3,193,7,3639,3.014,8.53
2024,collaborating,partner,5,193,21,3639,2.166,8.14
2024,collaborating,range,5,193,21,3639,2.166,8.14
2024,collaborating,knowledge,9,193,59,3639,1.524,8.11
2024,collaborating,justice,10,193,70,3639,1.43,8.08
2024,collaborating,fiction,5,193,22,3639,2.099,7.72
2024,collaborating,client,3,193,8,3639,2.822,7.62
2024,collaborating,institution,6,193,32,3639,1.822,7.29
2024,collaborating,experience,11,193,86,3639,1.27,7.25
2024,collaborating,medium,6,193,33,3639,1.777,6.99
2024,collaborating,agency,6,193,33,3639,1.777,6.99
2024,collaborating,approach,11,193,88,3639,1.237,6.92
2024,collaborating,dimension,4,193,16,3639,2.237,6.86
2024,collaborating,participation,3,193,9,3639,2.652,6.85
2024,collaborating,platform,3,193,9,3639,2.652,6.85
2024,collaborating,organization,6,193,34,3639,1.734,6.7
2024,collaborating,discipline,7,193,45,3639,1.552,6.47
2024,collaborating,community,18,193,183,3639,0.891,6.45
2024,collaborating,issue,8,193,56,3639,1.43,6.43
2024,collaborating,climate,28,193,332,3639,0.669,6.2
2024,collaborating,challenge,11,193,93,3639,1.157,6.15
2024,collaborating,perspective,7,193,47,3639,1.49,6.03
2024,collaborating,engagement,5,193,27,3639,1.804,5.96
2024,collaborating,science,8,193,60,3639,1.33,5.67
2024,collaborating,inquiry,3,193,11,3639,2.362,5.63
2024,collaborating,risk,4,193,19,3639,1.989,5.62
2024,collaborating,ability,4,193,19,3639,1.989,5.62
2024,collaborating,government,3,193,12,3639,2.237,5.14
2024,collaborating,background,3,193,12,3639,2.237,5.14
2024,collaborating,step,3,193,12,3639,2.237,5.14
2024,collaborating,crisis,7,193,52,3639,1.344,5.03
2024,collaborating,solution,6,193,41,3639,1.464,5.0
2024,collaborating,infrastructure,11,193,102,3639,1.024,4.94
2024,collaborating,expert,4,193,21,3639,1.845,4.94
2024,collaborating,action,4,193,21,3639,1.845,4.94
2024,collaborating,control,3,193,13,3639,2.121,4.69
2024,collaborating,outcome,5,193,34,3639,1.471,4.19
2024,collaborating,place,7,193,57,3639,1.211,4.19
2024,collaborating,tool,7,193,57,3639,1.211,4.19
2024,collaborating,boundary,3,193,15,3639,1.915,3.94
2024,collaborating,living,3,193,15,3639,1.915,3.94
2024,collaborating,effort,4,193,25,3639,1.593,3.84
2024,collaborating,expertise,4,193,25,3639,1.593,3.84
2024,collaborating,territory,3,193,16,3639,1.822,3.62
2024,collaborating,exchange,3,193,16,3639,1.822,3.62
2024,collaborating,policy,5,193,38,3639,1.311,3.42
2024,collaborating,level,6,193,50,3639,1.178,3.41
2024,collaborating,intersection,4,193,27,3639,1.482,3.39
2024,collaborating,history,9,193,90,3639,0.915,3.28
2024,collaborating,art,3,193,18,3639,1.652,3.06
2024,collaborating,body,3,193,18,3639,1.652,3.06
2024,collaborating,region,7,193,67,3639,0.978,2.86
2024,collaborating,exercise,3,193,19,3639,1.574,2.81
2024,collaborating,impact,8,193,84,3639,0.845,2.51
2024,collaborating,interest,4,193,33,3639,1.192,2.31
2024,collaborating,connection,3,193,22,3639,1.362,2.18
2024,collaborating,theme,3,193,22,3639,1.362,2.18
2024,collaborating,position,3,193,22,3639,1.362,2.18
2024,collaborating,life,6,193,60,3639,0.915,2.16
2024,collaborating,effect,4,193,34,3639,1.149,2.16
2024,collaborating,building,4,193,138,3639,-0.872,1.95
2024,collaborating,potential,3,193,24,3639,1.237,1.84
2024,collaborating,principle,3,193,24,3639,1.237,1.84
2024,collaborating,narrative,4,193,37,3639,1.027,1.77
2024,collaborating,representation,4,193,38,3639,0.989,1.65
2024,collaborating,imagination,3,193,26,3639,1.121,1.55
2024,collaborating,question,5,193,53,3639,0.831,1.5
2024,collaborating,city,8,193,98,3639,0.622,1.42
2024,collaborating,construction,8,193,99,3639,0.608,1.36
2024,collaborating,planning,4,193,41,3639,0.879,1.33
2024,collaborating,society,5,193,55,3639,0.777,1.33
2024,collaborating,site,10,193,133,3639,0.504,1.21
2024,collaborating,cycle,3,193,29,3639,0.964,1.18
2024,collaborating,nature,3,193,29,3639,0.964,1.18
2024,collaborating,future,9,193,119,3639,0.512,1.12
2024,collaborating,form,5,193,58,3639,0.701,1.1
2024,collaborating,idea,4,193,46,3639,0.713,0.9
2024,collaborating,practice,8,193,109,3639,0.469,0.84
2024,collaborating,health,3,193,33,3639,0.777,0.79
2024,collaborating,thinking,3,193,33,3639,0.777,0.79
2024,collaborating,condition,4,193,48,3639,0.652,0.77
2024,collaborating,environment,8,193,111,3639,0.442,0.75
2024,collaborating,intervention,3,193,34,3639,0.734,0.71
2024,collaborating,resource,5,193,65,3639,0.536,0.67
2024,collaborating,landscape,8,193,114,3639,0.404,0.63
2024,collaborating,space,8,193,115,3639,0.391,0.59
2024,collaborating,world,7,193,99,3639,0.415,0.58
2024,collaborating,culture,3,193,36,3639,0.652,0.57
2024,collaborating,goal,3,193,36,3639,0.652,0.57
2024,collaborating,reality,3,193,37,3639,0.612,0.51
2024,collaborating,food,4,193,54,3639,0.482,0.43
2024,collaborating,sustainability,3,193,40,3639,0.5,0.35
2024,collaborating,wind,3,193,40,3639,0.5,0.35
2024,collaborating,change,11,193,176,3639,0.237,0.31
2024,collaborating,method,3,193,42,3639,0.43,0.26
2024,collaborating,exhibition,3,193,43,3639,0.396,0.22
2024,collaborating,area,5,193,77,3639,0.292,0.21
2024,collaborating,concept,3,193,45,3639,0.33,0.16
2024,collaborating,model,4,193,63,3639,0.26,0.13
2024,collaborating,technology,4,193,64,3639,0.237,0.11
2024,collaborating,material,8,193,136,3639,0.149,0.09
2024,collaborating,scale,4,193,87,3639,-0.206,0.09
2024,collaborating,oil,3,193,55,3639,0.04,0.0
2025,collaborating,community,36,188,186,3104,1.676,41.72
2025,collaborating,design,53,188,423,3104,1.049,29.42
2025,collaborating,experience,17,188,70,3104,2.004,25.31
2025,collaborating,colleague,6,188,14,3104,2.823,15.68
2025,collaborating,success,5,188,10,3104,3.045,14.91
2025,collaborating,knowledge,10,188,42,3104,1.975,14.3
2025,collaborating,approach,15,188,88,3104,1.493,13.43
2025,collaborating,challenge,13,188,82,3104,1.388,10.2
2025,collaborating,conversation,4,188,10,3104,2.723,9.79
2025,collaborating,sustainability,11,188,65,3104,1.482,9.62
2025,collaborating,action,7,188,31,3104,1.898,9.29
2025,collaborating,exhibition,5,188,18,3104,2.197,8.48
2025,collaborating,discourse,4,188,12,3104,2.46,8.22
2025,collaborating,practice,14,188,104,3104,1.152,7.94
2025,collaborating,dynamic,3,188,7,3104,2.823,7.8
2025,collaborating,institution,4,188,13,3104,2.345,7.57
2025,collaborating,agenda,4,188,13,3104,2.345,7.57
2025,collaborating,commitment,5,188,20,3104,2.045,7.5
2025,collaborating,framework,8,188,46,3104,1.522,7.26
2025,collaborating,network,4,188,14,3104,2.238,6.99
2025,collaborating,conference,4,188,14,3104,2.238,6.99
2025,collaborating,sense,3,188,8,3104,2.63,6.9
2025,collaborating,business,3,188,8,3104,2.63,6.9
2025,collaborating,thinking,6,188,30,3104,1.723,6.72
2025,collaborating,project,19,188,175,3104,0.842,6.24
2025,collaborating,culture,4,188,16,3104,2.045,5.99
2025,collaborating,order,4,188,16,3104,2.045,5.99
2025,collaborating,result,4,188,17,3104,1.958,5.56
2025,collaborating,partnership,4,188,17,3104,1.958,5.56
2025,collaborating,theme,4,188,18,3104,1.875,5.16
2025,collaborating,agency,3,188,11,3104,2.171,4.96
2025,collaborating,dimension,3,188,12,3104,2.045,4.48
2025,collaborating,ecosystem,3,188,12,3104,2.045,4.48
2025,collaborating,environment,11,188,96,3104,0.92,4.12
2025,collaborating,expertise,3,188,13,3104,1.93,4.06
2025,collaborating,goal,6,188,42,3104,1.238,3.77
2025,collaborating,organization,4,188,23,3104,1.522,3.59
2025,collaborating,method,6,188,43,3104,1.204,3.58
2025,collaborating,collaboration,6,188,44,3104,1.171,3.41
2025,collaborating,food,3,188,15,3104,1.723,3.34
2025,collaborating,economy,4,188,24,3104,1.46,3.34
2025,collaborating,problem,5,188,35,3104,1.238,3.13
2025,collaborating,initiative,4,188,25,3104,1.401,3.11
2025,collaborating,life,6,188,46,3104,1.107,3.08
2025,collaborating,issue,6,188,46,3104,1.107,3.08
2025,collaborating,interest,3,188,16,3104,1.63,3.03
2025,collaborating,model,5,188,36,3104,1.197,2.95
2025,collaborating,perspective,4,188,26,3104,1.345,2.89
2025,collaborating,climate,24,188,284,3104,0.481,2.86
2025,collaborating,peer,3,188,17,3104,1.543,2.75
2025,collaborating,justice,7,188,65,3104,0.83,2.14
2025,collaborating,foundation,3,188,20,3104,1.308,2.06
2025,collaborating,resource,7,188,67,3104,0.787,1.94
2025,collaborating,condition,5,188,43,3104,0.941,1.91
2025,collaborating,structure,5,188,43,3104,0.941,1.91
2025,collaborating,integration,3,188,21,3104,1.238,1.87
2025,collaborating,engagement,4,188,34,3104,0.958,1.57
2025,collaborating,theory,3,188,23,3104,1.107,1.53
2025,collaborating,future,6,188,60,3104,0.723,1.42
2025,collaborating,material,11,188,128,3104,0.505,1.35
2025,collaborating,topic,5,188,49,3104,0.753,1.27
2025,collaborating,expert,3,188,26,3104,0.93,1.11
2025,collaborating,infrastructure,6,188,64,3104,0.63,1.1
2025,collaborating,effort,3,188,27,3104,0.875,1.0
2025,collaborating,neighborhood,3,188,27,3104,0.875,1.0
2025,collaborating,intersection,3,188,28,3104,0.823,0.89
2025,collaborating,partner,3,188,28,3104,0.823,0.89
2025,collaborating,equity,3,188,29,3104,0.772,0.79
2025,collaborating,designer,3,188,29,3104,0.772,0.79
2025,collaborating,production,4,188,42,3104,0.653,0.78
2025,collaborating,impact,7,188,84,3104,0.46,0.71
2025,collaborating,concept,3,188,30,3104,0.723,0.7
2025,collaborating,building,4,188,95,3104,-0.525,0.65
2025,collaborating,world,4,188,44,3104,0.586,0.63
2025,collaborating,architecture,12,188,161,3104,0.299,0.55
2025,collaborating,tool,5,188,63,3104,0.39,0.37
2025,collaborating,housing,3,188,36,3104,0.46,0.3
2025,collaborating,technology,3,188,36,3104,0.46,0.3
2025,collaborating,opportunity,3,188,37,3104,0.421,0.25
2025,collaborating,question,3,188,38,3104,0.382,0.21
2025,collaborating,industry,4,188,54,3104,0.29,0.17
2025,collaborating,space,5,188,69,3104,0.259,0.17
2025,collaborating,strategy,4,188,80,3104,-0.277,0.17
2025,collaborating,time,3,188,39,3104,0.345,0.17
2025,collaborating,scale,3,188,61,3104,-0.3,0.15
2025,collaborating,solution,4,188,56,3104,0.238,0.11
2025,collaborating,presentation,3,188,41,3104,0.273,0.11
2025,collaborating,energy,6,188,88,3104,0.171,0.09
2025,collaborating,change,8,188,146,3104,-0.145,0.09
2025,collaborating,city,5,188,93,3104,-0.172,0.08
2025,collaborating,landscape,5,188,92,3104,-0.156,0.07
2025,collaborating,system,6,188,91,3104,0.122,0.05
2025,collaborating,architect,3,188,55,3104,-0.151,0.04
2025,collaborating,resilience,4,188,66,3104,0.001,0.0
2025,collaborating,planning,3,188,50,3104,-0.014,0.0
2025,collaborating,site,4,188,68,3104,-0.042,0.0
2025,collaborating,carbon,3,188,51,3104,-0.042,0.0
2026,collaborating,community,68,353,351,5141,1.496,66.02
2026,collaborating,design,104,353,940,5141,0.688,28.18
2026,collaborating,framework,30,353,172,5141,1.345,22.76
2026,collaborating,project,43,353,300,5141,1.062,21.99
2026,collaborating,architecture,46,353,341,5141,0.974,20.3
2026,collaborating,conversation,6,353,14,5141,2.642,14.24
2026,collaborating,inquiry,15,353,75,5141,1.542,14.13
2026,collaborating,climate,65,353,608,5141,0.639,13.93
2026,collaborating,partner,12,353,55,5141,1.668,12.91
2026,collaborating,initiative,12,353,58,5141,1.591,11.89
2026,collaborating,knowledge,16,353,95,5141,1.294,11.09
2026,collaborating,scholarship,7,353,24,5141,2.087,11.03
2026,collaborating,world,12,353,61,5141,1.519,10.95
2026,collaborating,coursework,4,353,8,5141,2.864,10.94
2026,collaborating,practice,34,353,287,5141,0.787,9.95
2026,collaborating,resilience,15,353,92,5141,1.248,9.72
2026,collaborating,peer,7,353,27,5141,1.917,9.52
2026,collaborating,partnership,8,353,35,5141,1.735,9.17
2026,collaborating,nation,4,353,10,5141,2.542,8.86
2026,collaborating,philosophy,4,353,10,5141,2.542,8.86
2026,collaborating,finding,6,353,23,5141,1.926,8.22
2026,collaborating,woman,3,353,6,5141,2.864,8.2
2026,collaborating,collaborator,3,353,6,5141,2.864,8.2
2026,collaborating,neighborhood,9,353,46,5141,1.511,8.11
2026,collaborating,exhibition,9,353,47,5141,1.48,7.82
2026,collaborating,industry,8,353,39,5141,1.579,7.77
2026,collaborating,commitment,8,353,39,5141,1.579,7.77
2026,collaborating,library,6,353,24,5141,1.864,7.77
2026,collaborating,nature,6,353,25,5141,1.805,7.35
2026,collaborating,journal,4,353,12,5141,2.279,7.32
2026,collaborating,basis,3,353,7,5141,2.642,7.1
2026,collaborating,stakeholder,5,353,19,5141,1.938,6.92
2026,collaborating,conference,6,353,27,5141,1.694,6.58
2026,collaborating,site,24,353,206,5141,0.763,6.49
2026,collaborating,resident,5,353,20,5141,1.864,6.47
2026,collaborating,campus,5,353,20,5141,1.864,6.47
2026,collaborating,position,7,353,36,5141,1.502,6.22
2026,collaborating,identity,3,353,8,5141,2.449,6.22
2026,collaborating,competition,4,353,14,5141,2.057,6.13
2026,collaborating,issue,7,353,37,5141,1.462,5.94
2026,collaborating,dimension,7,353,37,5141,1.462,5.94
2026,collaborating,challenge,13,353,93,5141,1.026,5.91
2026,collaborating,assessment,6,353,29,5141,1.591,5.89
2026,collaborating,production,9,353,56,5141,1.227,5.61
2026,collaborating,designer,8,353,47,5141,1.31,5.59
2026,collaborating,greenhouse,3,353,9,5141,2.279,5.48
2026,collaborating,mission,5,353,23,5141,1.663,5.3
2026,collaborating,type,4,353,16,5141,1.864,5.17
2026,collaborating,expert,4,353,16,5141,1.864,5.17
2026,collaborating,text,4,353,16,5141,1.864,5.17
2026,collaborating,organization,8,353,49,5141,1.25,5.14
2026,collaborating,weather,6,353,32,5141,1.449,5.0
2026,collaborating,territory,6,353,32,5141,1.449,5.0
2026,collaborating,construction,18,353,153,5141,0.777,4.97
2026,collaborating,model,17,353,142,5141,0.802,4.97
2026,collaborating,opportunity,7,353,42,5141,1.279,4.68
2026,collaborating,material,40,353,419,5141,0.475,4.65
2026,collaborating,justice,11,353,82,5141,0.966,4.47
2026,collaborating,consequence,4,353,18,5141,1.694,4.37
2026,collaborating,trip,4,353,18,5141,1.694,4.37
2026,collaborating,visit,4,353,18,5141,1.694,4.37
2026,collaborating,gas,3,353,11,5141,1.99,4.33
2026,collaborating,firm,3,353,11,5141,1.99,4.33
2026,collaborating,documentation,6,353,35,5141,1.32,4.24
2026,collaborating,care,4,353,19,5141,1.616,4.03
2026,collaborating,place,9,353,65,5141,1.012,3.96
2026,collaborating,discourse,6,353,37,5141,1.24,3.79
2026,collaborating,impact,16,353,142,5141,0.715,3.77
2026,collaborating,leader,4,353,20,5141,1.542,3.71
2026,collaborating,method,11,353,88,5141,0.864,3.65
2026,collaborating,hand,6,353,38,5141,1.201,3.58
2026,collaborating,economy,6,353,38,5141,1.201,3.58
2026,collaborating,simulation,7,353,48,5141,1.087,3.5
2026,collaborating,format,4,353,21,5141,1.472,3.42
2026,collaborating,interest,4,353,21,5141,1.472,3.42
2026,collaborating,experience,16,353,146,5141,0.674,3.39
2026,collaborating,mapping,9,353,69,5141,0.926,3.37
2026,collaborating,fabrication,8,353,59,5141,0.982,3.33
2026,collaborating,landscape,14,353,124,5141,0.717,3.31
2026,collaborating,change,22,353,219,5141,0.549,3.21
2026,collaborating,access,8,353,60,5141,0.957,3.18
2026,collaborating,awareness,4,353,22,5141,1.405,3.15
2026,collaborating,dialogue,4,353,22,5141,1.405,3.15
2026,collaborating,exposure,5,353,31,5141,1.232,3.12
2026,collaborating,lighting,6,353,41,5141,1.092,3.02
2026,collaborating,geography,5,353,32,5141,1.186,2.91
2026,collaborating,discipline,5,353,32,5141,1.186,2.91
2026,collaborating,body,4,353,23,5141,1.341,2.9
2026,collaborating,objective,4,353,23,5141,1.341,2.9
2026,collaborating,lab,4,353,23,5141,1.341,2.9
2026,collaborating,representation,6,353,42,5141,1.057,2.84
2026,collaborating,heritage,3,353,15,5141,1.542,2.78
2026,collaborating,service,3,353,15,5141,1.542,2.78
2026,collaborating,humanity,3,353,15,5141,1.542,2.78
2026,collaborating,technique,5,353,33,5141,1.142,2.72
2026,collaborating,perspective,4,353,24,5141,1.279,2.66
2026,collaborating,decade,4,353,24,5141,1.279,2.66
2026,collaborating,narrative,8,353,64,5141,0.864,2.64
2026,collaborating,scale,17,353,167,5141,0.568,2.62
2026,collaborating,housing,10,353,86,5141,0.76,2.61
2026,collaborating,build,7,353,54,5141,0.917,2.57
2026,collaborating,energy,16,353,156,5141,0.579,2.55
2026,collaborating,deliverable,3,353,16,5141,1.449,2.49
2026,collaborating,equity,9,353,78,5141,0.749,2.28
2026,collaborating,workflow,4,353,26,5141,1.164,2.25
2026,collaborating,meeting,3,353,17,5141,1.362,2.23
2026,collaborating,level,10,353,90,5141,0.694,2.21
2026,collaborating,kind,3,353,18,5141,1.279,1.99
2026,collaborating,pilot,3,353,18,5141,1.279,1.99
2026,collaborating,presentation,6,353,48,5141,0.864,1.97
2026,collaborating,future,6,353,48,5141,0.864,1.97
2026,collaborating,platform,4,353,28,5141,1.057,1.89
2026,collaborating,life,8,353,71,5141,0.715,1.86
2026,collaborating,mode,3,353,19,5141,1.201,1.78
2026,collaborating,activity,3,353,19,5141,1.201,1.78
2026,collaborating,imagination,3,353,19,5141,1.201,1.78
2026,collaborating,function,3,353,19,5141,1.201,1.78
2026,collaborating,precedent,5,353,39,5141,0.901,1.77
2026,collaborating,labor,5,353,39,5141,0.901,1.77
2026,collaborating,responsibility,7,353,61,5141,0.741,1.73
2026,collaborating,book,4,353,29,5141,1.006,1.73
2026,collaborating,resource,9,353,84,5141,0.642,1.71
2026,collaborating,making,5,353,40,5141,0.864,1.64
2026,collaborating,planning,6,353,51,5141,0.777,1.62
2026,collaborating,priority,3,353,20,5141,1.127,1.59
2026,collaborating,policy,7,353,63,5141,0.694,1.54
2026,collaborating,sustainability,4,353,99,5141,-0.765,1.46
2026,collaborating,time,4,353,99,5141,-0.765,1.46
2026,collaborating,food,3,353,21,5141,1.057,1.41
2026,collaborating,approach,4,353,98,5141,-0.75,1.4
2026,collaborating,diagram,4,353,32,5141,0.864,1.31
2026,collaborating,leadership,4,353,32,5141,0.864,1.31
2026,collaborating,modeling,4,353,32,5141,0.864,1.31
2026,collaborating,agency,5,353,43,5141,0.76,1.29
2026,collaborating,emission,5,353,43,5141,0.76,1.29
2026,collaborating,hour,3,353,22,5141,0.99,1.26
2026,collaborating,film,3,353,22,5141,0.99,1.26
2026,collaborating,facility,3,353,22,5141,0.99,1.26
2026,collaborating,component,3,353,77,5141,-0.818,1.26
2026,collaborating,history,9,353,90,5141,0.542,1.25
2026,collaborating,science,5,353,44,5141,0.727,1.19
2026,collaborating,contribution,5,353,44,5141,0.727,1.19
2026,collaborating,question,8,353,79,5141,0.561,1.18
2026,collaborating,collaboration,8,353,79,5141,0.561,1.18
2026,collaborating,session,3,353,23,5141,0.926,1.11
2026,collaborating,unit,3,353,23,5141,0.926,1.11
2026,collaborating,building,24,353,285,5141,0.294,1.07
2026,collaborating,ethic,4,353,34,5141,0.777,1.07
2026,collaborating,condition,9,353,177,5141,-0.433,0.99
2026,collaborating,society,3,353,24,5141,0.864,0.98
2026,collaborating,generation,3,353,24,5141,0.864,0.98
2026,collaborating,rise,3,353,24,5141,0.864,0.98
2026,collaborating,space,11,353,121,5141,0.405,0.88
2026,collaborating,addition,3,353,25,5141,0.805,0.86
2026,collaborating,visualization,3,353,25,5141,0.805,0.86
2026,collaborating,heat,3,353,69,5141,-0.659,0.79
2026,collaborating,governance,3,353,26,5141,0.749,0.75
2026,collaborating,theory,7,353,74,5141,0.462,0.71
2026,collaborating,educator,4,353,38,5141,0.616,0.7
2026,collaborating,action,3,353,27,5141,0.694,0.65
2026,collaborating,state,3,353,27,5141,0.694,0.65
2026,collaborating,risk,3,353,66,5141,-0.595,0.63
2026,collaborating,outcome,7,353,76,5141,0.424,0.6
2026,collaborating,carbon,10,353,115,5141,0.341,0.57
2026,collaborating,element,3,353,28,5141,0.642,0.56
2026,collaborating,extraction,5,353,52,5141,0.486,0.56
2026,collaborating,capacity,3,353,28,5141,0.642,0.56
2026,collaborating,river,3,353,28,5141,0.642,0.56
2026,collaborating,city,7,353,130,5141,-0.351,0.49
2026,collaborating,constraint,3,353,29,5141,0.591,0.48
2026,collaborating,prototype,4,353,41,5141,0.507,0.48
2026,collaborating,investigation,3,353,29,5141,0.591,0.48
2026,collaborating,culture,3,353,29,5141,0.591,0.48
2026,collaborating,emphasis,4,353,42,5141,0.472,0.42
2026,collaborating,form,9,353,106,5141,0.306,0.42
2026,collaborating,health,6,353,68,5141,0.362,0.38
2026,collaborating,intervention,6,353,68,5141,0.362,0.38
2026,collaborating,system,26,353,338,5141,0.164,0.37
2026,collaborating,problem,5,353,56,5141,0.379,0.35
2026,collaborating,thinking,5,353,56,5141,0.379,0.35
2026,collaborating,environment,8,353,140,5141,-0.265,0.32
2026,collaborating,assembly,4,353,44,5141,0.405,0.31
2026,collaborating,intersection,4,353,44,5141,0.405,0.31
2026,collaborating,datum,4,353,75,5141,-0.365,0.3
2026,collaborating,relation,3,353,32,5141,0.449,0.29
2026,collaborating,application,4,353,45,5141,0.372,0.27
2026,collaborating,century,3,353,34,5141,0.362,0.19
2026,collaborating,performance,13,353,170,5141,0.155,0.16
2026,collaborating,reuse,3,353,54,5141,-0.306,0.16
2026,collaborating,engagement,8,353,102,5141,0.192,0.15
2026,collaborating,topic,3,353,53,5141,-0.279,0.13
2026,collaborating,crisis,4,353,49,5141,0.25,0.12
2026,collaborating,goal,3,353,36,5141,0.279,0.11
2026,collaborating,medium,3,353,36,5141,0.279,0.11
2026,collaborating,drawing,4,353,50,5141,0.22,0.1
2026,collaborating,region,3,353,52,5141,-0.251,0.1
2026,collaborating,water,5,353,83,5141,-0.189,0.1
2026,collaborating,infrastructure,11,353,174,5141,-0.119,0.09
2026,collaborating,architect,8,353,106,5141,0.136,0.08
2026,collaborating,response,4,353,51,5141,0.192,0.07
2026,collaborating,integration,4,353,51,5141,0.192,0.07
2026,collaborating,solution,4,353,51,5141,0.192,0.07
2026,collaborating,structure,6,353,96,5141,-0.136,0.06
2026,collaborating,strategy,12,353,186,5141,-0.09,0.05
2026,collaborating,adaptation,6,353,94,5141,-0.105,0.04
2026,collaborating,decision,4,353,64,5141,-0.136,0.04
2026,collaborating,technology,6,353,81,5141,0.109,0.04
2026,collaborating,ecology,3,353,49,5141,-0.165,0.04
2026,collaborating,sequence,3,353,39,5141,0.164,0.04
2026,collaborating,sea,3,353,39,5141,0.164,0.04
2026,collaborating,vulnerability,3,353,48,5141,-0.136,0.03
2026,collaborating,tool,9,353,124,5141,0.08,0.03
2026,collaborating,map,3,353,40,5141,0.127,0.02
2026,collaborating,feedback,3,353,42,5141,0.057,0.01
2026,collaborating,scenario,3,353,41,5141,0.092,0.01
2026,collaborating,implementation,3,353,42,5141,0.057,0.01
2026,collaborating,waste,3,353,41,5141,0.092,0.01
2026,collaborating,people,3,353,46,5141,-0.074,0.01
2026,collaborating,land,3,353,43,5141,0.023,0.0
2026,collaborating,reality,4,353,59,5141,-0.018,0.0
2020,doing,environment,154,849,250,6144,2.156,326.38
2020,doing,design,162,849,692,6144,0.761,52.69
2020,doing,method,38,849,93,6144,1.564,41.86
2020,doing,climate,139,849,644,6144,0.643,32.49
2020,doing,infrastructure,57,849,206,6144,1.002,28.1
2020,doing,construction,30,849,83,6144,1.387,26.39
2020,doing,knowledge,37,849,114,6144,1.232,26.29
2020,doing,space,33,849,98,6144,1.285,25.27
2020,doing,city,61,849,236,6144,0.903,24.94
2020,doing,model,30,849,91,6144,1.254,21.94
2020,doing,wood,15,849,31,6144,1.808,21.35
2020,doing,building,57,849,228,6144,0.855,20.99
2020,doing,system,53,849,208,6144,0.883,20.63
2020,doing,change,107,849,519,6144,0.577,19.8
2020,doing,future,30,849,98,6144,1.148,18.62
2020,doing,power,20,849,55,6144,1.396,17.69
2020,doing,material,51,849,208,6144,0.827,17.57
2020,doing,element,10,849,19,6144,1.929,16.05
2020,doing,impact,39,849,150,6144,0.912,15.94
2020,doing,energy,40,849,156,6144,0.892,15.7
2020,doing,thinking,14,849,34,6144,1.575,15.41
2020,doing,component,15,849,38,6144,1.514,15.36
2020,doing,assembly,9,849,17,6144,1.938,14.56
2020,doing,pleasure,7,849,11,6144,2.203,14.52
2020,doing,network,18,849,52,6144,1.325,14.44
2020,doing,carbon,25,849,85,6144,1.09,14.06
2020,doing,structure,22,849,71,6144,1.165,13.97
2020,doing,tool,18,849,53,6144,1.297,13.89
2020,doing,challenge,33,849,126,6144,0.922,13.72
2020,doing,connection,13,849,33,6144,1.511,13.25
2020,doing,sustainability,27,849,99,6144,0.981,12.52
2020,doing,approach,29,849,110,6144,0.932,12.25
2020,doing,goal,25,849,90,6144,1.007,12.16
2020,doing,idea,17,849,52,6144,1.242,12.11
2020,doing,transformation,10,849,23,6144,1.654,12.02
2020,doing,behavior,7,849,13,6144,1.962,11.59
2020,doing,conversation,14,849,40,6144,1.341,11.45
2020,doing,stakeholder,9,849,20,6144,1.703,11.42
2020,doing,technology,28,849,108,6144,0.908,11.25
2020,doing,datum,17,849,54,6144,1.188,11.15
2020,doing,architecture,93,849,490,6144,0.458,10.95
2020,doing,solution,23,849,84,6144,0.987,10.75
2020,doing,strategy,27,849,105,6144,0.896,10.58
2020,doing,action,15,849,47,6144,1.208,10.13
2020,doing,experimentation,5,849,8,6144,2.177,10.12
2020,doing,world,31,849,129,6144,0.798,9.83
2020,doing,drawing,12,849,35,6144,1.311,9.41
2020,doing,prototype,10,849,27,6144,1.422,9.1
2020,doing,scale,31,849,132,6144,0.765,9.08
2020,doing,area,22,849,84,6144,0.922,9.07
2020,doing,effort,17,849,59,6144,1.06,9.04
2020,doing,condition,20,849,74,6144,0.968,9.0
2020,doing,manufacturing,6,849,12,6144,1.855,8.92
2020,doing,community,49,849,238,6144,0.575,8.52
2020,doing,unit,10,849,28,6144,1.37,8.49
2020,doing,territory,14,849,46,6144,1.139,8.48
2020,doing,exhibition,12,849,37,6144,1.231,8.37
2020,doing,objective,12,849,37,6144,1.231,8.37
2020,doing,application,13,849,42,6144,1.163,8.18
2020,doing,resilience,17,849,62,6144,0.989,7.94
2020,doing,mapping,12,849,38,6144,1.192,7.9
2020,doing,housing,20,849,78,6144,0.892,7.73
2020,doing,river,3,849,4,6144,2.44,7.68
2020,doing,factor,7,849,17,6144,1.575,7.68
2020,doing,house,8,849,21,6144,1.463,7.66
2020,doing,science,18,849,68,6144,0.938,7.63
2020,doing,emission,11,849,34,6144,1.227,7.63
2020,doing,tree,5,849,10,6144,1.855,7.43
2020,doing,block,5,849,10,6144,1.855,7.43
2020,doing,ecology,17,849,64,6144,0.943,7.27
2020,doing,agenda,9,849,26,6144,1.325,7.18
2020,doing,principle,11,849,35,6144,1.185,7.16
2020,doing,emphasis,6,849,14,6144,1.633,7.03
2020,doing,adaptation,12,849,40,6144,1.118,7.02
2020,doing,client,8,849,22,6144,1.396,7.02
2020,doing,project,59,849,309,6144,0.467,6.96
2020,doing,investigation,9,849,27,6144,1.27,6.65
2020,doing,heat,5,849,11,6144,1.718,6.43
2020,doing,text,10,849,32,6144,1.177,6.42
2020,doing,agent,6,849,15,6144,1.533,6.26
2020,doing,value,15,849,57,6144,0.929,6.24
2020,doing,density,4,849,8,6144,1.855,5.94
2020,doing,iteration,4,849,8,6144,1.855,5.94
2020,doing,typology,4,849,8,6144,1.855,5.94
2020,doing,habitat,4,849,8,6144,1.855,5.94
2020,doing,introduction,11,849,38,6144,1.067,5.89
2020,doing,vision,7,849,20,6144,1.341,5.7
2020,doing,partnership,9,849,29,6144,1.167,5.68
2020,doing,build,5,849,12,6144,1.592,5.59
2020,doing,feedback,5,849,12,6144,1.592,5.59
2020,doing,cycle,6,849,16,6144,1.44,5.57
2020,doing,simulation,6,849,16,6144,1.44,5.57
2020,doing,participant,6,849,16,6144,1.44,5.57
2020,doing,expertise,13,849,49,6144,0.941,5.52
2020,doing,place,15,849,60,6144,0.855,5.34
2020,doing,platform,10,849,35,6144,1.048,5.18
2020,doing,discourse,10,849,35,6144,1.048,5.18
2020,doing,activity,10,849,35,6144,1.048,5.18
2020,doing,right,7,849,21,6144,1.27,5.16
2020,doing,view,7,849,21,6144,1.27,5.16
2020,doing,awareness,7,849,21,6144,1.27,5.16
2020,doing,history,37,849,188,6144,0.51,5.07
2020,doing,fossil,6,849,17,6144,1.353,4.97
2020,doing,child,4,849,9,6144,1.685,4.97
2020,doing,film,6,849,17,6144,1.353,4.97
2020,doing,fuel,8,849,26,6144,1.155,4.95
2020,doing,performance,13,849,51,6144,0.883,4.91
2020,doing,nature,18,849,78,6144,0.74,4.9
2020,doing,deliverable,5,849,13,6144,1.477,4.86
2020,doing,stress,5,849,13,6144,1.477,4.86
2020,doing,type,12,849,46,6144,0.917,4.85
2020,doing,landscape,31,849,154,6144,0.543,4.75
2020,doing,human,7,849,22,6144,1.203,4.67
2020,doing,institution,16,849,68,6144,0.768,4.66
2020,doing,set,9,849,32,6144,1.025,4.47
2020,doing,preservation,3,849,6,6144,1.855,4.46
2020,doing,envelope,3,849,6,6144,1.855,4.46
2020,doing,architect,33,849,168,6144,0.507,4.45
2020,doing,earth,6,849,18,6144,1.27,4.42
2020,doing,response,15,849,64,6144,0.762,4.3
2020,doing,discipline,21,849,98,6144,0.633,4.27
2020,doing,medium,12,849,48,6144,0.855,4.26
2020,doing,urbanism,12,849,48,6144,0.855,4.26
2020,doing,literature,5,849,14,6144,1.37,4.23
2020,doing,order,14,849,59,6144,0.78,4.19
2020,doing,zone,4,849,10,6144,1.533,4.17
2020,doing,initiative,9,849,33,6144,0.981,4.12
2020,doing,society,19,849,88,6144,0.644,3.98
2020,doing,lab,6,849,19,6144,1.192,3.93
2020,doing,resource,23,849,112,6144,0.572,3.86
2020,doing,extraction,7,849,24,6144,1.078,3.81
2020,doing,example,12,849,50,6144,0.796,3.73
2020,doing,philosophy,5,849,15,6144,1.27,3.68
2020,doing,century,13,849,56,6144,0.748,3.6
2020,doing,maintenance,3,849,7,6144,1.633,3.51
2020,doing,chapter,3,849,7,6144,1.633,3.51
2020,doing,option,4,849,11,6144,1.396,3.5
2020,doing,facility,4,849,11,6144,1.396,3.5
2020,doing,control,4,849,11,6144,1.396,3.5
2020,doing,object,6,849,20,6144,1.118,3.49
2020,doing,engineer,8,849,30,6144,0.948,3.44
2020,doing,engagement,11,849,46,6144,0.791,3.37
2020,doing,region,18,849,86,6144,0.599,3.29
2020,doing,range,12,849,52,6144,0.74,3.25
2020,doing,story,5,849,16,6144,1.177,3.2
2020,doing,consumption,8,849,31,6144,0.901,3.12
2020,doing,result,8,849,31,6144,0.901,3.12
2020,doing,specie,6,849,21,6144,1.048,3.1
2020,doing,geography,6,849,21,6144,1.048,3.1
2020,doing,forest,6,849,21,6144,1.048,3.1
2020,doing,complexity,7,849,26,6144,0.962,3.09
2020,doing,consequence,7,849,26,6144,0.962,3.09
2020,doing,survey,7,849,26,6144,0.962,3.09
2020,doing,designer,15,849,70,6144,0.633,3.03
2020,doing,opportunity,16,849,76,6144,0.607,2.99
2020,doing,weather,4,849,12,6144,1.27,2.94
2020,doing,map,4,849,12,6144,1.27,2.94
2020,doing,family,4,849,12,6144,1.27,2.94
2020,doing,testing,4,849,12,6144,1.27,2.94
2020,doing,question,21,849,106,6144,0.52,2.93
2020,doing,product,11,849,48,6144,0.73,2.9
2020,doing,innovation,8,849,32,6144,0.855,2.83
2020,doing,problem,16,849,77,6144,0.589,2.82
2020,doing,kind,3,849,8,6144,1.44,2.78
2020,doing,engineering,10,849,43,6144,0.751,2.78
2020,doing,industry,10,849,43,6144,0.751,2.78
2020,doing,layer,3,849,8,6144,1.44,2.78
2020,doing,output,3,849,8,6144,1.44,2.78
2020,doing,foundation,5,849,17,6144,1.09,2.77
2020,doing,mitigation,5,849,17,6144,1.09,2.77
2020,doing,visit,5,849,17,6144,1.09,2.77
2020,doing,waste,7,849,27,6144,0.908,2.77
2020,doing,transportation,6,849,22,6144,0.981,2.74
2020,doing,dimension,6,849,22,6144,0.981,2.74
2020,doing,time,22,849,114,6144,0.482,2.66
2020,doing,technique,8,849,33,6144,0.811,2.56
2020,doing,perspective,10,849,44,6144,0.718,2.55
2020,doing,policy,15,849,73,6144,0.572,2.51
2020,doing,competition,4,849,13,6144,1.155,2.47
2020,doing,framework,11,849,50,6144,0.671,2.47
2020,doing,sense,4,849,13,6144,1.155,2.47
2020,doing,planner,4,849,13,6144,1.155,2.47
2020,doing,schedule,6,849,23,6144,0.917,2.41
2020,doing,pattern,6,849,23,6144,0.917,2.41
2020,doing,lens,6,849,23,6144,0.917,2.41
2020,doing,paper,5,849,18,6144,1.007,2.4
2020,doing,timber,10,849,45,6144,0.685,2.34
2020,doing,line,7,849,29,6144,0.805,2.21
2020,doing,classroom,3,849,9,6144,1.27,2.21
2020,doing,outcome,7,849,29,6144,0.805,2.21
2020,doing,fabrication,7,849,29,6144,0.805,2.21
2020,doing,position,7,849,29,6144,0.805,2.21
2020,doing,data,3,849,9,6144,1.27,2.21
2020,doing,reality,7,849,29,6144,0.805,2.21
2020,doing,crisis,14,849,69,6144,0.554,2.2
2020,doing,relation,10,849,46,6144,0.654,2.14
2020,doing,mass,6,849,24,6144,0.855,2.12
2020,doing,warming,6,849,24,6144,0.855,2.12
2020,doing,modeling,6,849,24,6144,0.855,2.12
2020,doing,woman,6,849,24,6144,0.855,2.12
2020,doing,collection,6,849,24,6144,0.855,2.12
2020,doing,section,8,849,35,6144,0.726,2.08
2020,doing,artifact,4,849,14,6144,1.048,2.06
2020,doing,basis,4,849,14,6144,1.048,2.06
2020,doing,exchange,4,849,14,6144,1.048,2.06
2020,doing,capacity,5,849,19,6144,0.929,2.06
2020,doing,consultant,4,849,14,6144,1.048,2.06
2020,doing,effect,13,849,64,6144,0.556,2.05
2020,doing,theory,14,849,70,6144,0.533,2.04
2020,doing,organization,10,849,47,6144,0.623,1.95
2020,doing,today,8,849,36,6144,0.685,1.87
2020,doing,influence,6,849,25,6144,0.796,1.86
2020,doing,culture,12,849,60,6144,0.533,1.75
2020,doing,event,7,849,31,6144,0.709,1.74
2020,doing,diagram,3,849,10,6144,1.118,1.74
2020,doing,step,3,849,10,6144,1.118,1.74
2020,doing,quality,7,849,31,6144,0.709,1.74
2020,doing,alternative,3,849,10,6144,1.118,1.74
2020,doing,imagination,3,849,10,6144,1.118,1.74
2020,doing,intervention,7,849,31,6144,0.709,1.74
2020,doing,hour,3,849,10,6144,1.118,1.74
2020,doing,implication,4,849,15,6144,0.948,1.71
2020,doing,distribution,4,849,15,6144,0.948,1.71
2020,doing,communication,4,849,15,6144,0.948,1.71
2020,doing,living,4,849,15,6144,0.948,1.71
2020,doing,pilot,4,849,15,6144,0.948,1.71
2020,doing,issue,33,849,193,6144,0.307,1.7
2020,doing,colleague,6,849,26,6144,0.74,1.62
2020,doing,supply,7,849,32,6144,0.663,1.53
2020,doing,water,19,849,105,6144,0.389,1.52
2020,doing,politic,8,849,38,6144,0.607,1.49
2020,doing,concern,9,849,44,6144,0.566,1.46
2020,doing,rise,10,849,50,6144,0.533,1.45
2020,doing,voice,4,849,16,6144,0.855,1.41
2020,doing,evidence,3,849,11,6144,0.981,1.37
2020,doing,operation,3,849,11,6144,0.981,1.37
2020,doing,collaborator,3,849,11,6144,0.981,1.37
2020,doing,depth,3,849,11,6144,0.981,1.37
2020,doing,perception,3,849,11,6144,0.981,1.37
2020,doing,governance,3,849,11,6144,0.981,1.37
2020,doing,experience,16,849,88,6144,0.396,1.32
2020,doing,leader,8,849,39,6144,0.57,1.32
2020,doing,visualization,5,849,22,6144,0.718,1.27
2020,doing,air,6,849,28,6144,0.633,1.2
2020,doing,planet,6,849,28,6144,0.633,1.2
2020,doing,art,10,849,52,6144,0.477,1.17
2020,doing,food,8,849,40,6144,0.533,1.16
2020,doing,methodology,8,849,40,6144,0.533,1.16
2020,doing,scenario,4,849,17,6144,0.768,1.15
2020,doing,socio,4,849,17,6144,0.768,1.15
2020,doing,word,4,849,17,6144,0.768,1.15
2020,doing,movement,4,849,17,6144,0.768,1.15
2020,doing,interaction,3,849,12,6144,0.855,1.06
2020,doing,notion,5,849,23,6144,0.654,1.06
2020,doing,list,5,849,23,6144,0.654,1.06
2020,doing,travel,3,849,12,6144,0.855,1.06
2020,doing,mobility,3,849,12,6144,0.855,1.06
2020,doing,reflection,3,849,12,6144,0.855,1.06
2020,doing,precedent,3,849,12,6144,0.855,1.06
2020,doing,body,6,849,29,6144,0.582,1.03
2020,doing,urbanization,6,849,29,6144,0.582,1.03
2020,doing,people,9,849,47,6144,0.471,1.03
2020,doing,hand,6,849,29,6144,0.582,1.03
2020,doing,presentation,7,849,35,6144,0.533,1.01
2020,doing,book,12,849,66,6144,0.396,0.99
2020,doing,setting,4,849,18,6144,0.685,0.93
2020,doing,stage,4,849,18,6144,0.685,0.93
2020,doing,home,4,849,18,6144,0.685,0.93
2020,doing,market,4,849,18,6144,0.685,0.93
2020,doing,flow,4,849,18,6144,0.685,0.93
2020,doing,firm,5,849,24,6144,0.592,0.88
2020,doing,period,5,849,24,6144,0.592,0.88
2020,doing,site,22,849,132,6144,0.27,0.87
2020,doing,pollution,3,849,13,6144,0.74,0.81
2020,doing,responsibility,3,849,13,6144,0.74,0.81
2020,doing,demand,3,849,13,6144,0.74,0.81
2020,doing,government,3,849,13,6144,0.74,0.81
2020,doing,ability,4,849,19,6144,0.607,0.74
2020,doing,force,4,849,19,6144,0.607,0.74
2020,doing,code,4,849,19,6144,0.607,0.74
2020,doing,debate,4,849,19,6144,0.607,0.74
2020,doing,growth,6,849,31,6144,0.486,0.73
2020,doing,cost,5,849,25,6144,0.533,0.72
2020,doing,funding,5,849,25,6144,0.533,0.72
2020,doing,educator,3,849,33,6144,-0.604,0.7
2020,doing,leadership,3,849,14,6144,0.633,0.6
2020,doing,report,3,849,14,6144,0.633,0.6
2020,doing,equity,5,849,26,6144,0.477,0.58
2020,doing,risk,5,849,26,6144,0.477,0.58
2020,doing,agency,5,849,26,6144,0.477,0.58
2020,doing,variety,5,849,26,6144,0.477,0.58
2020,doing,mission,4,849,20,6144,0.533,0.58
2020,doing,generation,4,849,20,6144,0.533,0.58
2020,doing,form,14,849,84,6144,0.27,0.55
2020,doing,concept,7,849,39,6144,0.377,0.52
2020,doing,partner,7,849,39,6144,0.377,0.52
2020,doing,intersection,3,849,31,6144,-0.514,0.49
2020,doing,property,6,849,33,6144,0.396,0.49
2020,doing,aspect,5,849,27,6144,0.422,0.46
2020,doing,capital,5,849,27,6144,0.422,0.46
2020,doing,gas,4,849,21,6144,0.463,0.44
2020,doing,library,3,849,15,6144,0.533,0.43
2020,doing,detail,3,849,15,6144,0.533,0.43
2020,doing,making,3,849,15,6144,0.533,0.43
2020,doing,mean,3,849,15,6144,0.533,0.43
2020,doing,past,3,849,15,6144,0.533,0.43
2020,doing,production,10,849,60,6144,0.27,0.39
2020,doing,expert,6,849,34,6144,0.353,0.39
2020,doing,economy,8,849,47,6144,0.301,0.38
2020,doing,neighborhood,5,849,28,6144,0.37,0.36
2020,doing,mode,5,849,28,6144,0.37,0.36
2020,doing,inquiry,4,849,22,6144,0.396,0.33
2020,doing,life,11,849,68,6144,0.227,0.31
2020,doing,point,8,849,48,6144,0.27,0.31
2020,doing,realm,3,849,16,6144,0.44,0.3
2020,doing,tradition,3,849,16,6144,0.44,0.3
2020,doing,decade,3,849,16,6144,0.44,0.3
2020,doing,ground,3,849,16,6144,0.44,0.3
2020,doing,participation,3,849,16,6144,0.44,0.3
2020,doing,thought,3,849,16,6144,0.44,0.3
2020,doing,researcher,4,849,23,6144,0.332,0.23
2020,doing,justice,9,849,56,6144,0.218,0.23
2020,doing,narrative,6,849,36,6144,0.27,0.23
2020,doing,oil,6,849,36,6144,0.27,0.23
2020,doing,greenhouse,3,849,17,6144,0.353,0.2
2020,doing,efficiency,3,849,17,6144,0.353,0.2
2020,doing,atmosphere,3,849,17,6144,0.353,0.2
2020,doing,category,3,849,17,6144,0.353,0.2
2020,doing,commitment,3,849,17,6144,0.353,0.2
2020,doing,success,3,849,17,6144,0.353,0.2
2020,doing,source,8,849,50,6144,0.211,0.19
2020,doing,dynamic,5,849,30,6144,0.27,0.19
2020,doing,sea,8,849,50,6144,0.211,0.19
2020,doing,exploration,5,849,30,6144,0.27,0.19
2020,doing,collaboration,9,849,57,6144,0.192,0.18
2020,doing,practice,24,849,187,6144,-0.107,0.16
2020,doing,planning,12,849,78,6144,0.155,0.16
2020,doing,session,4,849,24,6144,0.27,0.16
2020,doing,scientist,4,849,24,6144,0.27,0.16
2020,doing,level,17,849,113,6144,0.123,0.14
2020,doing,contribution,5,849,31,6144,0.223,0.13
2020,doing,population,5,849,31,6144,0.223,0.13
2020,doing,ethic,3,849,18,6144,0.27,0.12
2020,doing,journal,3,849,18,6144,0.27,0.12
2020,doing,installation,3,849,18,6144,0.27,0.12
2020,doing,number,4,849,25,6144,0.211,0.1
2020,doing,dialogue,4,849,25,6144,0.211,0.1
2020,doing,health,6,849,39,6144,0.155,0.08
2020,doing,land,8,849,53,6144,0.127,0.07
2020,doing,thing,3,849,25,6144,-0.204,0.07
2020,doing,plant,3,849,19,6144,0.192,0.06
2020,doing,essay,3,849,19,6144,0.192,0.06
2020,doing,inequality,3,849,19,6144,0.192,0.06
2020,doing,matter,4,849,26,6144,0.155,0.05
2020,doing,implementation,4,849,32,6144,-0.145,0.05
2020,doing,format,3,849,24,6144,-0.145,0.04
2020,doing,disaster,5,849,34,6144,0.09,0.02
2020,doing,content,4,849,31,6144,-0.099,0.02
2020,doing,decision,5,849,34,6144,0.09,0.02
2020,doing,importance,3,849,20,6144,0.118,0.02
2020,doing,state,6,849,45,6144,-0.052,0.01
2020,doing,location,3,849,23,6144,-0.083,0.01
2020,doing,country,3,849,23,6144,-0.083,0.01
2020,doing,campus,7,849,52,6144,-0.038,0.01
2020,doing,speaker,4,849,28,6144,0.048,0.01
2020,doing,profession,6,849,42,6144,0.048,0.01
2020,doing,settlement,3,849,23,6144,-0.083,0.01
2020,doing,theme,5,849,35,6144,0.048,0.01
2020,doing,resident,3,849,21,6144,0.048,0.0
2020,doing,representation,6,849,43,6144,0.014,0.0
2020,doing,individual,3,849,22,6144,-0.019,0.0
2020,doing,interest,8,849,59,6144,-0.027,0.0
2020,doing,service,5,849,37,6144,-0.032,0.0
2020,doing,potential,4,849,29,6144,-0.003,0.0
2020,doing,topic,11,849,81,6144,-0.025,0.0
2020,doing,addition,4,849,29,6144,-0.003,0.0
2020,doing,scholar,3,849,21,6144,0.048,0.0
2021,doing,environment,153,774,265,6273,2.226,332.19
2021,doing,design,158,774,698,6273,0.875,65.63
2021,doing,community,72,774,252,6273,1.211,49.8
2021,doing,climate,93,774,387,6273,0.962,43.09
2021,doing,structure,33,774,82,6273,1.706,41.26
2021,doing,building,67,774,275,6273,0.982,31.5
2021,doing,future,33,774,97,6273,1.463,31.24
2021,doing,project,65,774,269,6273,0.97,29.83
2021,doing,word,13,774,22,6273,2.26,27.16
2021,doing,change,63,774,280,6273,0.867,23.49
2021,doing,simulation,15,774,32,6273,1.926,23.2
2021,doing,narrative,14,774,29,6273,1.968,22.53
2021,doing,performance,27,774,85,6273,1.364,22.41
2021,doing,city,41,774,159,6273,1.063,21.84
2021,doing,system,44,774,178,6273,1.002,21.08
2021,doing,geography,10,774,17,6273,2.253,20.75
2021,doing,material,47,774,199,6273,0.937,19.93
2021,doing,energy,48,774,206,6273,0.917,19.6
2021,doing,architecture,74,774,367,6273,0.709,19.2
2021,doing,scale,27,774,92,6273,1.25,19.12
2021,doing,site,36,774,142,6273,1.039,18.3
2021,doing,carbon,25,774,85,6273,1.253,17.76
2021,doing,concept,19,774,56,6273,1.459,17.73
2021,doing,challenge,29,774,106,6273,1.149,17.62
2021,doing,world,27,774,96,6273,1.189,17.44
2021,doing,approach,30,774,113,6273,1.105,17.01
2021,doing,block,6,774,8,6273,2.604,16.68
2021,doing,effect,17,774,49,6273,1.492,16.49
2021,doing,health,26,774,94,6273,1.165,16.16
2021,doing,importance,7,774,11,6273,2.367,15.97
2021,doing,wall,7,774,11,6273,2.367,15.97
2021,doing,planner,7,774,11,6273,2.367,15.97
2021,doing,emission,16,774,46,6273,1.495,15.58
2021,doing,space,27,774,101,6273,1.115,15.52
2021,doing,strategy,30,774,118,6273,1.043,15.29
2021,doing,idea,20,774,66,6273,1.296,15.05
2021,doing,waste,12,774,30,6273,1.697,14.68
2021,doing,film,11,774,26,6273,1.778,14.65
2021,doing,impact,28,774,109,6273,1.058,14.62
2021,doing,practice,39,774,172,6273,0.878,14.57
2021,doing,science,17,774,53,6273,1.378,14.28
2021,doing,architect,30,774,122,6273,0.995,14.01
2021,doing,life,22,774,79,6273,1.174,13.85
2021,doing,knowledge,23,774,86,6273,1.116,13.2
2021,doing,typology,9,774,20,6273,1.867,13.1
2021,doing,envelope,5,774,7,6273,2.533,13.1
2021,doing,ecology,10,774,24,6273,1.756,13.01
2021,doing,exhibition,7,774,13,6273,2.126,12.97
2021,doing,framework,15,774,47,6273,1.371,12.46
2021,doing,prototype,4,774,5,6273,2.697,12.02
2021,doing,element,7,774,14,6273,2.019,11.77
2021,doing,intersection,13,774,39,6273,1.434,11.7
2021,doing,discipline,17,774,59,6273,1.224,11.49
2021,doing,condition,17,774,59,6273,1.224,11.49
2021,doing,culture,16,774,54,6273,1.264,11.47
2021,doing,set,9,774,22,6273,1.729,11.38
2021,doing,landscape,20,774,75,6273,1.112,11.37
2021,doing,technology,22,774,86,6273,1.052,11.31
2021,doing,time,27,774,115,6273,0.928,11.07
2021,doing,designer,15,774,50,6273,1.282,11.02
2021,doing,fiction,7,774,15,6273,1.919,10.71
2021,doing,detail,8,774,19,6273,1.771,10.56
2021,doing,quality,13,774,42,6273,1.327,10.16
2021,doing,location,6,774,12,6273,2.019,10.08
2021,doing,cycle,9,774,24,6273,1.604,9.91
2021,doing,boundary,9,774,24,6273,1.604,9.91
2021,doing,critique,4,774,6,6273,2.434,9.64
2021,doing,client,5,774,9,6273,2.171,9.63
2021,doing,data,5,774,9,6273,2.171,9.63
2021,doing,goal,19,774,75,6273,1.038,9.51
2021,doing,construction,19,774,76,6273,1.019,9.19
2021,doing,sense,8,774,21,6273,1.626,9.04
2021,doing,person,8,774,21,6273,1.626,9.04
2021,doing,diagram,6,774,13,6273,1.903,9.04
2021,doing,pattern,7,774,17,6273,1.739,8.93
2021,doing,problem,17,774,66,6273,1.062,8.86
2021,doing,form,16,774,61,6273,1.088,8.71
2021,doing,resource,22,774,95,6273,0.908,8.63
2021,doing,model,19,774,78,6273,0.981,8.58
2021,doing,perspective,14,774,51,6273,1.154,8.48
2021,doing,air,10,774,31,6273,1.386,8.45
2021,doing,datum,13,774,46,6273,1.196,8.4
2021,doing,land,11,774,36,6273,1.308,8.37
2021,doing,property,8,774,22,6273,1.559,8.37
2021,doing,biodiversity,3,774,4,6273,2.604,8.33
2021,doing,ground,6,774,14,6273,1.796,8.12
2021,doing,pleasure,6,774,14,6273,1.796,8.12
2021,doing,footprint,4,774,7,6273,2.211,7.98
2021,doing,method,20,774,86,6273,0.914,7.93
2021,doing,principle,13,774,48,6273,1.134,7.62
2021,doing,integration,9,774,28,6273,1.381,7.55
2021,doing,perception,5,774,11,6273,1.881,7.37
2021,doing,aim,6,774,15,6273,1.697,7.31
2021,doing,power,13,774,49,6273,1.104,7.26
2021,doing,book,11,774,39,6273,1.193,7.06
2021,doing,collaboration,11,774,39,6273,1.193,7.06
2021,doing,gas,7,774,20,6273,1.504,6.85
2021,doing,opportunity,17,774,73,6273,0.916,6.75
2021,doing,government,4,774,8,6273,2.019,6.72
2021,doing,consumption,11,774,40,6273,1.156,6.67
2021,doing,range,9,774,30,6273,1.282,6.58
2021,doing,level,17,774,74,6273,0.897,6.48
2021,doing,consultant,3,774,5,6273,2.282,6.36
2021,doing,expertise,10,774,36,6273,1.171,6.2
2021,doing,technique,12,774,47,6273,1.049,6.09
2021,doing,area,16,774,70,6273,0.889,6.01
2021,doing,consequence,6,774,17,6273,1.516,5.95
2021,doing,society,11,774,42,6273,1.086,5.95
2021,doing,literature,6,774,17,6273,1.516,5.95
2021,doing,success,6,774,17,6273,1.516,5.95
2021,doing,issue,30,774,158,6273,0.622,5.84
2021,doing,type,10,774,37,6273,1.131,5.82
2021,doing,policy,16,774,71,6273,0.869,5.75
2021,doing,intervention,7,774,22,6273,1.367,5.75
2021,doing,interaction,7,774,22,6273,1.367,5.75
2021,doing,force,9,774,32,6273,1.189,5.74
2021,doing,specie,5,774,13,6273,1.64,5.73
2021,doing,behavior,5,774,13,6273,1.64,5.73
2021,doing,layer,4,774,9,6273,1.849,5.7
2021,doing,matter,4,774,9,6273,1.849,5.7
2021,doing,threat,4,774,9,6273,1.849,5.7
2021,doing,chapter,6,774,18,6273,1.434,5.38
2021,doing,exploration,6,774,18,6273,1.434,5.38
2021,doing,place,15,774,67,6273,0.86,5.28
2021,doing,body,7,774,23,6273,1.303,5.27
2021,doing,effort,8,774,28,6273,1.211,5.27
2021,doing,concern,7,774,23,6273,1.303,5.27
2021,doing,installation,8,774,28,6273,1.211,5.27
2021,doing,leader,7,774,23,6273,1.303,5.27
2021,doing,zone,5,774,14,6273,1.533,5.06
2021,doing,imagination,5,774,14,6273,1.533,5.06
2021,doing,diversity,5,774,14,6273,1.533,5.06
2021,doing,possibility,5,774,14,6273,1.533,5.06
2021,doing,experience,17,774,80,6273,0.784,5.05
2021,doing,supply,3,774,6,6273,2.019,5.03
2021,doing,build,3,774,6,6273,2.019,5.03
2021,doing,governance,3,774,6,6273,2.019,5.03
2021,doing,lens,4,774,10,6273,1.697,4.87
2021,doing,capital,4,774,10,6273,1.697,4.87
2021,doing,product,6,774,19,6273,1.356,4.85
2021,doing,platform,6,774,19,6273,1.356,4.85
2021,doing,essay,6,774,19,6273,1.356,4.85
2021,doing,business,7,774,24,6273,1.241,4.82
2021,doing,disaster,7,774,24,6273,1.241,4.82
2021,doing,connection,7,774,24,6273,1.241,4.82
2021,doing,infrastructure,17,774,82,6273,0.749,4.63
2021,doing,tool,14,774,64,6273,0.826,4.57
2021,doing,lesson,5,774,15,6273,1.434,4.48
2021,doing,identity,5,774,15,6273,1.434,4.48
2021,doing,artist,5,774,15,6273,1.434,4.48
2021,doing,pollution,5,774,15,6273,1.434,4.48
2021,doing,report,5,774,15,6273,1.434,4.48
2021,doing,potential,11,774,47,6273,0.924,4.41
2021,doing,image,6,774,20,6273,1.282,4.38
2021,doing,oil,6,774,20,6273,1.282,4.38
2021,doing,profession,10,774,42,6273,0.948,4.21
2021,doing,peer,4,774,11,6273,1.559,4.17
2021,doing,housing,14,774,66,6273,0.782,4.12
2021,doing,sustainability,20,774,104,6273,0.64,4.07
2021,doing,agency,7,774,26,6273,1.126,4.03
2021,doing,shift,5,774,16,6273,1.341,3.96
2021,doing,ethic,5,774,16,6273,1.341,3.96
2021,doing,efficiency,6,774,21,6273,1.211,3.95
2021,doing,drawing,6,774,21,6273,1.211,3.95
2021,doing,soil,6,774,21,6273,1.211,3.95
2021,doing,competition,6,774,21,6273,1.211,3.95
2021,doing,inquiry,6,774,21,6273,1.211,3.95
2021,doing,state,9,774,38,6273,0.941,3.73
2021,doing,resilience,9,774,38,6273,0.941,3.73
2021,doing,expert,7,774,27,6273,1.071,3.68
2021,doing,selection,4,774,12,6273,1.434,3.58
2021,doing,surface,4,774,12,6273,1.434,3.58
2021,doing,maintenance,4,774,12,6273,1.434,3.58
2021,doing,vision,6,774,22,6273,1.144,3.56
2021,doing,management,6,774,22,6273,1.144,3.56
2021,doing,exercise,8,774,33,6273,0.974,3.53
2021,doing,training,5,774,17,6273,1.253,3.5
2021,doing,self,7,774,28,6273,1.019,3.35
2021,doing,object,3,774,8,6273,1.604,3.29
2021,doing,scarcity,3,774,8,6273,1.604,3.29
2021,doing,stream,3,774,8,6273,1.604,3.29
2021,doing,edge,3,774,8,6273,1.604,3.29
2021,doing,discourse,6,774,23,6273,1.08,3.2
2021,doing,production,10,774,46,6273,0.817,3.19
2021,doing,history,14,774,71,6273,0.676,3.14
2021,doing,politic,5,774,18,6273,1.171,3.09
2021,doing,facility,4,774,13,6273,1.318,3.07
2021,doing,finding,4,774,13,6273,1.318,3.07
2021,doing,pilot,4,774,13,6273,1.318,3.07
2021,doing,paper,7,774,29,6273,0.968,3.05
2021,doing,theory,12,774,59,6273,0.721,3.03
2021,doing,initiative,6,774,24,6273,1.019,2.87
2021,doing,water,12,774,60,6273,0.697,2.84
2021,doing,subject,7,774,30,6273,0.919,2.77
2021,doing,order,10,774,48,6273,0.756,2.75
2021,doing,loss,3,774,9,6273,1.434,2.68
2021,doing,atmosphere,3,774,9,6273,1.434,2.68
2021,doing,depth,3,774,9,6273,1.434,2.68
2021,doing,fossil,3,774,9,6273,1.434,2.68
2021,doing,flow,4,774,14,6273,1.211,2.63
2021,doing,greenhouse,4,774,14,6273,1.211,2.63
2021,doing,introduction,7,774,31,6273,0.872,2.51
2021,doing,code,5,774,20,6273,1.019,2.39
2021,doing,creation,5,774,20,6273,1.019,2.39
2021,doing,extraction,5,774,20,6273,1.019,2.39
2021,doing,response,9,774,44,6273,0.729,2.32
2021,doing,addition,9,774,44,6273,0.729,2.32
2021,doing,inequality,4,774,15,6273,1.112,2.25
2021,doing,iteration,4,774,15,6273,1.112,2.25
2021,doing,nation,3,774,10,6273,1.282,2.19
2021,doing,factor,3,774,10,6273,1.282,2.19
2021,doing,generation,5,774,21,6273,0.948,2.09
2021,doing,partnership,5,774,21,6273,0.948,2.09
2021,doing,ability,5,774,21,6273,0.948,2.09
2021,doing,heat,5,774,21,6273,0.948,2.09
2021,doing,race,5,774,21,6273,0.948,2.09
2021,doing,population,6,774,27,6273,0.849,2.05
2021,doing,thinking,7,774,33,6273,0.782,2.05
2021,doing,region,10,774,52,6273,0.64,2.02
2021,doing,humanity,4,774,16,6273,1.019,1.91
2021,doing,individual,4,774,16,6273,1.019,1.91
2021,doing,cost,4,774,16,6273,1.019,1.91
2021,doing,methodology,4,774,16,6273,1.019,1.91
2021,doing,text,4,774,16,6273,1.019,1.91
2021,doing,campus,5,774,22,6273,0.881,1.83
2021,doing,criterion,5,774,22,6273,0.881,1.83
2021,doing,decision,6,774,28,6273,0.796,1.82
2021,doing,crisis,14,774,80,6273,0.504,1.8
2021,doing,awareness,3,774,11,6273,1.144,1.77
2021,doing,realm,3,774,11,6273,1.144,1.77
2021,doing,frame,3,774,11,6273,1.144,1.77
2021,doing,movement,3,774,11,6273,1.144,1.77
2021,doing,aspect,7,774,35,6273,0.697,1.65
2021,doing,migration,4,774,17,6273,0.931,1.62
2021,doing,complexity,4,774,17,6273,0.931,1.62
2021,doing,comfort,6,774,29,6273,0.746,1.61
2021,doing,outcome,5,774,23,6273,0.817,1.59
2021,doing,density,5,774,23,6273,0.817,1.59
2021,doing,value,8,774,42,6273,0.626,1.54
2021,doing,topic,12,774,69,6273,0.495,1.49
2021,doing,mitigation,3,774,12,6273,1.019,1.43
2021,doing,transformation,3,774,12,6273,1.019,1.43
2021,doing,call,3,774,12,6273,1.019,1.43
2021,doing,mean,3,774,12,6273,1.019,1.43
2021,doing,engagement,6,774,30,6273,0.697,1.41
2021,doing,video,6,774,30,6273,0.697,1.41
2021,doing,component,6,774,30,6273,0.697,1.41
2021,doing,neighborhood,8,774,43,6273,0.592,1.39
2021,doing,earth,4,774,18,6273,0.849,1.36
2021,doing,map,4,774,18,6273,0.849,1.36
2021,doing,point,7,774,37,6273,0.617,1.31
2021,doing,industry,7,774,37,6273,0.617,1.31
2021,doing,coal,7,774,37,6273,0.617,1.31
2021,doing,justice,11,774,64,6273,0.478,1.27
2021,doing,art,8,774,44,6273,0.559,1.25
2021,doing,planning,8,774,44,6273,0.559,1.25
2021,doing,urbanism,6,774,31,6273,0.65,1.24
2021,doing,engineering,5,774,25,6273,0.697,1.18
2021,doing,number,5,774,25,6273,0.697,1.18
2021,doing,solution,11,774,65,6273,0.456,1.16
2021,doing,collection,3,774,13,6273,0.903,1.15
2021,doing,demand,3,774,13,6273,0.903,1.15
2021,doing,socio,3,774,13,6273,0.903,1.15
2021,doing,function,3,774,13,6273,0.903,1.15
2021,doing,observation,3,774,13,6273,0.903,1.15
2021,doing,event,4,774,19,6273,0.771,1.14
2021,doing,presentation,8,774,46,6273,0.495,0.99
2021,doing,decade,4,774,20,6273,0.697,0.94
2021,doing,view,4,774,20,6273,0.697,0.94
2021,doing,medium,6,774,33,6273,0.559,0.93
2021,doing,thing,3,774,14,6273,0.796,0.91
2021,doing,figure,3,774,14,6273,0.796,0.91
2021,doing,territory,3,774,14,6273,0.796,0.91
2021,doing,implication,3,774,14,6273,0.796,0.91
2021,doing,island,3,774,14,6273,0.796,0.91
2021,doing,habitat,3,774,14,6273,0.796,0.91
2021,doing,leadership,3,774,14,6273,0.796,0.91
2021,doing,capacity,3,774,14,6273,0.796,0.91
2021,doing,mode,3,774,14,6273,0.796,0.91
2021,doing,example,7,774,40,6273,0.504,0.89
2021,doing,interest,7,774,40,6273,0.504,0.89
2021,doing,organization,5,774,27,6273,0.586,0.85
2021,doing,journal,4,774,21,6273,0.626,0.77
2021,doing,format,4,774,21,6273,0.626,0.77
2021,doing,house,5,774,28,6273,0.533,0.71
2021,doing,relation,5,774,28,6273,0.533,0.71
2021,doing,foundation,3,774,15,6273,0.697,0.71
2021,doing,activity,5,774,28,6273,0.533,0.71
2021,doing,background,3,774,15,6273,0.697,0.71
2021,doing,source,3,774,37,6273,-0.606,0.69
2021,doing,equity,9,774,57,6273,0.356,0.59
2021,doing,standard,3,774,16,6273,0.604,0.54
2021,doing,country,3,774,16,6273,0.604,0.54
2021,doing,agenda,4,774,23,6273,0.495,0.49
2021,doing,people,10,774,67,6273,0.275,0.4
2021,doing,stakeholder,3,774,17,6273,0.516,0.4
2021,doing,service,3,774,17,6273,0.516,0.4
2021,doing,metric,3,774,17,6273,0.516,0.4
2021,doing,transportation,3,774,17,6273,0.516,0.4
2021,doing,lab,3,774,17,6273,0.516,0.4
2021,doing,network,4,774,24,6273,0.434,0.38
2021,doing,position,5,774,31,6273,0.386,0.38
2021,doing,scenario,3,774,33,6273,-0.441,0.35
2021,doing,innovation,5,774,32,6273,0.341,0.3
2021,doing,act,3,774,18,6273,0.434,0.29
2021,doing,mission,3,774,18,6273,0.434,0.29
2021,doing,application,6,774,40,6273,0.282,0.25
2021,doing,century,6,774,40,6273,0.282,0.25
2021,doing,nature,7,774,48,6273,0.241,0.21
2021,doing,benefit,4,774,26,6273,0.318,0.21
2021,doing,situation,3,774,19,6273,0.356,0.2
2021,doing,human,3,774,19,6273,0.356,0.2
2021,doing,access,3,774,30,6273,-0.303,0.16
2021,doing,result,3,774,30,6273,-0.303,0.16
2021,doing,author,3,774,20,6273,0.282,0.12
2021,doing,planet,3,774,20,6273,0.282,0.12
2021,doing,researcher,3,774,20,6273,0.282,0.12
2021,doing,economy,4,774,28,6273,0.211,0.09
2021,doing,action,3,774,28,6273,-0.204,0.07
2021,doing,line,3,774,21,6273,0.211,0.07
2021,doing,mapping,3,774,21,6273,0.211,0.07
2021,doing,institution,4,774,29,6273,0.161,0.06
2021,doing,objective,4,774,29,6273,0.161,0.06
2021,doing,home,5,774,37,6273,0.131,0.05
2021,doing,question,9,774,69,6273,0.08,0.03
2021,doing,section,4,774,35,6273,-0.111,0.03
2021,doing,partner,3,774,26,6273,-0.097,0.02
2021,doing,growth,3,774,23,6273,0.08,0.01
2021,doing,contribution,3,774,23,6273,0.08,0.01
2021,doing,firm,3,774,23,6273,0.08,0.01
2021,doing,hand,3,774,25,6273,-0.04,0.0
2021,doing,session,3,774,25,6273,-0.04,0.0
2021,doing,today,4,774,32,6273,0.019,0.0
2022,doing,environment,65,460,127,2961,1.72,92.69
2022,doing,drawing,16,460,26,2961,1.986,28.69
2022,doing,condition,20,460,42,2961,1.616,24.26
2022,doing,model,26,460,68,2961,1.299,21.18
2022,doing,datum,16,460,32,2961,1.686,20.95
2022,doing,form,23,460,58,2961,1.352,20.09
2022,doing,method,18,460,40,2961,1.534,19.78
2022,doing,system,37,460,118,2961,1.013,19.32
2022,doing,scale,30,460,93,2961,1.054,16.69
2022,doing,landscape,19,460,49,2961,1.32,15.79
2022,doing,material,38,460,132,2961,0.89,15.63
2022,doing,architecture,50,460,193,2961,0.738,14.79
2022,doing,project,45,460,169,2961,0.777,14.55
2022,doing,reflection,6,460,8,2961,2.271,14.08
2022,doing,nature,17,460,44,2961,1.314,13.99
2022,doing,representation,9,460,17,2961,1.769,12.82
2022,doing,site,37,460,136,2961,0.808,12.71
2022,doing,aesthetic,6,460,9,2961,2.101,11.96
2022,doing,mobility,6,460,9,2961,2.101,11.96
2022,doing,space,23,460,73,2961,1.02,11.93
2022,doing,building,37,460,139,2961,0.777,11.8
2022,doing,thinking,9,460,18,2961,1.686,11.7
2022,doing,surface,11,460,25,2961,1.502,11.53
2022,doing,campus,3,460,3,2961,2.686,11.19
2022,doing,kind,3,460,3,2961,2.686,11.19
2022,doing,construction,20,460,62,2961,1.054,10.98
2022,doing,initiative,9,460,19,2961,1.608,10.7
2022,doing,technology,17,460,50,2961,1.13,10.57
2022,doing,consumption,6,460,10,2961,1.949,10.29
2022,doing,pleasure,6,460,10,2961,1.949,10.29
2022,doing,prototype,6,460,10,2961,1.949,10.29
2022,doing,comfort,4,460,5,2961,2.364,10.26
2022,doing,technique,11,460,28,2961,1.338,9.3
2022,doing,application,10,460,25,2961,1.364,8.75
2022,doing,exhibition,7,460,15,2961,1.587,8.1
2022,doing,assembly,7,460,15,2961,1.587,8.1
2022,doing,community,34,460,138,2961,0.665,8.07
2022,doing,wall,6,460,12,2961,1.686,7.78
2022,doing,action,8,460,19,2961,1.438,7.71
2022,doing,mode,8,460,19,2961,1.438,7.71
2022,doing,medium,5,460,9,2961,1.838,7.64
2022,doing,collaborator,5,460,9,2961,1.838,7.64
2022,doing,component,12,460,35,2961,1.142,7.56
2022,doing,simulation,7,460,16,2961,1.494,7.23
2022,doing,objective,3,460,4,2961,2.271,7.03
2022,doing,extraction,8,460,20,2961,1.364,6.99
2022,doing,map,6,460,13,2961,1.571,6.8
2022,doing,list,6,460,13,2961,1.571,6.8
2022,doing,possibility,6,460,13,2961,1.571,6.8
2022,doing,modeling,6,460,13,2961,1.571,6.8
2022,doing,policy,12,460,37,2961,1.062,6.61
2022,doing,deliverable,5,460,10,2961,1.686,6.48
2022,doing,reuse,5,460,10,2961,1.686,6.48
2022,doing,institution,7,460,17,2961,1.406,6.46
2022,doing,vision,8,460,21,2961,1.294,6.33
2022,doing,energy,19,460,70,2961,0.805,6.3
2022,doing,infrastructure,18,460,66,2961,0.812,6.06
2022,doing,observation,6,460,14,2961,1.464,5.96
2022,doing,knowledge,9,460,26,2961,1.156,5.78
2022,doing,life,11,460,35,2961,1.017,5.58
2022,doing,unit,6,460,15,2961,1.364,5.23
2022,doing,human,6,460,15,2961,1.364,5.23
2022,doing,position,8,460,23,2961,1.163,5.19
2022,doing,line,4,460,8,2961,1.686,5.18
2022,doing,tradition,4,460,8,2961,1.686,5.18
2022,doing,act,4,460,8,2961,1.686,5.18
2022,doing,insight,4,460,8,2961,1.686,5.18
2022,doing,data,4,460,8,2961,1.686,5.18
2022,doing,demand,3,460,5,2961,1.949,5.13
2022,doing,awareness,3,460,5,2961,1.949,5.13
2022,doing,installation,3,460,5,2961,1.949,5.13
2022,doing,industry,9,460,28,2961,1.049,4.82
2022,doing,climate,43,460,204,2961,0.44,4.74
2022,doing,type,8,460,24,2961,1.101,4.69
2022,doing,exploration,8,460,24,2961,1.101,4.69
2022,doing,strategy,20,460,81,2961,0.668,4.68
2022,doing,potential,7,460,20,2961,1.172,4.6
2022,doing,value,11,460,38,2961,0.898,4.42
2022,doing,layer,4,460,9,2961,1.516,4.24
2022,doing,tool,10,460,34,2961,0.921,4.21
2022,doing,scenario,7,460,21,2961,1.101,4.1
2022,doing,range,5,460,13,2961,1.308,4.02
2022,doing,street,5,460,13,2961,1.308,4.02
2022,doing,science,5,460,13,2961,1.308,4.02
2022,doing,book,6,460,17,2961,1.184,4.01
2022,doing,influence,3,460,6,2961,1.686,3.88
2022,doing,repair,3,460,6,2961,1.686,3.88
2022,doing,detail,3,460,6,2961,1.686,3.88
2022,doing,cycle,3,460,6,2961,1.686,3.88
2022,doing,frame,3,460,6,2961,1.686,3.88
2022,doing,estate,3,460,6,2961,1.686,3.88
2022,doing,mission,3,460,6,2961,1.686,3.88
2022,doing,priority,3,460,6,2961,1.686,3.88
2022,doing,force,3,460,6,2961,1.686,3.88
2022,doing,benefit,3,460,6,2961,1.686,3.88
2022,doing,goal,8,460,26,2961,0.986,3.82
2022,doing,ecology,11,460,40,2961,0.824,3.76
2022,doing,opportunity,12,460,45,2961,0.779,3.71
2022,doing,world,16,460,65,2961,0.664,3.67
2022,doing,conversation,7,460,22,2961,1.034,3.65
2022,doing,crisis,10,460,36,2961,0.838,3.53
2022,doing,activity,6,460,18,2961,1.101,3.51
2022,doing,reality,6,460,18,2961,1.101,3.51
2022,doing,finding,4,460,10,2961,1.364,3.48
2022,doing,document,4,460,10,2961,1.364,3.48
2022,doing,attention,4,460,10,2961,1.364,3.48
2022,doing,mitigation,4,460,10,2961,1.364,3.48
2022,doing,philosophy,4,460,10,2961,1.364,3.48
2022,doing,set,4,460,10,2961,1.364,3.48
2022,doing,past,4,460,10,2961,1.364,3.48
2022,doing,thought,4,460,10,2961,1.364,3.48
2022,doing,notion,5,460,14,2961,1.201,3.43
2022,doing,flow,5,460,14,2961,1.201,3.43
2022,doing,outcome,5,460,14,2961,1.201,3.43
2022,doing,production,9,460,32,2961,0.856,3.3
2022,doing,carbon,11,460,42,2961,0.753,3.18
2022,doing,housing,11,460,42,2961,0.753,3.18
2022,doing,scholar,3,460,7,2961,1.464,2.97
2022,doing,session,3,460,7,2961,1.464,2.97
2022,doing,supply,3,460,7,2961,1.464,2.97
2022,doing,output,3,460,7,2961,1.464,2.97
2022,doing,client,3,460,7,2961,1.464,2.97
2022,doing,future,14,460,58,2961,0.636,2.95
2022,doing,city,27,460,128,2961,0.441,2.9
2022,doing,intervention,7,460,24,2961,0.909,2.86
2022,doing,profession,4,460,11,2961,1.227,2.85
2022,doing,exchange,4,460,11,2961,1.227,2.85
2022,doing,culture,10,460,39,2961,0.723,2.67
2022,doing,resident,6,460,20,2961,0.949,2.66
2022,doing,practice,19,460,86,2961,0.508,2.64
2022,doing,order,5,460,16,2961,1.008,2.48
2022,doing,assessment,5,460,16,2961,1.008,2.48
2022,doing,source,5,460,16,2961,1.008,2.48
2022,doing,power,8,460,30,2961,0.779,2.46
2022,doing,level,11,460,45,2961,0.654,2.43
2022,doing,place,10,460,40,2961,0.686,2.42
2022,doing,competition,4,460,12,2961,1.101,2.33
2022,doing,sequence,4,460,12,2961,1.101,2.33
2022,doing,event,6,460,21,2961,0.879,2.3
2022,doing,image,3,460,8,2961,1.271,2.28
2022,doing,envelope,3,460,8,2961,1.271,2.28
2022,doing,stage,3,460,8,2961,1.271,2.28
2022,doing,idea,7,460,26,2961,0.793,2.22
2022,doing,effort,5,460,17,2961,0.921,2.09
2022,doing,product,5,460,17,2961,0.921,2.09
2022,doing,presentation,5,460,17,2961,0.921,2.09
2022,doing,mapping,5,460,17,2961,0.921,2.09
2022,doing,format,4,460,13,2961,0.986,1.9
2022,doing,risk,4,460,13,2961,0.986,1.9
2022,doing,stakeholder,4,460,13,2961,0.986,1.9
2022,doing,design,60,460,331,2961,0.223,1.84
2022,doing,sector,3,460,9,2961,1.101,1.75
2022,doing,engineer,3,460,9,2961,1.101,1.75
2022,doing,number,3,460,9,2961,1.101,1.75
2022,doing,object,5,460,18,2961,0.838,1.75
2022,doing,ability,3,460,9,2961,1.101,1.75
2022,doing,adaptation,3,460,9,2961,1.101,1.75
2022,doing,paper,3,460,9,2961,1.101,1.75
2022,doing,step,3,460,9,2961,1.101,1.75
2022,doing,collection,3,460,9,2961,1.101,1.75
2022,doing,movement,3,460,9,2961,1.101,1.75
2022,doing,mean,3,460,9,2961,1.101,1.75
2022,doing,behavior,3,460,9,2961,1.101,1.75
2022,doing,concept,6,460,23,2961,0.748,1.7
2022,doing,home,6,460,23,2961,0.748,1.7
2022,doing,perspective,7,460,28,2961,0.686,1.69
2022,doing,experience,12,460,55,2961,0.49,1.53
2022,doing,speculation,4,460,14,2961,0.879,1.53
2022,doing,health,5,460,19,2961,0.76,1.46
2022,doing,performance,7,460,29,2961,0.636,1.46
2022,doing,capacity,5,460,19,2961,0.76,1.46
2022,doing,response,6,460,24,2961,0.686,1.44
2022,doing,today,6,460,24,2961,0.686,1.44
2022,doing,sustainability,12,460,56,2961,0.464,1.38
2022,doing,materiality,3,460,10,2961,0.949,1.32
2022,doing,settlement,3,460,10,2961,0.949,1.32
2022,doing,socio,3,460,10,2961,0.949,1.32
2022,doing,making,3,460,10,2961,0.949,1.32
2022,doing,testing,3,460,10,2961,0.949,1.32
2022,doing,structure,8,460,35,2961,0.557,1.3
2022,doing,theory,7,460,30,2961,0.587,1.25
2022,doing,politic,4,460,15,2961,0.779,1.22
2022,doing,quality,6,460,25,2961,0.627,1.22
2022,doing,resilience,4,460,15,2961,0.779,1.22
2022,doing,service,4,460,15,2961,0.779,1.22
2022,doing,change,25,460,132,2961,0.286,1.16
2022,doing,hand,3,460,11,2961,0.812,0.99
2022,doing,precedent,3,460,11,2961,0.812,0.99
2022,doing,agency,5,460,21,2961,0.616,0.98
2022,doing,approach,5,460,47,2961,-0.546,0.96
2022,doing,story,4,460,16,2961,0.686,0.96
2022,doing,theme,4,460,16,2961,0.686,0.96
2022,doing,art,4,460,16,2961,0.686,0.96
2022,doing,justice,11,460,54,2961,0.391,0.91
2022,doing,time,12,460,61,2961,0.341,0.76
2022,doing,country,4,460,17,2961,0.599,0.74
2022,doing,methodology,3,460,12,2961,0.686,0.72
2022,doing,distribution,3,460,12,2961,0.686,0.72
2022,doing,discourse,3,460,12,2961,0.686,0.72
2022,doing,transformation,3,460,12,2961,0.686,0.72
2022,doing,food,5,460,23,2961,0.485,0.62
2022,doing,inequity,4,460,18,2961,0.516,0.56
2022,doing,discipline,4,460,18,2961,0.516,0.56
2022,doing,architect,16,460,87,2961,0.243,0.53
2022,doing,decarbonization,3,460,13,2961,0.571,0.51
2022,doing,result,3,460,13,2961,0.571,0.51
2022,doing,consequence,3,460,13,2961,0.571,0.51
2022,doing,ground,3,460,13,2961,0.571,0.51
2022,doing,weather,3,460,13,2961,0.571,0.51
2022,doing,neighborhood,7,460,35,2961,0.364,0.5
2022,doing,resource,11,460,60,2961,0.239,0.35
2022,doing,platform,3,460,14,2961,0.464,0.34
2022,doing,collaboration,6,460,31,2961,0.317,0.33
2022,doing,people,6,460,31,2961,0.317,0.33
2022,doing,designer,4,460,33,2961,-0.358,0.32
2022,doing,question,8,460,43,2961,0.26,0.3
2022,doing,impact,8,460,61,2961,-0.244,0.29
2022,doing,growth,4,460,20,2961,0.364,0.29
2022,doing,expert,4,460,20,2961,0.364,0.29
2022,doing,exercise,5,460,26,2961,0.308,0.26
2022,doing,century,3,460,25,2961,-0.373,0.26
2022,doing,leader,3,460,15,2961,0.364,0.21
2022,doing,principle,3,460,15,2961,0.364,0.21
2022,doing,framework,5,460,27,2961,0.253,0.18
2022,doing,society,5,460,27,2961,0.253,0.18
2022,doing,land,9,460,51,2961,0.184,0.17
2022,doing,issue,14,460,82,2961,0.136,0.15
2022,doing,labor,3,460,16,2961,0.271,0.12
2022,doing,partnership,3,460,16,2961,0.271,0.12
2022,doing,sea,3,460,16,2961,0.271,0.12
2022,doing,intersection,5,460,28,2961,0.201,0.11
2022,doing,property,4,460,22,2961,0.227,0.11
2022,doing,solution,4,460,22,2961,0.227,0.11
2022,doing,body,5,460,28,2961,0.201,0.11
2022,doing,typology,4,460,22,2961,0.227,0.11
2022,doing,planning,8,460,47,2961,0.132,0.08
2022,doing,problem,6,460,35,2961,0.142,0.07
2022,doing,challenge,6,460,42,2961,-0.121,0.05
2022,doing,history,11,460,67,2961,0.08,0.04
2022,doing,equity,4,460,28,2961,-0.121,0.03
2022,doing,area,10,460,61,2961,0.078,0.03
2022,doing,water,9,460,55,2961,0.075,0.03
2022,doing,management,3,460,21,2961,-0.121,0.03
2022,doing,investigation,3,460,18,2961,0.101,0.02
2022,doing,section,6,460,37,2961,0.062,0.01
2022,doing,network,3,460,19,2961,0.023,0.0
2022,doing,topic,5,460,33,2961,-0.036,0.0
2022,doing,organization,3,460,20,2961,-0.051,0.0
2022,doing,waste,3,460,19,2961,0.023,0.0
2023,doing,environment,76,483,136,3311,1.938,133.13
2023,doing,design,91,483,391,3311,0.674,23.92
2023,doing,material,43,483,143,3311,1.044,23.47
2023,doing,space,31,483,106,3311,1.003,15.49
2023,doing,mean,8,483,13,3311,2.077,15.14
2023,doing,impact,28,483,93,3311,1.045,15.03
2023,doing,climate,54,483,233,3311,0.668,13.12
2023,doing,tool,17,483,48,3311,1.28,13.07
2023,doing,labor,10,483,21,3311,1.707,13.02
2023,doing,form,19,483,58,3311,1.167,12.36
2023,doing,model,13,483,33,3311,1.433,12.27
2023,doing,designer,13,483,35,3311,1.348,10.96
2023,doing,pleasure,6,483,10,3311,2.04,10.95
2023,doing,artifact,4,483,5,3311,2.455,10.74
2023,doing,infrastructure,21,483,71,3311,1.02,10.67
2023,doing,building,37,483,158,3311,0.683,9.12
2023,doing,type,9,483,22,3311,1.488,9.06
2023,doing,culture,19,483,66,3311,0.981,8.96
2023,doing,technology,13,483,40,3311,1.156,8.24
2023,doing,operation,5,483,9,3311,1.929,8.18
2023,doing,investigation,7,483,16,3311,1.585,7.91
2023,doing,application,11,483,32,3311,1.237,7.89
2023,doing,footprint,6,483,13,3311,1.662,7.4
2023,doing,survey,3,483,4,3311,2.362,7.38
2023,doing,life,12,483,38,3311,1.114,7.1
2023,doing,map,8,483,21,3311,1.385,7.05
2023,doing,city,22,483,87,3311,0.794,7.02
2023,doing,variety,5,483,10,3311,1.777,6.99
2023,doing,insight,4,483,7,3311,1.97,6.81
2023,doing,benefit,4,483,7,3311,1.97,6.81
2023,doing,organization,10,483,30,3311,1.192,6.69
2023,doing,people,17,483,63,3311,0.887,6.64
2023,doing,event,9,483,26,3311,1.247,6.54
2023,doing,region,15,483,54,3311,0.929,6.36
2023,doing,set,7,483,19,3311,1.337,5.77
2023,doing,activity,7,483,19,3311,1.337,5.77
2023,doing,prototype,4,483,8,3311,1.777,5.59
2023,doing,maintenance,3,483,5,3311,2.04,5.46
2023,doing,realm,3,483,5,3311,2.04,5.46
2023,doing,agency,8,483,24,3311,1.192,5.34
2023,doing,intervention,7,483,20,3311,1.263,5.19
2023,doing,change,29,483,133,3311,0.58,5.18
2023,doing,making,5,483,12,3311,1.514,5.18
2023,doing,living,6,483,16,3311,1.362,5.12
2023,doing,threat,6,483,16,3311,1.362,5.12
2023,doing,solution,12,483,44,3311,0.903,4.8
2023,doing,system,25,483,113,3311,0.601,4.75
2023,doing,agent,4,483,9,3311,1.607,4.63
2023,doing,situation,4,483,9,3311,1.607,4.63
2023,doing,heat,16,483,65,3311,0.755,4.61
2023,doing,drawing,6,483,17,3311,1.275,4.52
2023,doing,expertise,6,483,17,3311,1.275,4.52
2023,doing,scholar,6,483,17,3311,1.275,4.52
2023,doing,biodiversity,5,483,13,3311,1.399,4.47
2023,doing,housing,9,483,31,3311,0.993,4.29
2023,doing,representation,7,483,22,3311,1.125,4.19
2023,doing,panel,3,483,6,3311,1.777,4.19
2023,doing,diagram,3,483,6,3311,1.777,4.19
2023,doing,method,16,483,67,3311,0.711,4.12
2023,doing,outcome,10,483,37,3311,0.89,3.89
2023,doing,self,5,483,14,3311,1.292,3.86
2023,doing,principle,5,483,14,3311,1.292,3.86
2023,doing,attention,4,483,10,3311,1.455,3.85
2023,doing,surface,4,483,10,3311,1.455,3.85
2023,doing,format,4,483,10,3311,1.455,3.85
2023,doing,era,4,483,10,3311,1.455,3.85
2023,doing,metric,4,483,10,3311,1.455,3.85
2023,doing,idea,7,483,23,3311,1.061,3.76
2023,doing,land,12,483,48,3311,0.777,3.63
2023,doing,structure,13,483,54,3311,0.723,3.44
2023,doing,mapping,12,483,49,3311,0.747,3.37
2023,doing,engineering,5,483,15,3311,1.192,3.33
2023,doing,resident,5,483,15,3311,1.192,3.33
2023,doing,trip,3,483,7,3311,1.555,3.26
2023,doing,care,3,483,7,3311,1.555,3.26
2023,doing,consequence,3,483,7,3311,1.555,3.26
2023,doing,report,3,483,7,3311,1.555,3.26
2023,doing,alternative,3,483,7,3311,1.555,3.26
2023,doing,option,3,483,7,3311,1.555,3.26
2023,doing,video,4,483,11,3311,1.318,3.2
2023,doing,competition,4,483,11,3311,1.318,3.2
2023,doing,essay,4,483,11,3311,1.318,3.2
2023,doing,object,4,483,11,3311,1.318,3.2
2023,doing,access,6,483,20,3311,1.04,3.1
2023,doing,child,6,483,20,3311,1.04,3.1
2023,doing,level,11,483,45,3311,0.745,3.07
2023,doing,production,10,483,40,3311,0.777,3.02
2023,doing,neighborhood,8,483,30,3311,0.87,2.98
2023,doing,order,5,483,16,3311,1.099,2.86
2023,doing,strategy,11,483,46,3311,0.713,2.83
2023,doing,narrative,10,483,41,3311,0.742,2.76
2023,doing,construction,16,483,74,3311,0.568,2.69
2023,doing,effort,7,483,26,3311,0.884,2.68
2023,doing,scenario,7,483,26,3311,0.884,2.68
2023,doing,element,4,483,12,3311,1.192,2.66
2023,doing,stress,3,483,8,3311,1.362,2.55
2023,doing,food,3,483,8,3311,1.362,2.55
2023,doing,race,3,483,8,3311,1.362,2.55
2023,doing,finding,3,483,8,3311,1.362,2.55
2023,doing,mode,5,483,17,3311,1.012,2.45
2023,doing,stakeholder,5,483,17,3311,1.012,2.45
2023,doing,economy,8,483,32,3311,0.777,2.41
2023,doing,area,13,483,59,3311,0.595,2.38
2023,doing,scale,14,483,65,3311,0.562,2.3
2023,doing,hand,4,483,13,3311,1.077,2.2
2023,doing,oil,4,483,13,3311,1.077,2.2
2023,doing,inequality,4,483,13,3311,1.077,2.2
2023,doing,exposure,4,483,13,3311,1.077,2.2
2023,doing,block,4,483,13,3311,1.077,2.2
2023,doing,problem,8,483,33,3311,0.733,2.15
2023,doing,condition,14,483,66,3311,0.54,2.13
2023,doing,point,5,483,18,3311,0.929,2.09
2023,doing,concern,5,483,18,3311,0.929,2.09
2023,doing,performance,10,483,44,3311,0.64,2.09
2023,doing,comfort,5,483,18,3311,0.929,2.09
2023,doing,temperature,5,483,18,3311,0.929,2.09
2023,doing,house,3,483,9,3311,1.192,1.99
2023,doing,reuse,3,483,9,3311,1.192,1.99
2023,doing,preservation,3,483,9,3311,1.192,1.99
2023,doing,carbon,8,483,34,3311,0.69,1.92
2023,doing,nature,8,483,34,3311,0.69,1.92
2023,doing,vision,7,483,29,3311,0.727,1.85
2023,doing,site,24,483,127,3311,0.373,1.83
2023,doing,quality,4,483,14,3311,0.97,1.81
2023,doing,socio,4,483,14,3311,0.97,1.81
2023,doing,factor,4,483,14,3311,0.97,1.81
2023,doing,stage,4,483,14,3311,0.97,1.81
2023,doing,architecture,36,483,201,3311,0.296,1.8
2023,doing,facility,6,483,24,3311,0.777,1.8
2023,doing,waste,5,483,19,3311,0.851,1.78
2023,doing,theory,10,483,46,3311,0.576,1.71
2023,doing,discipline,7,483,30,3311,0.678,1.62
2023,doing,community,30,483,166,3311,0.309,1.61
2023,doing,typology,3,483,10,3311,1.04,1.55
2023,doing,sense,3,483,10,3311,1.04,1.55
2023,doing,deliverable,3,483,10,3311,1.04,1.55
2023,doing,collaborator,3,483,10,3311,1.04,1.55
2023,doing,interaction,3,483,10,3311,1.04,1.55
2023,doing,planner,3,483,10,3311,1.04,1.55
2023,doing,basis,3,483,10,3311,1.04,1.55
2023,doing,action,8,483,36,3311,0.607,1.51
2023,doing,objective,5,483,20,3311,0.777,1.5
2023,doing,service,4,483,15,3311,0.87,1.48
2023,doing,industry,5,483,54,3311,-0.656,1.41
2023,doing,engagement,6,483,26,3311,0.662,1.33
2023,doing,policy,5,483,21,3311,0.707,1.25
2023,doing,methodology,4,483,16,3311,0.777,1.2
2023,doing,pattern,4,483,16,3311,0.777,1.2
2023,doing,source,4,483,16,3311,0.777,1.2
2023,doing,ecology,12,483,61,3311,0.431,1.19
2023,doing,background,3,483,11,3311,0.903,1.19
2023,doing,exchange,3,483,11,3311,0.903,1.19
2023,doing,sea,3,483,11,3311,0.903,1.19
2023,doing,experience,13,483,67,3311,0.412,1.18
2023,doing,crisis,5,483,52,3311,-0.601,1.17
2023,doing,history,16,483,85,3311,0.368,1.17
2023,doing,migration,8,483,38,3311,0.529,1.16
2023,doing,air,6,483,27,3311,0.607,1.13
2023,doing,resource,10,483,50,3311,0.455,1.09
2023,doing,society,7,483,33,3311,0.54,1.06
2023,doing,medium,5,483,22,3311,0.64,1.04
2023,doing,capacity,5,483,22,3311,0.64,1.04
2023,doing,goal,5,483,22,3311,0.64,1.04
2023,doing,conversation,4,483,17,3311,0.69,0.96
2023,doing,energy,15,483,81,3311,0.344,0.96
2023,doing,response,6,483,28,3311,0.555,0.95
2023,doing,exhibition,6,483,28,3311,0.555,0.95
2023,doing,cycle,3,483,12,3311,0.777,0.9
2023,doing,documentation,3,483,12,3311,0.777,0.9
2023,doing,transformation,3,483,12,3311,0.777,0.9
2023,doing,mitigation,3,483,12,3311,0.777,0.9
2023,doing,sustainability,5,483,49,3311,-0.516,0.84
2023,doing,resilience,6,483,29,3311,0.504,0.79
2023,doing,collaboration,7,483,35,3311,0.455,0.76
2023,doing,potential,4,483,18,3311,0.607,0.75
2023,doing,topic,11,483,59,3311,0.354,0.74
2023,doing,question,5,483,48,3311,-0.486,0.74
2023,doing,knowledge,8,483,41,3311,0.42,0.74
2023,doing,architect,9,483,79,3311,-0.357,0.71
2023,doing,reality,3,483,13,3311,0.662,0.66
2023,doing,lesson,3,483,13,3311,0.662,0.66
2023,doing,funding,3,483,13,3311,0.662,0.66
2023,doing,lab,3,483,13,3311,0.662,0.66
2023,doing,relation,3,483,13,3311,0.662,0.66
2023,doing,component,8,483,42,3311,0.385,0.63
2023,doing,exercise,4,483,19,3311,0.529,0.58
2023,doing,extraction,4,483,19,3311,0.529,0.58
2023,doing,mass,4,483,19,3311,0.529,0.58
2023,doing,approach,10,483,55,3311,0.318,0.55
2023,doing,institution,5,483,25,3311,0.455,0.54
2023,doing,risk,5,483,25,3311,0.455,0.54
2023,doing,aspect,5,483,25,3311,0.455,0.54
2023,doing,interest,6,483,31,3311,0.408,0.53
2023,doing,datum,8,483,43,3311,0.351,0.53
2023,doing,project,27,483,163,3311,0.183,0.52
2023,doing,place,7,483,37,3311,0.375,0.52
2023,doing,practice,11,483,91,3311,-0.271,0.49
2023,doing,landscape,11,483,62,3311,0.282,0.48
2023,doing,gas,3,483,14,3311,0.555,0.47
2023,doing,capital,3,483,14,3311,0.555,0.47
2023,doing,decision,3,483,14,3311,0.555,0.47
2023,doing,rise,3,483,14,3311,0.555,0.47
2023,doing,state,3,483,29,3311,-0.496,0.46
2023,doing,time,10,483,56,3311,0.292,0.46
2023,doing,world,13,483,75,3311,0.249,0.44
2023,doing,visit,4,483,20,3311,0.455,0.43
2023,doing,planning,7,483,38,3311,0.337,0.42
2023,doing,health,6,483,32,3311,0.362,0.42
2023,doing,island,6,483,32,3311,0.362,0.42
2023,doing,effect,5,483,44,3311,-0.36,0.4
2023,doing,water,10,483,57,3311,0.266,0.39
2023,doing,issue,9,483,51,3311,0.275,0.37
2023,doing,emission,3,483,15,3311,0.455,0.32
2023,doing,population,6,483,33,3311,0.318,0.32
2023,doing,educator,3,483,15,3311,0.455,0.32
2023,doing,politic,3,483,15,3311,0.455,0.32
2023,doing,initiative,3,483,15,3311,0.455,0.32
2023,doing,geography,4,483,21,3311,0.385,0.31
2023,doing,intersection,4,483,21,3311,0.385,0.31
2023,doing,today,4,483,21,3311,0.385,0.31
2023,doing,future,10,483,59,3311,0.216,0.26
2023,doing,challenge,5,483,28,3311,0.292,0.23
2023,doing,home,4,483,22,3311,0.318,0.22
2023,doing,past,3,483,16,3311,0.362,0.21
2023,doing,weather,3,483,16,3311,0.362,0.21
2023,doing,addition,3,483,16,3311,0.362,0.21
2023,doing,generation,3,483,16,3311,0.362,0.21
2023,doing,perspective,5,483,41,3311,-0.258,0.2
2023,doing,framework,5,483,29,3311,0.241,0.16
2023,doing,justice,7,483,42,3311,0.192,0.14
2023,doing,disaster,3,483,17,3311,0.275,0.12
2023,doing,integration,3,483,17,3311,0.275,0.12
2023,doing,presentation,4,483,24,3311,0.192,0.08
2023,doing,assessment,4,483,24,3311,0.192,0.08
2023,doing,session,4,483,31,3311,-0.177,0.07
2023,doing,range,3,483,18,3311,0.192,0.06
2023,doing,thinking,3,483,18,3311,0.192,0.06
2023,doing,boundary,3,483,18,3311,0.192,0.06
2023,doing,mission,3,483,18,3311,0.192,0.06
2023,doing,classroom,3,483,18,3311,0.192,0.06
2023,doing,expert,3,483,23,3311,-0.161,0.05
2023,doing,concept,3,483,23,3311,-0.161,0.05
2023,doing,science,6,483,40,3311,0.04,0.01
2023,doing,opportunity,5,483,36,3311,-0.071,0.01
2023,doing,travel,4,483,26,3311,0.077,0.01
2023,doing,visualization,3,483,20,3311,0.04,0.0
2023,doing,country,3,483,21,3311,-0.03,0.0
2023,doing,introduction,3,483,21,3311,-0.03,0.0
2023,doing,century,3,483,21,3311,-0.03,0.0
2023,doing,simulation,3,483,20,3311,0.04,0.0
2023,doing,example,4,483,28,3311,-0.03,0.0
2024,doing,environment,62,540,111,3639,1.912,104.73
2024,doing,order,16,540,22,3639,2.293,37.56
2024,doing,future,42,540,119,3639,1.25,31.83
2024,doing,climate,86,540,332,3639,0.804,30.65
2024,doing,technique,21,540,46,3639,1.621,25.19
2024,doing,change,48,540,176,3639,0.878,19.13
2024,doing,exhibition,18,540,43,3639,1.496,18.55
2024,doing,knowledge,22,540,59,3639,1.329,18.29
2024,doing,film,11,540,20,3639,1.89,17.48
2024,doing,landscape,34,540,114,3639,1.007,17.16
2024,doing,power,15,540,34,3639,1.572,16.9
2024,doing,disaster,7,540,10,3639,2.238,15.52
2024,doing,drawing,16,540,40,3639,1.431,15.15
2024,doing,audience,6,540,8,3639,2.337,14.59
2024,doing,approach,27,540,88,3639,1.048,14.55
2024,doing,material,37,540,136,3639,0.875,14.43
2024,doing,prototype,11,540,23,3639,1.688,14.11
2024,doing,building,37,540,138,3639,0.853,13.79
2024,doing,system,40,540,157,3639,0.78,12.66
2024,doing,mapping,13,540,32,3639,1.453,12.63
2024,doing,imagination,11,540,26,3639,1.512,11.48
2024,doing,representation,14,540,38,3639,1.312,11.27
2024,doing,technology,20,540,64,3639,1.074,11.2
2024,doing,infrastructure,28,540,102,3639,0.887,11.1
2024,doing,block,10,540,23,3639,1.551,10.94
2024,doing,time,20,540,65,3639,1.052,10.77
2024,doing,component,9,540,20,3639,1.601,10.43
2024,doing,map,9,540,20,3639,1.601,10.43
2024,doing,tool,18,540,57,3639,1.09,10.32
2024,doing,experience,24,540,86,3639,0.911,9.94
2024,doing,finding,5,540,8,3639,2.074,9.49
2024,doing,narrative,13,540,37,3639,1.243,9.47
2024,doing,site,33,540,133,3639,0.742,9.42
2024,doing,kind,6,540,11,3639,1.878,9.38
2024,doing,body,8,540,18,3639,1.583,9.07
2024,doing,world,26,540,99,3639,0.824,8.94
2024,doing,extraction,9,540,22,3639,1.463,8.82
2024,doing,space,29,540,115,3639,0.765,8.72
2024,doing,design,85,540,431,3639,0.41,8.6
2024,doing,sector,4,540,6,3639,2.168,8.29
2024,doing,venue,4,540,6,3639,2.168,8.29
2024,doing,laboratory,4,540,6,3639,2.168,8.29
2024,doing,inequality,4,540,6,3639,2.168,8.29
2024,doing,plant,8,540,19,3639,1.505,8.26
2024,doing,mitigation,6,540,12,3639,1.753,8.23
2024,doing,step,6,540,12,3639,1.753,8.23
2024,doing,modeling,5,540,9,3639,1.905,8.03
2024,doing,scenario,5,540,9,3639,1.905,8.03
2024,doing,opportunity,16,540,54,3639,0.998,7.77
2024,doing,visualization,7,540,16,3639,1.56,7.72
2024,doing,concept,14,540,45,3639,1.068,7.7
2024,doing,timber,8,540,20,3639,1.431,7.52
2024,doing,awareness,8,540,20,3639,1.431,7.52
2024,doing,designer,16,540,55,3639,0.971,7.39
2024,doing,output,3,540,4,3639,2.337,7.28
2024,doing,peer,3,540,4,3639,2.337,7.28
2024,doing,fabrication,11,540,33,3639,1.168,7.11
2024,doing,century,8,540,21,3639,1.36,6.84
2024,doing,introduction,8,540,21,3639,1.36,6.84
2024,doing,crisis,15,540,52,3639,0.959,6.76
2024,doing,success,4,540,7,3639,1.945,6.69
2024,doing,response,9,540,26,3639,1.222,6.32
2024,doing,hand,7,540,18,3639,1.39,6.23
2024,doing,ground,8,540,22,3639,1.293,6.23
2024,doing,connection,8,540,22,3639,1.293,6.23
2024,doing,funding,5,540,11,3639,1.615,5.87
2024,doing,benefit,5,540,11,3639,1.615,5.87
2024,doing,concern,6,540,15,3639,1.431,5.63
2024,doing,pattern,6,540,15,3639,1.431,5.63
2024,doing,performance,7,540,19,3639,1.312,5.6
2024,doing,exercise,7,540,19,3639,1.312,5.6
2024,doing,aspect,7,540,19,3639,1.312,5.6
2024,doing,idea,13,540,46,3639,0.929,5.51
2024,doing,definition,4,540,8,3639,1.753,5.48
2024,doing,evaluation,3,540,5,3639,2.016,5.37
2024,doing,perception,3,540,5,3639,2.016,5.37
2024,doing,pleasure,3,540,5,3639,2.016,5.37
2024,doing,area,19,540,77,3639,0.734,5.22
2024,doing,principle,8,540,24,3639,1.168,5.16
2024,doing,region,17,540,67,3639,0.774,5.14
2024,doing,supply,5,540,12,3639,1.489,5.05
2024,doing,zone,5,540,12,3639,1.489,5.05
2024,doing,content,7,540,20,3639,1.238,5.02
2024,doing,construction,23,540,99,3639,0.647,5.0
2024,doing,expertise,8,540,25,3639,1.109,4.68
2024,doing,history,21,540,90,3639,0.653,4.64
2024,doing,artifact,4,540,9,3639,1.583,4.52
2024,doing,dialogue,7,540,21,3639,1.168,4.51
2024,doing,event,6,540,17,3639,1.25,4.38
2024,doing,presentation,6,540,17,3639,1.25,4.38
2024,doing,state,10,540,35,3639,0.945,4.36
2024,doing,classroom,5,540,13,3639,1.374,4.35
2024,doing,practice,24,540,109,3639,0.569,4.11
2024,doing,installation,3,540,6,3639,1.753,4.1
2024,doing,diversity,3,540,6,3639,1.753,4.1
2024,doing,objective,7,540,22,3639,1.1,4.04
2024,doing,network,7,540,22,3639,1.1,4.04
2024,doing,solution,11,540,41,3639,0.854,3.98
2024,doing,carbon,8,540,27,3639,0.998,3.85
2024,doing,discourse,8,540,27,3639,0.998,3.85
2024,doing,value,9,540,32,3639,0.922,3.75
2024,doing,tradition,4,540,10,3639,1.431,3.74
2024,doing,visit,5,540,14,3639,1.267,3.74
2024,doing,frame,4,540,10,3639,1.431,3.74
2024,doing,forest,5,540,14,3639,1.267,3.74
2024,doing,theory,10,540,37,3639,0.865,3.7
2024,doing,method,11,540,42,3639,0.82,3.68
2024,doing,impact,19,540,84,3639,0.608,3.66
2024,doing,health,9,540,33,3639,0.878,3.42
2024,doing,ability,6,540,19,3639,1.09,3.39
2024,doing,architecture,48,540,254,3639,0.349,3.34
2024,doing,mass,5,540,15,3639,1.168,3.21
2024,doing,issue,4,540,56,3639,-1.055,3.19
2024,doing,injustice,3,540,7,3639,1.53,3.18
2024,doing,survey,3,540,7,3639,1.53,3.18
2024,doing,option,3,540,7,3639,1.53,3.18
2024,doing,activity,8,540,29,3639,0.895,3.14
2024,doing,resource,15,540,65,3639,0.637,3.14
2024,doing,collaboration,11,540,44,3639,0.753,3.13
2024,doing,city,21,540,98,3639,0.53,3.12
2024,doing,effect,9,540,34,3639,0.835,3.11
2024,doing,scale,19,540,87,3639,0.557,3.1
2024,doing,dynamic,4,540,11,3639,1.293,3.1
2024,doing,consequence,4,540,11,3639,1.293,3.1
2024,doing,collaborator,4,540,11,3639,1.293,3.1
2024,doing,variety,4,540,11,3639,1.293,3.1
2024,doing,challenge,20,540,93,3639,0.535,3.03
2024,doing,discipline,11,540,45,3639,0.72,2.88
2024,doing,assembly,5,540,16,3639,1.074,2.75
2024,doing,exchange,5,540,16,3639,1.074,2.75
2024,doing,decision,5,540,16,3639,1.074,2.75
2024,doing,topic,10,540,41,3639,0.717,2.6
2024,doing,urbanism,6,540,21,3639,0.945,2.6
2024,doing,expert,6,540,21,3639,0.945,2.6
2024,doing,action,6,540,21,3639,0.945,2.6
2024,doing,influence,4,540,12,3639,1.168,2.57
2024,doing,iteration,4,540,12,3639,1.168,2.57
2024,doing,view,4,540,12,3639,1.168,2.57
2024,doing,adaptation,7,540,26,3639,0.859,2.55
2024,doing,transformation,7,540,26,3639,0.859,2.55
2024,doing,people,7,540,26,3639,0.859,2.55
2024,doing,ecology,8,540,31,3639,0.798,2.54
2024,doing,house,3,540,8,3639,1.337,2.48
2024,doing,warming,3,540,8,3639,1.337,2.48
2024,doing,sense,3,540,8,3639,1.337,2.48
2024,doing,person,3,540,8,3639,1.337,2.48
2024,doing,form,13,540,58,3639,0.595,2.38
2024,doing,care,5,540,17,3639,0.987,2.35
2024,doing,specie,6,540,22,3639,0.878,2.27
2024,doing,theme,6,540,22,3639,0.878,2.27
2024,doing,engagement,7,540,27,3639,0.805,2.25
2024,doing,structure,10,540,43,3639,0.648,2.15
2024,doing,shift,4,540,13,3639,1.052,2.12
2024,doing,type,4,540,13,3639,1.052,2.12
2024,doing,agency,8,540,33,3639,0.708,2.02
2024,doing,science,13,540,60,3639,0.546,2.02
2024,doing,resilience,8,540,33,3639,0.708,2.02
2024,doing,addition,6,540,23,3639,0.814,1.97
2024,doing,image,6,540,23,3639,0.814,1.97
2024,doing,lab,6,540,23,3639,0.814,1.97
2024,doing,society,12,540,55,3639,0.556,1.93
2024,doing,documentation,3,540,9,3639,1.168,1.92
2024,doing,element,4,540,14,3639,0.945,1.73
2024,doing,object,4,540,14,3639,0.945,1.73
2024,doing,human,6,540,24,3639,0.753,1.7
2024,doing,potential,6,540,24,3639,0.753,1.7
2024,doing,transition,6,540,24,3639,0.753,1.7
2024,doing,wind,9,540,40,3639,0.601,1.67
2024,doing,oil,5,540,55,3639,-0.707,1.65
2024,doing,application,8,540,35,3639,0.623,1.59
2024,doing,energy,17,540,86,3639,0.414,1.56
2024,doing,project,34,540,189,3639,0.278,1.49
2024,doing,reference,3,540,10,3639,1.016,1.48
2024,doing,mean,3,540,10,3639,1.016,1.48
2024,doing,wood,4,540,15,3639,0.846,1.41
2024,doing,heat,5,540,20,3639,0.753,1.41
2024,doing,section,4,540,15,3639,0.846,1.41
2024,doing,habitat,4,540,15,3639,0.846,1.41
2024,doing,economy,5,540,21,3639,0.682,1.17
2024,doing,source,5,540,21,3639,0.682,1.17
2024,doing,loss,3,540,11,3639,0.878,1.13
2024,doing,precedent,3,540,11,3639,0.878,1.13
2024,doing,mode,3,540,11,3639,0.878,1.13
2024,doing,territory,4,540,16,3639,0.753,1.13
2024,doing,making,4,540,16,3639,0.753,1.13
2024,doing,manufacturing,3,540,11,3639,0.878,1.13
2024,doing,typology,3,540,11,3639,0.878,1.13
2024,doing,list,3,540,11,3639,0.878,1.13
2024,doing,thing,4,540,16,3639,0.753,1.13
2024,doing,strategy,13,540,67,3639,0.387,1.04
2024,doing,medium,7,540,33,3639,0.515,0.97
2024,doing,fiction,5,540,22,3639,0.615,0.96
2024,doing,researcher,4,540,17,3639,0.665,0.89
2024,doing,place,11,540,57,3639,0.379,0.85
2024,doing,product,3,540,12,3639,0.753,0.85
2024,doing,flow,3,540,12,3639,0.753,0.85
2024,doing,government,3,540,12,3639,0.753,0.85
2024,doing,stakeholder,3,540,12,3639,0.753,0.85
2024,doing,materiality,3,540,12,3639,0.753,0.85
2024,doing,testing,3,540,12,3639,0.753,0.85
2024,doing,workflow,3,540,12,3639,0.753,0.85
2024,doing,model,12,540,63,3639,0.36,0.84
2024,doing,industry,12,540,63,3639,0.36,0.84
2024,doing,problem,7,540,34,3639,0.472,0.82
2024,doing,vision,5,540,23,3639,0.551,0.78
2024,doing,sustainability,8,540,40,3639,0.431,0.78
2024,doing,architect,12,540,64,3639,0.337,0.74
2024,doing,housing,10,540,53,3639,0.347,0.65
2024,doing,weather,3,540,13,3639,0.637,0.62
2024,doing,market,3,540,13,3639,0.637,0.62
2024,doing,past,3,540,13,3639,0.637,0.62
2024,doing,policy,4,540,38,3639,-0.495,0.62
2024,doing,culture,7,540,36,3639,0.39,0.57
2024,doing,condition,9,540,48,3639,0.337,0.55
2024,doing,agenda,4,540,19,3639,0.505,0.53
2024,doing,country,4,540,19,3639,0.505,0.53
2024,doing,management,3,540,29,3639,-0.521,0.51
2024,doing,effort,5,540,25,3639,0.431,0.49
2024,doing,facility,3,540,14,3639,0.53,0.43
2024,doing,implication,3,540,14,3639,0.53,0.43
2024,doing,desert,3,540,14,3639,0.53,0.43
2024,doing,socio,4,540,20,3639,0.431,0.39
2024,doing,exploration,4,540,20,3639,0.431,0.39
2024,doing,community,30,540,183,3639,0.144,0.36
2024,doing,intersection,3,540,27,3639,-0.417,0.32
2024,doing,biodiversity,3,540,15,3639,0.431,0.29
2024,doing,living,3,540,15,3639,0.431,0.29
2024,doing,boundary,3,540,15,3639,0.431,0.29
2024,doing,air,3,540,15,3639,0.431,0.29
2024,doing,range,4,540,21,3639,0.36,0.28
2024,doing,interest,6,540,33,3639,0.293,0.28
2024,doing,thinking,6,540,33,3639,0.293,0.28
2024,doing,repair,5,540,27,3639,0.32,0.27
2024,doing,organization,4,540,34,3639,-0.335,0.27
2024,doing,justice,9,540,70,3639,-0.207,0.23
2024,doing,outcome,6,540,34,3639,0.25,0.2
2024,doing,generation,3,540,16,3639,0.337,0.18
2024,doing,position,4,540,22,3639,0.293,0.18
2024,doing,insight,3,540,16,3639,0.337,0.18
2024,doing,quality,3,540,16,3639,0.337,0.18
2024,doing,perspective,8,540,47,3639,0.198,0.17
2024,doing,stage,3,540,25,3639,-0.306,0.17
2024,doing,life,10,540,60,3639,0.168,0.16
2024,doing,water,7,540,54,3639,-0.195,0.16
2024,doing,planning,7,540,41,3639,0.202,0.16
2024,doing,nature,5,540,29,3639,0.216,0.13
2024,doing,waste,3,540,24,3639,-0.247,0.11
2024,doing,possibility,4,540,23,3639,0.229,0.11
2024,doing,population,3,540,17,3639,0.25,0.1
2024,doing,scholar,3,540,17,3639,0.25,0.1
2024,doing,partnership,4,540,24,3639,0.168,0.06
2024,doing,innovation,4,540,30,3639,-0.154,0.06
2024,doing,level,8,540,50,3639,0.109,0.05
2024,doing,implementation,3,540,18,3639,0.168,0.05
2024,doing,today,3,540,18,3639,0.168,0.05
2024,doing,reality,5,540,37,3639,-0.135,0.05
2024,doing,land,8,540,57,3639,-0.08,0.03
2024,doing,methodology,4,540,25,3639,0.109,0.03
2024,doing,cycle,4,540,29,3639,-0.105,0.03
2024,doing,production,8,540,57,3639,-0.08,0.03
2024,doing,home,6,540,38,3639,0.09,0.03
2024,doing,institution,5,540,32,3639,0.074,0.02
2024,doing,framework,5,540,32,3639,0.074,0.02
2024,doing,partner,3,540,21,3639,-0.055,0.01
2024,doing,earth,4,540,28,3639,-0.055,0.01
2024,doing,conference,3,540,19,3639,0.09,0.01
2024,doing,ecosystem,3,540,20,3639,0.016,0.0
2024,doing,question,8,540,53,3639,0.025,0.0
2024,doing,food,8,540,54,3639,-0.002,0.0
2024,doing,intervention,5,540,34,3639,-0.013,0.0
2024,doing,neighborhood,8,540,53,3639,0.025,0.0
2024,doing,planet,3,540,20,3639,0.016,0.0
2024,doing,reuse,3,540,20,3639,0.016,0.0
2025,doing,environment,57,383,96,3104,2.267,125.62
2025,doing,material,39,383,128,3104,1.304,30.97
2025,doing,system,27,383,91,3104,1.266,19.96
2025,doing,scale,20,383,61,3104,1.41,17.79
2025,doing,resource,21,383,67,3104,1.345,17.17
2025,doing,document,8,383,14,3104,2.211,16.06
2025,doing,project,39,383,175,3104,0.853,14.32
2025,doing,building,25,383,95,3104,1.093,14.1
2025,doing,space,20,383,69,3104,1.232,13.93
2025,doing,narrative,14,383,40,3104,1.504,13.89
2025,doing,today,7,383,13,3104,2.126,13.02
2025,doing,solution,17,383,56,3104,1.299,12.97
2025,doing,object,6,383,10,3104,2.282,12.77
2025,doing,library,3,383,3,3104,3.019,12.58
2025,doing,decision,11,383,29,3104,1.62,12.44
2025,doing,community,39,383,186,3104,0.765,11.72
2025,doing,cycle,10,383,27,3104,1.586,10.87
2025,doing,architecture,34,383,161,3104,0.775,10.37
2025,doing,intervention,10,383,28,3104,1.533,10.22
2025,doing,performance,9,383,24,3104,1.604,9.97
2025,doing,order,7,383,16,3104,1.826,9.81
2025,doing,interaction,4,383,6,3104,2.434,9.66
2025,doing,possibility,5,383,9,3104,2.171,9.66
2025,doing,city,22,383,93,3104,0.939,9.35
2025,doing,climate,52,383,284,3104,0.569,9.27
2025,doing,thinking,10,383,30,3104,1.434,9.04
2025,doing,emphasis,6,383,14,3104,1.796,8.15
2025,doing,tool,16,383,63,3104,1.041,8.15
2025,doing,participation,4,383,7,3104,2.211,8.0
2025,doing,dialogue,4,383,7,3104,2.211,8.0
2025,doing,condition,12,383,43,3104,1.177,7.6
2025,doing,approach,20,383,88,3104,0.881,7.54
2025,doing,design,70,383,423,3104,0.423,7.46
2025,doing,section,5,383,11,3104,1.881,7.39
2025,doing,fuel,7,383,20,3104,1.504,6.88
2025,doing,extraction,7,383,20,3104,1.504,6.88
2025,doing,capacity,4,383,8,3104,2.019,6.73
2025,doing,speaker,4,383,8,3104,2.019,6.73
2025,doing,place,8,383,25,3104,1.375,6.69
2025,doing,exploration,8,383,25,3104,1.375,6.69
2025,doing,concept,9,383,30,3104,1.282,6.63
2025,doing,interest,6,383,16,3104,1.604,6.62
2025,doing,efficiency,6,383,16,3104,1.604,6.62
2025,doing,strategy,18,383,80,3104,0.867,6.55
2025,doing,period,3,383,5,3104,2.282,6.37
2025,doing,image,3,383,5,3104,2.282,6.37
2025,doing,variety,3,383,5,3104,2.282,6.37
2025,doing,infrastructure,15,383,64,3104,0.926,6.14
2025,doing,experience,16,383,70,3104,0.889,6.09
2025,doing,production,11,383,42,3104,1.086,6.0
2025,doing,opportunity,10,383,37,3104,1.131,5.87
2025,doing,health,9,383,32,3104,1.189,5.77
2025,doing,urbanization,4,383,9,3104,1.849,5.72
2025,doing,structure,11,383,43,3104,1.052,5.66
2025,doing,vulnerability,6,383,18,3104,1.434,5.4
2025,doing,scarcity,7,383,23,3104,1.303,5.29
2025,doing,sequence,3,383,6,3104,2.019,5.04
2025,doing,matter,3,383,6,3104,2.019,5.04
2025,doing,government,3,383,6,3104,2.019,5.04
2025,doing,thing,3,383,6,3104,2.019,5.04
2025,doing,capital,3,383,6,3104,2.019,5.04
2025,doing,people,8,383,29,3104,1.161,4.91
2025,doing,alternative,4,383,10,3104,1.697,4.88
2025,doing,layer,4,383,10,3104,1.697,4.88
2025,doing,problem,9,383,35,3104,1.059,4.67
2025,doing,drawing,5,383,15,3104,1.434,4.49
2025,doing,implication,4,383,11,3104,1.559,4.18
2025,doing,lesson,4,383,11,3104,1.559,4.18
2025,doing,future,13,383,60,3104,0.812,4.16
2025,doing,plant,3,383,7,3104,1.796,4.06
2025,doing,scholarship,3,383,7,3104,1.796,4.06
2025,doing,boundary,3,383,7,3104,1.796,4.06
2025,doing,step,3,383,7,3104,1.796,4.06
2025,doing,critique,3,383,7,3104,1.796,4.06
2025,doing,science,7,383,26,3104,1.126,4.05
2025,doing,discipline,7,383,26,3104,1.126,4.05
2025,doing,landscape,18,383,92,3104,0.665,4.0
2025,doing,principle,5,383,16,3104,1.341,3.97
2025,doing,potential,5,383,16,3104,1.341,3.97
2025,doing,labor,5,383,16,3104,1.341,3.97
2025,doing,question,9,383,38,3104,0.941,3.75
2025,doing,mapping,7,383,27,3104,1.071,3.7
2025,doing,effort,7,383,27,3104,1.071,3.7
2025,doing,product,4,383,12,3104,1.434,3.59
2025,doing,disaster,4,383,12,3104,1.434,3.59
2025,doing,scholar,4,383,12,3104,1.434,3.59
2025,doing,audience,4,383,12,3104,1.434,3.59
2025,doing,engineering,4,383,12,3104,1.434,3.59
2025,doing,energy,17,383,88,3104,0.647,3.58
2025,doing,range,5,383,17,3104,1.253,3.51
2025,doing,result,5,383,17,3104,1.253,3.51
2025,doing,nature,5,383,17,3104,1.253,3.51
2025,doing,set,3,383,8,3104,1.604,3.3
2025,doing,sense,3,383,8,3104,1.604,3.3
2025,doing,collection,3,383,8,3104,1.604,3.3
2025,doing,aspect,3,383,8,3104,1.604,3.3
2025,doing,reflection,3,383,8,3104,1.604,3.3
2025,doing,text,3,383,8,3104,1.604,3.3
2025,doing,connection,4,383,13,3104,1.318,3.08
2025,doing,equity,7,383,29,3104,0.968,3.07
2025,doing,crisis,8,383,36,3104,0.849,2.75
2025,doing,knowledge,9,383,42,3104,0.796,2.75
2025,doing,datum,8,383,36,3104,0.849,2.75
2025,doing,housing,8,383,36,3104,0.849,2.75
2025,doing,concern,3,383,9,3104,1.434,2.69
2025,doing,insight,3,383,9,3104,1.434,2.69
2025,doing,position,3,383,9,3104,1.434,2.69
2025,doing,participant,3,383,9,3104,1.434,2.69
2025,doing,voice,3,383,9,3104,1.434,2.69
2025,doing,exchange,4,383,14,3104,1.211,2.64
2025,doing,urbanism,6,383,25,3104,0.96,2.58
2025,doing,educator,5,383,20,3104,1.019,2.4
2025,doing,policy,11,383,57,3104,0.645,2.28
2025,doing,power,4,383,15,3104,1.112,2.25
2025,doing,consumption,4,383,15,3104,1.112,2.25
2025,doing,stakeholder,4,383,15,3104,1.112,2.25
2025,doing,growth,4,383,15,3104,1.112,2.25
2025,doing,making,4,383,15,3104,1.112,2.25
2025,doing,practice,18,383,104,3104,0.488,2.23
2025,doing,list,3,383,10,3104,1.282,2.19
2025,doing,edge,3,383,10,3104,1.282,2.19
2025,doing,subject,3,383,10,3104,1.282,2.19
2025,doing,century,5,383,21,3104,0.948,2.1
2025,doing,time,8,383,39,3104,0.733,2.09
2025,doing,construction,8,383,39,3104,0.733,2.09
2025,doing,culture,4,383,16,3104,1.019,1.92
2025,doing,book,4,383,16,3104,1.019,1.92
2025,doing,ability,4,383,16,3104,1.019,1.92
2025,doing,type,4,383,16,3104,1.019,1.92
2025,doing,iteration,4,383,16,3104,1.019,1.92
2025,doing,risk,5,383,22,3104,0.881,1.84
2025,doing,response,5,383,22,3104,0.881,1.84
2025,doing,form,6,383,28,3104,0.796,1.83
2025,doing,mode,3,383,11,3104,1.144,1.78
2025,doing,presentation,8,383,41,3104,0.661,1.72
2025,doing,site,12,383,68,3104,0.516,1.63
2025,doing,fossil,4,383,17,3104,0.931,1.62
2025,doing,example,4,383,17,3104,0.931,1.62
2025,doing,access,4,383,17,3104,0.931,1.62
2025,doing,adaptation,4,383,17,3104,0.931,1.62
2025,doing,feedback,5,383,23,3104,0.817,1.59
2025,doing,model,7,383,36,3104,0.656,1.48
2025,doing,ecosystem,3,383,12,3104,1.019,1.44
2025,doing,user,3,383,12,3104,1.019,1.44
2025,doing,transportation,4,383,18,3104,0.849,1.37
2025,doing,waste,4,383,18,3104,0.849,1.37
2025,doing,carbon,9,383,51,3104,0.516,1.22
2025,doing,coal,3,383,13,3104,0.903,1.15
2025,doing,expertise,3,383,13,3104,0.903,1.15
2025,doing,objective,4,383,19,3104,0.771,1.14
2025,doing,idea,5,383,26,3104,0.64,1.01
2025,doing,framework,8,383,46,3104,0.495,1.0
2025,doing,network,3,383,14,3104,0.796,0.91
2025,doing,footprint,3,383,14,3104,0.796,0.91
2025,doing,content,3,383,14,3104,0.796,0.91
2025,doing,industry,9,383,54,3104,0.434,0.87
2025,doing,outcome,5,383,27,3104,0.586,0.85
2025,doing,history,7,383,41,3104,0.469,0.78
2025,doing,food,3,383,15,3104,0.697,0.71
2025,doing,assessment,3,383,15,3104,0.697,0.71
2025,doing,medium,3,383,15,3104,0.697,0.71
2025,doing,sustainability,6,383,65,3104,-0.419,0.64
2025,doing,representation,4,383,22,3104,0.559,0.62
2025,doing,method,7,383,43,3104,0.4,0.58
2025,doing,transformation,3,383,16,3104,0.604,0.54
2025,doing,component,3,383,16,3104,0.604,0.54
2025,doing,justice,10,383,65,3104,0.318,0.53
2025,doing,effect,4,383,23,3104,0.495,0.49
2025,doing,partnership,3,383,17,3104,0.516,0.4
2025,doing,emission,3,383,17,3104,0.516,0.4
2025,doing,challenge,12,383,82,3104,0.246,0.39
2025,doing,action,5,383,31,3104,0.386,0.38
2025,doing,addition,4,383,25,3104,0.375,0.29
2025,doing,ecology,4,383,25,3104,0.375,0.29
2025,doing,transition,4,383,25,3104,0.375,0.29
2025,doing,river,4,383,25,3104,0.375,0.29
2025,doing,application,3,383,32,3104,-0.396,0.28
2025,doing,planning,5,383,50,3104,-0.303,0.27
2025,doing,architect,8,383,55,3104,0.237,0.24
2025,doing,impact,9,383,84,3104,-0.204,0.22
2025,doing,perspective,4,383,26,3104,0.318,0.21
2025,doing,expert,4,383,26,3104,0.318,0.21
2025,doing,leader,4,383,26,3104,0.318,0.21
2025,doing,methodology,3,383,19,3104,0.356,0.2
2025,doing,value,3,383,19,3104,0.356,0.2
2025,doing,neighborhood,4,383,27,3104,0.264,0.15
2025,doing,oil,6,383,42,3104,0.211,0.14
2025,doing,goal,6,383,42,3104,0.211,0.14
2025,doing,water,5,383,35,3104,0.211,0.12
2025,doing,issue,5,383,46,3104,-0.183,0.1
2025,doing,resilience,9,383,66,3104,0.144,0.1
2025,doing,life,5,383,46,3104,-0.183,0.1
2025,doing,reality,6,383,43,3104,0.177,0.1
2025,doing,partner,4,383,28,3104,0.211,0.09
2025,doing,technology,5,383,36,3104,0.171,0.08
2025,doing,change,17,383,146,3104,-0.084,0.07
2025,doing,world,6,383,44,3104,0.144,0.07
2025,doing,intersection,3,383,28,3104,-0.204,0.07
2025,doing,designer,4,383,29,3104,0.161,0.06
2025,doing,region,4,383,36,3104,-0.151,0.05
2025,doing,collaboration,5,383,44,3104,-0.119,0.04
2025,doing,session,3,383,23,3104,0.08,0.01
2025,doing,engagement,4,383,34,3104,-0.069,0.01
2025,doing,organization,3,383,23,3104,0.08,0.01
2025,doing,economy,3,383,24,3104,0.019,0.0
2025,doing,topic,6,383,49,3104,-0.011,0.0
2025,doing,technique,3,383,24,3104,0.019,0.0
2026,doing,environment,76,876,140,5141,1.672,103.76
2026,doing,science,30,876,44,5141,2.001,57.07
2026,doing,modeling,22,876,32,5141,2.012,42.23
2026,doing,performance,63,876,170,5141,1.121,40.47
2026,doing,system,102,876,338,5141,0.825,38.17
2026,doing,landscape,47,876,124,5141,1.153,31.5
2026,doing,material,114,876,419,5141,0.675,29.69
2026,doing,model,48,876,142,5141,0.988,24.13
2026,doing,tool,43,876,124,5141,1.025,23.06
2026,doing,mapping,28,876,69,5141,1.252,21.6
2026,doing,drawing,22,876,50,5141,1.369,19.99
2026,doing,map,19,876,40,5141,1.479,19.95
2026,doing,climate,144,876,608,5141,0.475,19.94
2026,doing,output,16,876,32,5141,1.553,18.4
2026,doing,form,36,876,106,5141,0.995,18.17
2026,doing,scale,50,876,167,5141,0.813,17.48
2026,doing,risk,25,876,66,5141,1.153,16.49
2026,doing,design,203,876,940,5141,0.342,16.09
2026,doing,framework,50,876,172,5141,0.771,15.8
2026,doing,narrative,24,876,64,5141,1.138,15.45
2026,doing,project,77,876,300,5141,0.591,15.1
2026,doing,building,73,876,285,5141,0.588,14.13
2026,doing,infrastructure,49,876,174,5141,0.725,13.79
2026,doing,outcome,26,876,76,5141,1.006,13.29
2026,doing,strategy,51,876,186,5141,0.686,12.97
2026,doing,future,18,876,48,5141,1.138,11.54
2026,doing,user,10,876,20,5141,1.553,11.46
2026,doing,technology,26,876,81,5141,0.914,11.11
2026,doing,energy,43,876,156,5141,0.694,11.09
2026,doing,diagram,13,876,32,5141,1.253,9.96
2026,doing,contribution,16,876,44,5141,1.094,9.51
2026,doing,access,20,876,60,5141,0.968,9.48
2026,doing,city,36,876,130,5141,0.701,9.4
2026,doing,migration,9,876,19,5141,1.475,9.35
2026,doing,housing,26,876,86,5141,0.827,9.21
2026,doing,scenario,15,876,41,5141,1.102,9.04
2026,doing,method,26,876,88,5141,0.794,8.53
2026,doing,campus,9,876,20,5141,1.401,8.48
2026,doing,community,80,876,351,5141,0.42,8.2
2026,doing,documentation,13,876,35,5141,1.124,8.12
2026,doing,management,10,876,24,5141,1.29,8.07
2026,doing,industry,14,876,39,5141,1.075,8.04
2026,doing,street,7,876,14,5141,1.553,8.01
2026,doing,island,6,876,11,5141,1.679,7.97
2026,doing,decarbonization,11,876,28,5141,1.205,7.82
2026,doing,extraction,17,876,52,5141,0.94,7.61
2026,doing,heat,21,876,69,5141,0.837,7.58
2026,doing,simulation,16,876,48,5141,0.968,7.56
2026,doing,movement,10,876,25,5141,1.231,7.39
2026,doing,visualization,10,876,25,5141,1.231,7.39
2026,doing,family,4,876,6,5141,1.968,7.28
2026,doing,wood,4,876,6,5141,1.968,7.28
2026,doing,mass,4,876,6,5141,1.968,7.28
2026,doing,prototype,14,876,41,5141,1.003,7.06
2026,doing,waste,14,876,41,5141,1.003,7.06
2026,doing,datum,22,876,75,5141,0.784,7.02
2026,doing,time,27,876,99,5141,0.679,6.59
2026,doing,politic,3,876,4,5141,2.138,6.5
2026,doing,impact,36,876,142,5141,0.573,6.42
2026,doing,site,49,876,206,5141,0.481,6.33
2026,doing,exhibition,15,876,47,5141,0.905,6.25
2026,doing,idea,7,876,16,5141,1.36,6.23
2026,doing,selection,7,876,16,5141,1.36,6.23
2026,doing,house,7,876,16,5141,1.36,6.23
2026,doing,methodology,12,876,35,5141,1.009,6.11
2026,doing,vulnerability,15,876,48,5141,0.875,5.86
2026,doing,space,31,876,121,5141,0.588,5.79
2026,doing,warming,5,876,10,5141,1.553,5.72
2026,doing,medium,12,876,36,5141,0.968,5.66
2026,doing,installation,10,876,28,5141,1.068,5.66
2026,doing,river,10,876,28,5141,1.068,5.66
2026,doing,weather,11,876,32,5141,1.012,5.64
2026,doing,experimentation,8,876,21,5141,1.161,5.29
2026,doing,image,8,876,21,5141,1.161,5.29
2026,doing,policy,18,876,63,5141,0.746,5.21
2026,doing,quality,11,876,33,5141,0.968,5.18
2026,doing,power,11,876,33,5141,0.968,5.18
2026,doing,evaluation,6,876,14,5141,1.331,5.12
2026,doing,representation,13,876,42,5141,0.861,4.92
2026,doing,dynamic,7,876,18,5141,1.19,4.85
2026,doing,pilot,7,876,18,5141,1.19,4.85
2026,doing,document,5,876,11,5141,1.416,4.79
2026,doing,number,5,876,11,5141,1.416,4.79
2026,doing,investment,5,876,11,5141,1.416,4.79
2026,doing,reference,5,876,11,5141,1.416,4.79
2026,doing,pattern,9,876,26,5141,1.023,4.69
2026,doing,typology,9,876,26,5141,1.023,4.69
2026,doing,ground,9,876,26,5141,1.023,4.69
2026,doing,experience,35,876,146,5141,0.493,4.67
2026,doing,architecture,73,876,341,5141,0.329,4.66
2026,doing,production,16,876,56,5141,0.746,4.62
2026,doing,transportation,4,876,8,5141,1.553,4.57
2026,doing,condition,41,876,177,5141,0.443,4.49
2026,doing,order,6,876,15,5141,1.231,4.42
2026,doing,result,7,876,19,5141,1.112,4.27
2026,doing,home,7,876,19,5141,1.112,4.27
2026,doing,life,19,876,71,5141,0.651,4.26
2026,doing,product,8,876,23,5141,1.029,4.22
2026,doing,set,8,876,23,5141,1.029,4.22
2026,doing,objective,8,876,23,5141,1.029,4.22
2026,doing,engineering,8,876,23,5141,1.029,4.22
2026,doing,area,14,876,49,5141,0.746,4.04
2026,doing,maintenance,5,876,12,5141,1.29,4.02
2026,doing,structure,24,876,96,5141,0.553,3.96
2026,doing,component,20,876,77,5141,0.608,3.94
2026,doing,application,13,876,45,5141,0.762,3.9
2026,doing,build,15,876,54,5141,0.705,3.9
2026,doing,detail,6,876,16,5141,1.138,3.82
2026,doing,panel,6,876,16,5141,1.138,3.82
2026,doing,capacity,9,876,28,5141,0.916,3.81
2026,doing,generation,8,876,24,5141,0.968,3.76
2026,doing,shift,7,876,20,5141,1.038,3.75
2026,doing,leader,7,876,20,5141,1.038,3.75
2026,doing,version,4,876,9,5141,1.383,3.67
2026,doing,era,4,876,9,5141,1.383,3.67
2026,doing,act,4,876,9,5141,1.383,3.67
2026,doing,face,4,876,9,5141,1.383,3.67
2026,doing,discourse,11,876,37,5141,0.803,3.64
2026,doing,change,48,876,219,5141,0.363,3.61
2026,doing,people,13,876,46,5141,0.73,3.6
2026,doing,challenge,23,876,93,5141,0.537,3.59
2026,doing,principle,10,876,33,5141,0.831,3.53
2026,doing,construction,35,876,153,5141,0.425,3.52
2026,doing,theory,7,876,74,5141,-0.849,3.52
2026,doing,timber,5,876,13,5141,1.175,3.37
2026,doing,living,5,876,13,5141,1.175,3.37
2026,doing,envelope,8,876,25,5141,0.909,3.34
2026,doing,economy,11,876,38,5141,0.765,3.32
2026,doing,exploration,6,876,17,5141,1.051,3.28
2026,doing,layer,6,876,17,5141,1.051,3.28
2026,doing,criterion,6,876,17,5141,1.051,3.28
2026,doing,knowledge,23,876,95,5141,0.507,3.2
2026,doing,sequence,11,876,39,5141,0.727,3.02
2026,doing,report,4,876,10,5141,1.231,2.95
2026,doing,desert,4,876,10,5141,1.231,2.95
2026,doing,frame,4,876,10,5141,1.231,2.95
2026,doing,intersection,12,876,44,5141,0.679,2.89
2026,doing,today,7,876,22,5141,0.901,2.87
2026,doing,exercise,7,876,22,5141,0.901,2.87
2026,doing,attention,7,876,22,5141,0.901,2.87
2026,doing,effect,7,876,22,5141,0.901,2.87
2026,doing,storm,7,876,22,5141,0.901,2.87
2026,doing,film,7,876,22,5141,0.901,2.87
2026,doing,visit,6,876,18,5141,0.968,2.82
2026,doing,aspect,6,876,18,5141,0.968,2.82
2026,doing,operation,6,876,18,5141,0.968,2.82
2026,doing,ecosystem,5,876,14,5141,1.068,2.82
2026,doing,ecology,13,876,49,5141,0.639,2.79
2026,doing,sustainability,11,876,99,5141,-0.617,2.79
2026,doing,approach,23,876,98,5141,0.462,2.68
2026,doing,reality,15,876,59,5141,0.577,2.66
2026,doing,concept,12,876,45,5141,0.646,2.63
2026,doing,goal,10,876,36,5141,0.705,2.59
2026,doing,position,10,876,36,5141,0.705,2.59
2026,doing,property,3,876,7,5141,1.331,2.56
2026,doing,collaboration,19,876,79,5141,0.497,2.54
2026,doing,partner,14,876,55,5141,0.579,2.5
2026,doing,foundation,9,876,32,5141,0.723,2.44
2026,doing,geography,9,876,32,5141,0.723,2.44
2026,doing,imagination,6,876,19,5141,0.89,2.4
2026,doing,gas,4,876,11,5141,1.094,2.36
2026,doing,injustice,4,876,11,5141,1.094,2.36
2026,doing,interaction,4,876,11,5141,1.094,2.36
2026,doing,level,21,876,90,5141,0.454,2.36
2026,doing,supply,4,876,11,5141,1.094,2.36
2026,doing,service,5,876,15,5141,0.968,2.35
2026,doing,humanity,5,876,15,5141,0.968,2.35
2026,doing,thought,5,876,15,5141,0.968,2.35
2026,doing,iteration,8,876,28,5141,0.746,2.3
2026,doing,element,8,876,28,5141,0.746,2.3
2026,doing,opportunity,11,876,42,5141,0.62,2.23
2026,doing,solution,5,876,51,5141,-0.797,2.18
2026,doing,flow,7,876,24,5141,0.775,2.16
2026,doing,technique,9,876,33,5141,0.679,2.16
2026,doing,constraint,8,876,29,5141,0.695,2.01
2026,doing,type,5,876,16,5141,0.875,1.94
2026,doing,notion,3,876,8,5141,1.138,1.9
2026,doing,water,19,876,83,5141,0.426,1.89
2026,doing,cost,4,876,12,5141,0.968,1.87
2026,doing,alternative,4,876,12,5141,0.968,1.87
2026,doing,colleague,4,876,12,5141,0.968,1.87
2026,doing,addition,7,876,25,5141,0.717,1.86
2026,doing,force,7,876,25,5141,0.717,1.86
2026,doing,assembly,11,876,44,5141,0.553,1.79
2026,doing,mitigation,8,876,30,5141,0.646,1.75
2026,doing,question,18,876,79,5141,0.419,1.73
2026,doing,format,6,876,21,5141,0.746,1.72
2026,doing,carbon,25,876,115,5141,0.351,1.72
2026,doing,test,6,876,21,5141,0.746,1.72
2026,doing,behavior,6,876,21,5141,0.746,1.72
2026,doing,connection,6,876,21,5141,0.746,1.72
2026,doing,section,9,876,35,5141,0.594,1.68
2026,doing,practice,57,876,287,5141,0.221,1.65
2026,doing,making,10,876,40,5141,0.553,1.63
2026,doing,history,20,876,90,5141,0.383,1.62
2026,doing,potential,7,876,26,5141,0.66,1.59
2026,doing,urbanism,7,876,26,5141,0.66,1.59
2026,doing,governance,7,876,26,5141,0.66,1.59
2026,doing,ability,8,876,31,5141,0.599,1.51
2026,doing,efficiency,4,876,13,5141,0.853,1.48
2026,doing,principal,4,876,13,5141,0.853,1.48
2026,doing,zone,4,876,13,5141,0.853,1.48
2026,doing,benefit,4,876,13,5141,0.853,1.48
2026,doing,location,4,876,13,5141,0.853,1.48
2026,doing,list,4,876,13,5141,0.853,1.48
2026,doing,content,6,876,22,5141,0.679,1.44
2026,doing,value,11,876,46,5141,0.489,1.42
2026,doing,response,12,876,51,5141,0.466,1.41
2026,doing,greenhouse,3,876,9,5141,0.968,1.41
2026,doing,agent,3,876,9,5141,0.968,1.41
2026,doing,tree,3,876,9,5141,0.968,1.41
2026,doing,topic,6,876,53,5141,-0.59,1.37
2026,doing,state,7,876,27,5141,0.606,1.35
2026,doing,justice,18,876,82,5141,0.365,1.33
2026,doing,discipline,8,876,32,5141,0.553,1.3
2026,doing,territory,8,876,32,5141,0.553,1.3
2026,doing,planet,5,876,18,5141,0.705,1.29
2026,doing,tradition,5,876,18,5141,0.705,1.29
2026,doing,educator,4,876,38,5141,-0.695,1.29
2026,doing,feedback,10,876,42,5141,0.483,1.25
2026,doing,unit,6,876,23,5141,0.614,1.19
2026,doing,body,6,876,23,5141,0.614,1.19
2026,doing,wall,4,876,14,5141,0.746,1.15
2026,doing,intervention,15,876,68,5141,0.372,1.15
2026,doing,pollution,4,876,14,5141,0.746,1.15
2026,doing,data,4,876,14,5141,0.746,1.15
2026,doing,testing,7,876,28,5141,0.553,1.14
2026,doing,resilience,12,876,92,5141,-0.386,1.13
2026,doing,institution,3,876,29,5141,-0.72,1.05
2026,doing,culture,3,876,29,5141,-0.72,1.05
2026,doing,introduction,5,876,19,5141,0.627,1.03
2026,doing,function,5,876,19,5141,0.627,1.03
2026,doing,care,5,876,19,5141,0.627,1.03
2026,doing,activity,5,876,19,5141,0.627,1.03
2026,doing,soil,5,876,19,5141,0.627,1.03
2026,doing,nation,3,876,10,5141,0.816,1.02
2026,doing,exchange,3,876,10,5141,0.816,1.02
2026,doing,participant,3,876,10,5141,0.816,1.02
2026,doing,plant,3,876,10,5141,0.816,1.02
2026,doing,fabrication,13,876,59,5141,0.371,0.98
2026,doing,decade,6,876,24,5141,0.553,0.97
2026,doing,stream,6,876,24,5141,0.553,0.97
2026,doing,scholarship,6,876,24,5141,0.553,0.97
2026,doing,flood,6,876,24,5141,0.553,0.97
2026,doing,book,7,876,29,5141,0.502,0.95
2026,doing,investigation,7,876,29,5141,0.502,0.95
2026,doing,precedent,9,876,39,5141,0.438,0.93
2026,doing,labor,9,876,39,5141,0.438,0.93
2026,doing,point,8,876,34,5141,0.466,0.93
2026,doing,place,14,876,65,5141,0.338,0.89
2026,doing,engagement,21,876,102,5141,0.273,0.88
2026,doing,growth,4,876,15,5141,0.646,0.87
2026,doing,innovation,4,876,35,5141,-0.576,0.87
2026,doing,stage,4,876,15,5141,0.646,0.87
2026,doing,factor,5,876,20,5141,0.553,0.81
2026,doing,conference,3,876,27,5141,-0.617,0.75
2026,doing,thinking,12,876,56,5141,0.331,0.73
2026,doing,problem,12,876,56,5141,0.331,0.73
2026,doing,habitat,3,876,11,5141,0.679,0.72
2026,doing,designer,6,876,47,5141,-0.417,0.66
2026,doing,critique,4,876,16,5141,0.553,0.65
2026,doing,stress,4,876,16,5141,0.553,0.65
2026,doing,example,5,876,21,5141,0.483,0.62
2026,doing,network,6,876,26,5141,0.438,0.62
2026,doing,reflection,5,876,21,5141,0.483,0.62
2026,doing,object,5,876,21,5141,0.483,0.62
2026,doing,recovery,3,876,26,5141,-0.562,0.62
2026,doing,food,5,876,21,5141,0.483,0.62
2026,doing,resource,17,876,84,5141,0.248,0.59
2026,doing,architect,21,876,106,5141,0.217,0.57
2026,doing,emphasis,9,876,42,5141,0.331,0.54
2026,doing,commitment,5,876,39,5141,-0.41,0.53
2026,doing,issue,8,876,37,5141,0.344,0.52
2026,doing,leadership,4,876,32,5141,-0.447,0.51
2026,doing,socio,3,876,12,5141,0.553,0.49
2026,doing,audience,3,876,12,5141,0.553,0.49
2026,doing,footprint,3,876,12,5141,0.553,0.49
2026,doing,fuel,3,876,12,5141,0.553,0.49
2026,doing,event,3,876,25,5141,-0.506,0.49
2026,doing,action,6,876,27,5141,0.383,0.48
2026,doing,peer,6,876,27,5141,0.383,0.48
2026,doing,decision,13,876,64,5141,0.253,0.47
2026,doing,awareness,5,876,22,5141,0.416,0.47
2026,doing,founder,4,876,17,5141,0.466,0.47
2026,doing,standard,5,876,22,5141,0.416,0.47
2026,doing,dialogue,5,876,22,5141,0.416,0.47
2026,doing,human,4,876,17,5141,0.466,0.47
2026,doing,facility,5,876,22,5141,0.416,0.47
2026,doing,agency,9,876,43,5141,0.297,0.44
2026,doing,planning,7,876,51,5141,-0.312,0.42
2026,doing,logic,7,876,33,5141,0.316,0.39
2026,doing,crisis,10,876,49,5141,0.26,0.38
2026,doing,rise,3,876,24,5141,-0.447,0.38
2026,doing,lab,5,876,23,5141,0.351,0.34
2026,doing,finding,5,876,23,5141,0.351,0.34
2026,doing,implication,5,876,23,5141,0.351,0.34
2026,doing,adaptation,14,876,94,5141,-0.194,0.32
2026,doing,sea,8,876,39,5141,0.268,0.32
2026,doing,trip,4,876,18,5141,0.383,0.32
2026,doing,surface,3,876,13,5141,0.438,0.31
2026,doing,artist,3,876,13,5141,0.438,0.31
2026,doing,emission,6,876,43,5141,-0.288,0.31
2026,doing,view,3,876,13,5141,0.438,0.31
2026,doing,vision,3,876,13,5141,0.438,0.31
2026,doing,inequity,3,876,13,5141,0.438,0.31
2026,doing,consumption,3,876,13,5141,0.438,0.31
2026,doing,responsibility,12,876,61,5141,0.207,0.29
2026,doing,ethic,7,876,34,5141,0.273,0.29
2026,doing,transformation,7,876,34,5141,0.273,0.29
2026,doing,health,10,876,68,5141,-0.212,0.28
2026,doing,session,3,876,23,5141,-0.386,0.28
2026,doing,implementation,6,876,42,5141,-0.254,0.24
2026,doing,integration,10,876,51,5141,0.203,0.23
2026,doing,comfort,7,876,48,5141,-0.225,0.22
2026,doing,partnership,7,876,35,5141,0.231,0.21
2026,doing,mode,4,876,19,5141,0.305,0.21
2026,doing,stakeholder,4,876,19,5141,0.305,0.21
2026,doing,source,4,876,19,5141,0.305,0.21
2026,doing,reuse,8,876,54,5141,-0.202,0.2
2026,doing,lighting,6,876,41,5141,-0.22,0.18
2026,doing,requirement,3,876,14,5141,0.331,0.18
2026,doing,conversation,3,876,14,5141,0.331,0.18
2026,doing,region,10,876,52,5141,0.175,0.17
2026,doing,equity,12,876,78,5141,-0.147,0.16
2026,doing,initiative,11,876,58,5141,0.154,0.15
2026,doing,nature,5,876,25,5141,0.231,0.15
2026,doing,inquiry,14,876,75,5141,0.132,0.14
2026,doing,resident,4,876,20,5141,0.231,0.12
2026,doing,exposure,6,876,31,5141,0.184,0.11
2026,doing,control,4,876,27,5141,-0.202,0.1
2026,doing,effort,4,876,27,5141,-0.202,0.1
2026,doing,perception,3,876,15,5141,0.231,0.09
2026,doing,heritage,3,876,15,5141,0.231,0.09
2026,doing,workflow,5,876,26,5141,0.175,0.09
2026,doing,forest,3,876,15,5141,0.231,0.09
2026,doing,boundary,3,876,15,5141,0.231,0.09
2026,doing,land,8,876,43,5141,0.127,0.07
2026,doing,relation,6,876,32,5141,0.138,0.06
2026,doing,concern,4,876,21,5141,0.161,0.06
2026,doing,complexity,3,876,20,5141,-0.184,0.06
2026,doing,population,5,876,32,5141,-0.125,0.05
2026,doing,hand,6,876,38,5141,-0.11,0.04
2026,doing,insight,3,876,16,5141,0.138,0.03
2026,doing,mobility,3,876,16,5141,0.138,0.03
2026,doing,disaster,3,876,16,5141,0.138,0.03
2026,doing,preservation,3,876,16,5141,0.138,0.03
2026,doing,communication,3,876,16,5141,0.138,0.03
2026,doing,text,3,876,16,5141,0.138,0.03
2026,doing,deliverable,3,876,16,5141,0.138,0.03
2026,doing,story,3,876,16,5141,0.138,0.03
2026,doing,world,10,876,61,5141,-0.056,0.02
2026,doing,organization,8,876,49,5141,-0.062,0.02
2026,doing,theme,4,876,25,5141,-0.091,0.02
2026,doing,laboratory,3,876,19,5141,-0.11,0.02
2026,doing,art,3,876,19,5141,-0.11,0.02
2026,doing,platform,5,876,28,5141,0.068,0.01
2026,doing,century,6,876,34,5141,0.051,0.01
2026,doing,cycle,5,876,29,5141,0.017,0.0
2026,doing,earth,3,876,17,5141,0.051,0.0
2026,doing,neighborhood,8,876,46,5141,0.029,0.0
2026,doing,presentation,8,876,48,5141,-0.032,0.0
2026,doing,meeting,3,876,17,5141,0.051,0.0
2026,doing,assessment,5,876,29,5141,0.017,0.0
2026,doing,travel,3,876,17,5141,0.051,0.0
2026,doing,specie,3,876,17,5141,0.051,0.0
2026,doing,range,4,876,24,5141,-0.032,0.0
2026,doing,evidence,8,876,48,5141,-0.032,0.0
2026,doing,temperature,3,876,18,5141,-0.032,0.0
2026,doing,society,4,876,24,5141,-0.032,0.0
2026,doing,library,4,876,24,5141,-0.032,0.0
2026,doing,line,3,876,18,5141,-0.032,0.0
2020,environment_negative,water,13,117,105,6144,2.701,29.0
2020,environment_negative,woman,6,117,24,6144,3.715,21.51
2020,environment_negative,supply,6,117,32,6144,3.3,17.91
2020,environment_negative,system,14,117,208,6144,1.822,16.71
2020,environment_negative,place,7,117,60,6144,2.615,14.57
2020,environment_negative,air,5,117,28,6144,3.229,14.4
2020,environment_negative,community,14,117,238,6144,1.627,13.87
2020,environment_negative,plant,4,117,19,6144,3.467,12.83
2020,environment_negative,change,22,117,519,6144,1.154,12.72
2020,environment_negative,child,3,117,9,6144,4.13,12.61
2020,environment_negative,emission,5,117,34,6144,2.949,12.5
2020,environment_negative,land,6,117,53,6144,2.572,12.13
2020,environment_negative,fuel,4,117,26,6144,3.014,10.32
2020,environment_negative,representation,5,117,43,6144,2.61,10.31
2020,environment_negative,edge,3,117,13,6144,3.599,10.17
2020,environment_negative,effect,6,117,64,6144,2.3,10.14
2020,environment_negative,capital,4,117,27,6144,2.96,10.03
2020,environment_negative,literature,3,117,14,6144,3.492,9.71
2020,environment_negative,implication,3,117,15,6144,3.393,9.28
2020,environment_negative,dynamic,4,117,30,6144,2.808,9.23
2020,environment_negative,cycle,3,117,16,6144,3.3,8.89
2020,environment_negative,climate,23,117,644,6144,0.907,8.8
2020,environment_negative,movement,3,117,17,6144,3.212,8.52
2020,environment_negative,fossil,3,117,17,6144,3.212,8.52
2020,environment_negative,greenhouse,3,117,17,6144,3.212,8.52
2020,environment_negative,problem,6,117,77,6144,2.033,8.3
2020,environment_negative,power,5,117,55,6144,2.255,8.16
2020,environment_negative,ability,3,117,19,6144,3.052,7.87
2020,environment_negative,force,3,117,19,6144,3.052,7.87
2020,environment_negative,inequality,3,117,19,6144,3.052,7.87
2020,environment_negative,code,3,117,19,6144,3.052,7.87
2020,environment_negative,gas,3,117,21,6144,2.907,7.29
2020,environment_negative,city,11,117,236,6144,1.291,7.26
2020,environment_negative,diversity,3,117,24,6144,2.715,6.55
2020,environment_negative,access,3,117,24,6144,2.715,6.55
2020,environment_negative,building,10,117,228,6144,1.204,5.81
2020,environment_negative,neighborhood,3,117,28,6144,2.492,5.71
2020,environment_negative,strategy,6,117,105,6144,1.585,5.49
2020,environment_negative,architect,8,117,168,6144,1.322,5.41
2020,environment_negative,housing,5,117,78,6144,1.751,5.38
2020,environment_negative,population,3,117,31,6144,2.345,5.18
2020,environment_negative,infrastructure,9,117,206,6144,1.198,5.16
2020,environment_negative,approach,6,117,110,6144,1.518,5.1
2020,environment_negative,property,3,117,33,6144,2.255,4.86
2020,environment_negative,carbon,5,117,85,6144,1.627,4.76
2020,environment_negative,drawing,3,117,35,6144,2.17,4.57
2020,environment_negative,section,3,117,35,6144,2.17,4.57
2020,environment_negative,principle,3,117,35,6144,2.17,4.57
2020,environment_negative,impact,7,117,150,6144,1.293,4.53
2020,environment_negative,production,4,117,60,6144,1.808,4.52
2020,environment_negative,oil,3,117,36,6144,2.13,4.43
2020,environment_negative,life,4,117,68,6144,1.627,3.79
2020,environment_negative,engineering,3,117,43,6144,1.873,3.59
2020,environment_negative,material,8,117,208,6144,1.014,3.4
2020,environment_negative,engagement,3,117,46,6144,1.776,3.28
2020,environment_negative,territory,3,117,46,6144,1.776,3.28
2020,environment_negative,people,3,117,47,6144,1.745,3.18
2020,environment_negative,nature,4,117,78,6144,1.429,3.04
2020,environment_negative,rise,3,117,50,6144,1.656,2.91
2020,environment_negative,form,4,117,84,6144,1.322,2.65
2020,environment_negative,area,4,117,84,6144,1.322,2.65
2020,environment_negative,region,4,117,86,6144,1.288,2.54
2020,environment_negative,energy,6,117,156,6144,1.014,2.52
2020,environment_negative,architecture,14,117,490,6144,0.585,2.28
2020,environment_negative,interest,3,117,59,6144,1.417,2.23
2020,environment_negative,resilience,3,117,62,6144,1.345,2.04
2020,environment_negative,environment,8,117,250,6144,0.749,1.97
2020,environment_negative,space,4,117,98,6144,1.1,1.92
2020,environment_negative,crisis,3,117,69,6144,1.191,1.65
2020,environment_negative,designer,3,117,70,6144,1.17,1.6
2020,environment_negative,technology,4,117,108,6144,0.96,1.5
2020,environment_negative,policy,3,117,73,6144,1.11,1.45
2020,environment_negative,condition,3,117,74,6144,1.09,1.41
2020,environment_negative,resource,4,117,112,6144,0.907,1.36
2020,environment_negative,knowledge,4,117,114,6144,0.882,1.29
2020,environment_negative,construction,3,117,83,6144,0.925,1.05
2020,environment_negative,society,3,117,88,6144,0.84,0.88
2020,environment_negative,project,8,117,309,6144,0.443,0.74
2020,environment_negative,future,3,117,98,6144,0.685,0.61
2020,environment_negative,history,5,117,188,6144,0.482,0.53
2020,environment_negative,question,3,117,106,6144,0.572,0.43
2020,environment_negative,time,3,117,114,6144,0.467,0.29
2020,environment_negative,design,15,117,692,6144,0.187,0.28
2020,environment_negative,scale,3,117,132,6144,0.255,0.09
2020,environment_negative,site,3,117,132,6144,0.255,0.09
2020,environment_negative,practice,4,117,187,6144,0.168,0.05
2020,environment_negative,issue,4,117,193,6144,0.122,0.03
2021,environment_negative,people,13,94,67,6273,3.695,46.56
2021,environment_negative,disaster,7,94,24,6273,4.283,30.84
2021,environment_negative,weather,6,94,16,6273,4.645,29.91
2021,environment_negative,oil,5,94,20,6273,4.06,20.21
2021,environment_negative,resource,9,94,95,6273,2.66,19.32
2021,environment_negative,home,6,94,37,6273,3.436,18.87
2021,environment_negative,fuel,4,94,15,6273,4.153,16.7
2021,environment_negative,pollution,4,94,15,6273,4.153,16.7
2021,environment_negative,plant,3,94,7,6273,4.838,15.86
2021,environment_negative,family,4,94,19,6273,3.812,14.65
2021,environment_negative,industry,5,94,37,6273,3.173,13.89
2021,environment_negative,property,4,94,22,6273,3.601,13.44
2021,environment_negative,criterion,4,94,22,6273,3.601,13.44
2021,environment_negative,water,6,94,60,6273,2.738,13.32
2021,environment_negative,model,6,94,78,6273,2.36,10.54
2021,environment_negative,life,6,94,79,6273,2.342,10.41
2021,environment_negative,land,4,94,36,6273,2.89,9.59
2021,environment_negative,coal,4,94,37,6273,2.851,9.38
2021,environment_negative,environment,11,94,265,6273,1.47,9.12
2021,environment_negative,risk,3,94,20,6273,3.323,8.89
2021,environment_negative,gas,3,94,20,6273,3.323,8.89
2021,environment_negative,soil,3,94,21,6273,3.253,8.6
2021,environment_negative,body,3,94,23,6273,3.122,8.07
2021,environment_negative,network,3,94,24,6273,3.06,7.83
2021,environment_negative,boundary,3,94,24,6273,3.06,7.83
2021,environment_negative,potential,4,94,47,6273,2.506,7.66
2021,environment_negative,community,10,94,252,6273,1.405,7.63
2021,environment_negative,system,8,94,178,6273,1.585,7.39
2021,environment_negative,site,7,94,142,6273,1.718,7.37
2021,environment_negative,structure,5,94,82,6273,2.025,6.83
2021,environment_negative,waste,3,94,30,6273,2.738,6.59
2021,environment_negative,energy,8,94,206,6273,1.374,5.8
2021,environment_negative,health,5,94,94,6273,1.828,5.77
2021,environment_negative,point,3,94,37,6273,2.436,5.47
2021,environment_negative,problem,4,94,66,6273,2.016,5.4
2021,environment_negative,place,4,94,67,6273,1.994,5.3
2021,environment_negative,example,3,94,40,6273,2.323,5.07
2021,environment_negative,neighborhood,3,94,43,6273,2.219,4.71
2021,environment_negative,building,9,94,275,6273,1.127,4.66
2021,environment_negative,landscape,4,94,75,6273,1.832,4.61
2021,environment_negative,production,3,94,46,6273,2.122,4.38
2021,environment_negative,emission,3,94,46,6273,2.122,4.38
2021,environment_negative,city,6,94,159,6273,1.332,4.08
2021,environment_negative,power,3,94,49,6273,2.031,4.08
2021,environment_negative,carbon,4,94,85,6273,1.651,3.87
2021,environment_negative,region,3,94,52,6273,1.945,3.8
2021,environment_negative,change,8,94,280,6273,0.931,2.94
2021,environment_negative,justice,3,94,64,6273,1.645,2.87
2021,environment_negative,impact,4,94,109,6273,1.292,2.55
2021,environment_negative,approach,4,94,113,6273,1.24,2.37
2021,environment_negative,level,3,94,74,6273,1.436,2.28
2021,environment_negative,infrastructure,3,94,82,6273,1.288,1.89
2021,environment_negative,performance,3,94,85,6273,1.236,1.76
2021,environment_negative,technology,3,94,86,6273,1.219,1.71
2021,environment_negative,climate,9,94,387,6273,0.634,1.66
2021,environment_negative,world,3,94,96,6273,1.06,1.34
2021,environment_negative,future,3,94,97,6273,1.045,1.31
2021,environment_negative,material,5,94,199,6273,0.746,1.2
2021,environment_negative,sustainability,3,94,104,6273,0.945,1.09
2021,environment_negative,issue,4,94,158,6273,0.757,0.98
2021,environment_negative,practice,3,94,172,6273,0.219,0.07
2021,environment_negative,architecture,5,94,367,6273,-0.137,0.05
2021,environment_negative,design,10,94,698,6273,-0.065,0.02
2022,environment_negative,behavior,4,69,9,2961,4.253,18.16
2022,environment_negative,resource,7,69,60,2961,2.324,12.39
2022,environment_negative,environment,10,69,127,2961,1.757,11.47
2022,environment_negative,finding,3,69,10,2961,3.686,10.78
2022,environment_negative,landscape,5,69,49,2961,2.131,7.6
2022,environment_negative,population,3,69,17,2961,2.921,7.47
2022,environment_negative,experience,5,69,55,2961,1.964,6.65
2022,environment_negative,growth,3,69,20,2961,2.686,6.55
2022,environment_negative,region,3,69,20,2961,2.686,6.55
2022,environment_negative,city,8,69,128,2961,1.423,6.36
2022,environment_negative,impact,5,69,61,2961,1.815,5.84
2022,environment_negative,carbon,4,69,42,2961,2.031,5.59
2022,environment_negative,community,8,69,138,2961,1.315,5.55
2022,environment_negative,intervention,3,69,24,2961,2.423,5.55
2022,environment_negative,quality,3,69,25,2961,2.364,5.33
2022,environment_negative,climate,10,69,204,2961,1.073,4.97
2022,environment_negative,economy,3,69,27,2961,2.253,4.94
2022,environment_negative,society,3,69,27,2961,2.253,4.94
2022,environment_negative,land,4,69,51,2961,1.751,4.37
2022,environment_negative,water,4,69,55,2961,1.642,3.92
2022,environment_negative,strategy,5,69,81,2961,1.405,3.79
2022,environment_negative,issue,5,69,82,2961,1.388,3.71
2022,environment_negative,practice,5,69,86,2961,1.319,3.4
2022,environment_negative,place,3,69,40,2961,1.686,3.05
2022,environment_negative,scale,5,69,93,2961,1.206,2.91
2022,environment_negative,model,4,69,68,2961,1.336,2.76
2022,environment_negative,building,6,69,139,2961,0.889,2.05
2022,environment_negative,justice,3,69,54,2961,1.253,1.83
2022,environment_negative,system,5,69,118,2961,0.863,1.6
2022,environment_negative,area,3,69,61,2961,1.078,1.4
2022,environment_negative,world,3,69,65,2961,0.986,1.2
2022,environment_negative,infrastructure,3,69,66,2961,0.964,1.15
2022,environment_negative,change,5,69,132,2961,0.701,1.1
2022,environment_negative,history,3,69,67,2961,0.942,1.1
2022,environment_negative,project,6,69,169,2961,0.607,1.02
2022,environment_negative,energy,3,69,70,2961,0.879,0.97
2022,environment_negative,site,4,69,136,2961,0.336,0.22
2022,environment_negative,design,7,69,331,2961,-0.14,0.08
2022,environment_negative,architecture,5,69,193,2961,0.153,0.06
2023,environment_negative,people,9,77,63,3311,2.619,19.36
2023,environment_negative,area,8,77,59,3311,2.544,16.36
2023,environment_negative,climate,16,77,233,3311,1.562,15.67
2023,environment_negative,future,7,77,59,3311,2.351,12.57
2023,environment_negative,island,5,77,32,3311,2.748,11.39
2023,environment_negative,country,4,77,21,3311,3.034,10.61
2023,environment_negative,pollution,3,77,11,3311,3.552,10.15
2023,environment_negative,planet,3,77,12,3311,3.426,9.59
2023,environment_negative,change,9,77,133,3311,1.541,8.18
2023,environment_negative,city,7,77,87,3311,1.791,8.07
2023,environment_negative,condition,6,77,66,3311,1.967,8.02
2023,environment_negative,resource,5,77,50,3311,2.104,7.42
2023,environment_negative,population,4,77,33,3311,2.382,7.22
2023,environment_negative,thinking,3,77,18,3311,2.841,7.14
2023,environment_negative,extraction,3,77,19,3311,2.763,6.83
2023,environment_negative,world,6,77,75,3311,1.782,6.82
2023,environment_negative,access,3,77,20,3311,2.689,6.55
2023,environment_negative,today,3,77,21,3311,2.619,6.27
2023,environment_negative,migration,4,77,38,3311,2.178,6.25
2023,environment_negative,home,3,77,22,3311,2.552,6.02
2023,environment_negative,capacity,3,77,22,3311,2.552,6.02
2023,environment_negative,justice,4,77,42,3311,2.034,5.59
2023,environment_negative,practice,6,77,91,3311,1.503,5.12
2023,environment_negative,air,3,77,27,3311,2.256,4.94
2023,environment_negative,land,4,77,48,3311,1.841,4.74
2023,environment_negative,construction,5,77,74,3311,1.539,4.41
2023,environment_negative,neighborhood,3,77,30,3311,2.104,4.4
2023,environment_negative,organization,3,77,30,3311,2.104,4.4
2023,environment_negative,crisis,4,77,52,3311,1.726,4.25
2023,environment_negative,health,3,77,32,3311,2.011,4.09
2023,environment_negative,structure,4,77,54,3311,1.671,4.03
2023,environment_negative,space,6,77,106,3311,1.283,3.9
2023,environment_negative,time,4,77,56,3311,1.619,3.82
2023,environment_negative,environment,7,77,136,3311,1.146,3.77
2023,environment_negative,community,8,77,166,3311,1.051,3.73
2023,environment_negative,architecture,9,77,201,3311,0.945,3.51
2023,environment_negative,scale,4,77,65,3311,1.404,2.99
2023,environment_negative,impact,5,77,93,3311,1.209,2.91
2023,environment_negative,effect,3,77,44,3311,1.552,2.65
2023,environment_negative,level,3,77,45,3311,1.519,2.55
2023,environment_negative,architect,4,77,79,3311,1.122,2.02
2023,environment_negative,industry,3,77,54,3311,1.256,1.84
2023,environment_negative,form,3,77,58,3311,1.153,1.58
2023,environment_negative,landscape,3,77,62,3311,1.057,1.35
2023,environment_negative,heat,3,77,65,3311,0.989,1.2
2023,environment_negative,culture,3,77,66,3311,0.967,1.15
2023,environment_negative,infrastructure,3,77,71,3311,0.861,0.94
2023,environment_negative,design,8,77,391,3311,-0.185,0.16
2023,environment_negative,material,4,77,143,3311,0.266,0.14
2023,environment_negative,system,3,77,113,3311,0.191,0.05
2024,environment_negative,sea,5,73,10,3639,4.64,25.76
2024,environment_negative,emission,5,73,14,3639,4.154,21.52
2024,environment_negative,land,8,73,57,3639,2.807,18.98
2024,environment_negative,situation,4,73,10,3639,4.318,18.26
2024,environment_negative,climate,17,73,332,3639,1.352,13.25
2024,environment_negative,flood,3,73,8,3639,4.224,13.19
2024,environment_negative,degradation,3,73,9,3639,4.055,12.35
2024,environment_negative,pattern,3,73,15,3639,3.318,9.03
2024,environment_negative,challenge,7,73,93,3639,1.908,8.93
2024,environment_negative,change,10,73,176,3639,1.502,8.76
2024,environment_negative,neighborhood,5,73,53,3639,2.234,8.14
2024,environment_negative,outcome,4,73,34,3639,2.552,8.02
2024,environment_negative,oil,5,73,55,3639,2.18,7.83
2024,environment_negative,form,5,73,58,3639,2.103,7.38
2024,environment_negative,impact,6,73,84,3639,1.832,7.11
2024,environment_negative,life,5,73,60,3639,2.055,7.11
2024,environment_negative,time,5,73,65,3639,1.939,6.46
2024,environment_negative,future,7,73,119,3639,1.552,6.33
2024,environment_negative,partnership,3,73,24,3639,2.64,6.31
2024,environment_negative,community,9,73,183,3639,1.294,6.07
2024,environment_negative,justice,5,73,70,3639,1.832,5.89
2024,environment_negative,city,6,73,98,3639,1.61,5.73
2024,environment_negative,level,4,73,50,3639,1.996,5.39
2024,environment_negative,water,4,73,54,3639,1.885,4.9
2024,environment_negative,practice,6,73,109,3639,1.456,4.84
2024,environment_negative,resilience,3,73,33,3639,2.18,4.64
2024,environment_negative,intervention,3,73,34,3639,2.137,4.49
2024,environment_negative,state,3,73,35,3639,2.095,4.35
2024,environment_negative,construction,5,73,99,3639,1.332,3.43
2024,environment_negative,infrastructure,5,73,102,3639,1.289,3.24
2024,environment_negative,area,4,73,77,3639,1.373,2.87
2024,environment_negative,crisis,3,73,52,3639,1.524,2.56
2024,environment_negative,energy,4,73,86,3639,1.213,2.31
2024,environment_negative,tool,3,73,57,3639,1.392,2.19
2024,environment_negative,design,5,73,431,3639,-0.79,2.05
2024,environment_negative,world,4,73,99,3639,1.01,1.67
2024,environment_negative,region,3,73,67,3639,1.158,1.59
2024,environment_negative,scale,3,73,87,3639,0.782,0.78
2024,environment_negative,environment,3,73,111,3639,0.43,0.26
2024,environment_negative,space,3,73,115,3639,0.379,0.2
2024,environment_negative,site,3,73,133,3639,0.169,0.04
2024,environment_negative,project,4,73,189,3639,0.077,0.01
2025,environment_negative,event,6,56,28,3104,3.57,20.46
2025,environment_negative,view,3,56,6,3104,4.793,16.04
2025,environment_negative,weather,4,56,15,3104,3.886,15.38
2025,environment_negative,inequality,4,56,24,3104,3.208,11.46
2025,environment_negative,ecosystem,3,56,12,3104,3.793,11.07
2025,environment_negative,carbon,5,56,51,3104,2.442,9.42
2025,environment_negative,adaptation,3,56,17,3104,3.29,8.89
2025,environment_negative,water,4,56,35,3104,2.663,8.59
2025,environment_negative,climate,12,56,284,3104,1.228,7.83
2025,environment_negative,economy,3,56,24,3104,2.793,6.89
2025,environment_negative,life,4,56,46,3104,2.269,6.66
2025,environment_negative,people,3,56,29,3104,2.52,5.86
2025,environment_negative,health,3,56,32,3104,2.378,5.34
2025,environment_negative,region,3,56,36,3104,2.208,4.74
2025,environment_negative,resource,4,56,67,3104,1.726,4.26
2025,environment_negative,space,4,56,69,3104,1.684,4.09
2025,environment_negative,community,7,56,186,3104,1.061,3.34
2025,environment_negative,policy,3,56,57,3104,1.545,2.62
2025,environment_negative,city,4,56,93,3104,1.253,2.47
2025,environment_negative,infrastructure,3,56,64,3104,1.378,2.16
2025,environment_negative,material,4,56,128,3104,0.793,1.09
2025,environment_negative,landscape,3,56,92,3104,0.854,0.93
2025,environment_negative,change,4,56,146,3104,0.603,0.66
2025,environment_negative,practice,3,56,104,3104,0.677,0.6
2025,environment_negative,project,4,56,175,3104,0.341,0.23
2025,environment_negative,design,7,56,423,3104,-0.125,0.06
2026,environment_negative,sea,7,94,39,5141,3.295,20.94
2026,environment_negative,community,19,94,351,5141,1.566,18.48
2026,environment_negative,infrastructure,12,94,174,5141,1.915,15.59
2026,environment_negative,resource,8,94,84,5141,2.381,14.47
2026,environment_negative,population,5,94,32,5141,3.095,13.49
2026,environment_negative,home,4,94,19,5141,3.525,13.16
2026,environment_negative,oil,3,94,10,5141,4.036,12.14
2026,environment_negative,level,7,94,90,5141,2.089,10.21
2026,environment_negative,ecosystem,3,94,14,5141,3.551,9.95
2026,environment_negative,heat,6,94,69,5141,2.25,9.83
2026,environment_negative,exposure,4,94,31,5141,2.819,9.3
2026,environment_negative,territory,4,94,32,5141,2.773,9.06
2026,environment_negative,city,8,94,130,5141,1.751,8.78
2026,environment_negative,specie,3,94,17,5141,3.271,8.76
2026,environment_negative,temperature,3,94,18,5141,3.188,8.42
2026,environment_negative,planet,3,94,18,5141,3.188,8.42
2026,environment_negative,water,6,94,83,5141,1.983,8.01
2026,environment_negative,environment,8,94,140,5141,1.644,7.91
2026,environment_negative,waste,4,94,41,5141,2.416,7.28
2026,environment_negative,climate,20,94,608,5141,0.847,6.86
2026,environment_negative,decade,3,94,24,5141,2.773,6.77
2026,environment_negative,flood,3,94,24,5141,2.773,6.77
2026,environment_negative,rise,3,94,24,5141,2.773,6.77
2026,environment_negative,landscape,7,94,124,5141,1.626,6.76
2026,environment_negative,value,4,94,46,5141,2.25,6.49
2026,environment_negative,future,4,94,48,5141,2.188,6.21
2026,environment_negative,extraction,4,94,52,5141,2.073,5.68
2026,environment_negative,geography,3,94,32,5141,2.358,5.23
2026,environment_negative,relation,3,94,32,5141,2.358,5.23
2026,environment_negative,housing,5,94,86,5141,1.669,4.99
2026,environment_negative,change,9,94,219,5141,1.168,4.99
2026,environment_negative,system,12,94,338,5141,0.957,4.79
2026,environment_negative,space,6,94,121,5141,1.439,4.68
2026,environment_negative,health,4,94,68,5141,1.686,4.03
2026,environment_negative,time,5,94,99,5141,1.466,4.0
2026,environment_negative,lighting,3,94,41,5141,2.001,4.0
2026,environment_negative,opportunity,3,94,42,5141,1.966,3.89
2026,environment_negative,life,4,94,71,5141,1.623,3.79
2026,environment_negative,agency,3,94,43,5141,1.932,3.78
2026,environment_negative,people,3,94,46,5141,1.835,3.47
2026,environment_negative,crisis,3,94,49,5141,1.743,3.19
2026,environment_negative,ecology,3,94,49,5141,1.743,3.19
2026,environment_negative,area,3,94,49,5141,1.743,3.19
2026,environment_negative,topic,3,94,53,5141,1.63,2.84
2026,environment_negative,reuse,3,94,54,5141,1.603,2.76
2026,environment_negative,problem,3,94,56,5141,1.551,2.61
2026,environment_negative,building,9,94,285,5141,0.788,2.48
2026,environment_negative,risk,3,94,66,5141,1.314,1.96
2026,environment_negative,impact,5,94,142,5141,0.945,1.85
2026,environment_negative,energy,5,94,156,5141,0.81,1.4
2026,environment_negative,design,13,94,940,5141,-0.403,1.36
2026,environment_negative,practice,8,94,287,5141,0.608,1.36
2026,environment_negative,question,3,94,79,5141,1.054,1.33
2026,environment_negative,justice,3,94,82,5141,1.001,1.21
2026,environment_negative,site,6,94,206,5141,0.672,1.2
2026,environment_negative,architecture,9,94,341,5141,0.53,1.19
2026,environment_negative,project,8,94,300,5141,0.544,1.1
2026,environment_negative,condition,5,94,177,5141,0.628,0.88
2026,environment_negative,structure,3,94,96,5141,0.773,0.76
2026,environment_negative,approach,3,94,98,5141,0.743,0.71
2026,environment_negative,strategy,5,94,186,5141,0.556,0.7
2026,environment_negative,architect,3,94,106,5141,0.63,0.52
2026,environment_negative,form,3,94,106,5141,0.63,0.52
2026,environment_negative,carbon,3,94,115,5141,0.513,0.35
2026,environment_negative,performance,4,94,170,5141,0.364,0.25
2026,environment_negative,material,7,94,419,5141,-0.13,0.06
2026,environment_negative,construction,3,94,153,5141,0.101,0.02
2026,environment_negative,framework,3,94,172,5141,-0.068,0.01
2020,environment_positive,change,25,106,519,6144,1.481,22.62
2020,environment_positive,climate,26,106,644,6144,1.227,17.29
2020,environment_positive,capacity,4,106,19,6144,3.609,13.57
2020,environment_positive,emission,5,106,34,6144,3.092,13.4
2020,environment_positive,system,12,106,208,6144,1.742,13.22
2020,environment_positive,housing,7,106,78,6144,2.379,12.52
2020,environment_positive,advocacy,3,106,10,6144,4.12,12.46
2020,environment_positive,place,6,106,60,6144,2.535,11.83
2020,environment_positive,solution,7,106,84,6144,2.272,11.63
2020,environment_positive,family,3,106,12,6144,3.857,11.25
2020,environment_positive,risk,4,106,26,6144,3.157,11.04
2020,environment_positive,infrastructure,11,106,206,6144,1.63,10.81
2020,environment_positive,stress,3,106,13,6144,3.742,10.74
2020,environment_positive,planet,4,106,28,6144,3.05,10.47
2020,environment_positive,people,5,106,47,6144,2.624,10.38
2020,environment_positive,growth,4,106,31,6144,2.903,9.69
2020,environment_positive,efficiency,3,106,17,6144,3.355,9.07
2020,environment_positive,greenhouse,3,106,17,6144,3.355,9.07
2020,environment_positive,transition,3,106,18,6144,3.272,8.73
2020,environment_positive,force,3,106,19,6144,3.194,8.41
2020,environment_positive,service,4,106,37,6144,2.648,8.39
2020,environment_positive,gas,3,106,21,6144,3.05,7.83
2020,environment_positive,effect,5,106,64,6144,2.179,7.71
2020,environment_positive,transportation,3,106,22,6144,2.983,7.56
2020,environment_positive,industry,4,106,43,6144,2.431,7.32
2020,environment_positive,equity,3,106,26,6144,2.742,6.63
2020,environment_positive,community,10,106,238,6144,1.284,6.52
2020,environment_positive,air,3,106,28,6144,2.635,6.22
2020,environment_positive,network,4,106,52,6144,2.157,6.04
2020,environment_positive,power,4,106,55,6144,2.076,5.67
2020,environment_positive,construction,5,106,83,6144,1.804,5.65
2020,environment_positive,impact,7,106,150,6144,1.436,5.43
2020,environment_positive,effort,4,106,59,6144,1.974,5.23
2020,environment_positive,disaster,3,106,34,6144,2.355,5.2
2020,environment_positive,decision,3,106,34,6144,2.355,5.2
2020,environment_positive,culture,4,106,60,6144,1.95,5.12
2020,environment_positive,resilience,4,106,62,6144,1.903,4.92
2020,environment_positive,technology,5,106,108,6144,1.424,3.79
2020,environment_positive,approach,5,106,110,6144,1.398,3.67
2020,environment_positive,organization,3,106,47,6144,1.887,3.62
2020,environment_positive,example,3,106,50,6144,1.798,3.34
2020,environment_positive,art,3,106,52,6144,1.742,3.17
2020,environment_positive,city,8,106,236,6144,0.974,3.17
2020,environment_positive,range,3,106,52,6144,1.742,3.17
2020,environment_positive,datum,3,106,54,6144,1.687,3.0
2020,environment_positive,challenge,5,106,126,6144,1.202,2.82
2020,environment_positive,production,3,106,60,6144,1.535,2.56
2020,environment_positive,space,4,106,98,6144,1.242,2.38
2020,environment_positive,discipline,4,106,98,6144,1.242,2.38
2020,environment_positive,architecture,13,106,490,6144,0.621,2.36
2020,environment_positive,design,17,106,692,6144,0.51,2.21
2020,environment_positive,building,7,106,228,6144,0.832,2.07
2020,environment_positive,practice,6,106,187,6144,0.895,2.02
2020,environment_positive,policy,3,106,73,6144,1.252,1.8
2020,environment_positive,landscape,5,106,154,6144,0.912,1.73
2020,environment_positive,knowledge,4,106,114,6144,1.024,1.69
2020,environment_positive,opportunity,3,106,76,6144,1.194,1.65
2020,environment_positive,environment,7,106,250,6144,0.699,1.51
2020,environment_positive,architect,5,106,168,6144,0.787,1.32
2020,environment_positive,carbon,3,106,85,6144,1.033,1.28
2020,environment_positive,society,3,106,88,6144,0.983,1.17
2020,environment_positive,question,3,106,106,6144,0.714,0.65
2020,environment_positive,energy,4,106,156,6144,0.572,0.58
2020,environment_positive,resource,3,106,112,6144,0.635,0.53
2020,environment_positive,material,5,106,208,6144,0.479,0.52
2020,environment_positive,level,3,106,113,6144,0.622,0.51
2020,environment_positive,time,3,106,114,6144,0.609,0.49
2020,environment_positive,world,3,106,129,6144,0.431,0.25
2020,environment_positive,site,3,106,132,6144,0.398,0.22
2020,environment_positive,issue,4,106,193,6144,0.265,0.13
2020,environment_positive,history,3,106,188,6144,-0.113,0.02
2020,environment_positive,project,5,106,309,6144,-0.092,0.02
2021,environment_positive,design,29,91,698,6273,1.518,28.66
2021,environment_positive,emission,8,91,46,6273,3.584,26.95
2021,environment_positive,effect,7,91,49,6273,3.3,20.76
2021,environment_positive,aim,4,91,15,6273,4.2,16.95
2021,environment_positive,energy,12,91,206,6273,2.006,16.72
2021,environment_positive,individual,4,91,16,6273,4.107,16.38
2021,environment_positive,change,13,91,280,6273,1.678,13.63
2021,environment_positive,carbon,7,91,85,6273,2.505,13.57
2021,environment_positive,history,6,91,71,6273,2.542,11.85
2021,environment_positive,policy,6,91,71,6273,2.542,11.85
2021,environment_positive,opportunity,6,91,73,6273,2.502,11.56
2021,environment_positive,innovation,4,91,32,6273,3.107,10.71
2021,environment_positive,equity,5,91,57,6273,2.596,10.17
2021,environment_positive,injustice,3,91,17,6273,3.605,10.05
2021,environment_positive,metric,3,91,17,6273,3.605,10.05
2021,environment_positive,performance,6,91,85,6273,2.283,9.99
2021,environment_positive,discipline,5,91,59,6273,2.546,9.86
2021,environment_positive,land,4,91,36,6273,2.937,9.82
2021,environment_positive,water,5,91,60,6273,2.522,9.71
2021,environment_positive,city,8,91,159,6273,1.794,9.1
2021,environment_positive,planet,3,91,20,6273,3.37,9.07
2021,environment_positive,resource,6,91,95,6273,2.122,8.89
2021,environment_positive,generation,3,91,21,6273,3.3,8.78
2021,environment_positive,quality,4,91,42,6273,2.715,8.69
2021,environment_positive,neighborhood,4,91,43,6273,2.681,8.52
2021,environment_positive,climate,13,91,387,6273,1.211,7.87
2021,environment_positive,system,8,91,178,6273,1.631,7.77
2021,environment_positive,impact,6,91,109,6273,1.924,7.57
2021,environment_positive,implementation,3,91,27,6273,2.937,7.34
2021,environment_positive,structure,5,91,82,6273,2.072,7.09
2021,environment_positive,building,10,91,275,6273,1.326,6.92
2021,environment_positive,technology,5,91,86,6273,2.003,6.71
2021,environment_positive,air,3,91,31,6273,2.738,6.58
2021,environment_positive,community,9,91,252,6273,1.3,5.98
2021,environment_positive,section,3,91,35,6273,2.563,5.93
2021,environment_positive,world,5,91,96,6273,1.844,5.86
2021,environment_positive,problem,4,91,66,6273,2.063,5.6
2021,environment_positive,idea,4,91,66,6273,2.063,5.6
2021,environment_positive,value,3,91,42,6273,2.3,4.99
2021,environment_positive,response,3,91,44,6273,2.233,4.76
2021,environment_positive,construction,4,91,76,6273,1.859,4.72
2021,environment_positive,life,4,91,79,6273,1.803,4.49
2021,environment_positive,potential,3,91,47,6273,2.138,4.43
2021,environment_positive,order,3,91,48,6273,2.107,4.33
2021,environment_positive,method,4,91,86,6273,1.681,3.99
2021,environment_positive,environment,8,91,265,6273,1.057,3.69
2021,environment_positive,architecture,10,91,367,6273,0.909,3.58
2021,environment_positive,health,4,91,94,6273,1.553,3.49
2021,environment_positive,theory,3,91,59,6273,1.809,3.37
2021,environment_positive,form,3,91,61,6273,1.761,3.22
2021,environment_positive,justice,3,91,64,6273,1.692,3.01
2021,environment_positive,solution,3,91,65,6273,1.67,2.94
2021,environment_positive,place,3,91,67,6273,1.626,2.82
2021,environment_positive,people,3,91,67,6273,1.626,2.82
2021,environment_positive,question,3,91,69,6273,1.584,2.69
2021,environment_positive,goal,3,91,75,6273,1.463,2.35
2021,environment_positive,project,7,91,269,6273,0.843,2.13
2021,environment_positive,practice,5,91,172,6273,1.003,2.05
2021,environment_positive,infrastructure,3,91,82,6273,1.335,2.01
2021,environment_positive,material,5,91,199,6273,0.792,1.34
2021,environment_positive,space,3,91,101,6273,1.034,1.28
2021,environment_positive,challenge,3,91,106,6273,0.964,1.13
2021,environment_positive,architect,3,91,122,6273,0.761,0.74
2022,environment_positive,transition,4,84,7,2961,4.332,19.29
2022,environment_positive,community,14,84,138,2961,1.838,17.65
2022,environment_positive,leader,5,84,15,2961,3.555,17.37
2022,environment_positive,nation,3,84,7,2961,3.917,12.14
2022,environment_positive,generation,4,84,15,2961,3.233,11.89
2022,environment_positive,self,4,84,15,2961,3.233,11.89
2022,environment_positive,environment,11,84,127,2961,1.61,10.94
2022,environment_positive,equity,5,84,28,2961,2.654,10.89
2022,environment_positive,challenge,6,84,42,2961,2.332,10.66
2022,environment_positive,thinking,4,84,18,2961,2.97,10.39
2022,environment_positive,sector,3,84,9,2961,3.555,10.36
2022,environment_positive,collection,3,84,9,2961,3.555,10.36
2022,environment_positive,resource,7,84,60,2961,2.04,10.06
2022,environment_positive,people,5,84,31,2961,2.507,9.94
2022,environment_positive,production,5,84,32,2961,2.461,9.65
2022,environment_positive,problem,5,84,35,2961,2.332,8.85
2022,environment_positive,neighborhood,5,84,35,2961,2.332,8.85
2022,environment_positive,food,4,84,23,2961,2.616,8.48
2022,environment_positive,city,10,84,128,2961,1.461,8.39
2022,environment_positive,energy,7,84,70,2961,1.818,8.31
2022,environment_positive,risk,3,84,13,2961,3.024,7.99
2022,environment_positive,space,7,84,73,2961,1.757,7.85
2022,environment_positive,knowledge,4,84,26,2961,2.439,7.57
2022,environment_positive,future,6,84,58,2961,1.867,7.4
2022,environment_positive,effect,3,84,15,2961,2.818,7.14
2022,environment_positive,labor,3,84,16,2961,2.725,6.76
2022,environment_positive,expertise,3,84,17,2961,2.637,6.42
2022,environment_positive,land,5,84,51,2961,1.789,5.72
2022,environment_positive,scale,7,84,93,2961,1.408,5.4
2022,environment_positive,water,5,84,55,2961,1.68,5.14
2022,environment_positive,sustainability,5,84,56,2961,1.654,5.01
2022,environment_positive,property,3,84,22,2961,2.265,5.01
2022,environment_positive,concern,3,84,22,2961,2.265,5.01
2022,environment_positive,design,16,84,331,2961,0.769,4.59
2022,environment_positive,today,3,84,24,2961,2.14,4.57
2022,environment_positive,carbon,4,84,42,2961,1.747,4.37
2022,environment_positive,condition,4,84,42,2961,1.747,4.37
2022,environment_positive,application,3,84,25,2961,2.081,4.36
2022,environment_positive,change,8,84,132,2961,1.095,4.01
2022,environment_positive,material,8,84,132,2961,1.095,4.01
2022,environment_positive,economy,3,84,27,2961,1.97,3.98
2022,environment_positive,level,4,84,45,2961,1.648,3.96
2022,environment_positive,planning,4,84,47,2961,1.585,3.7
2022,environment_positive,power,3,84,30,2961,1.818,3.48
2022,environment_positive,justice,4,84,54,2961,1.385,2.94
2022,environment_positive,component,3,84,35,2961,1.595,2.79
2022,environment_positive,structure,3,84,35,2961,1.595,2.79
2022,environment_positive,impact,4,84,61,2961,1.209,2.32
2022,environment_positive,method,3,84,40,2961,1.403,2.24
2022,environment_positive,architecture,9,84,193,2961,0.717,2.13
2022,environment_positive,building,7,84,139,2961,0.828,2.11
2022,environment_positive,world,4,84,65,2961,1.117,2.02
2022,environment_positive,opportunity,3,84,45,2961,1.233,1.79
2022,environment_positive,climate,9,84,204,2961,0.637,1.71
2022,environment_positive,approach,3,84,47,2961,1.17,1.63
2022,environment_positive,issue,4,84,82,2961,0.782,1.06
2022,environment_positive,practice,4,84,86,2961,0.713,0.89
2022,environment_positive,architect,4,84,87,2961,0.697,0.86
2022,environment_positive,project,3,84,169,2961,-0.676,0.84
2022,environment_positive,time,3,84,61,2961,0.794,0.81
2022,environment_positive,model,3,84,68,2961,0.637,0.54
2022,environment_positive,site,3,84,136,2961,-0.363,0.22
2022,environment_positive,system,4,84,118,2961,0.257,0.13
2023,environment_positive,change,12,58,133,3311,2.365,22.55
2023,environment_positive,requirement,3,58,6,3311,4.835,16.21
2023,environment_positive,effect,6,58,44,3311,2.961,15.33
2023,environment_positive,climate,13,58,233,3311,1.671,14.23
2023,environment_positive,awareness,3,58,10,3311,4.098,12.44
2023,environment_positive,exposure,3,58,13,3311,3.72,10.71
2023,environment_positive,generation,3,58,16,3311,3.42,9.42
2023,environment_positive,threat,3,58,16,3311,3.42,9.42
2023,environment_positive,community,9,58,166,3311,1.63,9.09
2023,environment_positive,environment,8,58,136,3311,1.748,8.98
2023,environment_positive,intervention,3,58,20,3311,3.098,8.09
2023,environment_positive,landscape,5,58,62,3311,2.203,7.98
2023,environment_positive,people,5,58,63,3311,2.18,7.84
2023,environment_positive,ecosystem,3,58,22,3311,2.961,7.54
2023,environment_positive,design,14,58,391,3311,1.031,6.92
2023,environment_positive,world,5,58,75,3311,1.928,6.43
2023,environment_positive,organization,3,58,30,3311,2.513,5.83
2023,environment_positive,place,3,58,37,3311,2.211,4.74
2023,environment_positive,heat,4,58,65,3311,1.813,4.61
2023,environment_positive,knowledge,3,58,41,3311,2.062,4.24
2023,environment_positive,datum,3,58,43,3311,1.994,4.01
2023,environment_positive,strategy,3,58,46,3311,1.896,3.69
2023,environment_positive,tool,3,58,48,3311,1.835,3.5
2023,environment_positive,mapping,3,58,49,3311,1.805,3.4
2023,environment_positive,issue,3,58,51,3311,1.748,3.22
2023,environment_positive,architecture,7,58,201,3311,0.991,2.95
2023,environment_positive,area,3,58,59,3311,1.537,2.6
2023,environment_positive,ecology,3,58,61,3311,1.489,2.46
2023,environment_positive,condition,3,58,66,3311,1.376,2.15
2023,environment_positive,practice,3,58,91,3311,0.912,1.04
2023,environment_positive,impact,3,58,93,3311,0.881,0.98
2023,environment_positive,building,4,58,158,3311,0.531,0.52
2023,environment_positive,material,3,58,143,3311,0.26,0.1
2024,environment_positive,site,12,89,133,3639,1.883,15.38
2024,environment_positive,change,13,89,176,3639,1.595,12.74
2024,environment_positive,sustainability,6,89,40,3639,2.617,12.7
2024,environment_positive,climate,19,89,332,3639,1.226,12.49
2024,environment_positive,design,22,89,431,3639,1.061,11.57
2024,environment_positive,concept,6,89,45,3639,2.447,11.41
2024,environment_positive,model,7,89,63,3639,2.184,11.13
2024,environment_positive,condition,6,89,48,3639,2.354,10.72
2024,environment_positive,ecosystem,4,89,20,3639,3.032,10.61
2024,environment_positive,fiction,4,89,22,3639,2.894,9.86
2024,environment_positive,leader,3,89,12,3639,3.354,9.3
2024,environment_positive,zone,3,89,12,3639,3.354,9.3
2024,environment_positive,tool,6,89,57,3639,2.106,8.95
2024,environment_positive,adaptation,4,89,26,3639,2.653,8.58
2024,environment_positive,carbon,4,89,27,3639,2.599,8.3
2024,environment_positive,nature,4,89,29,3639,2.496,7.78
2024,environment_positive,decision,3,89,16,3639,2.939,7.55
2024,environment_positive,material,9,89,136,3639,1.436,7.21
2024,environment_positive,resilience,4,89,33,3639,2.309,6.87
2024,environment_positive,architecture,13,89,254,3639,1.065,6.4
2024,environment_positive,exploration,3,89,20,3639,2.617,6.27
2024,environment_positive,construction,7,89,99,3639,1.532,6.18
2024,environment_positive,world,7,89,99,3639,1.532,6.18
2024,environment_positive,potential,3,89,24,3639,2.354,5.29
2024,environment_positive,exhibition,4,89,43,3639,1.927,5.11
2024,environment_positive,time,5,89,65,3639,1.653,4.96
2024,environment_positive,ecology,3,89,31,3639,1.984,4.0
2024,environment_positive,mapping,3,89,32,3639,1.939,3.85
2024,environment_positive,oil,4,89,55,3639,1.572,3.63
2024,environment_positive,state,3,89,35,3639,1.809,3.43
2024,environment_positive,environment,6,89,111,3639,1.144,3.18
2024,environment_positive,science,4,89,60,3639,1.447,3.14
2024,environment_positive,space,6,89,115,3639,1.093,2.93
2024,environment_positive,wind,3,89,40,3639,1.617,2.83
2024,environment_positive,history,5,89,90,3639,1.184,2.79
2024,environment_positive,planning,3,89,41,3639,1.581,2.73
2024,environment_positive,solution,3,89,41,3639,1.581,2.73
2024,environment_positive,future,6,89,119,3639,1.044,2.7
2024,environment_positive,challenge,5,89,93,3639,1.136,2.6
2024,environment_positive,discipline,3,89,45,3639,1.447,2.34
2024,environment_positive,idea,3,89,46,3639,1.415,2.26
2024,environment_positive,level,3,89,50,3639,1.295,1.93
2024,environment_positive,building,6,89,138,3639,0.83,1.79
2024,environment_positive,crisis,3,89,52,3639,1.238,1.79
2024,environment_positive,question,3,89,53,3639,1.211,1.72
2024,environment_positive,water,3,89,54,3639,1.184,1.65
2024,environment_positive,designer,3,89,55,3639,1.157,1.59
2024,environment_positive,impact,4,89,84,3639,0.961,1.53
2024,environment_positive,place,3,89,57,3639,1.106,1.46
2024,environment_positive,form,3,89,58,3639,1.081,1.41
2024,environment_positive,scale,4,89,87,3639,0.911,1.39
2024,environment_positive,approach,4,89,88,3639,0.894,1.34
2024,environment_positive,industry,3,89,63,3639,0.961,1.14
2024,environment_positive,system,6,89,157,3639,0.644,1.12
2024,environment_positive,resource,3,89,65,3639,0.916,1.04
2024,environment_positive,region,3,89,67,3639,0.872,0.96
2024,environment_positive,project,3,89,189,3639,-0.624,0.7
2024,environment_positive,practice,4,89,109,3639,0.585,0.62
2024,environment_positive,area,3,89,77,3639,0.672,0.59
2024,environment_positive,community,6,89,183,3639,0.423,0.51
2024,environment_positive,landscape,4,89,114,3639,0.521,0.49
2024,environment_positive,city,3,89,98,3639,0.324,0.15
2024,environment_positive,infrastructure,3,89,102,3639,0.266,0.1
2025,environment_positive,community,15,64,186,3104,1.968,21.54
2025,environment_positive,construction,6,64,39,3104,2.899,14.92
2025,environment_positive,effort,5,64,27,3104,3.167,14.18
2025,environment_positive,building,8,64,95,3104,2.03,11.45
2025,environment_positive,housing,5,64,36,3104,2.752,11.39
2025,environment_positive,material,9,64,128,3104,1.77,10.39
2025,environment_positive,design,18,64,423,3104,1.045,9.42
2025,environment_positive,sustainability,6,64,65,3104,2.163,9.38
2025,environment_positive,making,3,64,15,3104,3.278,8.9
2025,environment_positive,nature,3,64,17,3104,3.097,8.14
2025,environment_positive,inequality,3,64,24,3104,2.6,6.18
2025,environment_positive,city,6,64,93,3104,1.646,5.99
2025,environment_positive,transition,3,64,25,3104,2.541,5.96
2025,environment_positive,leader,3,64,26,3104,2.484,5.75
2025,environment_positive,architecture,8,64,161,3104,1.269,5.23
2025,environment_positive,decision,3,64,29,3104,2.327,5.18
2025,environment_positive,solution,4,64,56,3104,1.793,4.53
2025,environment_positive,project,8,64,175,3104,1.149,4.4
2025,environment_positive,oil,3,64,42,3104,1.793,3.37
2025,environment_positive,world,3,64,44,3104,1.725,3.17
2025,environment_positive,life,3,64,46,3104,1.661,2.97
2025,environment_positive,practice,5,64,104,3104,1.221,2.97
2025,environment_positive,climate,10,64,284,3104,0.772,2.79
2025,environment_positive,strategy,4,64,80,3104,1.278,2.55
2025,environment_positive,carbon,3,64,51,3104,1.512,2.53
2025,environment_positive,impact,4,64,84,3104,1.208,2.31
2025,environment_positive,energy,4,64,88,3104,1.14,2.09
2025,environment_positive,landscape,4,64,92,3104,1.076,1.89
2025,environment_positive,tool,3,64,63,3104,1.208,1.72
2025,environment_positive,resource,3,64,67,3104,1.119,1.5
2025,environment_positive,change,5,64,146,3104,0.732,1.19
2025,environment_positive,challenge,3,64,82,3104,0.827,0.87
2026,environment_positive,community,23,103,351,5141,1.71,26.2
2026,environment_positive,connection,6,103,21,5141,3.834,22.72
2026,environment_positive,place,8,103,65,5141,2.619,16.84
2026,environment_positive,ecosystem,4,103,14,5141,3.834,15.07
2026,environment_positive,adaptation,9,103,94,5141,2.257,15.01
2026,environment_positive,value,6,103,46,5141,2.703,13.18
2026,environment_positive,tradition,4,103,18,5141,3.471,12.91
2026,environment_positive,risk,7,103,66,5141,2.404,12.82
2026,environment_positive,system,17,103,338,5141,1.328,12.31
2026,environment_positive,knowledge,8,103,95,5141,2.071,11.57
2026,environment_positive,collaboration,7,103,79,5141,2.145,10.67
2026,environment_positive,library,4,103,24,5141,3.056,10.59
2026,environment_positive,water,7,103,83,5141,2.074,10.1
2026,environment_positive,platform,4,103,28,5141,2.834,9.41
2026,environment_positive,space,8,103,121,5141,1.722,8.54
2026,environment_positive,territory,4,103,32,5141,2.641,8.42
2026,environment_positive,region,5,103,52,5141,2.263,8.24
2026,environment_positive,kind,3,103,18,5141,3.056,7.92
2026,environment_positive,air,3,103,18,5141,3.056,7.92
2026,environment_positive,climate,22,103,608,5141,0.853,7.66
2026,environment_positive,design,30,103,940,5141,0.672,7.32
2026,environment_positive,attention,3,103,22,5141,2.767,6.77
2026,environment_positive,land,4,103,43,5141,2.215,6.35
2026,environment_positive,generation,3,103,24,5141,2.641,6.29
2026,environment_positive,event,3,103,25,5141,2.582,6.07
2026,environment_positive,intervention,5,103,68,5141,1.876,6.06
2026,environment_positive,concept,4,103,45,5141,2.149,6.04
2026,environment_positive,practice,12,103,287,5141,1.061,5.72
2026,environment_positive,energy,8,103,156,5141,1.356,5.69
2026,environment_positive,state,3,103,27,5141,2.471,5.66
2026,environment_positive,engagement,6,103,102,5141,1.554,5.33
2026,environment_positive,population,3,103,32,5141,2.226,4.78
2026,environment_positive,principle,3,103,33,5141,2.182,4.62
2026,environment_positive,carbon,6,103,115,5141,1.381,4.36
2026,environment_positive,building,11,103,285,5141,0.946,4.24
2026,environment_positive,access,4,103,60,5141,1.734,4.24
2026,environment_positive,decision,4,103,64,5141,1.641,3.86
2026,environment_positive,opportunity,3,103,42,5141,1.834,3.47
2026,environment_positive,mapping,4,103,69,5141,1.533,3.44
2026,environment_positive,application,3,103,45,5141,1.734,3.16
2026,environment_positive,framework,7,103,172,5141,1.022,3.02
2026,environment_positive,crisis,3,103,49,5141,1.612,2.79
2026,environment_positive,solution,3,103,51,5141,1.554,2.62
2026,environment_positive,change,8,103,219,5141,0.867,2.58
2026,environment_positive,project,10,103,300,5141,0.734,2.43
2026,environment_positive,resource,4,103,84,5141,1.249,2.41
2026,environment_positive,reuse,3,103,54,5141,1.471,2.39
2026,environment_positive,problem,3,103,56,5141,1.419,2.25
2026,environment_positive,city,5,103,130,5141,0.941,1.83
2026,environment_positive,material,12,103,419,5141,0.515,1.54
2026,environment_positive,health,3,103,68,5141,1.139,1.53
2026,environment_positive,heat,3,103,69,5141,1.118,1.48
2026,environment_positive,life,3,103,71,5141,1.077,1.38
2026,environment_positive,construction,5,103,153,5141,0.706,1.09
2026,environment_positive,justice,3,103,82,5141,0.869,0.94
2026,environment_positive,landscape,4,103,124,5141,0.687,0.82
2026,environment_positive,housing,3,103,86,5141,0.8,0.81
2026,environment_positive,method,3,103,88,5141,0.767,0.75
2026,environment_positive,level,3,103,90,5141,0.734,0.69
2026,environment_positive,resilience,3,103,92,5141,0.703,0.64
2026,environment_positive,infrastructure,5,103,174,5141,0.52,0.62
2026,environment_positive,challenge,3,103,93,5141,0.687,0.61
2026,environment_positive,architecture,5,103,341,5141,-0.45,0.59
2026,environment_positive,approach,3,103,98,5141,0.612,0.49
2026,environment_positive,model,4,103,142,5141,0.492,0.44
2026,environment_positive,impact,4,103,142,5141,0.492,0.44
2026,environment_positive,strategy,5,103,186,5141,0.424,0.42
2026,environment_positive,site,5,103,206,5141,0.277,0.18
2026,environment_positive,condition,4,103,177,5141,0.174,0.06
2026,environment_positive,performance,3,103,170,5141,-0.183,0.05
2026,environment_positive,environment,3,103,140,5141,0.097,0.01
2020,knowledge,architecture,122,884,490,6144,0.791,41.28
2020,knowledge,environment,74,884,250,6144,1.041,39.92
2020,knowledge,climate,147,884,644,6144,0.666,36.99
2020,knowledge,approach,41,884,110,6144,1.373,35.99
2020,knowledge,change,122,884,519,6144,0.708,33.64
2020,knowledge,history,54,884,188,6144,0.997,26.55
2020,knowledge,lesson,6,884,6,6144,2.797,23.3
2020,knowledge,design,143,884,692,6144,0.522,22.79
2020,knowledge,issue,52,884,193,6144,0.905,21.33
2020,knowledge,landscape,44,884,154,6144,0.99,21.17
2020,knowledge,relation,19,884,46,6144,1.521,19.9
2020,knowledge,level,34,884,113,6144,1.064,18.58
2020,knowledge,point,19,884,48,6144,1.46,18.44
2020,knowledge,objective,16,884,37,6144,1.588,18.1
2020,knowledge,impact,41,884,150,6144,0.926,17.39
2020,knowledge,method,29,884,93,6144,1.116,17.24
2020,knowledge,challenge,36,884,126,6144,0.99,17.22
2020,knowledge,world,36,884,129,6144,0.956,16.14
2020,knowledge,system,50,884,208,6144,0.74,14.09
2020,knowledge,designer,22,884,70,6144,1.127,13.26
2020,knowledge,time,31,884,114,6144,0.918,12.86
2020,knowledge,making,8,884,15,6144,1.89,12.51
2020,knowledge,order,19,884,59,6144,1.162,12.1
2020,knowledge,variety,11,884,26,6144,1.556,11.96
2020,knowledge,effect,20,884,64,6144,1.119,11.88
2020,knowledge,space,27,884,98,6144,0.937,11.6
2020,knowledge,condition,22,884,74,6144,1.047,11.57
2020,knowledge,simulation,8,884,16,6144,1.797,11.37
2020,knowledge,influence,10,884,25,6144,1.475,9.84
2020,knowledge,infrastructure,46,884,206,6144,0.634,9.65
2020,knowledge,justice,17,884,56,6144,1.077,9.39
2020,knowledge,benefit,7,884,15,6144,1.698,8.93
2020,knowledge,communication,7,884,15,6144,1.698,8.93
2020,knowledge,detail,7,884,15,6144,1.698,8.93
2020,knowledge,agent,7,884,15,6144,1.698,8.93
2020,knowledge,concept,13,884,39,6144,1.212,8.91
2020,knowledge,leader,13,884,39,6144,1.212,8.91
2020,knowledge,problem,21,884,77,6144,0.923,8.72
2020,knowledge,aim,6,884,12,6144,1.797,8.52
2020,knowledge,future,25,884,98,6144,0.826,8.48
2020,knowledge,discipline,25,884,98,6144,0.826,8.48
2020,knowledge,conversation,13,884,40,6144,1.176,8.42
2020,knowledge,society,23,884,88,6144,0.861,8.41
2020,knowledge,nature,21,884,78,6144,0.904,8.4
2020,knowledge,knowledge,28,884,114,6144,0.772,8.37
2020,knowledge,datum,16,884,54,6144,1.042,8.31
2020,knowledge,material,45,884,208,6144,0.588,8.19
2020,knowledge,ecology,18,884,64,6144,0.967,8.14
2020,knowledge,solution,22,884,84,6144,0.864,8.09
2020,knowledge,set,11,884,32,6144,1.256,8.05
2020,knowledge,tradition,7,884,16,6144,1.604,8.04
2020,knowledge,community,50,884,238,6144,0.546,7.93
2020,knowledge,culture,17,884,60,6144,0.978,7.84
2020,knowledge,theory,19,884,70,6144,0.916,7.77
2020,knowledge,question,26,884,106,6144,0.77,7.72
2020,knowledge,opportunity,20,884,76,6144,0.871,7.46
2020,knowledge,body,10,884,29,6144,1.261,7.36
2020,knowledge,commitment,7,884,17,6144,1.517,7.24
2020,knowledge,movement,7,884,17,6144,1.517,7.24
2020,knowledge,document,5,884,10,6144,1.797,7.1
2020,knowledge,complexity,9,884,26,6144,1.267,6.67
2020,knowledge,artifact,6,884,14,6144,1.575,6.65
2020,knowledge,principle,11,884,35,6144,1.127,6.58
2020,knowledge,setting,7,884,18,6144,1.434,6.53
2020,knowledge,goal,22,884,90,6144,0.765,6.44
2020,knowledge,example,14,884,50,6144,0.961,6.24
2020,knowledge,production,16,884,60,6144,0.89,6.19
2020,knowledge,code,7,884,19,6144,1.356,5.89
2020,knowledge,distribution,6,884,15,6144,1.475,5.89
2020,knowledge,past,6,884,15,6144,1.475,5.89
2020,knowledge,mean,6,884,15,6144,1.475,5.89
2020,knowledge,resilience,16,884,62,6144,0.843,5.59
2020,knowledge,people,13,884,47,6144,0.943,5.59
2020,knowledge,scale,29,884,132,6144,0.611,5.58
2020,knowledge,strategy,24,884,105,6144,0.668,5.45
2020,knowledge,form,20,884,84,6144,0.727,5.31
2020,knowledge,stakeholder,7,884,20,6144,1.282,5.31
2020,knowledge,figure,5,884,12,6144,1.534,5.28
2020,knowledge,map,5,884,12,6144,1.534,5.28
2020,knowledge,medium,13,884,48,6144,0.913,5.26
2020,knowledge,tool,14,884,53,6144,0.876,5.26
2020,knowledge,architect,35,884,168,6144,0.534,5.25
2020,knowledge,urbanization,9,884,29,6144,1.109,5.22
2020,knowledge,cycle,6,884,16,6144,1.382,5.22
2020,knowledge,position,9,884,29,6144,1.109,5.22
2020,knowledge,participant,6,884,16,6144,1.382,5.22
2020,knowledge,emission,10,884,34,6144,1.032,5.07
2020,knowledge,response,16,884,64,6144,0.797,5.04
2020,knowledge,perspective,12,884,44,6144,0.923,4.95
2020,knowledge,concern,12,884,44,6144,0.923,4.95
2020,knowledge,technology,24,884,108,6144,0.627,4.84
2020,knowledge,view,7,884,21,6144,1.212,4.78
2020,knowledge,discourse,10,884,35,6144,0.99,4.7
2020,knowledge,foundation,6,884,17,6144,1.295,4.63
2020,knowledge,success,6,884,17,6144,1.295,4.63
2020,knowledge,peer,5,884,13,6144,1.419,4.56
2020,knowledge,edge,5,884,13,6144,1.419,4.56
2020,knowledge,responsibility,5,884,13,6144,1.419,4.56
2020,knowledge,book,16,884,66,6144,0.753,4.52
2020,knowledge,quality,9,884,31,6144,1.013,4.41
2020,knowledge,performance,13,884,51,6144,0.825,4.36
2020,knowledge,lighting,3,884,6,6144,1.797,4.25
2020,knowledge,aspect,8,884,27,6144,1.042,4.13
2020,knowledge,earth,6,884,18,6144,1.212,4.09
2020,knowledge,ethic,6,884,18,6144,1.212,4.09
2020,knowledge,network,13,884,52,6144,0.797,4.08
2020,knowledge,science,16,884,68,6144,0.71,4.05
2020,knowledge,institution,16,884,68,6144,0.71,4.05
2020,knowledge,profession,11,884,42,6144,0.864,4.01
2020,knowledge,diagram,4,884,10,6144,1.475,3.92
2020,knowledge,step,4,884,10,6144,1.475,3.92
2020,knowledge,function,4,884,10,6144,1.475,3.92
2020,knowledge,notion,7,884,23,6144,1.081,3.86
2020,knowledge,planet,8,884,28,6144,0.99,3.75
2020,knowledge,speaker,8,884,28,6144,0.99,3.75
2020,knowledge,neighborhood,8,884,28,6144,0.99,3.75
2020,knowledge,industry,11,884,43,6144,0.83,3.72
2020,knowledge,technique,9,884,33,6144,0.923,3.71
2020,knowledge,mapping,10,884,38,6144,0.871,3.7
2020,knowledge,site,27,884,132,6144,0.508,3.65
2020,knowledge,force,6,884,19,6144,1.134,3.62
2020,knowledge,ability,6,884,19,6144,1.134,3.62
2020,knowledge,topic,18,884,81,6144,0.627,3.61
2020,knowledge,living,5,884,15,6144,1.212,3.41
2020,knowledge,version,5,884,15,6144,1.212,3.41
2020,knowledge,implication,5,884,15,6144,1.212,3.41
2020,knowledge,outcome,8,884,29,6144,0.939,3.4
2020,knowledge,reality,8,884,29,6144,0.939,3.4
2020,knowledge,decision,9,884,34,6144,0.88,3.39
2020,knowledge,thinking,9,884,34,6144,0.88,3.39
2020,knowledge,power,13,884,55,6144,0.716,3.34
2020,knowledge,care,3,884,7,6144,1.575,3.32
2020,knowledge,definition,4,884,11,6144,1.338,3.27
2020,knowledge,perception,4,884,11,6144,1.338,3.27
2020,knowledge,exercise,6,884,20,6144,1.06,3.19
2020,knowledge,importance,6,884,20,6144,1.06,3.19
2020,knowledge,generation,6,884,20,6144,1.06,3.19
2020,knowledge,labor,6,884,20,6144,1.06,3.19
2020,knowledge,food,10,884,40,6144,0.797,3.13
2020,knowledge,drawing,9,884,35,6144,0.838,3.09
2020,knowledge,theme,9,884,35,6144,0.838,3.09
2020,knowledge,territory,11,884,46,6144,0.733,2.95
2020,knowledge,voice,5,884,16,6144,1.119,2.94
2020,knowledge,building,42,884,228,6144,0.356,2.92
2020,knowledge,value,13,884,57,6144,0.665,2.9
2020,knowledge,collaboration,13,884,57,6144,0.665,2.9
2020,knowledge,growth,8,884,31,6144,0.843,2.78
2020,knowledge,intersection,8,884,31,6144,0.843,2.78
2020,knowledge,equity,7,884,26,6144,0.904,2.77
2020,knowledge,mobility,4,884,12,6144,1.212,2.73
2020,knowledge,criterion,4,884,12,6144,1.212,2.73
2020,knowledge,threat,4,884,12,6144,1.212,2.73
2020,knowledge,street,4,884,12,6144,1.212,2.73
2020,knowledge,build,4,884,12,6144,1.212,2.73
2020,knowledge,action,11,884,47,6144,0.702,2.71
2020,knowledge,experimentation,3,884,8,6144,1.382,2.61
2020,knowledge,layer,3,884,8,6144,1.382,2.61
2020,knowledge,mitigation,5,884,17,6144,1.032,2.53
2020,knowledge,scenario,5,884,17,6144,1.032,2.53
2020,knowledge,film,5,884,17,6144,1.032,2.53
2020,knowledge,efficiency,5,884,17,6144,1.032,2.53
2020,knowledge,text,8,884,32,6144,0.797,2.5
2020,knowledge,supply,8,884,32,6144,0.797,2.5
2020,knowledge,human,6,884,22,6144,0.923,2.47
2020,knowledge,visualization,6,884,22,6144,0.923,2.47
2020,knowledge,inquiry,6,884,22,6144,0.923,2.47
2020,knowledge,individual,6,884,22,6144,0.923,2.47
2020,knowledge,integration,6,884,22,6144,0.923,2.47
2020,knowledge,client,6,884,22,6144,0.923,2.47
2020,knowledge,capital,7,884,27,6144,0.85,2.47
2020,knowledge,politic,9,884,38,6144,0.719,2.32
2020,knowledge,construction,17,884,83,6144,0.509,2.29
2020,knowledge,sense,4,884,13,6144,1.097,2.26
2020,knowledge,audience,4,884,13,6144,1.097,2.26
2020,knowledge,competition,4,884,13,6144,1.097,2.26
2020,knowledge,possibility,5,884,18,6144,0.949,2.16
2020,knowledge,schedule,6,884,23,6144,0.858,2.15
2020,knowledge,pattern,6,884,23,6144,0.858,2.15
2020,knowledge,heritage,3,884,9,6144,1.212,2.04
2020,knowledge,century,12,884,56,6144,0.575,2.03
2020,knowledge,model,18,884,91,6144,0.459,1.99
2020,knowledge,project,53,884,309,6144,0.254,1.93
2020,knowledge,adaptation,9,884,40,6144,0.645,1.89
2020,knowledge,diversity,6,884,24,6144,0.797,1.87
2020,knowledge,modeling,6,884,24,6144,0.797,1.87
2020,knowledge,selection,4,884,14,6144,0.99,1.87
2020,knowledge,woman,6,884,24,6144,0.797,1.87
2020,knowledge,era,4,884,14,6144,0.99,1.87
2020,knowledge,session,6,884,24,6144,0.797,1.87
2020,knowledge,debate,5,884,19,6144,0.871,1.84
2020,knowledge,lab,5,884,19,6144,0.871,1.84
2020,knowledge,engagement,10,884,46,6144,0.595,1.81
2020,knowledge,type,10,884,46,6144,0.595,1.81
2020,knowledge,activity,8,884,35,6144,0.668,1.79
2020,knowledge,narrative,8,884,36,6144,0.627,1.59
2020,knowledge,oil,8,884,36,6144,0.627,1.59
2020,knowledge,injustice,3,884,10,6144,1.06,1.59
2020,knowledge,hour,3,884,10,6144,1.06,1.59
2020,knowledge,vision,5,884,20,6144,0.797,1.56
2020,knowledge,effort,12,884,59,6144,0.499,1.55
2020,knowledge,structure,14,884,71,6144,0.455,1.52
2020,knowledge,intervention,7,884,31,6144,0.65,1.49
2020,knowledge,urbanism,10,884,48,6144,0.534,1.47
2020,knowledge,matter,6,884,26,6144,0.682,1.4
2020,knowledge,author,5,884,21,6144,0.727,1.31
2020,knowledge,specie,5,884,21,6144,0.727,1.31
2020,knowledge,scholar,5,884,21,6144,0.727,1.31
2020,knowledge,story,4,884,16,6144,0.797,1.25
2020,knowledge,participation,4,884,16,6144,0.797,1.25
2020,knowledge,estate,4,884,16,6144,0.797,1.25
2020,knowledge,control,3,884,11,6144,0.923,1.23
2020,knowledge,waste,6,884,27,6144,0.627,1.19
2020,knowledge,life,13,884,68,6144,0.41,1.15
2020,knowledge,water,19,884,105,6144,0.331,1.12
2020,knowledge,dimension,5,884,22,6144,0.66,1.09
2020,knowledge,health,8,884,39,6144,0.512,1.08
2020,knowledge,timber,9,884,45,6144,0.475,1.06
2020,knowledge,flood,4,884,17,6144,0.71,1.0
2020,knowledge,factor,4,884,17,6144,0.71,1.0
2020,knowledge,venue,4,884,17,6144,0.71,1.0
2020,knowledge,socio,4,884,17,6144,0.71,1.0
2020,knowledge,fossil,4,884,17,6144,0.71,1.0
2020,knowledge,atmosphere,4,884,17,6144,0.71,1.0
2020,knowledge,expert,7,884,34,6144,0.517,0.96
2020,knowledge,testing,3,884,12,6144,0.797,0.93
2020,knowledge,precedent,3,884,12,6144,0.797,0.93
2020,knowledge,idea,10,884,52,6144,0.419,0.92
2020,knowledge,campus,10,884,52,6144,0.419,0.92
2020,knowledge,transformation,5,884,23,6144,0.595,0.9
2020,knowledge,application,4,884,42,6144,-0.595,0.9
2020,knowledge,fabrication,6,884,29,6144,0.524,0.85
2020,knowledge,section,7,884,35,6144,0.475,0.82
2020,knowledge,presentation,7,884,35,6144,0.475,0.82
2020,knowledge,flow,4,884,18,6144,0.627,0.79
2020,knowledge,market,4,884,18,6144,0.627,0.79
2020,knowledge,access,5,884,24,6144,0.534,0.73
2020,knowledge,format,5,884,24,6144,0.534,0.73
2020,knowledge,warming,5,884,24,6144,0.534,0.73
2020,knowledge,extraction,5,884,24,6144,0.534,0.73
2020,knowledge,firm,5,884,24,6144,0.534,0.73
2020,knowledge,place,11,884,60,6144,0.35,0.72
2020,knowledge,exploration,6,884,30,6144,0.475,0.7
2020,knowledge,dynamic,6,884,30,6144,0.475,0.7
2020,knowledge,deliverable,3,884,13,6144,0.682,0.7
2020,knowledge,migration,3,884,13,6144,0.682,0.7
2020,knowledge,behavior,3,884,13,6144,0.682,0.7
2020,knowledge,call,3,884,13,6144,0.682,0.7
2020,knowledge,today,7,884,36,6144,0.434,0.69
2020,knowledge,product,5,884,48,6144,-0.466,0.67
2020,knowledge,energy,26,884,156,6144,0.212,0.65
2020,knowledge,face,4,884,19,6144,0.549,0.62
2020,knowledge,plant,4,884,19,6144,0.549,0.62
2020,knowledge,element,4,884,19,6144,0.549,0.62
2020,knowledge,recipient,4,884,19,6144,0.549,0.62
2020,knowledge,representation,8,884,43,6144,0.371,0.58
2020,knowledge,city,38,884,236,6144,0.162,0.57
2020,knowledge,consumption,6,884,31,6144,0.428,0.57
2020,knowledge,result,6,884,31,6144,0.428,0.57
2020,knowledge,sea,9,884,50,6144,0.323,0.5
2020,knowledge,founder,3,884,14,6144,0.575,0.5
2020,knowledge,crisis,12,884,69,6144,0.273,0.48
2020,knowledge,object,4,884,20,6144,0.475,0.47
2020,knowledge,nation,4,884,20,6144,0.475,0.47
2020,knowledge,agenda,5,884,26,6144,0.419,0.46
2020,knowledge,survey,5,884,26,6144,0.419,0.46
2020,knowledge,land,6,884,53,6144,-0.346,0.44
2020,knowledge,addition,3,884,29,6144,-0.476,0.42
2020,knowledge,exhibition,4,884,37,6144,-0.412,0.42
2020,knowledge,state,5,884,45,6144,-0.373,0.42
2020,knowledge,initiative,6,884,33,6144,0.338,0.36
2020,knowledge,creation,3,884,15,6144,0.475,0.35
2020,knowledge,management,5,884,27,6144,0.364,0.35
2020,knowledge,area,14,884,84,6144,0.212,0.34
2020,knowledge,range,9,884,52,6144,0.267,0.34
2020,knowledge,geography,4,884,21,6144,0.405,0.34
2020,knowledge,house,4,884,21,6144,0.405,0.34
2020,knowledge,right,4,884,21,6144,0.405,0.34
2020,knowledge,resident,4,884,21,6144,0.405,0.34
2020,knowledge,air,3,884,28,6144,-0.425,0.33
2020,knowledge,planning,13,884,78,6144,0.212,0.32
2020,knowledge,mode,5,884,28,6144,0.312,0.26
2020,knowledge,region,14,884,86,6144,0.178,0.24
2020,knowledge,shift,3,884,16,6144,0.382,0.23
2020,knowledge,thought,3,884,16,6144,0.382,0.23
2020,knowledge,platform,6,884,35,6144,0.253,0.21
2020,knowledge,disaster,4,884,34,6144,-0.29,0.2
2020,knowledge,colleague,3,884,26,6144,-0.318,0.18
2020,knowledge,risk,3,884,26,6144,-0.318,0.18
2020,knowledge,line,5,884,29,6144,0.261,0.18
2020,knowledge,potential,5,884,29,6144,0.261,0.18
2020,knowledge,partnership,5,884,29,6144,0.261,0.18
2020,knowledge,settlement,4,884,23,6144,0.273,0.16
2020,knowledge,lens,4,884,23,6144,0.273,0.16
2020,knowledge,researcher,4,884,23,6144,0.273,0.16
2020,knowledge,expertise,8,884,49,6144,0.182,0.15
2020,knowledge,connection,4,884,33,6144,-0.247,0.14
2020,knowledge,assembly,3,884,17,6144,0.295,0.14
2020,knowledge,image,3,884,17,6144,0.295,0.14
2020,knowledge,greenhouse,3,884,17,6144,0.295,0.14
2020,knowledge,visit,3,884,17,6144,0.295,0.14
2020,knowledge,storm,3,884,17,6144,0.295,0.14
2020,knowledge,sustainability,13,884,99,6144,-0.132,0.13
2020,knowledge,number,3,884,25,6144,-0.262,0.12
2020,knowledge,ecosystem,5,884,30,6144,0.212,0.12
2020,knowledge,engineering,7,884,43,6144,0.178,0.12
2020,knowledge,thing,3,884,25,6144,-0.262,0.12
2020,knowledge,funding,3,884,25,6144,-0.262,0.12
2020,knowledge,flooding,4,884,24,6144,0.212,0.1
2020,knowledge,source,8,884,50,6144,0.153,0.1
2020,knowledge,period,4,884,24,6144,0.212,0.1
2020,knowledge,framework,8,884,50,6144,0.153,0.1
2020,knowledge,organization,6,884,47,6144,-0.173,0.1
2020,knowledge,trip,4,884,24,6144,0.212,0.1
2020,knowledge,service,6,884,37,6144,0.173,0.1
2020,knowledge,mass,3,884,24,6144,-0.203,0.07
2020,knowledge,event,5,884,31,6144,0.165,0.07
2020,knowledge,content,5,884,31,6144,0.165,0.07
2020,knowledge,population,5,884,31,6144,0.165,0.07
2020,knowledge,transition,3,884,18,6144,0.212,0.07
2020,knowledge,resource,17,884,112,6144,0.077,0.06
2020,knowledge,contribution,4,884,31,6144,-0.157,0.06
2020,knowledge,component,6,884,38,6144,0.134,0.06
2020,knowledge,carbon,13,884,85,6144,0.088,0.06
2020,knowledge,housing,12,884,78,6144,0.097,0.06
2020,knowledge,introduction,6,884,38,6144,0.134,0.06
2020,knowledge,wood,4,884,31,6144,-0.157,0.06
2020,knowledge,dialogue,4,884,25,6144,0.153,0.05
2020,knowledge,cost,4,884,25,6144,0.153,0.05
2020,knowledge,art,7,884,52,6144,-0.096,0.04
2020,knowledge,practice,26,884,187,6144,-0.049,0.04
2020,knowledge,implementation,5,884,32,6144,0.119,0.04
2020,knowledge,innovation,5,884,32,6144,0.119,0.04
2020,knowledge,interest,8,884,59,6144,-0.086,0.03
2020,knowledge,policy,10,884,73,6144,-0.071,0.03
2020,knowledge,location,3,884,23,6144,-0.142,0.03
2020,knowledge,country,3,884,23,6144,-0.142,0.03
2020,knowledge,capacity,3,884,19,6144,0.134,0.03
2020,knowledge,essay,3,884,19,6144,0.134,0.03
2020,knowledge,conference,3,884,23,6144,-0.142,0.03
2020,knowledge,educator,5,884,33,6144,0.075,0.02
2020,knowledge,consequence,4,884,26,6144,0.097,0.02
2020,knowledge,property,5,884,33,6144,0.075,0.02
2020,knowledge,fuel,4,884,26,6144,0.097,0.02
2020,knowledge,agency,4,884,26,6144,0.097,0.02
2020,knowledge,experience,13,884,88,6144,0.038,0.01
2020,knowledge,hand,4,884,29,6144,-0.061,0.01
2020,knowledge,coursework,3,884,20,6144,0.06,0.01
2020,knowledge,economy,7,884,47,6144,0.05,0.01
2020,knowledge,methodology,6,884,40,6144,0.06,0.01
2020,knowledge,transportation,3,884,22,6144,-0.077,0.01
2020,knowledge,rise,7,884,50,6144,-0.039,0.01
2020,knowledge,mission,3,884,20,6144,0.06,0.01
2020,knowledge,prototype,4,884,27,6144,0.042,0.0
2020,knowledge,gas,3,884,21,6144,-0.01,0.0
2020,knowledge,awareness,3,884,21,6144,-0.01,0.0
2020,knowledge,investment,4,884,28,6144,-0.01,0.0
2020,knowledge,unit,4,884,28,6144,-0.01,0.0
2021,knowledge,design,156,768,698,6273,0.868,63.71
2021,knowledge,architecture,92,768,367,6273,1.034,48.53
2021,knowledge,environment,66,768,265,6273,1.025,33.49
2021,knowledge,knowledge,31,768,86,6273,1.558,32.78
2021,knowledge,issue,44,768,158,6273,1.186,28.61
2021,knowledge,sustainability,32,768,104,6273,1.33,25.4
2021,knowledge,method,28,768,86,6273,1.411,24.69
2021,knowledge,theory,22,768,59,6273,1.607,24.47
2021,knowledge,approach,33,768,113,6273,1.254,23.57
2021,knowledge,site,38,768,142,6273,1.128,22.47
2021,knowledge,ability,11,768,21,6273,2.097,19.86
2021,knowledge,lesson,9,768,15,6273,2.293,19.26
2021,knowledge,impact,30,768,109,6273,1.169,18.8
2021,knowledge,change,59,768,280,6273,0.783,18.16
2021,knowledge,building,58,768,275,6273,0.785,17.9
2021,knowledge,collection,8,768,13,6273,2.33,17.65
2021,knowledge,precedent,8,768,13,6273,2.33,17.65
2021,knowledge,outcome,11,768,23,6273,1.966,17.6
2021,knowledge,technology,25,768,86,6273,1.248,17.58
2021,knowledge,space,27,768,101,6273,1.127,15.79
2021,knowledge,community,52,768,252,6273,0.753,14.78
2021,knowledge,situation,9,768,19,6273,1.952,14.2
2021,knowledge,contribution,10,768,23,6273,1.828,13.98
2021,knowledge,climate,72,768,387,6273,0.604,13.82
2021,knowledge,carbon,23,768,85,6273,1.144,13.79
2021,knowledge,system,39,768,178,6273,0.84,13.41
2021,knowledge,datum,15,768,46,6273,1.413,13.15
2021,knowledge,policy,20,768,71,6273,1.202,13.1
2021,knowledge,observation,7,768,13,6273,2.137,13.07
2021,knowledge,scenario,12,768,33,6273,1.571,12.72
2021,knowledge,health,24,768,94,6273,1.06,12.53
2021,knowledge,geography,8,768,17,6273,1.943,12.5
2021,knowledge,person,9,768,21,6273,1.808,12.32
2021,knowledge,strategy,28,768,118,6273,0.955,12.09
2021,knowledge,science,16,768,53,6273,1.302,12.09
2021,knowledge,possibility,7,768,14,6273,2.03,11.86
2021,knowledge,future,24,768,97,6273,1.015,11.56
2021,knowledge,area,19,768,70,6273,1.149,11.44
2021,knowledge,history,19,768,71,6273,1.128,11.07
2021,knowledge,concept,16,768,56,6273,1.223,10.77
2021,knowledge,force,11,768,32,6273,1.489,10.58
2021,knowledge,point,12,768,37,6273,1.405,10.39
2021,knowledge,past,6,768,12,6273,2.03,10.16
2021,knowledge,level,19,768,74,6273,1.068,10.02
2021,knowledge,humanity,7,768,16,6273,1.837,9.86
2021,knowledge,scientist,7,768,16,6273,1.837,9.86
2021,knowledge,experience,20,768,80,6273,1.03,9.86
2021,knowledge,nature,14,768,48,6273,1.252,9.84
2021,knowledge,principle,14,768,48,6273,1.252,9.84
2021,knowledge,matter,5,768,9,6273,2.182,9.7
2021,knowledge,objective,10,768,29,6273,1.494,9.67
2021,knowledge,institution,10,768,29,6273,1.494,9.67
2021,knowledge,effect,14,768,49,6273,1.223,9.41
2021,knowledge,power,14,768,49,6273,1.223,9.41
2021,knowledge,response,13,768,44,6273,1.271,9.38
2021,knowledge,project,50,768,269,6273,0.602,9.34
2021,knowledge,specie,6,768,13,6273,1.915,9.12
2021,knowledge,evidence,6,768,13,6273,1.915,9.12
2021,knowledge,film,9,768,26,6273,1.499,8.75
2021,knowledge,opportunity,18,768,73,6273,1.01,8.55
2021,knowledge,world,22,768,96,6273,0.904,8.55
2021,knowledge,map,7,768,18,6273,1.667,8.25
2021,knowledge,practice,34,768,172,6273,0.691,8.09
2021,knowledge,quality,12,768,42,6273,1.223,8.06
2021,knowledge,logic,4,768,7,6273,2.223,8.04
2021,knowledge,energy,39,768,206,6273,0.629,7.81
2021,knowledge,culture,14,768,54,6273,1.082,7.53
2021,knowledge,wall,5,768,11,6273,1.892,7.43
2021,knowledge,insight,5,768,11,6273,1.892,7.43
2021,knowledge,pollution,6,768,15,6273,1.708,7.39
2021,knowledge,city,31,768,159,6273,0.671,6.97
2021,knowledge,time,24,768,115,6273,0.769,6.92
2021,knowledge,example,11,768,40,6273,1.167,6.78
2021,knowledge,section,10,768,35,6273,1.223,6.7
2021,knowledge,waste,9,768,30,6273,1.293,6.68
2021,knowledge,subject,9,768,30,6273,1.293,6.68
2021,knowledge,labor,6,768,16,6273,1.615,6.67
2021,knowledge,evaluation,7,768,21,6273,1.445,6.36
2021,knowledge,efficiency,7,768,21,6273,1.445,6.36
2021,knowledge,structure,18,768,82,6273,0.842,6.11
2021,knowledge,condition,14,768,59,6273,0.955,5.97
2021,knowledge,order,12,768,48,6273,1.03,5.88
2021,knowledge,pilot,5,768,13,6273,1.651,5.79
2021,knowledge,influence,5,768,13,6273,1.651,5.79
2021,knowledge,layer,4,768,9,6273,1.86,5.75
2021,knowledge,atmosphere,4,768,9,6273,1.86,5.75
2021,knowledge,debate,4,768,9,6273,1.86,5.75
2021,knowledge,variety,4,768,9,6273,1.86,5.75
2021,knowledge,resilience,10,768,38,6273,1.104,5.56
2021,knowledge,architect,24,768,122,6273,0.684,5.55
2021,knowledge,medium,9,768,33,6273,1.156,5.44
2021,knowledge,mission,6,768,18,6273,1.445,5.44
2021,knowledge,action,8,768,28,6273,1.223,5.36
2021,knowledge,investigation,7,768,23,6273,1.314,5.34
2021,knowledge,leader,7,768,23,6273,1.314,5.34
2021,knowledge,ground,5,768,14,6273,1.545,5.12
2021,knowledge,figure,5,768,14,6273,1.545,5.12
2021,knowledge,imagination,5,768,14,6273,1.545,5.12
2021,knowledge,implication,5,768,14,6273,1.545,5.12
2021,knowledge,narrative,8,768,29,6273,1.172,4.96
2021,knowledge,representation,6,768,19,6273,1.367,4.92
2021,knowledge,detail,6,768,19,6273,1.367,4.92
2021,knowledge,factor,4,768,10,6273,1.708,4.92
2021,knowledge,exposure,4,768,10,6273,1.708,4.92
2021,knowledge,voice,4,768,10,6273,1.708,4.92
2021,knowledge,interest,10,768,40,6273,1.03,4.89
2021,knowledge,application,10,768,40,6273,1.03,4.89
2021,knowledge,theme,7,768,24,6273,1.252,4.89
2021,knowledge,region,12,768,52,6273,0.915,4.72
2021,knowledge,trip,5,768,15,6273,1.445,4.53
2021,knowledge,reality,5,768,15,6273,1.445,4.53
2021,knowledge,fiction,5,768,15,6273,1.445,4.53
2021,knowledge,potential,11,768,47,6273,0.935,4.5
2021,knowledge,framework,11,768,47,6273,0.935,4.5
2021,knowledge,decade,6,768,20,6273,1.293,4.44
2021,knowledge,code,6,768,20,6273,1.293,4.44
2021,knowledge,view,6,768,20,6273,1.293,4.44
2021,knowledge,author,6,768,20,6273,1.293,4.44
2021,knowledge,model,16,768,78,6273,0.745,4.3
2021,knowledge,problem,14,768,66,6273,0.793,4.23
2021,knowledge,urbanism,8,768,31,6273,1.076,4.23
2021,knowledge,position,8,768,31,6273,1.076,4.23
2021,knowledge,movement,4,768,11,6273,1.571,4.22
2021,knowledge,envelope,3,768,7,6273,1.808,4.09
2021,knowledge,material,34,768,199,6273,0.481,4.07
2021,knowledge,individual,5,768,16,6273,1.352,4.01
2021,knowledge,methodology,5,768,16,6273,1.352,4.01
2021,knowledge,sense,6,768,21,6273,1.223,4.01
2021,knowledge,inquiry,6,768,21,6273,1.223,4.01
2021,knowledge,shift,5,768,16,6273,1.352,4.01
2021,knowledge,race,6,768,21,6273,1.223,4.01
2021,knowledge,form,13,768,61,6273,0.8,3.99
2021,knowledge,challenge,20,768,106,6273,0.624,3.87
2021,knowledge,designer,11,768,50,6273,0.846,3.74
2021,knowledge,landscape,15,768,75,6273,0.708,3.67
2021,knowledge,word,6,768,22,6273,1.156,3.62
2021,knowledge,maintenance,4,768,12,6273,1.445,3.62
2021,knowledge,audience,4,768,12,6273,1.445,3.62
2021,knowledge,content,8,768,33,6273,0.986,3.6
2021,knowledge,conversation,5,768,17,6273,1.264,3.55
2021,knowledge,injustice,5,768,17,6273,1.264,3.55
2021,knowledge,perspective,11,768,51,6273,0.817,3.5
2021,knowledge,decision,7,768,28,6273,1.03,3.42
2021,knowledge,justice,13,768,64,6273,0.73,3.36
2021,knowledge,object,3,768,8,6273,1.615,3.33
2021,knowledge,edge,3,768,8,6273,1.615,3.33
2021,knowledge,production,10,768,46,6273,0.828,3.27
2021,knowledge,requirement,6,768,23,6273,1.091,3.26
2021,knowledge,scholarship,5,768,18,6273,1.182,3.14
2021,knowledge,sequence,4,768,13,6273,1.33,3.11
2021,knowledge,ecology,6,768,24,6273,1.03,2.93
2021,knowledge,water,12,768,60,6273,0.708,2.93
2021,knowledge,engagement,7,768,30,6273,0.93,2.83
2021,knowledge,video,7,768,30,6273,0.93,2.83
2021,knowledge,place,13,768,67,6273,0.664,2.82
2021,knowledge,value,9,768,42,6273,0.808,2.8
2021,knowledge,land,8,768,36,6273,0.86,2.8
2021,knowledge,essay,5,768,19,6273,1.104,2.77
2021,knowledge,artifact,3,768,9,6273,1.445,2.72
2021,knowledge,kind,3,768,9,6273,1.445,2.72
2021,knowledge,mass,3,768,9,6273,1.445,2.72
2021,knowledge,laboratory,3,768,9,6273,1.445,2.72
2021,knowledge,speculation,3,768,9,6273,1.445,2.72
2021,knowledge,threat,3,768,9,6273,1.445,2.72
2021,knowledge,data,3,768,9,6273,1.445,2.72
2021,knowledge,thing,4,768,14,6273,1.223,2.67
2021,knowledge,element,4,768,14,6273,1.223,2.67
2021,knowledge,capacity,4,768,14,6273,1.223,2.67
2021,knowledge,habitat,4,768,14,6273,1.223,2.67
2021,knowledge,definition,4,768,14,6273,1.223,2.67
2021,knowledge,island,4,768,14,6273,1.223,2.67
2021,knowledge,mode,4,768,14,6273,1.223,2.67
2021,knowledge,scope,4,768,14,6273,1.223,2.67
2021,knowledge,hand,6,768,25,6273,0.971,2.62
2021,knowledge,number,6,768,25,6273,0.971,2.62
2021,knowledge,session,6,768,25,6273,0.971,2.62
2021,knowledge,air,7,768,31,6273,0.883,2.57
2021,knowledge,planet,5,768,20,6273,1.03,2.44
2021,knowledge,image,5,768,20,6273,1.03,2.44
2021,knowledge,income,5,768,20,6273,1.03,2.44
2021,knowledge,extraction,5,768,20,6273,1.03,2.44
2021,knowledge,risk,5,768,20,6273,1.03,2.44
2021,knowledge,researcher,5,768,20,6273,1.03,2.44
2021,knowledge,art,9,768,44,6273,0.74,2.38
2021,knowledge,benefit,6,768,26,6273,0.915,2.35
2021,knowledge,aim,4,768,15,6273,1.123,2.28
2021,knowledge,inequality,4,768,15,6273,1.123,2.28
2021,knowledge,tool,12,768,64,6273,0.615,2.24
2021,knowledge,lens,3,768,10,6273,1.293,2.22
2021,knowledge,performance,15,768,85,6273,0.527,2.1
2021,knowledge,thinking,7,768,33,6273,0.793,2.1
2021,knowledge,exercise,7,768,33,6273,0.793,2.1
2021,knowledge,population,6,768,27,6273,0.86,2.09
2021,knowledge,idea,12,768,66,6273,0.571,1.95
2021,knowledge,ethic,4,768,16,6273,1.03,1.95
2021,knowledge,recipient,4,768,16,6273,1.03,1.95
2021,knowledge,experimentation,4,768,16,6273,1.03,1.95
2021,knowledge,storm,4,768,16,6273,1.03,1.95
2021,knowledge,country,4,768,16,6273,1.03,1.95
2021,knowledge,century,8,768,40,6273,0.708,1.94
2021,knowledge,intervention,5,768,22,6273,0.892,1.87
2021,knowledge,vision,5,768,22,6273,0.892,1.87
2021,knowledge,people,12,768,67,6273,0.549,1.81
2021,knowledge,frame,3,768,11,6273,1.156,1.8
2021,knowledge,planner,3,768,11,6273,1.156,1.8
2021,knowledge,realm,3,768,11,6273,1.156,1.8
2021,knowledge,market,3,768,11,6273,1.156,1.8
2021,knowledge,resource,16,768,95,6273,0.46,1.73
2021,knowledge,consequence,4,768,17,6273,0.943,1.65
2021,knowledge,goal,13,768,75,6273,0.502,1.65
2021,knowledge,complexity,4,768,17,6273,0.943,1.65
2021,knowledge,stakeholder,4,768,17,6273,0.943,1.65
2021,knowledge,growth,5,768,23,6273,0.828,1.63
2021,knowledge,philosophy,3,768,12,6273,1.03,1.46
2021,knowledge,transformation,3,768,12,6273,1.03,1.46
2021,knowledge,result,6,768,30,6273,0.708,1.46
2021,knowledge,range,6,768,30,6273,0.708,1.46
2021,knowledge,fabrication,3,768,12,6273,1.03,1.46
2021,knowledge,connection,5,768,24,6273,0.767,1.41
2021,knowledge,boundary,5,768,24,6273,0.767,1.41
2021,knowledge,politic,4,768,18,6273,0.86,1.39
2021,knowledge,temperature,4,768,18,6273,0.86,1.39
2021,knowledge,act,4,768,18,6273,0.86,1.39
2021,knowledge,equity,10,768,57,6273,0.519,1.35
2021,knowledge,scale,15,768,92,6273,0.413,1.32
2021,knowledge,planning,8,768,44,6273,0.571,1.29
2021,knowledge,life,13,768,79,6273,0.427,1.21
2021,knowledge,behavior,3,768,13,6273,0.915,1.17
2021,knowledge,socio,3,768,13,6273,0.915,1.17
2021,knowledge,demand,3,768,13,6273,0.915,1.17
2021,knowledge,function,3,768,13,6273,0.915,1.17
2021,knowledge,test,3,768,13,6273,0.915,1.17
2021,knowledge,today,6,768,32,6273,0.615,1.12
2021,knowledge,discipline,10,768,59,6273,0.469,1.12
2021,knowledge,intersection,7,768,39,6273,0.552,1.06
2021,knowledge,partner,5,768,26,6273,0.651,1.04
2021,knowledge,emission,8,768,46,6273,0.506,1.03
2021,knowledge,typology,4,768,20,6273,0.708,0.97
2021,knowledge,infrastructure,13,768,82,6273,0.373,0.93
2021,knowledge,career,3,768,14,6273,0.808,0.93
2021,knowledge,warming,3,768,14,6273,0.808,0.93
2021,knowledge,technique,8,768,47,6273,0.475,0.91
2021,knowledge,expert,5,768,27,6273,0.597,0.88
2021,knowledge,adaptation,5,768,27,6273,0.597,0.88
2021,knowledge,construction,12,768,76,6273,0.367,0.84
2021,knowledge,question,11,768,69,6273,0.381,0.82
2021,knowledge,mapping,4,768,21,6273,0.638,0.79
2021,knowledge,heat,4,768,21,6273,0.638,0.79
2021,knowledge,economy,5,768,28,6273,0.545,0.74
2021,knowledge,installation,5,768,28,6273,0.545,0.74
2021,knowledge,integration,5,768,28,6273,0.545,0.74
2021,knowledge,fuel,3,768,15,6273,0.708,0.73
2021,knowledge,article,3,768,15,6273,0.708,0.73
2021,knowledge,foundation,3,768,15,6273,0.708,0.73
2021,knowledge,aspect,6,768,35,6273,0.486,0.71
2021,knowledge,industry,3,768,37,6273,-0.595,0.66
2021,knowledge,set,4,768,22,6273,0.571,0.64
2021,knowledge,management,4,768,22,6273,0.571,0.64
2021,knowledge,comfort,5,768,29,6273,0.494,0.61
2021,knowledge,expertise,3,768,36,6273,-0.555,0.57
2021,knowledge,solution,10,768,65,6273,0.33,0.56
2021,knowledge,standard,3,768,16,6273,0.615,0.56
2021,knowledge,text,3,768,16,6273,0.615,0.56
2021,knowledge,crisis,12,768,80,6273,0.293,0.54
2021,knowledge,discourse,4,768,23,6273,0.506,0.51
2021,knowledge,body,4,768,23,6273,0.506,0.51
2021,knowledge,concern,4,768,23,6273,0.506,0.51
2021,knowledge,firm,4,768,23,6273,0.506,0.51
2021,knowledge,type,6,768,37,6273,0.405,0.5
2021,knowledge,source,6,768,37,6273,0.405,0.5
2021,knowledge,housing,10,768,66,6273,0.308,0.49
2021,knowledge,pattern,3,768,17,6273,0.527,0.42
2021,knowledge,literature,3,768,17,6273,0.527,0.42
2021,knowledge,success,3,768,17,6273,0.527,0.42
2021,knowledge,metric,3,768,17,6273,0.527,0.42
2021,knowledge,lab,3,768,17,6273,0.527,0.42
2021,knowledge,disaster,4,768,24,6273,0.445,0.4
2021,knowledge,book,6,768,39,6273,0.33,0.34
2021,knowledge,innovation,5,768,32,6273,0.352,0.32
2021,knowledge,educator,3,768,18,6273,0.445,0.3
2021,knowledge,earth,3,768,18,6273,0.445,0.3
2021,knowledge,dialogue,3,768,18,6273,0.445,0.3
2021,knowledge,sea,4,768,25,6273,0.386,0.3
2021,knowledge,exploration,3,768,18,6273,0.445,0.3
2021,knowledge,consumption,6,768,40,6273,0.293,0.27
2021,knowledge,event,3,768,19,6273,0.367,0.21
2021,knowledge,emphasis,3,768,19,6273,0.367,0.21
2021,knowledge,society,6,768,42,6273,0.223,0.16
2021,knowledge,implementation,4,768,27,6273,0.275,0.16
2021,knowledge,profession,6,768,42,6273,0.223,0.16
2021,knowledge,neighborhood,6,768,43,6273,0.189,0.11
2021,knowledge,relation,4,768,28,6273,0.223,0.1
2021,knowledge,self,4,768,28,6273,0.223,0.1
2021,knowledge,house,4,768,28,6273,0.223,0.1
2021,knowledge,effort,4,768,28,6273,0.223,0.1
2021,knowledge,soil,3,768,21,6273,0.223,0.08
2021,knowledge,drawing,3,768,21,6273,0.223,0.08
2021,knowledge,responsibility,3,768,21,6273,0.223,0.08
2021,knowledge,competition,3,768,21,6273,0.223,0.08
2021,knowledge,generation,3,768,21,6273,0.223,0.08
2021,knowledge,presentation,5,768,46,6273,-0.172,0.08
2021,knowledge,paper,4,768,29,6273,0.172,0.06
2021,knowledge,activity,3,768,28,6273,-0.192,0.06
2021,knowledge,coal,5,768,37,6273,0.142,0.05
2021,knowledge,topic,9,768,69,6273,0.091,0.04
2021,knowledge,campus,3,768,22,6273,0.156,0.04
2021,knowledge,property,3,768,22,6273,0.156,0.04
2021,knowledge,interaction,3,768,22,6273,0.156,0.04
2021,knowledge,organization,3,768,27,6273,-0.14,0.03
2021,knowledge,state,5,768,38,6273,0.104,0.03
2021,knowledge,addition,5,768,44,6273,-0.108,0.03
2021,knowledge,collaboration,5,768,39,6273,0.067,0.01
2021,knowledge,agenda,3,768,23,6273,0.091,0.01
2021,knowledge,density,3,768,23,6273,0.091,0.01
2021,knowledge,introduction,4,768,31,6273,0.076,0.01
2021,knowledge,agency,3,768,26,6273,-0.085,0.01
2021,knowledge,simulation,4,768,32,6273,0.03,0.0
2021,knowledge,engineering,3,768,25,6273,-0.029,0.0
2021,knowledge,network,3,768,24,6273,0.03,0.0
2021,knowledge,initiative,3,768,24,6273,0.03,0.0
2021,knowledge,business,3,768,24,6273,0.03,0.0
2022,knowledge,project,45,443,169,2961,0.832,16.4
2022,knowledge,design,75,443,331,2961,0.599,15.66
2022,knowledge,environment,36,443,127,2961,0.922,15.65
2022,knowledge,architecture,49,443,193,2961,0.763,15.32
2022,knowledge,humanity,4,443,4,2961,2.741,15.23
2022,knowledge,space,23,443,73,2961,1.074,13.02
2022,knowledge,sequence,7,443,12,2961,1.963,11.99
2022,knowledge,history,21,443,67,2961,1.067,11.7
2022,knowledge,finding,6,443,10,2961,2.004,10.69
2022,knowledge,care,4,443,5,2961,2.419,10.55
2022,knowledge,culture,14,443,39,2961,1.263,10.55
2022,knowledge,individual,4,443,5,2961,2.419,10.55
2022,knowledge,time,19,443,61,2961,1.058,10.39
2022,knowledge,organization,9,443,20,2961,1.589,10.33
2022,knowledge,tool,12,443,34,2961,1.238,8.7
2022,knowledge,question,14,443,43,2961,1.122,8.48
2022,knowledge,cycle,4,443,6,2961,2.156,8.23
2022,knowledge,benefit,4,443,6,2961,2.156,8.23
2022,knowledge,lesson,4,443,6,2961,2.156,8.23
2022,knowledge,methodology,6,443,12,2961,1.741,8.15
2022,knowledge,subject,6,443,12,2961,1.741,8.15
2022,knowledge,aspect,5,443,9,2961,1.893,7.96
2022,knowledge,climate,45,443,204,2961,0.56,7.83
2022,knowledge,method,13,443,40,2961,1.119,7.83
2022,knowledge,place,13,443,40,2961,1.119,7.83
2022,knowledge,building,33,443,139,2961,0.666,7.79
2022,knowledge,system,29,443,118,2961,0.716,7.79
2022,knowledge,labor,7,443,16,2961,1.548,7.64
2022,knowledge,potential,8,443,20,2961,1.419,7.43
2022,knowledge,documentation,3,443,4,2961,2.326,7.24
2022,knowledge,integration,3,443,4,2961,2.326,7.24
2022,knowledge,situation,3,443,4,2961,2.326,7.24
2022,knowledge,ethic,3,443,4,2961,2.326,7.24
2022,knowledge,decarbonization,6,443,13,2961,1.625,7.16
2022,knowledge,sustainability,16,443,56,2961,0.933,6.91
2022,knowledge,effort,7,443,17,2961,1.461,6.86
2022,knowledge,reuse,5,443,10,2961,1.741,6.79
2022,knowledge,construction,17,443,62,2961,0.874,6.5
2022,knowledge,power,10,443,30,2961,1.156,6.37
2022,knowledge,knowledge,9,443,26,2961,1.21,6.23
2022,knowledge,idea,9,443,26,2961,1.21,6.23
2022,knowledge,hand,5,443,11,2961,1.603,5.81
2022,knowledge,society,9,443,27,2961,1.156,5.72
2022,knowledge,technology,14,443,50,2961,0.904,5.68
2022,knowledge,energy,18,443,70,2961,0.781,5.59
2022,knowledge,position,8,443,23,2961,1.217,5.59
2022,knowledge,generation,6,443,15,2961,1.419,5.56
2022,knowledge,practice,21,443,86,2961,0.707,5.43
2022,knowledge,insight,4,443,8,2961,1.741,5.42
2022,knowledge,reflection,4,443,8,2961,1.741,5.42
2022,knowledge,demand,3,443,5,2961,2.004,5.33
2022,knowledge,challenge,12,443,42,2961,0.933,5.15
2022,knowledge,approach,13,443,47,2961,0.887,5.08
2022,knowledge,exploration,8,443,24,2961,1.156,5.08
2022,knowledge,intervention,8,443,24,2961,1.156,5.08
2022,knowledge,discourse,5,443,12,2961,1.478,4.99
2022,knowledge,narrative,7,443,20,2961,1.226,4.95
2022,knowledge,order,6,443,16,2961,1.326,4.9
2022,knowledge,community,30,443,138,2961,0.539,4.72
2022,knowledge,city,28,443,128,2961,0.548,4.53
2022,knowledge,depth,4,443,9,2961,1.571,4.47
2022,knowledge,aesthetic,4,443,9,2961,1.571,4.47
2022,knowledge,ability,4,443,9,2961,1.571,4.47
2022,knowledge,video,4,443,9,2961,1.571,4.47
2022,knowledge,medium,4,443,9,2961,1.571,4.47
2022,knowledge,theory,9,443,30,2961,1.004,4.4
2022,knowledge,product,6,443,17,2961,1.238,4.32
2022,knowledge,institution,6,443,17,2961,1.238,4.32
2022,knowledge,representation,6,443,17,2961,1.238,4.32
2022,knowledge,risk,5,443,13,2961,1.362,4.29
2022,knowledge,view,3,443,6,2961,1.741,4.06
2022,knowledge,fiction,3,443,6,2961,1.741,4.06
2022,knowledge,priority,3,443,6,2961,1.741,4.06
2022,knowledge,people,9,443,31,2961,0.956,4.03
2022,knowledge,solution,7,443,22,2961,1.089,3.97
2022,knowledge,impact,15,443,61,2961,0.717,3.94
2022,knowledge,change,28,443,132,2961,0.504,3.86
2022,knowledge,matter,4,443,10,2961,1.419,3.7
2022,knowledge,document,4,443,10,2961,1.419,3.7
2022,knowledge,observation,5,443,14,2961,1.255,3.69
2022,knowledge,datum,9,443,32,2961,0.911,3.67
2022,knowledge,policy,10,443,37,2961,0.853,3.62
2022,knowledge,housing,11,443,42,2961,0.808,3.6
2022,knowledge,concept,7,443,23,2961,1.024,3.55
2022,knowledge,topic,9,443,33,2961,0.866,3.35
2022,knowledge,mode,6,443,19,2961,1.078,3.34
2022,knowledge,capacity,6,443,19,2961,1.078,3.34
2022,knowledge,leader,5,443,15,2961,1.156,3.16
2022,knowledge,response,7,443,24,2961,0.963,3.16
2022,knowledge,today,7,443,24,2961,0.963,3.16
2022,knowledge,variety,3,443,7,2961,1.518,3.14
2022,knowledge,feedback,3,443,7,2961,1.518,3.14
2022,knowledge,figure,3,443,7,2961,1.518,3.14
2022,knowledge,complexity,3,443,7,2961,1.518,3.14
2022,knowledge,injustice,3,443,7,2961,1.518,3.14
2022,knowledge,migration,3,443,7,2961,1.518,3.14
2022,knowledge,nature,11,443,44,2961,0.741,3.06
2022,knowledge,dimension,4,443,11,2961,1.281,3.06
2022,knowledge,precedent,4,443,11,2961,1.281,3.06
2022,knowledge,material,27,443,132,2961,0.451,3.01
2022,knowledge,extraction,6,443,20,2961,1.004,2.92
2022,knowledge,experience,13,443,55,2961,0.66,2.91
2022,knowledge,quality,7,443,25,2961,0.904,2.81
2022,knowledge,ecology,10,443,40,2961,0.741,2.77
2022,knowledge,life,9,443,35,2961,0.781,2.76
2022,knowledge,transformation,4,443,12,2961,1.156,2.53
2022,knowledge,drawing,7,443,26,2961,0.848,2.49
2022,knowledge,image,3,443,8,2961,1.326,2.44
2022,knowledge,era,3,443,8,2961,1.326,2.44
2022,knowledge,country,5,443,17,2961,0.975,2.31
2022,knowledge,condition,10,443,42,2961,0.67,2.3
2022,knowledge,typology,6,443,22,2961,0.866,2.22
2022,knowledge,modeling,4,443,13,2961,1.04,2.08
2022,knowledge,format,4,443,13,2961,1.04,2.08
2022,knowledge,science,4,443,13,2961,1.04,2.08
2022,knowledge,value,9,443,38,2961,0.663,2.02
2022,knowledge,designer,8,443,33,2961,0.696,1.97
2022,knowledge,inequity,5,443,18,2961,0.893,1.95
2022,knowledge,investigation,5,443,18,2961,0.893,1.95
2022,knowledge,industry,7,443,28,2961,0.741,1.93
2022,knowledge,intersection,7,443,28,2961,0.741,1.93
2022,knowledge,pattern,3,443,9,2961,1.156,1.89
2022,knowledge,sense,3,443,9,2961,1.156,1.89
2022,knowledge,collection,3,443,9,2961,1.156,1.89
2022,knowledge,adaptation,3,443,9,2961,1.156,1.89
2022,knowledge,introduction,3,443,9,2961,1.156,1.89
2022,knowledge,site,26,443,136,2961,0.354,1.81
2022,knowledge,performance,7,443,29,2961,0.69,1.69
2022,knowledge,opportunity,10,443,45,2961,0.571,1.69
2022,knowledge,level,10,443,45,2961,0.571,1.69
2022,knowledge,partner,5,443,19,2961,0.815,1.65
2022,knowledge,testing,3,443,10,2961,1.004,1.46
2022,knowledge,ecosystem,3,443,10,2961,1.004,1.46
2022,knowledge,settlement,3,443,10,2961,1.004,1.46
2022,knowledge,past,3,443,10,2961,1.004,1.46
2022,knowledge,boundary,3,443,10,2961,1.004,1.46
2022,knowledge,thought,3,443,10,2961,1.004,1.46
2022,knowledge,form,12,443,58,2961,0.468,1.39
2022,knowledge,expert,5,443,20,2961,0.741,1.38
2022,knowledge,service,4,443,15,2961,0.834,1.37
2022,knowledge,world,13,443,65,2961,0.419,1.22
2022,knowledge,section,8,443,37,2961,0.531,1.18
2022,knowledge,scenario,5,443,21,2961,0.67,1.14
2022,knowledge,vision,5,443,21,2961,0.67,1.14
2022,knowledge,carbon,4,443,42,2961,-0.652,1.11
2022,knowledge,profession,3,443,11,2961,0.866,1.11
2022,knowledge,implication,3,443,11,2961,0.866,1.11
2022,knowledge,travel,3,443,11,2961,0.866,1.11
2022,knowledge,educator,3,443,11,2961,0.866,1.11
2022,knowledge,urbanism,3,443,11,2961,0.866,1.11
2022,knowledge,production,7,443,32,2961,0.548,1.09
2022,knowledge,landscape,10,443,49,2961,0.448,1.07
2022,knowledge,framework,6,443,27,2961,0.571,1.01
2022,knowledge,book,4,443,17,2961,0.653,0.87
2022,knowledge,equity,6,443,28,2961,0.518,0.84
2022,knowledge,connection,3,443,12,2961,0.741,0.82
2022,knowledge,distribution,3,443,12,2961,0.741,0.82
2022,knowledge,thinking,4,443,18,2961,0.571,0.67
2022,knowledge,reality,4,443,18,2961,0.571,0.67
2022,knowledge,component,7,443,35,2961,0.419,0.65
2022,knowledge,text,3,443,13,2961,0.625,0.6
2022,knowledge,point,3,443,13,2961,0.625,0.6
2022,knowledge,possibility,3,443,13,2961,0.625,0.6
2022,knowledge,element,3,443,13,2961,0.625,0.6
2022,knowledge,weather,3,443,13,2961,0.625,0.6
2022,knowledge,range,3,443,13,2961,0.625,0.6
2022,knowledge,contribution,3,443,13,2961,0.625,0.6
2022,knowledge,map,3,443,13,2961,0.625,0.6
2022,knowledge,crisis,7,443,36,2961,0.378,0.54
2022,knowledge,justice,10,443,54,2961,0.308,0.52
2022,knowledge,infrastructure,12,443,66,2961,0.281,0.52
2022,knowledge,waste,4,443,19,2961,0.493,0.51
2022,knowledge,action,4,443,19,2961,0.493,0.51
2022,knowledge,application,5,443,25,2961,0.419,0.46
2022,knowledge,surface,5,443,25,2961,0.419,0.46
2022,knowledge,outcome,3,443,14,2961,0.518,0.42
2022,knowledge,notion,3,443,14,2961,0.518,0.42
2022,knowledge,future,7,443,58,2961,-0.31,0.41
2022,knowledge,model,12,443,68,2961,0.238,0.38
2022,knowledge,strategy,14,443,81,2961,0.208,0.34
2022,knowledge,issue,14,443,82,2961,0.191,0.29
2022,knowledge,effect,3,443,15,2961,0.419,0.28
2022,knowledge,exhibition,3,443,15,2961,0.419,0.28
2022,knowledge,assembly,3,443,15,2961,0.419,0.28
2022,knowledge,politic,3,443,15,2961,0.419,0.28
2022,knowledge,resilience,3,443,15,2961,0.419,0.28
2022,knowledge,human,3,443,15,2961,0.419,0.28
2022,knowledge,self,3,443,15,2961,0.419,0.28
2022,knowledge,economy,5,443,27,2961,0.308,0.26
2022,knowledge,exercise,3,443,26,2961,-0.375,0.26
2022,knowledge,agency,4,443,21,2961,0.348,0.26
2022,knowledge,technique,5,443,28,2961,0.255,0.18
2022,knowledge,area,8,443,61,2961,-0.19,0.17
2022,knowledge,conversation,4,443,22,2961,0.281,0.17
2022,knowledge,simulation,3,443,16,2961,0.326,0.17
2022,knowledge,source,3,443,16,2961,0.326,0.17
2022,knowledge,concern,4,443,22,2961,0.281,0.17
2022,knowledge,planning,8,443,47,2961,0.186,0.15
2022,knowledge,problem,6,443,35,2961,0.196,0.13
2022,knowledge,engagement,5,443,29,2961,0.205,0.12
2022,knowledge,collaboration,4,443,31,2961,-0.213,0.11
2022,knowledge,scale,15,443,93,2961,0.108,0.1
2022,knowledge,expertise,3,443,17,2961,0.238,0.09
2022,knowledge,water,9,443,55,2961,0.129,0.08
2022,knowledge,home,3,443,23,2961,-0.198,0.07
2022,knowledge,land,7,443,51,2961,-0.124,0.06
2022,knowledge,type,4,443,24,2961,0.156,0.05
2022,knowledge,object,3,443,18,2961,0.156,0.04
2022,knowledge,discipline,3,443,18,2961,0.156,0.04
2022,knowledge,activity,3,443,18,2961,0.156,0.04
2022,knowledge,century,4,443,25,2961,0.097,0.02
2022,knowledge,event,3,443,21,2961,-0.067,0.01
2022,knowledge,neighborhood,5,443,35,2961,-0.067,0.01
2022,knowledge,structure,5,443,35,2961,-0.067,0.01
2022,knowledge,management,3,443,21,2961,-0.067,0.01
2022,knowledge,perspective,4,443,28,2961,-0.067,0.01
2022,knowledge,architect,13,443,87,2961,-0.002,0.0
2022,knowledge,goal,4,443,26,2961,0.04,0.0
2022,knowledge,resource,9,443,60,2961,0.004,0.0
2022,knowledge,resident,3,443,20,2961,0.004,0.0
2022,knowledge,region,3,443,20,2961,0.004,0.0
2022,knowledge,growth,3,443,20,2961,0.004,0.0
2023,knowledge,design,92,472,391,3311,0.723,27.53
2023,knowledge,architecture,52,472,201,3311,0.86,20.06
2023,knowledge,impact,27,472,93,3311,1.026,13.93
2023,knowledge,climate,53,472,233,3311,0.674,13.04
2023,knowledge,dynamic,5,472,7,3311,2.325,11.76
2023,knowledge,living,8,472,16,3311,1.81,11.53
2023,knowledge,interaction,6,472,10,3311,2.073,11.2
2023,knowledge,effect,15,472,44,3311,1.258,11.09
2023,knowledge,method,20,472,67,3311,1.066,10.97
2023,knowledge,challenge,11,472,28,3311,1.462,10.69
2023,knowledge,place,13,472,37,3311,1.301,10.21
2023,knowledge,principle,7,472,14,3311,1.81,10.08
2023,knowledge,theory,15,472,46,3311,1.194,10.07
2023,knowledge,planning,13,472,38,3311,1.263,9.66
2023,knowledge,culture,19,472,66,3311,1.014,9.48
2023,knowledge,adaptation,9,472,23,3311,1.457,8.66
2023,knowledge,element,6,472,12,3311,1.81,8.63
2023,knowledge,action,12,472,36,3311,1.225,8.42
2023,knowledge,change,31,472,133,3311,0.709,8.1
2023,knowledge,intervention,8,472,20,3311,1.488,8.01
2023,knowledge,mean,6,472,13,3311,1.695,7.63
2023,knowledge,framework,10,472,29,3311,1.274,7.53
2023,knowledge,migration,12,472,38,3311,1.147,7.46
2023,knowledge,experience,18,472,67,3311,0.914,7.41
2023,knowledge,century,8,472,21,3311,1.418,7.32
2023,knowledge,format,5,472,10,3311,1.81,7.19
2023,knowledge,metric,5,472,10,3311,1.81,7.19
2023,knowledge,insight,4,472,7,3311,2.003,6.97
2023,knowledge,observation,4,472,7,3311,2.003,6.97
2023,knowledge,future,16,472,59,3311,0.928,6.75
2023,knowledge,type,8,472,22,3311,1.351,6.69
2023,knowledge,history,21,472,85,3311,0.793,6.66
2023,knowledge,identity,5,472,11,3311,1.673,6.2
2023,knowledge,engineering,6,472,15,3311,1.488,5.99
2023,knowledge,landscape,16,472,62,3311,0.856,5.81
2023,knowledge,iteration,4,472,8,3311,1.81,5.74
2023,knowledge,finding,4,472,8,3311,1.81,5.74
2023,knowledge,problem,10,472,33,3311,1.088,5.62
2023,knowledge,tradition,3,472,5,3311,2.073,5.59
2023,knowledge,objective,7,472,20,3311,1.296,5.42
2023,knowledge,building,33,472,158,3311,0.551,5.37
2023,knowledge,mitigation,5,472,12,3311,1.547,5.36
2023,knowledge,transformation,5,472,12,3311,1.547,5.36
2023,knowledge,risk,8,472,25,3311,1.167,5.1
2023,knowledge,today,7,472,21,3311,1.225,4.89
2023,knowledge,contribution,4,472,9,3311,1.64,4.78
2023,knowledge,code,4,472,9,3311,1.64,4.78
2023,knowledge,scenario,8,472,26,3311,1.11,4.65
2023,knowledge,knowledge,11,472,41,3311,0.912,4.46
2023,knowledge,capacity,7,472,22,3311,1.158,4.4
2023,knowledge,diagram,3,472,6,3311,1.81,4.3
2023,knowledge,potential,6,472,18,3311,1.225,4.18
2023,knowledge,point,6,472,18,3311,1.225,4.18
2023,knowledge,justice,11,472,42,3311,0.878,4.15
2023,knowledge,outcome,10,472,37,3311,0.923,4.14
2023,knowledge,value,5,472,14,3311,1.325,4.02
2023,knowledge,stage,5,472,14,3311,1.325,4.02
2023,knowledge,ability,4,472,10,3311,1.488,3.99
2023,knowledge,tool,12,472,48,3311,0.81,3.91
2023,knowledge,population,9,472,33,3311,0.936,3.82
2023,knowledge,topic,14,472,59,3311,0.735,3.81
2023,knowledge,region,13,472,54,3311,0.756,3.72
2023,knowledge,mapping,12,472,49,3311,0.781,3.64
2023,knowledge,solution,11,472,44,3311,0.81,3.58
2023,knowledge,performance,11,472,44,3311,0.81,3.58
2023,knowledge,lens,5,472,15,3311,1.225,3.48
2023,knowledge,human,5,472,15,3311,1.225,3.48
2023,knowledge,implication,5,472,15,3311,1.225,3.48
2023,knowledge,training,3,472,7,3311,1.588,3.37
2023,knowledge,equity,3,472,7,3311,1.588,3.37
2023,knowledge,injustice,3,472,7,3311,1.588,3.37
2023,knowledge,test,3,472,7,3311,1.588,3.37
2023,knowledge,benefit,3,472,7,3311,1.588,3.37
2023,knowledge,environment,27,472,136,3311,0.478,3.32
2023,knowledge,visualization,6,472,20,3311,1.073,3.27
2023,knowledge,child,6,472,20,3311,1.073,3.27
2023,knowledge,institution,7,472,25,3311,0.974,3.19
2023,knowledge,aspect,7,472,25,3311,0.974,3.19
2023,knowledge,architect,17,472,79,3311,0.594,3.11
2023,knowledge,strategy,11,472,46,3311,0.746,3.07
2023,knowledge,practice,19,472,91,3311,0.551,3.02
2023,knowledge,order,5,472,16,3311,1.132,3.01
2023,knowledge,perspective,10,472,41,3311,0.775,2.99
2023,knowledge,intersection,6,472,21,3311,1.003,2.89
2023,knowledge,effort,7,472,26,3311,0.917,2.85
2023,knowledge,result,4,472,12,3311,1.225,2.78
2023,knowledge,component,10,472,42,3311,0.74,2.74
2023,knowledge,scholar,5,472,17,3311,1.045,2.59
2023,knowledge,health,8,472,32,3311,0.81,2.59
2023,knowledge,integration,5,472,17,3311,1.045,2.59
2023,knowledge,scale,14,472,65,3311,0.595,2.56
2023,knowledge,heat,14,472,65,3311,0.595,2.56
2023,knowledge,system,22,472,113,3311,0.45,2.39
2023,knowledge,society,8,472,33,3311,0.766,2.33
2023,knowledge,oil,4,472,13,3311,1.11,2.32
2023,knowledge,inequality,4,472,13,3311,1.11,2.32
2023,knowledge,relation,4,472,13,3311,1.11,2.32
2023,knowledge,concern,5,472,18,3311,0.962,2.22
2023,knowledge,concept,6,472,23,3311,0.872,2.22
2023,knowledge,comfort,5,472,18,3311,0.962,2.22
2023,knowledge,possibility,5,472,18,3311,0.962,2.22
2023,knowledge,site,24,472,127,3311,0.407,2.15
2023,knowledge,time,12,472,56,3311,0.588,2.13
2023,knowledge,definition,3,472,9,3311,1.225,2.08
2023,knowledge,state,7,472,29,3311,0.76,2.01
2023,knowledge,vision,7,472,29,3311,0.76,2.01
2023,knowledge,agency,6,472,24,3311,0.81,1.94
2023,knowledge,assessment,6,472,24,3311,0.81,1.94
2023,knowledge,socio,4,472,14,3311,1.003,1.92
2023,knowledge,property,4,472,14,3311,1.003,1.92
2023,knowledge,humanity,5,472,19,3311,0.884,1.9
2023,knowledge,resource,4,472,50,3311,-0.833,1.88
2023,knowledge,opportunity,8,472,36,3311,0.64,1.66
2023,knowledge,call,3,472,10,3311,1.073,1.63
2023,knowledge,reflection,3,472,10,3311,1.073,1.63
2023,knowledge,typology,3,472,10,3311,1.073,1.63
2023,knowledge,basis,3,472,10,3311,1.073,1.63
2023,knowledge,vulnerability,3,472,10,3311,1.073,1.63
2023,knowledge,infrastructure,14,472,71,3311,0.468,1.62
2023,knowledge,art,5,472,20,3311,0.81,1.61
2023,knowledge,section,4,472,15,3311,0.904,1.58
2023,knowledge,colleague,4,472,15,3311,0.904,1.58
2023,knowledge,service,4,472,15,3311,0.904,1.58
2023,knowledge,industry,11,472,54,3311,0.515,1.52
2023,knowledge,condition,13,472,66,3311,0.466,1.49
2023,knowledge,travel,6,472,26,3311,0.695,1.45
2023,knowledge,community,29,472,166,3311,0.293,1.4
2023,knowledge,policy,5,472,21,3311,0.74,1.36
2023,knowledge,past,4,472,16,3311,0.81,1.29
2023,knowledge,number,4,472,16,3311,0.81,1.29
2023,knowledge,investigation,4,472,16,3311,0.81,1.29
2023,knowledge,generation,4,472,16,3311,0.81,1.29
2023,knowledge,source,4,472,16,3311,0.81,1.29
2023,knowledge,video,3,472,11,3311,0.936,1.26
2023,knowledge,leader,3,472,11,3311,0.936,1.26
2023,knowledge,subject,3,472,11,3311,0.936,1.26
2023,knowledge,goal,5,472,22,3311,0.673,1.14
2023,knowledge,level,9,472,45,3311,0.488,1.12
2023,knowledge,issue,10,472,51,3311,0.46,1.11
2023,knowledge,response,6,472,28,3311,0.588,1.06
2023,knowledge,drawing,4,472,17,3311,0.723,1.04
2023,knowledge,science,8,472,40,3311,0.488,0.99
2023,knowledge,crisis,10,472,52,3311,0.432,0.98
2023,knowledge,nation,3,472,12,3311,0.81,0.96
2023,knowledge,film,3,472,12,3311,0.81,0.96
2023,knowledge,documentation,3,472,12,3311,0.81,0.96
2023,knowledge,technique,5,472,23,3311,0.609,0.94
2023,knowledge,resilience,6,472,29,3311,0.537,0.89
2023,knowledge,thinking,4,472,18,3311,0.64,0.83
2023,knowledge,management,4,472,18,3311,0.64,0.83
2023,knowledge,mission,4,472,18,3311,0.64,0.83
2023,knowledge,hand,3,472,13,3311,0.695,0.72
2023,knowledge,lesson,3,472,13,3311,0.695,0.72
2023,knowledge,story,3,472,13,3311,0.695,0.72
2023,knowledge,lab,3,472,13,3311,0.695,0.72
2023,knowledge,partnership,3,472,13,3311,0.695,0.72
2023,knowledge,exercise,4,472,19,3311,0.562,0.65
2023,knowledge,mass,4,472,19,3311,0.562,0.65
2023,knowledge,construction,13,472,74,3311,0.301,0.64
2023,knowledge,sustainability,9,472,49,3311,0.366,0.64
2023,knowledge,datum,8,472,43,3311,0.384,0.63
2023,knowledge,city,15,472,87,3311,0.274,0.62
2023,knowledge,innovation,3,472,14,3311,0.588,0.53
2023,knowledge,factor,3,472,14,3311,0.588,0.53
2023,knowledge,theme,3,472,14,3311,0.588,0.53
2023,knowledge,economy,6,472,32,3311,0.395,0.49
2023,knowledge,visit,4,472,20,3311,0.488,0.49
2023,knowledge,organization,3,472,30,3311,-0.512,0.49
2023,knowledge,discipline,3,472,30,3311,-0.512,0.49
2023,knowledge,island,6,472,32,3311,0.395,0.49
2023,knowledge,access,4,472,20,3311,0.488,0.49
2023,knowledge,simulation,4,472,20,3311,0.488,0.49
2023,knowledge,application,6,472,32,3311,0.395,0.49
2023,knowledge,life,4,472,38,3311,-0.438,0.47
2023,knowledge,campus,3,472,29,3311,-0.463,0.4
2023,knowledge,air,5,472,27,3311,0.377,0.38
2023,knowledge,map,4,472,21,3311,0.418,0.37
2023,knowledge,image,3,472,15,3311,0.488,0.37
2023,knowledge,politic,3,472,15,3311,0.488,0.37
2023,knowledge,emission,3,472,15,3311,0.488,0.37
2023,knowledge,resident,3,472,15,3311,0.488,0.37
2023,knowledge,implementation,3,472,15,3311,0.488,0.37
2023,knowledge,material,18,472,143,3311,-0.18,0.35
2023,knowledge,area,10,472,59,3311,0.25,0.34
2023,knowledge,nature,6,472,34,3311,0.308,0.3
2023,knowledge,project,21,472,163,3311,-0.146,0.27
2023,knowledge,ecosystem,4,472,22,3311,0.351,0.26
2023,knowledge,representation,4,472,22,3311,0.351,0.26
2023,knowledge,weather,3,472,16,3311,0.395,0.25
2023,knowledge,addition,3,472,16,3311,0.395,0.25
2023,knowledge,collaboration,6,472,35,3311,0.266,0.23
2023,knowledge,designer,6,472,35,3311,0.266,0.23
2023,knowledge,world,12,472,75,3311,0.167,0.19
2023,knowledge,water,7,472,57,3311,-0.215,0.19
2023,knowledge,territory,4,472,23,3311,0.287,0.18
2023,knowledge,idea,4,472,23,3311,0.287,0.18
2023,knowledge,mode,3,472,17,3311,0.308,0.15
2023,knowledge,expertise,3,472,17,3311,0.308,0.15
2023,knowledge,disaster,3,472,17,3311,0.308,0.15
2023,knowledge,stakeholder,3,472,17,3311,0.308,0.15
2023,knowledge,neighborhood,5,472,30,3311,0.225,0.14
2023,knowledge,people,8,472,63,3311,-0.167,0.13
2023,knowledge,boundary,3,472,18,3311,0.225,0.08
2023,knowledge,structure,7,472,54,3311,-0.137,0.08
2023,knowledge,space,16,472,106,3311,0.082,0.06
2023,knowledge,presentation,3,472,24,3311,-0.19,0.06
2023,knowledge,facility,3,472,24,3311,-0.19,0.06
2023,knowledge,session,4,472,31,3311,-0.144,0.05
2023,knowledge,housing,4,472,31,3311,-0.144,0.05
2023,knowledge,interest,4,472,31,3311,-0.144,0.05
2023,knowledge,partner,3,472,19,3311,0.147,0.04
2023,knowledge,extraction,3,472,19,3311,0.147,0.04
2023,knowledge,activity,3,472,19,3311,0.147,0.04
2023,knowledge,event,4,472,26,3311,0.11,0.03
2023,knowledge,expert,3,472,23,3311,-0.128,0.03
2023,knowledge,content,4,472,26,3311,0.11,0.03
2023,knowledge,energy,12,472,81,3311,0.056,0.02
2023,knowledge,model,5,472,33,3311,0.088,0.02
2023,knowledge,technology,6,472,40,3311,0.073,0.02
2023,knowledge,carbon,5,472,34,3311,0.045,0.01
2023,knowledge,ecology,9,472,61,3311,0.05,0.01
2023,knowledge,form,8,472,58,3311,-0.048,0.01
2023,knowledge,medium,3,472,22,3311,-0.064,0.01
2023,knowledge,firm,3,472,20,3311,0.073,0.01
2023,knowledge,standard,3,472,20,3311,0.073,0.01
2023,knowledge,home,3,472,22,3311,-0.064,0.01
2023,knowledge,approach,8,472,55,3311,0.029,0.0
2023,knowledge,geography,3,472,21,3311,0.003,0.0
2023,knowledge,question,7,472,48,3311,0.033,0.0
2023,knowledge,narrative,6,472,41,3311,0.038,0.0
2023,knowledge,land,7,472,48,3311,0.033,0.0
2024,knowledge,climate,92,491,332,3639,1.038,52.19
2024,knowledge,technique,26,491,46,3639,2.067,47.92
2024,knowledge,design,104,491,431,3639,0.839,40.89
2024,knowledge,change,53,491,176,3639,1.158,34.77
2024,knowledge,energy,28,491,86,3639,1.271,21.1
2024,knowledge,power,15,491,34,3639,1.709,19.2
2024,knowledge,justice,23,491,70,3639,1.284,17.57
2024,knowledge,lesson,5,491,6,3639,2.627,14.95
2024,knowledge,collaborator,7,491,11,3639,2.238,14.85
2024,knowledge,environment,30,491,111,3639,1.002,14.67
2024,knowledge,sustainability,15,491,40,3639,1.475,14.63
2024,knowledge,report,7,491,12,3639,2.112,13.26
2024,knowledge,effect,13,491,34,3639,1.503,13.1
2024,knowledge,factor,5,491,7,3639,2.404,12.27
2024,knowledge,sequence,3,491,3,3639,2.89,12.03
2024,knowledge,practice,28,491,109,3639,0.929,11.87
2024,knowledge,world,26,491,99,3639,0.961,11.7
2024,knowledge,solution,14,491,41,3639,1.34,11.44
2024,knowledge,architecture,53,491,254,3639,0.629,11.3
2024,knowledge,outcome,12,491,34,3639,1.387,10.43
2024,knowledge,variety,6,491,11,3639,2.015,10.38
2024,knowledge,alternative,5,491,8,3639,2.212,10.35
2024,knowledge,response,10,491,26,3639,1.511,10.15
2024,knowledge,collaboration,14,491,44,3639,1.238,9.89
2024,knowledge,footprint,6,491,12,3639,1.89,9.19
2024,knowledge,story,6,491,12,3639,1.89,9.19
2024,knowledge,value,11,491,32,3639,1.349,9.08
2024,knowledge,code,4,491,6,3639,2.305,8.99
2024,knowledge,map,8,491,20,3639,1.568,8.67
2024,knowledge,tool,16,491,57,3639,1.057,8.48
2024,knowledge,cycle,10,491,29,3639,1.354,8.29
2024,knowledge,past,6,491,13,3639,1.774,8.16
2024,knowledge,history,22,491,90,3639,0.857,7.97
2024,knowledge,range,8,491,21,3639,1.497,7.97
2024,knowledge,future,27,491,119,3639,0.75,7.68
2024,knowledge,colleague,5,491,10,3639,1.89,7.65
2024,knowledge,imagination,9,491,26,3639,1.359,7.51
2024,knowledge,diagram,4,491,7,3639,2.082,7.36
2024,knowledge,implication,6,491,14,3639,1.667,7.27
2024,knowledge,risk,7,491,19,3639,1.449,6.56
2024,knowledge,pattern,6,491,15,3639,1.568,6.49
2024,knowledge,form,15,491,58,3639,0.939,6.37
2024,knowledge,condition,13,491,48,3639,1.005,6.25
2024,knowledge,potential,8,491,24,3639,1.305,6.19
2024,knowledge,opportunity,14,491,54,3639,0.942,5.98
2024,knowledge,challenge,21,491,93,3639,0.743,5.82
2024,knowledge,emphasis,6,491,16,3639,1.475,5.8
2024,knowledge,movement,6,491,16,3639,1.475,5.8
2024,knowledge,science,15,491,60,3639,0.89,5.77
2024,knowledge,methodology,8,491,25,3639,1.246,5.68
2024,knowledge,community,36,491,183,3639,0.544,5.68
2024,knowledge,material,28,491,136,3639,0.61,5.41
2024,knowledge,degradation,4,491,9,3639,1.72,5.13
2024,knowledge,scenario,4,491,9,3639,1.72,5.13
2024,knowledge,goal,10,491,36,3639,1.042,5.12
2024,knowledge,market,5,491,13,3639,1.511,5.05
2024,knowledge,order,7,491,22,3639,1.238,4.91
2024,knowledge,framework,9,491,32,3639,1.06,4.75
2024,knowledge,literature,3,491,6,3639,1.89,4.58
2024,knowledge,category,3,491,6,3639,1.89,4.58
2024,knowledge,inequality,3,491,6,3639,1.89,4.58
2024,knowledge,structure,11,491,43,3639,0.923,4.5
2024,knowledge,deliverable,4,491,10,3639,1.568,4.32
2024,knowledge,equity,6,491,19,3639,1.227,4.13
2024,knowledge,agenda,6,491,19,3639,1.227,4.13
2024,knowledge,datum,6,491,19,3639,1.227,4.13
2024,knowledge,impact,18,491,84,3639,0.667,4.06
2024,knowledge,principle,7,491,24,3639,1.112,4.03
2024,knowledge,system,30,491,157,3639,0.502,4.02
2024,knowledge,concept,11,491,45,3639,0.857,3.93
2024,knowledge,concern,5,491,15,3639,1.305,3.85
2024,knowledge,air,5,491,15,3639,1.305,3.85
2024,knowledge,place,13,491,57,3639,0.757,3.69
2024,knowledge,socio,6,491,20,3639,1.153,3.69
2024,knowledge,content,6,491,20,3639,1.153,3.69
2024,knowledge,force,4,491,11,3639,1.43,3.65
2024,knowledge,typology,4,491,11,3639,1.43,3.65
2024,knowledge,property,4,491,11,3639,1.43,3.65
2024,knowledge,benefit,4,491,11,3639,1.43,3.65
2024,knowledge,profession,3,491,7,3639,1.667,3.63
2024,knowledge,attention,3,491,7,3639,1.667,3.63
2024,knowledge,culture,9,491,36,3639,0.89,3.43
2024,knowledge,dimension,5,491,16,3639,1.212,3.36
2024,knowledge,importance,5,491,16,3639,1.212,3.36
2024,knowledge,building,26,491,138,3639,0.482,3.2
2024,knowledge,resource,14,491,65,3639,0.675,3.2
2024,knowledge,narrative,9,491,37,3639,0.85,3.15
2024,knowledge,influence,4,491,12,3639,1.305,3.08
2024,knowledge,educator,4,491,12,3639,1.305,3.08
2024,knowledge,iteration,4,491,12,3639,1.305,3.08
2024,knowledge,resident,4,491,12,3639,1.305,3.08
2024,knowledge,mitigation,4,491,12,3639,1.305,3.08
2024,knowledge,author,4,491,12,3639,1.305,3.08
2024,knowledge,care,5,491,17,3639,1.124,2.93
2024,knowledge,extraction,6,491,22,3639,1.015,2.91
2024,knowledge,paper,3,491,8,3639,1.475,2.89
2024,knowledge,commitment,3,491,8,3639,1.475,2.89
2024,knowledge,document,3,491,8,3639,1.475,2.89
2024,knowledge,efficiency,3,491,8,3639,1.475,2.89
2024,knowledge,pollution,3,491,8,3639,1.475,2.89
2024,knowledge,designer,12,491,55,3639,0.693,2.88
2024,knowledge,agency,8,491,33,3639,0.845,2.77
2024,knowledge,resilience,8,491,33,3639,0.845,2.77
2024,knowledge,earth,7,491,28,3639,0.89,2.66
2024,knowledge,realm,4,491,13,3639,1.189,2.6
2024,knowledge,requirement,4,491,13,3639,1.189,2.6
2024,knowledge,point,4,491,13,3639,1.189,2.6
2024,knowledge,decade,4,491,13,3639,1.189,2.6
2024,knowledge,prototype,6,491,23,3639,0.951,2.58
2024,knowledge,hand,5,491,18,3639,1.042,2.54
2024,knowledge,production,12,491,57,3639,0.642,2.49
2024,knowledge,documentation,3,491,9,3639,1.305,2.31
2024,knowledge,text,3,491,9,3639,1.305,2.31
2024,knowledge,platform,3,491,9,3639,1.305,2.31
2024,knowledge,participant,3,491,9,3639,1.305,2.31
2024,knowledge,performance,5,491,19,3639,0.964,2.2
2024,knowledge,planning,9,491,41,3639,0.702,2.2
2024,knowledge,visit,4,491,14,3639,1.082,2.18
2024,knowledge,race,4,491,14,3639,1.082,2.18
2024,knowledge,location,4,491,14,3639,1.082,2.18
2024,knowledge,flooding,4,491,14,3639,1.082,2.18
2024,knowledge,area,15,491,77,3639,0.53,2.17
2024,knowledge,perspective,10,491,47,3639,0.657,2.16
2024,knowledge,question,11,491,53,3639,0.621,2.14
2024,knowledge,neighborhood,11,491,53,3639,0.621,2.14
2024,knowledge,innovation,7,491,30,3639,0.79,2.13
2024,knowledge,water,4,491,54,3639,-0.865,2.03
2024,knowledge,ecology,7,491,31,3639,0.743,1.9
2024,knowledge,planet,5,491,20,3639,0.89,1.9
2024,knowledge,city,18,491,98,3639,0.445,1.88
2024,knowledge,region,13,491,67,3639,0.524,1.84
2024,knowledge,disaster,3,491,10,3639,1.153,1.84
2024,knowledge,reality,8,491,37,3639,0.68,1.84
2024,knowledge,tradition,3,491,10,3639,1.153,1.84
2024,knowledge,situation,3,491,10,3639,1.153,1.84
2024,knowledge,frame,3,491,10,3639,1.153,1.84
2024,knowledge,humanity,4,491,15,3639,0.983,1.82
2024,knowledge,living,4,491,15,3639,0.983,1.82
2024,knowledge,people,6,491,26,3639,0.774,1.76
2024,knowledge,approach,8,491,88,3639,-0.57,1.66
2024,knowledge,representation,8,491,38,3639,0.642,1.65
2024,knowledge,economy,5,491,21,3639,0.819,1.63
2024,knowledge,growth,5,491,21,3639,0.819,1.63
2024,knowledge,expert,5,491,21,3639,0.819,1.63
2024,knowledge,industry,12,491,63,3639,0.497,1.53
2024,knowledge,quality,4,491,16,3639,0.89,1.52
2024,knowledge,visualization,4,491,16,3639,0.89,1.52
2024,knowledge,territory,4,491,16,3639,0.89,1.52
2024,knowledge,decision,4,491,16,3639,0.89,1.52
2024,knowledge,generation,4,491,16,3639,0.89,1.52
2024,knowledge,exchange,4,491,16,3639,0.89,1.52
2024,knowledge,thinking,7,491,33,3639,0.653,1.49
2024,knowledge,medium,7,491,33,3639,0.653,1.49
2024,knowledge,dynamic,3,491,11,3639,1.015,1.45
2024,knowledge,identity,3,491,11,3639,1.015,1.45
2024,knowledge,technology,12,491,64,3639,0.475,1.4
2024,knowledge,architect,12,491,64,3639,0.475,1.4
2024,knowledge,fiction,5,491,22,3639,0.752,1.39
2024,knowledge,project,31,491,189,3639,0.282,1.37
2024,knowledge,integration,4,491,17,3639,0.802,1.25
2024,knowledge,knowledge,11,491,59,3639,0.467,1.24
2024,knowledge,possibility,5,491,23,3639,0.688,1.17
2024,knowledge,addition,5,491,23,3639,0.688,1.17
2024,knowledge,vision,5,491,23,3639,0.688,1.17
2024,knowledge,contribution,3,491,12,3639,0.89,1.14
2024,knowledge,geography,3,491,12,3639,0.89,1.14
2024,knowledge,nature,6,491,29,3639,0.617,1.14
2024,knowledge,view,3,491,12,3639,0.89,1.14
2024,knowledge,materiality,3,491,12,3639,0.89,1.14
2024,knowledge,leader,3,491,12,3639,0.89,1.14
2024,knowledge,travel,3,491,12,3639,0.89,1.14
2024,knowledge,life,11,491,60,3639,0.442,1.12
2024,knowledge,food,10,491,54,3639,0.457,1.08
2024,knowledge,strategy,12,491,67,3639,0.409,1.05
2024,knowledge,body,4,491,18,3639,0.72,1.02
2024,knowledge,transition,5,491,24,3639,0.627,0.98
2024,knowledge,partnership,5,491,24,3639,0.627,0.98
2024,knowledge,weather,3,491,13,3639,0.774,0.88
2024,knowledge,shift,3,491,13,3639,0.774,0.88
2024,knowledge,classroom,3,491,13,3639,0.774,0.88
2024,knowledge,space,19,491,115,3639,0.292,0.88
2024,knowledge,atmosphere,3,491,13,3639,0.774,0.88
2024,knowledge,theory,7,491,37,3639,0.488,0.86
2024,knowledge,ability,4,491,19,3639,0.642,0.82
2024,knowledge,exercise,4,491,19,3639,0.642,0.82
2024,knowledge,level,9,491,50,3639,0.416,0.81
2024,knowledge,crisis,5,491,52,3639,-0.489,0.74
2024,knowledge,policy,7,491,38,3639,0.449,0.73
2024,knowledge,mapping,6,491,32,3639,0.475,0.69
2024,knowledge,institution,6,491,32,3639,0.475,0.69
2024,knowledge,transformation,5,491,26,3639,0.511,0.67
2024,knowledge,emission,3,491,14,3639,0.667,0.66
2024,knowledge,firm,3,491,14,3639,0.667,0.66
2024,knowledge,ecosystem,4,491,20,3639,0.568,0.65
2024,knowledge,heat,4,491,20,3639,0.568,0.65
2024,knowledge,fabrication,6,491,33,3639,0.43,0.58
2024,knowledge,health,6,491,33,3639,0.43,0.58
2024,knowledge,carbon,5,491,27,3639,0.457,0.54
2024,knowledge,intersection,5,491,27,3639,0.457,0.54
2024,knowledge,housing,9,491,53,3639,0.332,0.53
2024,knowledge,drawing,7,491,40,3639,0.375,0.52
2024,knowledge,construction,11,491,99,3639,-0.28,0.52
2024,knowledge,initiative,3,491,32,3639,-0.525,0.52
2024,knowledge,century,4,491,21,3639,0.497,0.51
2024,knowledge,urbanism,4,491,21,3639,0.497,0.51
2024,knowledge,source,4,491,21,3639,0.497,0.51
2024,knowledge,partner,4,491,21,3639,0.497,0.51
2024,knowledge,action,4,491,21,3639,0.497,0.51
2024,knowledge,scale,14,491,87,3639,0.254,0.49
2024,knowledge,lens,3,491,15,3639,0.568,0.49
2024,knowledge,consumption,3,491,15,3639,0.568,0.49
2024,knowledge,mass,3,491,15,3639,0.568,0.49
2024,knowledge,intervention,6,491,34,3639,0.387,0.47
2024,knowledge,landscape,13,491,114,3639,-0.243,0.46
2024,knowledge,issue,6,491,56,3639,-0.333,0.4
2024,knowledge,theme,4,491,22,3639,0.43,0.38
2024,knowledge,ground,4,491,22,3639,0.43,0.38
2024,knowledge,objective,4,491,22,3639,0.43,0.38
2024,knowledge,method,7,491,42,3639,0.305,0.35
2024,knowledge,lab,4,491,23,3639,0.366,0.28
2024,knowledge,block,4,491,23,3639,0.366,0.28
2024,knowledge,land,9,491,57,3639,0.227,0.25
2024,knowledge,scholar,3,491,17,3639,0.387,0.23
2024,knowledge,event,3,491,17,3639,0.387,0.23
2024,knowledge,discipline,5,491,45,3639,-0.28,0.23
2024,knowledge,time,10,491,65,3639,0.189,0.2
2024,knowledge,art,3,491,18,3639,0.305,0.15
2024,knowledge,today,3,491,18,3639,0.305,0.15
2024,knowledge,session,3,491,18,3639,0.305,0.15
2024,knowledge,engagement,3,491,27,3639,-0.28,0.14
2024,knowledge,state,4,491,35,3639,-0.24,0.13
2024,knowledge,effort,4,491,25,3639,0.246,0.13
2024,knowledge,idea,7,491,46,3639,0.174,0.11
2024,knowledge,adaptation,3,491,26,3639,-0.226,0.09
2024,knowledge,problem,4,491,34,3639,-0.198,0.09
2024,knowledge,organization,4,491,34,3639,-0.198,0.09
2024,knowledge,wind,6,491,40,3639,0.153,0.08
2024,knowledge,aspect,3,491,19,3639,0.227,0.08
2024,knowledge,site,17,491,133,3639,-0.078,0.06
2024,knowledge,interest,4,491,33,3639,-0.155,0.06
2024,knowledge,infrastructure,13,491,102,3639,-0.082,0.05
2024,knowledge,oil,8,491,55,3639,0.108,0.05
2024,knowledge,stage,3,491,25,3639,-0.169,0.05
2024,knowledge,topic,6,491,41,3639,0.117,0.05
2024,knowledge,society,8,491,55,3639,0.108,0.05
2024,knowledge,model,8,491,63,3639,-0.088,0.04
2024,knowledge,capacity,3,491,20,3639,0.153,0.04
2024,knowledge,repair,4,491,27,3639,0.135,0.04
2024,knowledge,timber,3,491,20,3639,0.153,0.04
2024,knowledge,human,3,491,24,3639,-0.11,0.02
2024,knowledge,experience,12,491,86,3639,0.048,0.02
2024,knowledge,exhibition,6,491,43,3639,0.048,0.01
2024,knowledge,dialogue,3,491,21,3639,0.082,0.01
2024,knowledge,home,5,491,38,3639,-0.036,0.0
2024,knowledge,network,3,491,22,3639,0.015,0.0
2024,knowledge,activity,4,491,29,3639,0.032,0.0
2025,knowledge,environment,34,401,96,3104,1.455,32.92
2025,knowledge,climate,70,401,284,3104,0.932,32.12
2025,knowledge,design,88,401,423,3104,0.687,24.06
2025,knowledge,system,28,401,91,3104,1.252,20.48
2025,knowledge,change,36,401,146,3104,0.933,15.58
2025,knowledge,site,21,401,68,3104,1.257,15.33
2025,knowledge,impact,24,401,84,3104,1.145,14.84
2025,knowledge,condition,15,401,43,3104,1.433,13.78
2025,knowledge,contribution,10,401,24,3104,1.689,12.34
2025,knowledge,example,8,401,17,3104,1.865,11.82
2025,knowledge,implication,6,401,11,3104,2.078,10.84
2025,knowledge,inequity,6,401,11,3104,2.078,10.84
2025,knowledge,lesson,6,401,11,3104,2.078,10.84
2025,knowledge,notion,5,401,8,3104,2.274,10.76
2025,knowledge,capacity,5,401,8,3104,2.274,10.76
2025,knowledge,typology,5,401,8,3104,2.274,10.76
2025,knowledge,community,39,401,186,3104,0.699,9.95
2025,knowledge,practice,25,401,104,3104,0.896,9.86
2025,knowledge,project,37,401,175,3104,0.711,9.71
2025,knowledge,energy,22,401,88,3104,0.952,9.67
2025,knowledge,approach,22,401,88,3104,0.952,9.67
2025,knowledge,influence,4,401,6,3104,2.367,9.32
2025,knowledge,building,23,401,95,3104,0.906,9.24
2025,knowledge,tool,17,401,63,3104,1.063,9.07
2025,knowledge,people,10,401,29,3104,1.416,8.94
2025,knowledge,experience,18,401,70,3104,0.993,8.49
2025,knowledge,resident,3,401,4,3104,2.537,8.07
2025,knowledge,hand,5,401,10,3104,1.952,8.02
2025,knowledge,technology,11,401,36,3104,1.242,7.74
2025,knowledge,datum,11,401,36,3104,1.242,7.74
2025,knowledge,housing,11,401,36,3104,1.242,7.74
2025,knowledge,history,12,401,41,3104,1.18,7.7
2025,knowledge,dynamic,4,401,7,3104,2.145,7.67
2025,knowledge,production,12,401,42,3104,1.145,7.29
2025,knowledge,value,7,401,19,3104,1.512,7.02
2025,knowledge,form,9,401,28,3104,1.315,7.01
2025,knowledge,estate,5,401,11,3104,1.815,7.0
2025,knowledge,assessment,6,401,15,3104,1.631,6.91
2025,knowledge,economy,8,401,24,3104,1.367,6.69
2025,knowledge,decision,9,401,29,3104,1.264,6.53
2025,knowledge,time,11,401,39,3104,1.126,6.47
2025,knowledge,desert,4,401,8,3104,1.952,6.41
2025,knowledge,self,4,401,8,3104,1.952,6.41
2025,knowledge,scale,15,401,61,3104,0.929,6.22
2025,knowledge,potential,6,401,16,3104,1.537,6.2
2025,knowledge,place,8,401,25,3104,1.309,6.17
2025,knowledge,transition,8,401,25,3104,1.309,6.17
2025,knowledge,pattern,5,401,12,3104,1.689,6.14
2025,knowledge,user,5,401,12,3104,1.689,6.14
2025,knowledge,issue,12,401,46,3104,1.014,5.82
2025,knowledge,policy,14,401,57,3104,0.927,5.78
2025,knowledge,perspective,8,401,26,3104,1.252,5.69
2025,knowledge,region,10,401,36,3104,1.104,5.67
2025,knowledge,action,9,401,31,3104,1.168,5.64
2025,knowledge,communication,4,401,9,3104,1.783,5.41
2025,knowledge,response,7,401,22,3104,1.3,5.33
2025,knowledge,representation,7,401,22,3104,1.3,5.33
2025,knowledge,opportunity,10,401,37,3104,1.065,5.3
2025,knowledge,outcome,8,401,27,3104,1.198,5.24
2025,knowledge,vulnerability,6,401,18,3104,1.367,5.0
2025,knowledge,resilience,15,401,66,3104,0.815,4.88
2025,knowledge,effect,7,401,23,3104,1.236,4.86
2025,knowledge,theory,7,401,23,3104,1.236,4.86
2025,knowledge,quality,7,401,23,3104,1.236,4.86
2025,knowledge,scarcity,7,401,23,3104,1.236,4.86
2025,knowledge,resource,15,401,67,3104,0.793,4.64
2025,knowledge,subject,4,401,10,3104,1.631,4.59
2025,knowledge,architecture,30,401,161,3104,0.528,4.45
2025,knowledge,technique,7,401,24,3104,1.175,4.42
2025,knowledge,society,7,401,24,3104,1.175,4.42
2025,knowledge,city,19,401,93,3104,0.661,4.21
2025,knowledge,space,15,401,69,3104,0.751,4.19
2025,knowledge,consumption,5,401,15,3104,1.367,4.16
2025,knowledge,stakeholder,5,401,15,3104,1.367,4.16
2025,knowledge,concept,8,401,30,3104,1.046,4.08
2025,knowledge,foundation,6,401,20,3104,1.215,4.03
2025,knowledge,commitment,6,401,20,3104,1.215,4.03
2025,knowledge,agency,4,401,11,3104,1.493,3.91
2025,knowledge,politic,4,401,11,3104,1.493,3.91
2025,knowledge,pollution,3,401,7,3104,1.73,3.84
2025,knowledge,documentation,3,401,7,3104,1.73,3.84
2025,knowledge,home,3,401,7,3104,1.73,3.84
2025,knowledge,sea,3,401,7,3104,1.73,3.84
2025,knowledge,boundary,3,401,7,3104,1.73,3.84
2025,knowledge,culture,5,401,16,3104,1.274,3.66
2025,knowledge,ability,5,401,16,3104,1.274,3.66
2025,knowledge,structure,10,401,43,3104,0.848,3.47
2025,knowledge,lens,4,401,12,3104,1.367,3.33
2025,knowledge,category,4,401,12,3104,1.367,3.33
2025,knowledge,point,4,401,12,3104,1.367,3.33
2025,knowledge,service,4,401,12,3104,1.367,3.33
2025,knowledge,fossil,5,401,17,3104,1.187,3.21
2025,knowledge,vision,5,401,17,3104,1.187,3.21
2025,knowledge,flow,3,401,8,3104,1.537,3.09
2025,knowledge,ethic,3,401,8,3104,1.537,3.09
2025,knowledge,shift,3,401,8,3104,1.537,3.09
2025,knowledge,text,3,401,8,3104,1.537,3.09
2025,knowledge,injustice,3,401,8,3104,1.537,3.09
2025,knowledge,intervention,7,401,28,3104,0.952,3.0
2025,knowledge,today,4,401,13,3104,1.252,2.83
2025,knowledge,factor,4,401,13,3104,1.252,2.83
2025,knowledge,life,10,401,46,3104,0.751,2.77
2025,knowledge,equity,7,401,29,3104,0.902,2.71
2025,knowledge,problem,8,401,35,3104,0.823,2.62
2025,knowledge,sustainability,13,401,65,3104,0.631,2.6
2025,knowledge,justice,13,401,65,3104,0.631,2.6
2025,knowledge,rise,3,401,9,3104,1.367,2.49
2025,knowledge,stage,3,401,9,3104,1.367,2.49
2025,knowledge,voice,3,401,9,3104,1.367,2.49
2025,knowledge,requirement,3,401,9,3104,1.367,2.49
2025,knowledge,objective,5,401,19,3104,1.026,2.46
2025,knowledge,innovation,5,401,19,3104,1.026,2.46
2025,knowledge,thinking,7,401,30,3104,0.853,2.45
2025,knowledge,exchange,4,401,14,3104,1.145,2.4
2025,knowledge,future,12,401,60,3104,0.631,2.4
2025,knowledge,document,4,401,14,3104,1.145,2.4
2025,knowledge,river,6,401,25,3104,0.894,2.28
2025,knowledge,strategy,15,401,80,3104,0.537,2.23
2025,knowledge,fuel,5,401,20,3104,0.952,2.14
2025,knowledge,power,4,401,15,3104,1.046,2.03
2025,knowledge,solution,11,401,56,3104,0.605,2.03
2025,knowledge,expert,6,401,26,3104,0.837,2.02
2025,knowledge,zone,3,401,10,3104,1.215,2.01
2025,knowledge,object,3,401,10,3104,1.215,2.01
2025,knowledge,air,3,401,10,3104,1.215,2.01
2025,knowledge,planning,10,401,50,3104,0.631,1.99
2025,knowledge,application,7,401,32,3104,0.76,1.97
2025,knowledge,century,5,401,21,3104,0.882,1.85
2025,knowledge,mapping,6,401,27,3104,0.783,1.78
2025,knowledge,infrastructure,12,401,64,3104,0.537,1.77
2025,knowledge,order,4,401,16,3104,0.952,1.71
2025,knowledge,book,4,401,16,3104,0.952,1.71
2025,knowledge,principle,4,401,16,3104,0.952,1.71
2025,knowledge,framework,9,401,46,3104,0.599,1.62
2025,knowledge,visit,3,401,11,3104,1.078,1.61
2025,knowledge,researcher,3,401,11,3104,1.078,1.61
2025,knowledge,creation,3,401,11,3104,1.078,1.61
2025,knowledge,adaptation,4,401,17,3104,0.865,1.43
2025,knowledge,peer,4,401,17,3104,0.865,1.43
2025,knowledge,carbon,4,401,51,3104,-0.72,1.35
2025,knowledge,temperature,3,401,12,3104,0.952,1.28
2025,knowledge,scholar,3,401,12,3104,0.952,1.28
2025,knowledge,audience,3,401,12,3104,0.952,1.28
2025,knowledge,oil,8,401,42,3104,0.56,1.27
2025,knowledge,deliverable,4,401,18,3104,0.783,1.18
2025,knowledge,inequality,5,401,24,3104,0.689,1.17
2025,knowledge,method,8,401,43,3104,0.526,1.13
2025,knowledge,lecturer,3,401,13,3104,0.837,1.01
2025,knowledge,state,3,401,13,3104,0.837,1.01
2025,knowledge,expertise,3,401,13,3104,0.837,1.01
2025,knowledge,management,3,401,13,3104,0.837,1.01
2025,knowledge,collaboration,8,401,44,3104,0.493,0.99
2025,knowledge,world,8,401,44,3104,0.493,0.99
2025,knowledge,question,7,401,38,3104,0.512,0.93
2025,knowledge,discipline,5,401,26,3104,0.574,0.83
2025,knowledge,emphasis,3,401,14,3104,0.73,0.78
2025,knowledge,neighborhood,5,401,27,3104,0.519,0.68
2025,knowledge,water,3,401,35,3104,-0.592,0.66
2025,knowledge,industry,9,401,54,3104,0.367,0.64
2025,knowledge,implementation,4,401,21,3104,0.56,0.63
2025,knowledge,engagement,6,401,34,3104,0.45,0.62
2025,knowledge,challenge,13,401,82,3104,0.295,0.61
2025,knowledge,weather,3,401,15,3104,0.631,0.59
2025,knowledge,drawing,3,401,15,3104,0.631,0.59
2025,knowledge,food,3,401,15,3104,0.631,0.59
2025,knowledge,art,3,401,15,3104,0.631,0.59
2025,knowledge,making,3,401,15,3104,0.631,0.59
2025,knowledge,intersection,5,401,28,3104,0.467,0.56
2025,knowledge,material,14,401,128,3104,-0.24,0.49
2025,knowledge,risk,4,401,22,3104,0.493,0.49
2025,knowledge,transformation,3,401,16,3104,0.537,0.44
2025,knowledge,efficiency,3,401,16,3104,0.537,0.44
2025,knowledge,activity,3,401,16,3104,0.537,0.44
2025,knowledge,landscape,14,401,92,3104,0.236,0.43
2025,knowledge,model,6,401,36,3104,0.367,0.42
2025,knowledge,topic,5,401,49,3104,-0.34,0.35
2025,knowledge,population,3,401,17,3104,0.45,0.31
2025,knowledge,partnership,3,401,17,3104,0.45,0.31
2025,knowledge,nature,3,401,17,3104,0.45,0.31
2025,knowledge,construction,4,401,39,3104,-0.333,0.26
2025,knowledge,transportation,3,401,18,3104,0.367,0.21
2025,knowledge,health,5,401,32,3104,0.274,0.2
2025,knowledge,narrative,6,401,40,3104,0.215,0.15
2025,knowledge,idea,4,401,26,3104,0.252,0.13
2025,knowledge,science,4,401,26,3104,0.252,0.13
2025,knowledge,leader,4,401,26,3104,0.252,0.13
2025,knowledge,crisis,4,401,36,3104,-0.217,0.11
2025,knowledge,presentation,6,401,41,3104,0.18,0.1
2025,knowledge,cycle,4,401,27,3104,0.198,0.08
2025,knowledge,knowledge,6,401,42,3104,0.145,0.07
2025,knowledge,reality,5,401,43,3104,-0.152,0.07
2025,knowledge,partner,4,401,28,3104,0.145,0.05
2025,knowledge,level,4,401,28,3104,0.145,0.05
2025,knowledge,event,4,401,28,3104,0.145,0.05
2025,knowledge,goal,5,401,42,3104,-0.118,0.04
2025,knowledge,addition,3,401,25,3104,-0.106,0.02
2025,knowledge,urbanism,3,401,25,3104,-0.106,0.02
2025,knowledge,designer,4,401,29,3104,0.094,0.02
2025,knowledge,initiative,3,401,25,3104,-0.106,0.02
2025,knowledge,ecology,3,401,25,3104,-0.106,0.02
2025,knowledge,exploration,3,401,25,3104,-0.106,0.02
2025,knowledge,session,3,401,23,3104,0.014,0.0
2025,knowledge,architect,7,401,55,3104,-0.022,0.0
2025,knowledge,feedback,3,401,23,3104,0.014,0.0
2025,knowledge,organization,3,401,23,3104,0.014,0.0
2025,knowledge,performance,3,401,24,3104,-0.048,0.0
2026,knowledge,architecture,113,877,341,5141,0.958,56.31
2026,knowledge,design,220,877,940,5141,0.456,30.66
2026,knowledge,condition,59,877,177,5141,0.966,28.69
2026,knowledge,datum,31,877,75,5141,1.277,24.86
2026,knowledge,ability,17,877,31,5141,1.685,22.87
2026,knowledge,infrastructure,55,877,174,5141,0.89,22.86
2026,knowledge,impact,47,877,142,5141,0.956,22.21
2026,knowledge,climate,145,877,608,5141,0.483,20.77
2026,knowledge,project,81,877,300,5141,0.662,19.78
2026,knowledge,practice,78,877,287,5141,0.672,19.51
2026,knowledge,power,16,877,33,5141,1.507,17.38
2026,knowledge,theory,27,877,74,5141,1.097,16.26
2026,knowledge,method,30,877,88,5141,0.999,15.19
2026,knowledge,finding,12,877,23,5141,1.613,14.81
2026,knowledge,form,34,877,106,5141,0.911,14.53
2026,knowledge,sustainability,32,877,99,5141,0.922,13.97
2026,knowledge,environment,41,877,140,5141,0.78,13.15
2026,knowledge,material,99,877,419,5141,0.47,12.84
2026,knowledge,weather,14,877,32,5141,1.359,12.49
2026,knowledge,technique,14,877,33,5141,1.314,11.74
2026,knowledge,ecosystem,8,877,14,5141,1.744,11.46
2026,knowledge,tool,36,877,124,5141,0.767,11.16
2026,knowledge,adaptation,29,877,94,5141,0.855,10.96
2026,knowledge,time,30,877,99,5141,0.829,10.71
2026,knowledge,knowledge,29,877,95,5141,0.84,10.59
2026,knowledge,strategy,49,877,186,5141,0.627,10.48
2026,knowledge,audience,7,877,12,5141,1.774,10.36
2026,knowledge,commitment,15,877,39,5141,1.173,10.16
2026,knowledge,visualization,11,877,25,5141,1.367,9.91
2026,knowledge,challenge,28,877,93,5141,0.82,9.77
2026,knowledge,medium,14,877,36,5141,1.189,9.72
2026,knowledge,outcome,24,877,76,5141,0.888,9.71
2026,knowledge,map,15,877,40,5141,1.136,9.57
2026,knowledge,idea,8,877,16,5141,1.551,9.15
2026,knowledge,concept,16,877,45,5141,1.06,8.96
2026,knowledge,ecology,17,877,49,5141,1.024,8.94
2026,knowledge,system,78,877,338,5141,0.436,8.58
2026,knowledge,opportunity,15,877,42,5141,1.066,8.49
2026,knowledge,artifact,5,877,8,5141,1.873,8.24
2026,knowledge,identity,5,877,8,5141,1.873,8.24
2026,knowledge,building,67,877,285,5141,0.463,8.17
2026,knowledge,city,35,877,130,5141,0.658,8.12
2026,knowledge,reference,6,877,11,5141,1.677,7.96
2026,knowledge,problem,18,877,56,5141,0.914,7.65
2026,knowledge,operation,8,877,18,5141,1.381,7.34
2026,knowledge,build,17,877,54,5141,0.884,6.78
2026,knowledge,potential,10,877,26,5141,1.173,6.75
2026,knowledge,governance,10,877,26,5141,1.173,6.75
2026,knowledge,drawing,16,877,50,5141,0.908,6.7
2026,knowledge,result,8,877,19,5141,1.303,6.58
2026,knowledge,scale,41,877,167,5141,0.525,6.22
2026,knowledge,communication,7,877,16,5141,1.359,6.22
2026,knowledge,story,7,877,16,5141,1.359,6.22
2026,knowledge,precedent,13,877,39,5141,0.966,6.11
2026,knowledge,labor,13,877,39,5141,0.966,6.11
2026,knowledge,methodology,12,877,35,5141,1.007,6.09
2026,knowledge,artist,6,877,13,5141,1.436,5.92
2026,knowledge,classroom,6,877,13,5141,1.436,5.92
2026,knowledge,complexity,8,877,20,5141,1.229,5.89
2026,knowledge,planning,3,877,51,5141,-1.536,5.79
2026,knowledge,setting,4,877,7,5141,1.744,5.72
2026,knowledge,society,9,877,24,5141,1.136,5.72
2026,knowledge,lesson,5,877,10,5141,1.551,5.71
2026,knowledge,capacity,10,877,28,5141,1.066,5.64
2026,knowledge,geography,11,877,32,5141,1.011,5.62
2026,knowledge,relation,11,877,32,5141,1.011,5.62
2026,knowledge,history,24,877,90,5141,0.645,5.3
2026,knowledge,value,14,877,46,5141,0.835,5.01
2026,knowledge,change,50,877,219,5141,0.42,4.99
2026,knowledge,carbon,29,877,115,5141,0.564,4.98
2026,knowledge,representation,13,877,42,5141,0.86,4.9
2026,knowledge,narrative,18,877,64,5141,0.721,4.89
2026,knowledge,hand,12,877,38,5141,0.888,4.81
2026,knowledge,habitat,5,877,11,5141,1.414,4.78
2026,knowledge,site,47,877,206,5141,0.419,4.66
2026,knowledge,self,4,877,8,5141,1.551,4.56
2026,knowledge,innovation,11,877,35,5141,0.882,4.35
2026,knowledge,comfort,14,877,48,5141,0.774,4.33
2026,knowledge,control,9,877,27,5141,0.966,4.22
2026,knowledge,technology,21,877,81,5141,0.604,4.08
2026,knowledge,crisis,14,877,49,5141,0.744,4.02
2026,knowledge,cost,5,877,12,5141,1.288,4.01
2026,knowledge,fuel,5,877,12,5141,1.288,4.01
2026,knowledge,goal,11,877,36,5141,0.841,3.98
2026,knowledge,leadership,10,877,32,5141,0.873,3.88
2026,knowledge,expert,6,877,16,5141,1.136,3.81
2026,knowledge,disaster,6,877,16,5141,1.136,3.81
2026,knowledge,experience,34,877,146,5141,0.449,3.8
2026,knowledge,fabrication,16,877,59,5141,0.669,3.76
2026,knowledge,stream,8,877,24,5141,0.966,3.75
2026,knowledge,decision,17,877,64,5141,0.639,3.67
2026,knowledge,act,4,877,9,5141,1.381,3.66
2026,knowledge,version,4,877,9,5141,1.381,3.66
2026,knowledge,dimension,11,877,37,5141,0.801,3.63
2026,knowledge,people,13,877,46,5141,0.728,3.59
2026,knowledge,construction,35,877,153,5141,0.423,3.49
2026,knowledge,collaborator,3,877,6,5141,1.551,3.42
2026,knowledge,person,3,877,6,5141,1.551,3.42
2026,knowledge,woman,3,877,6,5141,1.551,3.42
2026,knowledge,distribution,3,877,6,5141,1.551,3.42
2026,knowledge,list,5,877,13,5141,1.173,3.37
2026,knowledge,force,8,877,25,5141,0.908,3.33
2026,knowledge,food,7,877,21,5141,0.966,3.28
2026,knowledge,simulation,13,877,48,5141,0.667,3.03
2026,knowledge,community,72,877,351,5141,0.266,3.03
2026,knowledge,space,28,877,121,5141,0.44,2.99
2026,knowledge,framework,38,877,172,5141,0.373,2.98
2026,knowledge,profession,4,877,10,5141,1.229,2.94
2026,knowledge,speculation,4,877,10,5141,1.229,2.94
2026,knowledge,science,12,877,44,5141,0.677,2.88
2026,knowledge,contribution,12,877,44,5141,0.677,2.88
2026,knowledge,documentation,10,877,35,5141,0.744,2.87
2026,knowledge,exercise,7,877,22,5141,0.899,2.86
2026,knowledge,storm,7,877,22,5141,0.899,2.86
2026,knowledge,demand,5,877,14,5141,1.066,2.81
2026,knowledge,policy,16,877,63,5141,0.574,2.81
2026,knowledge,data,5,877,14,5141,1.066,2.81
2026,knowledge,kind,6,877,18,5141,0.966,2.81
2026,knowledge,survey,3,877,7,5141,1.329,2.55
2026,knowledge,landscape,28,877,124,5141,0.405,2.54
2026,knowledge,topic,5,877,53,5141,-0.855,2.54
2026,knowledge,objective,7,877,23,5141,0.835,2.49
2026,knowledge,implication,7,877,23,5141,0.835,2.49
2026,knowledge,waste,11,877,41,5141,0.653,2.46
2026,knowledge,discipline,9,877,32,5141,0.721,2.43
2026,knowledge,territory,9,877,32,5141,0.721,2.43
2026,knowledge,diagram,9,877,32,5141,0.721,2.43
2026,knowledge,mode,6,877,19,5141,0.888,2.4
2026,knowledge,energy,34,877,156,5141,0.353,2.39
2026,knowledge,loss,4,877,11,5141,1.092,2.35
2026,knowledge,interaction,4,877,11,5141,1.092,2.35
2026,knowledge,subject,4,877,11,5141,1.092,2.35
2026,knowledge,possibility,5,877,15,5141,0.966,2.34
2026,knowledge,level,21,877,90,5141,0.452,2.34
2026,knowledge,thought,5,877,15,5141,0.966,2.34
2026,knowledge,humanity,5,877,15,5141,0.966,2.34
2026,knowledge,response,13,877,51,5141,0.579,2.32
2026,knowledge,world,15,877,61,5141,0.528,2.24
2026,knowledge,emphasis,11,877,42,5141,0.619,2.22
2026,knowledge,risk,16,877,66,5141,0.507,2.22
2026,knowledge,model,31,877,142,5141,0.356,2.2
2026,knowledge,range,7,877,24,5141,0.774,2.16
2026,knowledge,logic,9,877,33,5141,0.677,2.15
2026,knowledge,extraction,13,877,52,5141,0.551,2.11
2026,knowledge,engagement,23,877,102,5141,0.403,2.06
2026,knowledge,factor,6,877,20,5141,0.814,2.03
2026,knowledge,leader,6,877,20,5141,0.814,2.03
2026,knowledge,book,8,877,29,5141,0.693,2.0
2026,knowledge,lens,5,877,16,5141,0.873,1.93
2026,knowledge,preservation,5,877,16,5141,0.873,1.93
2026,knowledge,approach,22,877,98,5141,0.396,1.91
2026,knowledge,density,3,877,8,5141,1.136,1.9
2026,knowledge,author,3,877,8,5141,1.136,1.9
2026,knowledge,envelope,7,877,25,5141,0.715,1.86
2026,knowledge,theme,7,877,25,5141,0.715,1.86
2026,knowledge,addition,7,877,25,5141,0.715,1.86
2026,knowledge,event,7,877,25,5141,0.715,1.86
2026,knowledge,collaboration,18,877,79,5141,0.418,1.72
2026,knowledge,heat,16,877,69,5141,0.443,1.71
2026,knowledge,mapping,16,877,69,5141,0.443,1.71
2026,knowledge,typology,7,877,26,5141,0.658,1.59
2026,knowledge,pattern,7,877,26,5141,0.658,1.59
2026,knowledge,network,7,877,26,5141,0.658,1.59
2026,knowledge,inquiry,17,877,75,5141,0.41,1.57
2026,knowledge,place,15,877,65,5141,0.436,1.55
2026,knowledge,architect,23,877,106,5141,0.347,1.54
2026,knowledge,materiality,4,877,13,5141,0.851,1.47
2026,knowledge,vision,4,877,13,5141,0.851,1.47
2026,knowledge,attention,6,877,22,5141,0.677,1.43
2026,knowledge,neighborhood,5,877,46,5141,-0.65,1.41
2026,knowledge,production,13,877,56,5141,0.444,1.4
2026,knowledge,era,3,877,9,5141,0.966,1.4
2026,knowledge,training,3,877,9,5141,0.966,1.4
2026,knowledge,creation,3,877,9,5141,0.966,1.4
2026,knowledge,scarcity,3,877,9,5141,0.966,1.4
2026,knowledge,effort,7,877,27,5141,0.604,1.35
2026,knowledge,foundation,8,877,32,5141,0.551,1.29
2026,knowledge,trip,5,877,18,5141,0.703,1.28
2026,knowledge,air,5,877,18,5141,0.703,1.28
2026,knowledge,discourse,9,877,37,5141,0.512,1.26
2026,knowledge,implementation,10,877,42,5141,0.481,1.25
2026,knowledge,water,18,877,83,5141,0.346,1.2
2026,knowledge,body,6,877,23,5141,0.613,1.18
2026,knowledge,set,6,877,23,5141,0.613,1.18
2026,knowledge,issue,4,877,37,5141,-0.658,1.15
2026,knowledge,wall,4,877,14,5141,0.744,1.14
2026,knowledge,intervention,15,877,68,5141,0.371,1.14
2026,knowledge,competition,4,877,14,5141,0.744,1.14
2026,knowledge,requirement,4,877,14,5141,0.744,1.14
2026,knowledge,river,7,877,28,5141,0.551,1.13
2026,knowledge,economy,9,877,38,5141,0.473,1.09
2026,knowledge,emission,10,877,43,5141,0.447,1.08
2026,knowledge,land,10,877,43,5141,0.447,1.08
2026,knowledge,migration,5,877,19,5141,0.625,1.03
2026,knowledge,introduction,5,877,19,5141,0.625,1.03
2026,knowledge,function,5,877,19,5141,0.625,1.03
2026,knowledge,philosophy,3,877,10,5141,0.814,1.01
2026,knowledge,exchange,3,877,10,5141,0.814,1.01
2026,knowledge,desert,3,877,10,5141,0.814,1.01
2026,knowledge,management,6,877,24,5141,0.551,0.97
2026,knowledge,scholarship,6,877,24,5141,0.551,0.97
2026,knowledge,expertise,6,877,24,5141,0.551,0.97
2026,knowledge,reuse,12,877,54,5141,0.381,0.96
2026,knowledge,area,11,877,49,5141,0.396,0.94
2026,knowledge,cycle,7,877,29,5141,0.501,0.94
2026,knowledge,institution,7,877,29,5141,0.501,0.94
2026,knowledge,transformation,8,877,34,5141,0.464,0.93
2026,knowledge,sequence,9,877,39,5141,0.436,0.93
2026,knowledge,ethic,8,877,34,5141,0.464,0.93
2026,knowledge,housing,18,877,86,5141,0.295,0.88
2026,knowledge,organization,6,877,49,5141,-0.478,0.88
2026,knowledge,partnership,4,877,35,5141,-0.578,0.87
2026,knowledge,stage,4,877,15,5141,0.645,0.87
2026,knowledge,heritage,4,877,15,5141,0.645,0.87
2026,knowledge,growth,4,877,15,5141,0.645,0.87
2026,knowledge,repair,4,877,15,5141,0.645,0.87
2026,knowledge,forest,4,877,15,5141,0.645,0.87
2026,knowledge,matter,5,877,20,5141,0.551,0.81
2026,knowledge,user,5,877,20,5141,0.551,0.81
2026,knowledge,resilience,19,877,92,5141,0.276,0.81
2026,knowledge,campus,5,877,20,5141,0.551,0.81
2026,knowledge,partner,7,877,55,5141,-0.423,0.79
2026,knowledge,evidence,6,877,48,5141,-0.449,0.77
2026,knowledge,mitigation,7,877,30,5141,0.452,0.77
2026,knowledge,century,4,877,34,5141,-0.536,0.74
2026,knowledge,supply,3,877,11,5141,0.677,0.71
2026,knowledge,designer,6,877,47,5141,-0.418,0.67
2026,knowledge,scenario,9,877,41,5141,0.364,0.65
2026,knowledge,type,4,877,16,5141,0.551,0.64
2026,knowledge,selection,4,877,16,5141,0.551,0.64
2026,knowledge,equity,16,877,78,5141,0.266,0.64
2026,knowledge,insight,4,877,16,5141,0.551,0.64
2026,knowledge,panel,4,877,16,5141,0.551,0.64
2026,knowledge,quality,4,877,33,5141,-0.493,0.62
2026,knowledge,exposure,7,877,31,5141,0.405,0.62
2026,knowledge,behavior,5,877,21,5141,0.481,0.62
2026,knowledge,output,7,877,32,5141,0.359,0.49
2026,knowledge,modeling,7,877,32,5141,0.359,0.49
2026,knowledge,population,7,877,32,5141,0.359,0.49
2026,knowledge,socio,3,877,12,5141,0.551,0.48
2026,knowledge,sense,3,877,12,5141,0.551,0.48
2026,knowledge,initiative,8,877,58,5141,-0.307,0.47
2026,knowledge,effect,5,877,22,5141,0.414,0.46
2026,knowledge,hour,5,877,22,5141,0.414,0.46
2026,knowledge,human,4,877,17,5141,0.464,0.46
2026,knowledge,film,5,877,22,5141,0.414,0.46
2026,knowledge,principle,7,877,33,5141,0.314,0.38
2026,knowledge,access,12,877,60,5141,0.229,0.36
2026,knowledge,intersection,9,877,44,5141,0.262,0.34
2026,knowledge,mission,5,877,23,5141,0.35,0.34
2026,knowledge,justice,16,877,82,5141,0.194,0.34
2026,knowledge,dynamic,4,877,18,5141,0.381,0.32
2026,knowledge,pilot,4,877,18,5141,0.381,0.32
2026,knowledge,tradition,4,877,18,5141,0.381,0.32
2026,knowledge,efficiency,3,877,13,5141,0.436,0.31
2026,knowledge,living,3,877,13,5141,0.436,0.31
2026,knowledge,benefit,3,877,13,5141,0.436,0.31
2026,knowledge,surface,3,877,13,5141,0.436,0.31
2026,knowledge,view,3,877,13,5141,0.436,0.31
2026,knowledge,responsibility,12,877,61,5141,0.206,0.29
2026,knowledge,product,3,877,23,5141,-0.387,0.28
2026,knowledge,lab,3,877,23,5141,-0.387,0.28
2026,knowledge,thinking,11,877,56,5141,0.203,0.26
2026,knowledge,solution,10,877,51,5141,0.201,0.23
2026,knowledge,assessment,4,877,29,5141,-0.307,0.23
2026,knowledge,culture,4,877,29,5141,-0.307,0.23
2026,knowledge,flow,5,877,24,5141,0.288,0.23
2026,knowledge,decade,5,877,24,5141,0.288,0.23
2026,knowledge,question,15,877,79,5141,0.155,0.21
2026,knowledge,source,4,877,19,5141,0.303,0.2
2026,knowledge,care,4,877,19,5141,0.303,0.2
2026,knowledge,art,4,877,19,5141,0.303,0.2
2026,knowledge,dialogue,3,877,22,5141,-0.323,0.19
2026,knowledge,facility,3,877,22,5141,-0.323,0.19
2026,knowledge,content,3,877,22,5141,-0.323,0.19
2026,knowledge,today,3,877,22,5141,-0.323,0.19
2026,knowledge,lighting,6,877,41,5141,-0.221,0.18
2026,knowledge,conversation,3,877,14,5141,0.329,0.18
2026,knowledge,street,3,877,14,5141,0.329,0.18
2026,knowledge,iteration,4,877,28,5141,-0.256,0.16
2026,knowledge,nature,5,877,25,5141,0.229,0.15
2026,knowledge,movement,5,877,25,5141,0.229,0.15
2026,knowledge,point,5,877,34,5141,-0.214,0.14
2026,knowledge,component,12,877,77,5141,-0.13,0.12
2026,knowledge,experimentation,3,877,21,5141,-0.256,0.12
2026,knowledge,interest,3,877,21,5141,-0.256,0.12
2026,knowledge,region,8,877,52,5141,-0.149,0.11
2026,knowledge,vulnerability,9,877,48,5141,0.136,0.1
2026,knowledge,action,4,877,27,5141,-0.203,0.1
2026,knowledge,presentation,9,877,48,5141,0.136,0.1
2026,knowledge,perception,3,877,15,5141,0.229,0.09
2026,knowledge,service,3,877,15,5141,0.229,0.09
2026,knowledge,order,3,877,15,5141,0.229,0.09
2026,knowledge,industry,6,877,39,5141,-0.149,0.08
2026,knowledge,urbanism,5,877,26,5141,0.173,0.08
2026,knowledge,recovery,5,877,26,5141,0.173,0.08
2026,knowledge,ground,5,877,26,5141,0.173,0.08
2026,knowledge,sea,6,877,39,5141,-0.149,0.08
2026,knowledge,integration,8,877,51,5141,-0.121,0.07
2026,knowledge,application,7,877,45,5141,-0.133,0.07
2026,knowledge,test,4,877,21,5141,0.159,0.06
2026,knowledge,format,4,877,21,5141,0.159,0.06
2026,knowledge,shift,3,877,20,5141,-0.186,0.06
2026,knowledge,assembly,8,877,44,5141,0.092,0.04
2026,knowledge,state,5,877,27,5141,0.118,0.04
2026,knowledge,educator,6,877,38,5141,-0.112,0.04
2026,knowledge,resource,15,877,84,5141,0.066,0.04
2026,knowledge,peer,5,877,27,5141,0.118,0.04
2026,knowledge,deliverable,3,877,16,5141,0.136,0.03
2026,knowledge,structure,17,877,96,5141,0.054,0.03
2026,knowledge,detail,3,877,16,5141,0.136,0.03
2026,knowledge,critique,3,877,16,5141,0.136,0.03
2026,knowledge,text,3,877,16,5141,0.136,0.03
2026,knowledge,health,12,877,68,5141,0.049,0.02
2026,knowledge,agency,7,877,43,5141,-0.068,0.02
2026,knowledge,standard,4,877,22,5141,0.092,0.02
2026,knowledge,home,3,877,19,5141,-0.112,0.02
2026,knowledge,wind,3,877,19,5141,-0.112,0.02
2026,knowledge,testing,5,877,28,5141,0.066,0.01
2026,knowledge,element,5,877,28,5141,0.066,0.01
2026,knowledge,decarbonization,5,877,28,5141,0.066,0.01
2026,knowledge,platform,5,877,28,5141,0.066,0.01
2026,knowledge,future,8,877,48,5141,-0.034,0.01
2026,knowledge,installation,5,877,28,5141,0.066,0.01
2026,knowledge,performance,29,877,170,5141,-0.0,0.0
2026,knowledge,temperature,3,877,18,5141,-0.034,0.0
2026,knowledge,reality,10,877,59,5141,-0.009,0.0
2026,knowledge,feedback,7,877,42,5141,-0.034,0.0
2026,knowledge,session,4,877,23,5141,0.028,0.0
2026,knowledge,prototype,7,877,41,5141,0.001,0.0
2026,knowledge,life,12,877,71,5141,-0.013,0.0
2026,knowledge,constraint,5,877,29,5141,0.015,0.0
2026,knowledge,advocacy,3,877,18,5141,-0.034,0.0
2026,knowledge,exhibition,8,877,47,5141,-0.003,0.0
2026,knowledge,position,6,877,36,5141,-0.034,0.0
2026,knowledge,layer,3,877,17,5141,0.049,0.0
2026,knowledge,flood,4,877,24,5141,-0.034,0.0
2026,knowledge,flooding,4,877,23,5141,0.028,0.0
2026,knowledge,investigation,5,877,29,5141,0.015,0.0
2026,knowledge,market,3,877,17,5141,0.049,0.0
2026,knowledge,library,4,877,24,5141,-0.034,0.0
2026,knowledge,recognition,3,877,18,5141,-0.034,0.0
2026,knowledge,section,6,877,35,5141,0.007,0.0
2026,knowledge,rise,4,877,24,5141,-0.034,0.0
2026,knowledge,earth,3,877,17,5141,0.049,0.0
2026,knowledge,visit,3,877,18,5141,-0.034,0.0
2026,knowledge,line,3,877,18,5141,-0.034,0.0
2026,knowledge,perspective,4,877,24,5141,-0.034,0.0
2026,knowledge,aspect,3,877,18,5141,-0.034,0.0
2026,knowledge,engineering,4,877,23,5141,0.028,0.0
2020,positioning,climate,116,456,644,6144,1.279,90.41
2020,positioning,change,92,456,519,6144,1.256,67.13
2020,positioning,landscape,40,456,154,6144,1.807,51.25
2020,positioning,design,102,456,692,6144,0.99,49.93
2020,positioning,issue,43,456,193,6144,1.586,44.11
2020,positioning,justice,18,456,56,6144,2.115,29.62
2020,positioning,nature,20,456,78,6144,1.789,24.66
2020,positioning,challenge,26,456,126,6144,1.475,23.05
2020,positioning,institution,17,456,68,6144,1.752,20.16
2020,positioning,humanity,9,456,21,6144,2.53,20.11
2020,positioning,discipline,21,456,98,6144,1.53,19.73
2020,positioning,technology,22,456,108,6144,1.457,18.99
2020,positioning,architecture,61,456,490,6144,0.746,16.79
2020,positioning,designer,16,456,70,6144,1.623,16.58
2020,positioning,environment,37,456,250,6144,0.996,16.55
2020,positioning,approach,21,456,110,6144,1.363,16.1
2020,positioning,practice,29,456,187,6144,1.063,14.43
2020,positioning,region,17,456,86,6144,1.413,13.83
2020,positioning,architect,26,456,168,6144,1.06,12.81
2020,positioning,science,14,456,68,6144,1.472,12.19
2020,positioning,shift,6,456,16,6144,2.337,11.64
2020,positioning,thinking,9,456,34,6144,1.835,11.47
2020,positioning,level,19,456,113,6144,1.18,11.24
2020,positioning,society,16,456,88,6144,1.293,11.1
2020,positioning,expertise,11,456,49,6144,1.597,11.02
2020,positioning,boundary,6,456,17,6144,2.25,10.88
2020,positioning,future,17,456,98,6144,1.225,10.72
2020,positioning,researcher,7,456,23,6144,2.036,10.68
2020,positioning,narrative,9,456,36,6144,1.752,10.59
2020,positioning,sustainability,17,456,99,6144,1.21,10.5
2020,positioning,extraction,7,456,24,6144,1.974,10.12
2020,positioning,project,38,456,309,6144,0.729,9.63
2020,positioning,text,8,456,32,6144,1.752,9.4
2020,positioning,set,8,456,32,6144,1.752,9.4
2020,positioning,classroom,4,456,9,6144,2.582,9.24
2020,positioning,agency,7,456,26,6144,1.859,9.11
2020,positioning,food,9,456,40,6144,1.6,9.03
2020,positioning,topic,14,456,81,6144,1.22,8.73
2020,positioning,goal,15,456,90,6144,1.167,8.66
2020,positioning,value,11,456,57,6144,1.379,8.5
2020,positioning,forest,6,456,21,6144,1.945,8.44
2020,positioning,condition,13,456,74,6144,1.243,8.38
2020,positioning,alternative,4,456,10,6144,2.43,8.3
2020,positioning,sea,10,456,50,6144,1.43,8.24
2020,positioning,drawing,8,456,35,6144,1.623,8.22
2020,positioning,air,7,456,28,6144,1.752,8.22
2020,positioning,community,30,456,238,6144,0.764,8.19
2020,positioning,history,25,456,188,6144,0.841,8.08
2020,positioning,order,11,456,59,6144,1.329,7.96
2020,positioning,human,6,456,22,6144,1.878,7.94
2020,positioning,opportunity,13,456,76,6144,1.205,7.92
2020,positioning,desert,3,456,6,6144,2.752,7.76
2020,positioning,site,19,456,132,6144,0.956,7.68
2020,positioning,crisis,12,456,69,6144,1.229,7.56
2020,positioning,state,9,456,45,6144,1.43,7.41
2020,positioning,theory,12,456,70,6144,1.208,7.33
2020,positioning,engagement,9,456,46,6144,1.398,7.12
2020,positioning,intervention,7,456,31,6144,1.605,7.05
2020,positioning,event,7,456,31,6144,1.605,7.05
2020,positioning,access,6,456,24,6144,1.752,7.04
2020,positioning,energy,21,456,156,6144,0.859,7.01
2020,positioning,building,28,456,228,6144,0.727,6.94
2020,positioning,leader,8,456,39,6144,1.467,6.88
2020,positioning,power,10,456,55,6144,1.293,6.88
2020,positioning,economy,9,456,47,6144,1.367,6.84
2020,positioning,street,4,456,12,6144,2.167,6.79
2020,positioning,policy,12,456,73,6144,1.147,6.69
2020,positioning,medium,9,456,48,6144,1.337,6.57
2020,positioning,property,7,456,33,6144,1.515,6.36
2020,positioning,scale,18,456,132,6144,0.878,6.22
2020,positioning,edge,4,456,13,6144,2.052,6.17
2020,positioning,responsibility,4,456,13,6144,2.052,6.17
2020,positioning,government,4,456,13,6144,2.052,6.17
2020,positioning,carbon,13,456,85,6144,1.043,6.11
2020,positioning,investigation,6,456,27,6144,1.582,5.88
2020,positioning,kind,3,456,8,6144,2.337,5.8
2020,positioning,theme,7,456,35,6144,1.43,5.75
2020,positioning,industry,8,456,43,6144,1.326,5.75
2020,positioning,material,25,456,208,6144,0.695,5.69
2020,positioning,emphasis,4,456,14,6144,1.945,5.62
2020,positioning,era,4,456,14,6144,1.945,5.62
2020,positioning,campus,9,456,52,6144,1.222,5.59
2020,positioning,perspective,8,456,44,6144,1.293,5.49
2020,positioning,right,5,456,21,6144,1.682,5.45
2020,positioning,land,9,456,53,6144,1.194,5.37
2020,positioning,timber,8,456,45,6144,1.26,5.25
2020,positioning,outcome,6,456,29,6144,1.479,5.22
2020,positioning,datum,9,456,54,6144,1.167,5.15
2020,positioning,self,4,456,15,6144,1.845,5.12
2020,positioning,inquiry,5,456,22,6144,1.615,5.07
2020,positioning,city,27,456,236,6144,0.624,5.04
2020,positioning,territory,8,456,46,6144,1.229,5.02
2020,positioning,resource,15,456,112,6144,0.852,4.88
2020,positioning,action,8,456,47,6144,1.197,4.79
2020,positioning,lens,5,456,23,6144,1.55,4.72
2020,positioning,pattern,5,456,23,6144,1.55,4.72
2020,positioning,decade,4,456,16,6144,1.752,4.68
2020,positioning,urbanism,8,456,48,6144,1.167,4.57
2020,positioning,diagram,3,456,10,6144,2.015,4.48
2020,positioning,warming,5,456,24,6144,1.489,4.4
2020,positioning,collection,5,456,24,6144,1.489,4.4
2020,positioning,woman,5,456,24,6144,1.489,4.4
2020,positioning,mass,5,456,24,6144,1.489,4.4
2020,positioning,supply,6,456,32,6144,1.337,4.37
2020,positioning,foundation,4,456,17,6144,1.665,4.28
2020,positioning,greenhouse,4,456,17,6144,1.665,4.28
2020,positioning,category,4,456,17,6144,1.665,4.28
2020,positioning,commitment,4,456,17,6144,1.665,4.28
2020,positioning,sector,4,456,17,6144,1.665,4.28
2020,positioning,life,10,456,68,6144,0.987,4.23
2020,positioning,example,8,456,50,6144,1.108,4.17
2020,positioning,influence,5,456,25,6144,1.43,4.1
2020,positioning,place,9,456,60,6144,1.015,4.0
2020,positioning,performance,8,456,51,6144,1.08,3.97
2020,positioning,governance,3,456,11,6144,1.878,3.96
2020,positioning,setting,4,456,18,6144,1.582,3.91
2020,positioning,home,4,456,18,6144,1.582,3.91
2020,positioning,market,4,456,18,6144,1.582,3.91
2020,positioning,emission,6,456,34,6144,1.25,3.87
2020,positioning,equity,5,456,26,6144,1.374,3.81
2020,positioning,complexity,5,456,26,6144,1.374,3.81
2020,positioning,agenda,5,456,26,6144,1.374,3.81
2020,positioning,tool,8,456,53,6144,1.024,3.61
2020,positioning,aspect,5,456,27,6144,1.319,3.55
2020,positioning,capital,5,456,27,6144,1.319,3.55
2020,positioning,training,3,456,12,6144,1.752,3.51
2020,positioning,criterion,3,456,12,6144,1.752,3.51
2020,positioning,ecology,9,456,64,6144,0.922,3.36
2020,positioning,form,11,456,84,6144,0.819,3.31
2020,positioning,mode,5,456,28,6144,1.267,3.3
2020,positioning,mission,4,456,20,6144,1.43,3.27
2020,positioning,nation,4,456,20,6144,1.43,3.27
2020,positioning,pollution,3,456,13,6144,1.637,3.11
2020,positioning,call,3,456,13,6144,1.637,3.11
2020,positioning,reality,5,456,29,6144,1.216,3.07
2020,positioning,geography,4,456,21,6144,1.36,2.99
2020,positioning,gas,4,456,21,6144,1.36,2.99
2020,positioning,collaboration,8,456,57,6144,0.919,2.96
2020,positioning,space,12,456,98,6144,0.722,2.87
2020,positioning,dynamic,5,456,30,6144,1.167,2.85
2020,positioning,basis,3,456,14,6144,1.53,2.76
2020,positioning,literature,3,456,14,6144,1.53,2.76
2020,positioning,visualization,4,456,22,6144,1.293,2.73
2020,positioning,individual,4,456,22,6144,1.293,2.73
2020,positioning,dimension,4,456,22,6144,1.293,2.73
2020,positioning,rise,7,456,50,6144,0.916,2.57
2020,positioning,transformation,4,456,23,6144,1.229,2.5
2020,positioning,library,3,456,15,6144,1.43,2.45
2020,positioning,agent,3,456,15,6144,1.43,2.45
2020,positioning,innovation,5,456,32,6144,1.074,2.45
2020,positioning,past,3,456,15,6144,1.43,2.45
2020,positioning,idea,7,456,52,6144,0.859,2.29
2020,positioning,modeling,4,456,24,6144,1.167,2.28
2020,positioning,firm,4,456,24,6144,1.167,2.28
2020,positioning,diversity,4,456,24,6144,1.167,2.28
2020,positioning,initiative,5,456,33,6144,1.03,2.27
2020,positioning,connection,5,456,33,6144,1.03,2.27
2020,positioning,voice,3,456,16,6144,1.337,2.17
2020,positioning,ground,3,456,16,6144,1.337,2.17
2020,positioning,story,3,456,16,6144,1.337,2.17
2020,positioning,tradition,3,456,16,6144,1.337,2.17
2020,positioning,simulation,3,456,16,6144,1.337,2.17
2020,positioning,area,10,456,84,6144,0.682,2.14
2020,positioning,decision,5,456,34,6144,0.987,2.1
2020,positioning,dialogue,4,456,25,6144,1.108,2.07
2020,positioning,section,5,456,35,6144,0.945,1.94
2020,positioning,movement,3,456,17,6144,1.25,1.93
2020,positioning,fossil,3,456,17,6144,1.25,1.93
2020,positioning,film,3,456,17,6144,1.25,1.93
2020,positioning,factor,3,456,17,6144,1.25,1.93
2020,positioning,efficiency,3,456,17,6144,1.25,1.93
2020,positioning,word,3,456,17,6144,1.25,1.93
2020,positioning,century,7,456,56,6144,0.752,1.79
2020,positioning,oil,5,456,36,6144,0.904,1.79
2020,positioning,relation,6,456,46,6144,0.813,1.77
2020,positioning,experience,10,456,88,6144,0.615,1.76
2020,positioning,management,4,456,27,6144,0.997,1.71
2020,positioning,people,6,456,47,6144,0.782,1.65
2020,positioning,component,5,456,38,6144,0.826,1.52
2020,positioning,introduction,5,456,38,6144,0.826,1.52
2020,positioning,mapping,5,456,38,6144,0.826,1.52
2020,positioning,model,10,456,91,6144,0.566,1.51
2020,positioning,ability,3,456,19,6144,1.089,1.5
2020,positioning,capacity,3,456,19,6144,1.089,1.5
2020,positioning,inequality,3,456,19,6144,1.089,1.5
2020,positioning,debate,3,456,19,6144,1.089,1.5
2020,positioning,force,3,456,19,6144,1.089,1.5
2020,positioning,infrastructure,20,456,206,6144,0.388,1.49
2020,positioning,effort,7,456,59,6144,0.677,1.47
2020,positioning,interest,7,456,59,6144,0.677,1.47
2020,positioning,addition,4,456,29,6144,0.894,1.4
2020,positioning,hand,4,456,29,6144,0.894,1.4
2020,positioning,line,4,456,29,6144,0.894,1.4
2020,positioning,culture,7,456,60,6144,0.653,1.37
2020,positioning,method,10,456,93,6144,0.535,1.36
2020,positioning,source,6,456,50,6144,0.693,1.32
2020,positioning,sequence,3,456,20,6144,1.015,1.32
2020,positioning,construction,9,456,83,6144,0.547,1.27
2020,positioning,methodology,5,456,40,6144,0.752,1.27
2020,positioning,exploration,4,456,30,6144,0.845,1.26
2020,positioning,question,11,456,106,6144,0.484,1.23
2020,positioning,scholar,3,456,21,6144,0.945,1.16
2020,positioning,specie,3,456,21,6144,0.945,1.16
2020,positioning,awareness,3,456,21,6144,0.945,1.16
2020,positioning,house,3,456,21,6144,0.945,1.16
2020,positioning,population,4,456,31,6144,0.798,1.14
2020,positioning,quality,4,456,31,6144,0.798,1.14
2020,positioning,art,6,456,52,6144,0.637,1.12
2020,positioning,effect,7,456,64,6144,0.559,1.03
2020,positioning,response,7,456,64,6144,0.559,1.03
2020,positioning,transportation,3,456,22,6144,0.878,1.01
2020,positioning,client,3,456,22,6144,0.878,1.01
2020,positioning,solution,4,456,84,6144,-0.64,0.99
2020,positioning,book,3,456,66,6144,-0.707,0.92
2020,positioning,problem,8,456,77,6144,0.485,0.9
2020,positioning,schedule,3,456,23,6144,0.813,0.88
2020,positioning,country,3,456,23,6144,0.813,0.88
2020,positioning,list,3,456,23,6144,0.813,0.88
2020,positioning,system,19,456,208,6144,0.3,0.86
2020,positioning,planning,8,456,78,6144,0.467,0.83
2020,positioning,knowledge,11,456,114,6144,0.379,0.77
2020,positioning,scientist,3,456,24,6144,0.752,0.76
2020,positioning,period,3,456,24,6144,0.752,0.76
2020,positioning,platform,4,456,35,6144,0.623,0.72
2020,positioning,discourse,4,456,35,6144,0.623,0.72
2020,positioning,principle,4,456,35,6144,0.623,0.72
2020,positioning,activity,4,456,35,6144,0.623,0.72
2020,positioning,funding,3,456,25,6144,0.693,0.65
2020,positioning,today,4,456,36,6144,0.582,0.63
2020,positioning,product,5,456,48,6144,0.489,0.57
2020,positioning,matter,3,456,26,6144,0.637,0.56
2020,positioning,survey,3,456,26,6144,0.637,0.56
2020,positioning,consequence,3,456,26,6144,0.637,0.56
2020,positioning,colleague,3,456,26,6144,0.637,0.56
2020,positioning,variety,3,456,26,6144,0.637,0.56
2020,positioning,impact,9,456,150,6144,-0.307,0.48
2020,positioning,waste,3,456,27,6144,0.582,0.47
2020,positioning,partner,4,456,39,6144,0.467,0.41
2020,positioning,concept,4,456,39,6144,0.467,0.41
2020,positioning,neighborhood,3,456,28,6144,0.53,0.39
2020,positioning,investment,3,456,28,6144,0.53,0.39
2020,positioning,network,5,456,52,6144,0.374,0.34
2020,positioning,body,3,456,29,6144,0.479,0.33
2020,positioning,urbanization,3,456,29,6144,0.479,0.33
2020,positioning,fabrication,3,456,29,6144,0.479,0.33
2020,positioning,partnership,3,456,29,6144,0.479,0.33
2020,positioning,engineer,3,456,30,6144,0.43,0.27
2020,positioning,ecosystem,3,456,30,6144,0.43,0.27
2020,positioning,application,4,456,42,6144,0.36,0.25
2020,positioning,range,3,456,52,6144,-0.363,0.22
2020,positioning,engineering,4,456,43,6144,0.326,0.21
2020,positioning,consumption,3,456,31,6144,0.383,0.21
2020,positioning,intersection,3,456,31,6144,0.383,0.21
2020,positioning,water,9,456,105,6144,0.208,0.2
2020,positioning,concern,4,456,44,6144,0.293,0.17
2020,positioning,technique,3,456,33,6144,0.293,0.13
2020,positioning,type,4,456,46,6144,0.229,0.1
2020,positioning,resilience,4,456,62,6144,-0.202,0.09
2020,positioning,organization,3,456,47,6144,-0.218,0.08
2020,positioning,production,5,456,60,6144,0.167,0.07
2020,positioning,point,4,456,48,6144,0.167,0.06
2020,positioning,time,8,456,114,6144,-0.081,0.03
2020,positioning,world,10,456,129,6144,0.063,0.02
2020,positioning,structure,5,456,71,6144,-0.076,0.02
2020,positioning,service,3,456,37,6144,0.128,0.02
2020,positioning,exhibition,3,456,37,6144,0.128,0.02
2020,positioning,strategy,8,456,105,6144,0.038,0.01
2020,positioning,housing,6,456,78,6144,0.052,0.01
2020,positioning,adaptation,3,456,40,6144,0.015,0.0
2020,positioning,profession,3,456,42,6144,-0.055,0.0
2020,positioning,health,3,456,39,6144,0.052,0.0
2021,positioning,climate,68,391,387,6273,1.495,64.54
2021,positioning,design,93,391,698,6273,1.096,54.03
2021,positioning,community,45,391,252,6273,1.518,42.43
2021,positioning,practice,32,391,172,6273,1.578,31.66
2021,positioning,change,43,391,280,6273,1.301,30.93
2021,positioning,environment,41,391,265,6273,1.312,29.82
2021,positioning,health,22,391,94,6273,1.909,29.82
2021,positioning,system,31,391,178,6273,1.482,27.5
2021,positioning,equity,16,391,57,6273,2.171,26.85
2021,positioning,issue,28,391,158,6273,1.507,25.47
2021,positioning,energy,31,391,206,6273,1.272,21.04
2021,positioning,justice,15,391,64,6273,1.911,20.21
2021,positioning,waste,10,391,30,6273,2.419,20.07
2021,positioning,building,37,391,275,6273,1.11,19.94
2021,positioning,level,16,391,74,6273,1.794,19.37
2021,positioning,landscape,16,391,75,6273,1.775,19.01
2021,positioning,culture,13,391,54,6273,1.949,18.08
2021,positioning,metric,7,391,17,6273,2.724,17.2
2021,positioning,city,24,391,159,6273,1.276,16.21
2021,positioning,framework,11,391,47,6273,1.909,14.72
2021,positioning,experience,15,391,80,6273,1.589,14.69
2021,positioning,exercise,9,391,33,6273,2.129,14.5
2021,positioning,concept,12,391,56,6273,1.782,14.28
2021,positioning,infrastructure,15,391,82,6273,1.553,14.12
2021,positioning,quality,10,391,42,6273,1.934,13.67
2021,positioning,site,21,391,142,6273,1.246,13.55
2021,positioning,ethic,6,391,16,6273,2.589,13.49
2021,positioning,criterion,7,391,22,6273,2.352,13.35
2021,positioning,discourse,7,391,23,6273,2.288,12.73
2021,positioning,pattern,6,391,17,6273,2.501,12.71
2021,positioning,crisis,14,391,80,6273,1.489,12.23
2021,positioning,earth,6,391,18,6273,2.419,12.0
2021,positioning,setting,5,391,13,6273,2.625,11.51
2021,positioning,idea,12,391,66,6273,1.544,11.14
2021,positioning,architecture,39,391,367,6273,0.77,10.9
2021,positioning,knowledge,14,391,86,6273,1.385,10.77
2021,positioning,decade,6,391,20,6273,2.267,10.73
2021,positioning,element,5,391,14,6273,2.518,10.71
2021,positioning,agent,3,391,5,6273,3.267,10.2
2021,positioning,inquiry,6,391,21,6273,2.197,10.17
2021,positioning,relation,7,391,28,6273,2.004,10.14
2021,positioning,decision,7,391,28,6273,2.004,10.14
2021,positioning,set,6,391,22,6273,2.129,9.64
2021,positioning,property,6,391,22,6273,2.129,9.64
2021,positioning,type,8,391,37,6273,1.794,9.59
2021,positioning,nation,4,391,10,6273,2.682,9.55
2021,positioning,exposure,4,391,10,6273,2.682,9.55
2021,positioning,production,9,391,46,6273,1.65,9.34
2021,positioning,datum,9,391,46,6273,1.65,9.34
2021,positioning,density,6,391,23,6273,2.065,9.15
2021,positioning,principle,9,391,48,6273,1.589,8.75
2021,positioning,injustice,5,391,17,6273,2.238,8.74
2021,positioning,network,6,391,24,6273,2.004,8.68
2021,positioning,connection,6,391,24,6273,2.004,8.68
2021,positioning,example,8,391,40,6273,1.682,8.58
2021,positioning,project,29,391,269,6273,0.79,8.35
2021,positioning,model,12,391,78,6273,1.303,8.27
2021,positioning,scholarship,5,391,18,6273,2.156,8.2
2021,positioning,map,5,391,18,6273,2.156,8.2
2021,positioning,medium,7,391,33,6273,1.767,8.16
2021,positioning,thinking,7,391,33,6273,1.767,8.16
2021,positioning,value,8,391,42,6273,1.612,7.96
2021,positioning,agency,6,391,26,6273,1.888,7.84
2021,positioning,benefit,6,391,26,6273,1.888,7.84
2021,positioning,emphasis,5,391,19,6273,2.078,7.69
2021,positioning,scale,13,391,92,6273,1.181,7.53
2021,positioning,response,8,391,44,6273,1.544,7.39
2021,positioning,socio,4,391,13,6273,2.303,7.34
2021,positioning,manufacturing,4,391,13,6273,2.303,7.34
2021,positioning,extraction,5,391,20,6273,2.004,7.23
2021,positioning,carbon,12,391,85,6273,1.179,6.92
2021,positioning,ability,5,391,21,6273,1.934,6.8
2021,positioning,mapping,5,391,21,6273,1.934,6.8
2021,positioning,heat,5,391,21,6273,1.934,6.8
2021,positioning,capacity,4,391,14,6273,2.197,6.76
2021,positioning,imagination,4,391,14,6273,2.197,6.76
2021,positioning,method,12,391,86,6273,1.163,6.75
2021,positioning,objective,6,391,29,6273,1.731,6.74
2021,positioning,comfort,6,391,29,6273,1.731,6.74
2021,positioning,resilience,7,391,38,6273,1.563,6.6
2021,positioning,place,10,391,67,6273,1.26,6.47
2021,positioning,foundation,4,391,15,6273,2.097,6.25
2021,positioning,reality,4,391,15,6273,2.097,6.25
2021,positioning,air,6,391,31,6273,1.635,6.1
2021,positioning,theory,9,391,59,6273,1.291,6.07
2021,positioning,century,7,391,40,6273,1.489,6.06
2021,positioning,consumption,7,391,40,6273,1.489,6.06
2021,positioning,outcome,5,391,23,6273,1.802,6.02
2021,positioning,aesthetic,3,391,9,6273,2.419,5.98
2021,positioning,atmosphere,3,391,9,6273,2.419,5.98
2021,positioning,speculation,3,391,9,6273,2.419,5.98
2021,positioning,approach,14,391,113,6273,0.991,5.92
2021,positioning,force,6,391,32,6273,1.589,5.81
2021,positioning,country,4,391,16,6273,2.004,5.78
2021,positioning,methodology,4,391,16,6273,2.004,5.78
2021,positioning,shift,4,391,16,6273,2.004,5.78
2021,positioning,history,10,391,71,6273,1.176,5.72
2021,positioning,policy,10,391,71,6273,1.176,5.72
2021,positioning,form,9,391,61,6273,1.243,5.68
2021,positioning,disaster,5,391,24,6273,1.741,5.67
2021,positioning,theme,5,391,24,6273,1.741,5.67
2021,positioning,initiative,5,391,24,6273,1.741,5.67
2021,positioning,boundary,5,391,24,6273,1.741,5.67
2021,positioning,material,21,391,199,6273,0.76,5.53
2021,positioning,migration,4,391,17,6273,1.916,5.35
2021,positioning,resident,3,391,10,6273,2.267,5.35
2021,positioning,service,4,391,17,6273,1.916,5.35
2021,positioning,sea,5,391,25,6273,1.682,5.34
2021,positioning,science,8,391,53,6273,1.276,5.28
2021,positioning,strategy,14,391,118,6273,0.929,5.26
2021,positioning,world,12,391,96,6273,1.004,5.18
2021,positioning,performance,11,391,85,6273,1.054,5.18
2021,positioning,planning,7,391,44,6273,1.352,5.11
2021,positioning,goal,10,391,75,6273,1.097,5.05
2021,positioning,technology,11,391,86,6273,1.037,5.03
2021,positioning,mission,4,391,18,6273,1.834,4.96
2021,positioning,exploration,4,391,18,6273,1.834,4.96
2021,positioning,solution,9,391,65,6273,1.151,4.95
2021,positioning,construction,10,391,76,6273,1.078,4.89
2021,positioning,market,3,391,11,6273,2.129,4.81
2021,positioning,wall,3,391,11,6273,2.129,4.81
2021,positioning,ecosystem,3,391,11,6273,2.129,4.81
2021,positioning,housing,9,391,66,6273,1.129,4.78
2021,positioning,expertise,6,391,36,6273,1.419,4.76
2021,positioning,land,6,391,36,6273,1.419,4.76
2021,positioning,emission,7,391,46,6273,1.288,4.69
2021,positioning,self,5,391,28,6273,1.518,4.47
2021,positioning,economy,5,391,28,6273,1.518,4.47
2021,positioning,surface,3,391,12,6273,2.004,4.33
2021,positioning,maintenance,3,391,12,6273,2.004,4.33
2021,positioning,topic,9,391,69,6273,1.065,4.3
2021,positioning,creation,4,391,20,6273,1.682,4.27
2021,positioning,sustainability,12,391,104,6273,0.888,4.15
2021,positioning,water,8,391,60,6273,1.097,4.03
2021,positioning,drawing,4,391,21,6273,1.612,3.96
2021,positioning,subject,5,391,30,6273,1.419,3.96
2021,positioning,efficiency,4,391,21,6273,1.612,3.96
2021,positioning,challenge,12,391,106,6273,0.861,3.92
2021,positioning,sequence,3,391,13,6273,1.888,3.91
2021,positioning,evidence,3,391,13,6273,1.888,3.91
2021,positioning,diagram,3,391,13,6273,1.888,3.91
2021,positioning,function,3,391,13,6273,1.888,3.91
2021,positioning,behavior,3,391,13,6273,1.888,3.91
2021,positioning,application,6,391,40,6273,1.267,3.9
2021,positioning,perspective,7,391,51,6273,1.139,3.76
2021,positioning,island,3,391,14,6273,1.782,3.53
2021,positioning,innovation,5,391,32,6273,1.326,3.52
2021,positioning,agenda,4,391,23,6273,1.48,3.41
2021,positioning,body,4,391,23,6273,1.48,3.41
2021,positioning,growth,4,391,23,6273,1.48,3.41
2021,positioning,scenario,5,391,33,6273,1.281,3.31
2021,positioning,aim,3,391,15,6273,1.682,3.2
2021,positioning,identity,3,391,15,6273,1.682,3.2
2021,positioning,background,3,391,15,6273,1.682,3.2
2021,positioning,text,3,391,16,6273,1.589,2.89
2021,positioning,technique,6,391,47,6273,1.034,2.71
2021,positioning,potential,6,391,47,6273,1.034,2.71
2021,positioning,stakeholder,3,391,17,6273,1.501,2.62
2021,positioning,training,3,391,17,6273,1.501,2.62
2021,positioning,conversation,3,391,17,6273,1.501,2.62
2021,positioning,condition,7,391,59,6273,0.929,2.6
2021,positioning,industry,5,391,37,6273,1.116,2.59
2021,positioning,expert,4,391,27,6273,1.249,2.53
2021,positioning,adaptation,4,391,27,6273,1.249,2.53
2021,positioning,temperature,3,391,18,6273,1.419,2.37
2021,positioning,act,3,391,18,6273,1.419,2.37
2021,positioning,effort,4,391,28,6273,1.197,2.34
2021,positioning,installation,4,391,28,6273,1.197,2.34
2021,positioning,narrative,4,391,29,6273,1.146,2.16
2021,positioning,institution,4,391,29,6273,1.146,2.16
2021,positioning,human,3,391,19,6273,1.341,2.15
2021,positioning,event,3,391,19,6273,1.341,2.15
2021,positioning,product,3,391,19,6273,1.341,2.15
2021,positioning,platform,3,391,19,6273,1.341,2.15
2021,positioning,region,6,391,52,6273,0.888,2.05
2021,positioning,space,10,391,101,6273,0.668,2.03
2021,positioning,tool,7,391,64,6273,0.811,2.03
2021,positioning,component,4,391,30,6273,1.097,2.0
2021,positioning,researcher,3,391,20,6273,1.267,1.94
2021,positioning,typology,3,391,20,6273,1.267,1.94
2021,positioning,income,3,391,20,6273,1.267,1.94
2021,positioning,society,5,391,42,6273,0.934,1.87
2021,positioning,profession,5,391,42,6273,0.934,1.87
2021,positioning,problem,7,391,66,6273,0.767,1.83
2021,positioning,life,8,391,79,6273,0.7,1.77
2021,positioning,generation,3,391,21,6273,1.197,1.75
2021,positioning,soil,3,391,21,6273,1.197,1.75
2021,positioning,unit,3,391,21,6273,1.197,1.75
2021,positioning,today,4,391,32,6273,1.004,1.7
2021,positioning,vision,3,391,22,6273,1.129,1.58
2021,positioning,campus,3,391,22,6273,1.129,1.58
2021,positioning,structure,8,391,82,6273,0.646,1.52
2021,positioning,resource,9,391,95,6273,0.604,1.51
2021,positioning,impact,10,391,109,6273,0.558,1.45
2021,positioning,investigation,3,391,23,6273,1.065,1.42
2021,positioning,future,9,391,97,6273,0.574,1.37
2021,positioning,discipline,6,391,59,6273,0.706,1.34
2021,positioning,section,4,391,35,6273,0.875,1.32
2021,positioning,cycle,3,391,24,6273,1.004,1.28
2021,positioning,ecology,3,391,24,6273,1.004,1.28
2021,positioning,business,3,391,24,6273,1.004,1.28
2021,positioning,opportunity,7,391,73,6273,0.621,1.24
2021,positioning,order,5,391,48,6273,0.741,1.22
2021,positioning,rise,3,391,25,6273,0.945,1.14
2021,positioning,effect,5,391,49,6273,0.711,1.13
2021,positioning,coal,4,391,37,6273,0.794,1.11
2021,positioning,state,4,391,38,6273,0.756,1.01
2021,positioning,intersection,4,391,39,6273,0.719,0.92
2021,positioning,time,5,391,115,6273,-0.52,0.79
2021,positioning,architect,10,391,122,6273,0.395,0.75
2021,positioning,question,6,391,69,6273,0.48,0.65
2021,positioning,engagement,3,391,30,6273,0.682,0.63
2021,positioning,neighborhood,4,391,43,6273,0.578,0.61
2021,positioning,assessment,4,391,43,6273,0.578,0.61
2021,positioning,area,6,391,70,6273,0.46,0.6
2021,positioning,content,3,391,33,6273,0.544,0.41
2021,positioning,nature,4,391,48,6273,0.419,0.33
2021,positioning,aspect,3,391,35,6273,0.46,0.3
2021,positioning,home,3,391,37,6273,0.379,0.21
2021,positioning,point,3,391,37,6273,0.379,0.21
2021,positioning,source,3,391,37,6273,0.379,0.21
2021,positioning,book,3,391,39,6273,0.303,0.13
2021,positioning,collaboration,3,391,39,6273,0.303,0.13
2021,positioning,interest,3,391,40,6273,0.267,0.1
2021,positioning,people,4,391,67,6273,-0.062,0.01
2021,positioning,power,3,391,49,6273,-0.026,0.0
2021,positioning,designer,3,391,50,6273,-0.055,0.0
2022,positioning,climate,35,192,204,2961,1.404,30.1
2022,positioning,issue,19,192,82,2961,1.837,24.73
2022,positioning,change,25,192,132,2961,1.546,24.63
2022,positioning,project,27,192,169,2961,1.301,19.86
2022,positioning,reflection,5,192,8,2961,3.269,17.29
2022,positioning,conversation,8,192,22,2961,2.487,17.05
2022,positioning,infrastructure,13,192,66,2961,1.603,13.18
2022,positioning,neighborhood,9,192,35,2961,1.988,13.09
2022,positioning,crisis,9,192,36,2961,1.947,12.63
2022,positioning,city,19,192,128,2961,1.195,11.74
2022,positioning,system,18,192,118,2961,1.234,11.73
2022,positioning,science,5,192,13,2961,2.568,11.2
2022,positioning,design,36,192,331,2961,0.746,10.22
2022,positioning,awareness,3,192,5,2961,3.21,9.99
2022,positioning,self,5,192,15,2961,2.362,9.69
2022,positioning,human,5,192,15,2961,2.362,9.69
2022,positioning,frame,3,192,6,2961,2.947,8.54
2022,positioning,environment,17,192,127,2961,1.046,8.23
2022,positioning,practice,13,192,86,2961,1.221,8.19
2022,positioning,datum,7,192,32,2961,1.754,8.17
2022,positioning,reality,5,192,18,2961,2.099,7.91
2022,positioning,distribution,4,192,12,2961,2.362,7.74
2022,positioning,wall,4,192,12,2961,2.362,7.74
2022,positioning,exercise,6,192,26,2961,1.831,7.53
2022,positioning,material,17,192,132,2961,0.99,7.46
2022,positioning,energy,11,192,70,2961,1.277,7.45
2022,positioning,impact,10,192,61,2961,1.338,7.34
2022,positioning,area,10,192,61,2961,1.338,7.34
2022,positioning,ground,4,192,13,2961,2.246,7.1
2022,positioning,expert,5,192,20,2961,1.947,6.95
2022,positioning,scale,13,192,93,2961,1.108,6.89
2022,positioning,community,17,192,138,2961,0.926,6.61
2022,positioning,inquiry,3,192,8,2961,2.532,6.53
2022,positioning,line,3,192,8,2961,2.532,6.53
2022,positioning,interaction,3,192,8,2961,2.532,6.53
2022,positioning,act,3,192,8,2961,2.532,6.53
2022,positioning,politic,4,192,15,2961,2.04,6.02
2022,positioning,effect,4,192,15,2961,2.04,6.02
2022,positioning,model,10,192,68,2961,1.181,5.88
2022,positioning,food,5,192,23,2961,1.745,5.76
2022,positioning,home,5,192,23,2961,1.745,5.76
2022,positioning,production,6,192,32,2961,1.532,5.52
2022,positioning,challenge,7,192,42,2961,1.362,5.25
2022,positioning,housing,7,192,42,2961,1.362,5.25
2022,positioning,innovation,3,192,10,2961,2.21,5.17
2022,positioning,question,7,192,43,2961,1.328,5.02
2022,positioning,nature,7,192,44,2961,1.295,4.8
2022,positioning,justice,8,192,54,2961,1.192,4.75
2022,positioning,structure,6,192,35,2961,1.403,4.73
2022,positioning,world,9,192,65,2961,1.094,4.6
2022,positioning,architecture,20,192,193,2961,0.676,4.44
2022,positioning,health,4,192,19,2961,1.699,4.38
2022,positioning,capacity,4,192,19,2961,1.699,4.38
2022,positioning,industry,5,192,28,2961,1.461,4.22
2022,positioning,perspective,5,192,28,2961,1.461,4.22
2022,positioning,island,4,192,20,2961,1.625,4.06
2022,positioning,culture,6,192,39,2961,1.246,3.84
2022,positioning,scenario,4,192,21,2961,1.555,3.75
2022,positioning,agency,4,192,21,2961,1.555,3.75
2022,positioning,weather,3,192,13,2961,1.831,3.74
2022,positioning,firm,3,192,13,2961,1.831,3.74
2022,positioning,people,5,192,31,2961,1.315,3.5
2022,positioning,concern,4,192,22,2961,1.487,3.47
2022,positioning,space,9,192,73,2961,0.927,3.41
2022,positioning,notion,3,192,14,2961,1.725,3.37
2022,positioning,air,3,192,14,2961,1.725,3.37
2022,positioning,observation,3,192,14,2961,1.725,3.37
2022,positioning,carbon,6,192,42,2961,1.14,3.27
2022,positioning,generation,3,192,15,2961,1.625,3.03
2022,positioning,site,14,192,136,2961,0.667,2.95
2022,positioning,water,7,192,55,2961,0.973,2.88
2022,positioning,surface,4,192,25,2961,1.303,2.75
2022,positioning,story,3,192,16,2961,1.532,2.74
2022,positioning,life,5,192,35,2961,1.14,2.71
2022,positioning,building,14,192,139,2961,0.635,2.7
2022,positioning,knowledge,4,192,26,2961,1.246,2.54
2022,positioning,planning,6,192,47,2961,0.977,2.48
2022,positioning,mapping,3,192,17,2961,1.444,2.47
2022,positioning,policy,5,192,37,2961,1.059,2.38
2022,positioning,value,5,192,38,2961,1.021,2.23
2022,positioning,inequity,3,192,18,2961,1.362,2.22
2022,positioning,network,3,192,19,2961,1.284,2.0
2022,positioning,state,3,192,19,2961,1.284,2.0
2022,positioning,partner,3,192,19,2961,1.284,2.0
2022,positioning,performance,4,192,29,2961,1.089,1.99
2022,positioning,engagement,4,192,29,2961,1.089,1.99
2022,positioning,place,5,192,40,2961,0.947,1.94
2022,positioning,ecology,5,192,40,2961,0.947,1.94
2022,positioning,resident,3,192,20,2961,1.21,1.8
2022,positioning,narrative,3,192,20,2961,1.21,1.8
2022,positioning,example,3,192,20,2961,1.21,1.8
2022,positioning,management,3,192,21,2961,1.14,1.62
2022,positioning,solution,3,192,22,2961,1.072,1.45
2022,positioning,topic,4,192,33,2961,0.903,1.42
2022,positioning,opportunity,5,192,45,2961,0.777,1.35
2022,positioning,form,6,192,58,2961,0.674,1.25
2022,positioning,future,6,192,58,2961,0.674,1.25
2022,positioning,component,4,192,35,2961,0.818,1.18
2022,positioning,exploration,3,192,24,2961,0.947,1.16
2022,positioning,resource,6,192,60,2961,0.625,1.09
2022,positioning,construction,6,192,62,2961,0.578,0.94
2022,positioning,idea,3,192,26,2961,0.831,0.91
2022,positioning,technology,5,192,50,2961,0.625,0.9
2022,positioning,land,5,192,51,2961,0.596,0.83
2022,positioning,economy,3,192,27,2961,0.777,0.8
2022,positioning,society,3,192,27,2961,0.777,0.8
2022,positioning,framework,3,192,27,2961,0.777,0.8
2022,positioning,method,4,192,40,2961,0.625,0.72
2022,positioning,technique,3,192,28,2961,0.725,0.71
2022,positioning,body,3,192,28,2961,0.725,0.71
2022,positioning,equity,3,192,28,2961,0.725,0.71
2022,positioning,history,6,192,67,2961,0.466,0.62
2022,positioning,condition,4,192,42,2961,0.555,0.57
2022,positioning,experience,5,192,55,2961,0.487,0.56
2022,positioning,theory,3,192,30,2961,0.625,0.54
2022,positioning,collaboration,3,192,31,2961,0.578,0.46
2022,positioning,level,4,192,45,2961,0.455,0.39
2022,positioning,strategy,4,192,81,2961,-0.393,0.36
2022,positioning,approach,4,192,47,2961,0.392,0.3
2022,positioning,time,5,192,61,2961,0.338,0.28
2022,positioning,problem,3,192,35,2961,0.403,0.23
2022,positioning,landscape,4,192,49,2961,0.332,0.22
2022,positioning,sustainability,4,192,56,2961,0.14,0.04
2023,positioning,climate,38,251,233,3311,1.105,21.51
2023,positioning,boundary,8,251,18,3311,2.552,18.31
2023,positioning,power,5,251,8,3311,3.043,15.77
2023,positioning,change,23,251,133,3311,1.19,14.27
2023,positioning,justice,11,251,42,3311,1.789,13.6
2023,positioning,infrastructure,15,251,71,3311,1.479,13.41
2023,positioning,surface,5,251,10,3311,2.722,12.8
2023,positioning,issue,12,251,51,3311,1.634,12.7
2023,positioning,today,7,251,21,3311,2.137,11.72
2023,positioning,region,12,251,54,3311,1.552,11.6
2023,positioning,city,16,251,87,3311,1.279,11.09
2023,positioning,practice,16,251,91,3311,1.214,10.11
2023,positioning,world,14,251,75,3311,1.3,9.95
2023,positioning,agency,7,251,24,3311,1.944,9.94
2023,positioning,situation,4,251,9,3311,2.552,9.11
2023,positioning,landscape,12,251,62,3311,1.352,9.1
2023,positioning,realm,3,251,5,3311,2.985,9.09
2023,positioning,advocacy,5,251,14,3311,2.236,9.03
2023,positioning,approach,11,251,55,3311,1.4,8.85
2023,positioning,section,5,251,15,3311,2.137,8.34
2023,positioning,implication,5,251,15,3311,2.137,8.34
2023,positioning,scale,12,251,65,3311,1.284,8.31
2023,positioning,heat,12,251,65,3311,1.284,8.31
2023,positioning,opportunity,8,251,36,3311,1.552,7.67
2023,positioning,territory,6,251,23,3311,1.783,7.31
2023,positioning,architect,13,251,79,3311,1.118,7.04
2023,positioning,design,43,251,391,3311,0.537,6.67
2023,positioning,element,4,251,12,3311,2.137,6.66
2023,positioning,range,5,251,18,3311,1.874,6.63
2023,positioning,step,3,251,7,3311,2.499,6.57
2023,positioning,benefit,3,251,7,3311,2.499,6.57
2023,positioning,time,10,251,56,3311,1.236,6.44
2023,positioning,society,7,251,33,3311,1.484,6.2
2023,positioning,condition,11,251,66,3311,1.137,6.11
2023,positioning,reality,4,251,13,3311,2.021,6.05
2023,positioning,relation,4,251,13,3311,2.021,6.05
2023,positioning,method,11,251,67,3311,1.115,5.9
2023,positioning,history,13,251,85,3311,1.013,5.89
2023,positioning,air,6,251,27,3311,1.552,5.73
2023,positioning,intervention,5,251,20,3311,1.722,5.72
2023,positioning,discourse,5,251,20,3311,1.722,5.72
2023,positioning,simulation,5,251,20,3311,1.722,5.72
2023,positioning,body,3,251,8,3311,2.306,5.71
2023,positioning,datum,8,251,43,3311,1.295,5.57
2023,positioning,community,21,251,166,3311,0.739,5.47
2023,positioning,environment,18,251,136,3311,0.804,5.43
2023,positioning,crisis,9,251,52,3311,1.191,5.41
2023,positioning,geography,5,251,21,3311,1.651,5.32
2023,positioning,country,5,251,21,3311,1.651,5.32
2023,positioning,site,17,251,127,3311,0.82,5.31
2023,positioning,vision,6,251,29,3311,1.448,5.07
2023,positioning,outcome,7,251,37,3311,1.319,5.03
2023,positioning,home,5,251,22,3311,1.584,4.94
2023,positioning,strategy,8,251,46,3311,1.198,4.85
2023,positioning,methodology,4,251,16,3311,1.722,4.57
2023,positioning,number,4,251,16,3311,1.722,4.57
2023,positioning,land,8,251,48,3311,1.137,4.41
2023,positioning,question,8,251,48,3311,1.137,4.41
2023,positioning,vulnerability,3,251,10,3311,1.985,4.39
2023,positioning,format,3,251,10,3311,1.985,4.39
2023,positioning,growth,3,251,10,3311,1.985,4.39
2023,positioning,mapping,8,251,49,3311,1.107,4.2
2023,positioning,architecture,23,251,201,3311,0.594,4.02
2023,positioning,resource,8,251,50,3311,1.078,4.01
2023,positioning,topic,9,251,59,3311,1.009,4.01
2023,positioning,model,6,251,33,3311,1.262,3.97
2023,positioning,leader,3,251,11,3311,1.847,3.87
2023,positioning,pollution,3,251,11,3311,1.847,3.87
2023,positioning,potential,4,251,18,3311,1.552,3.8
2023,positioning,possibility,4,251,18,3311,1.552,3.8
2023,positioning,temperature,4,251,18,3311,1.552,3.8
2023,positioning,effort,5,251,26,3311,1.343,3.69
2023,positioning,designer,6,251,35,3311,1.177,3.51
2023,positioning,extraction,4,251,19,3311,1.474,3.47
2023,positioning,transformation,3,251,12,3311,1.722,3.42
2023,positioning,atmosphere,3,251,12,3311,1.722,3.42
2023,positioning,result,3,251,12,3311,1.722,3.42
2023,positioning,system,14,251,113,3311,0.709,3.31
2023,positioning,response,5,251,28,3311,1.236,3.18
2023,positioning,example,5,251,28,3311,1.236,3.18
2023,positioning,visualization,4,251,20,3311,1.4,3.17
2023,positioning,objective,4,251,20,3311,1.4,3.17
2023,positioning,inequality,3,251,13,3311,1.606,3.03
2023,positioning,exposure,3,251,13,3311,1.606,3.03
2023,positioning,lab,3,251,13,3311,1.606,3.03
2023,positioning,footprint,3,251,13,3311,1.606,3.03
2023,positioning,funding,3,251,13,3311,1.606,3.03
2023,positioning,partnership,3,251,13,3311,1.606,3.03
2023,positioning,culture,9,251,66,3311,0.847,2.91
2023,positioning,neighborhood,5,251,30,3311,1.137,2.74
2023,positioning,theme,3,251,14,3311,1.499,2.68
2023,positioning,socio,3,251,14,3311,1.499,2.68
2023,positioning,rise,3,251,14,3311,1.499,2.68
2023,positioning,property,3,251,14,3311,1.499,2.68
2023,positioning,flooding,3,251,14,3311,1.499,2.68
2023,positioning,stage,3,251,14,3311,1.499,2.68
2023,positioning,principle,3,251,14,3311,1.499,2.68
2023,positioning,area,8,251,59,3311,0.839,2.54
2023,positioning,service,3,251,15,3311,1.4,2.37
2023,positioning,narrative,6,251,41,3311,0.949,2.37
2023,positioning,position,3,251,15,3311,1.4,2.37
2023,positioning,resident,3,251,15,3311,1.4,2.37
2023,positioning,economy,5,251,32,3311,1.043,2.34
2023,positioning,health,5,251,32,3311,1.043,2.34
2023,positioning,population,5,251,33,3311,0.999,2.17
2023,positioning,problem,5,251,33,3311,0.999,2.17
2023,positioning,energy,3,251,81,3311,-1.033,2.16
2023,positioning,impact,11,251,93,3311,0.642,2.14
2023,positioning,weather,3,251,16,3311,1.306,2.1
2023,positioning,pattern,3,251,16,3311,1.306,2.1
2023,positioning,investigation,3,251,16,3311,1.306,2.1
2023,positioning,generation,3,251,16,3311,1.306,2.1
2023,positioning,people,8,251,63,3311,0.744,2.03
2023,positioning,carbon,5,251,34,3311,0.956,2.0
2023,positioning,space,12,251,106,3311,0.579,1.93
2023,positioning,industry,7,251,54,3311,0.774,1.91
2023,positioning,structure,7,251,54,3311,0.774,1.91
2023,positioning,network,3,251,17,3311,1.219,1.85
2023,positioning,stakeholder,3,251,17,3311,1.219,1.85
2023,positioning,project,17,251,163,3311,0.46,1.8
2023,positioning,event,4,251,26,3311,1.021,1.8
2023,positioning,travel,4,251,26,3311,1.021,1.8
2023,positioning,level,6,251,45,3311,0.815,1.79
2023,positioning,material,15,251,143,3311,0.469,1.63
2023,positioning,thinking,3,251,18,3311,1.137,1.63
2023,positioning,concern,3,251,18,3311,1.137,1.63
2023,positioning,water,7,251,57,3311,0.696,1.57
2023,positioning,place,5,251,37,3311,0.834,1.56
2023,positioning,humanity,3,251,19,3311,1.059,1.44
2023,positioning,future,7,251,59,3311,0.646,1.36
2023,positioning,campus,4,251,29,3311,0.864,1.32
2023,positioning,state,4,251,29,3311,0.864,1.32
2023,positioning,art,3,251,20,3311,0.985,1.26
2023,positioning,organization,4,251,30,3311,0.815,1.19
2023,positioning,interest,4,251,31,3311,0.767,1.06
2023,positioning,ecosystem,3,251,22,3311,0.847,0.96
2023,positioning,medium,3,251,22,3311,0.847,0.96
2023,positioning,concept,3,251,23,3311,0.783,0.83
2023,positioning,building,15,251,158,3311,0.325,0.81
2023,positioning,solution,5,251,44,3311,0.584,0.8
2023,positioning,nature,4,251,34,3311,0.634,0.75
2023,positioning,facility,3,251,24,3311,0.722,0.71
2023,positioning,assessment,3,251,24,3311,0.722,0.71
2023,positioning,engagement,3,251,26,3311,0.606,0.51
2023,positioning,scenario,3,251,26,3311,0.606,0.51
2023,positioning,planning,4,251,38,3311,0.474,0.43
2023,positioning,migration,4,251,38,3311,0.474,0.43
2023,positioning,ecology,6,251,61,3311,0.376,0.42
2023,positioning,construction,7,251,74,3311,0.319,0.36
2023,positioning,production,4,251,40,3311,0.4,0.31
2023,positioning,framework,3,251,29,3311,0.448,0.29
2023,positioning,perspective,4,251,41,3311,0.364,0.26
2023,positioning,discipline,3,251,30,3311,0.4,0.23
2023,positioning,experience,6,251,67,3311,0.24,0.18
2023,positioning,sustainability,3,251,49,3311,-0.308,0.16
2023,positioning,application,3,251,32,3311,0.306,0.14
2023,positioning,effect,4,251,44,3311,0.262,0.14
2023,positioning,tool,4,251,48,3311,0.137,0.04
2023,positioning,form,4,251,58,3311,-0.136,0.04
2023,positioning,performance,3,251,44,3311,-0.153,0.04
2023,positioning,action,3,251,36,3311,0.137,0.03
2023,positioning,life,3,251,38,3311,0.059,0.01
2023,positioning,component,3,251,42,3311,-0.086,0.01
2023,positioning,knowledge,3,251,41,3311,-0.051,0.0
2023,positioning,science,3,251,40,3311,-0.015,0.0
2024,positioning,design,68,295,431,3639,0.961,32.04
2024,positioning,science,19,295,60,3639,1.966,28.25
2024,positioning,climate,53,295,332,3639,0.978,24.8
2024,positioning,mission,9,295,16,3639,2.795,24.7
2024,positioning,oil,17,295,55,3639,1.931,24.43
2024,positioning,change,34,295,176,3639,1.253,23.64
2024,positioning,alternative,6,295,8,3639,3.21,21.6
2024,positioning,priority,7,295,12,3639,2.847,19.85
2024,positioning,fiction,9,295,22,3639,2.335,17.85
2024,positioning,exercise,8,295,19,3639,2.377,16.35
2024,positioning,system,28,295,157,3639,1.137,16.2
2024,positioning,region,16,295,67,3639,1.559,15.79
2024,positioning,future,23,295,119,3639,1.253,15.65
2024,positioning,generation,7,295,16,3639,2.432,14.89
2024,positioning,transformation,9,295,26,3639,2.094,14.74
2024,positioning,community,30,295,183,3639,1.016,14.24
2024,positioning,landscape,21,295,114,3639,1.184,12.86
2024,positioning,space,21,295,115,3639,1.172,12.62
2024,positioning,principle,8,295,24,3639,2.04,12.49
2024,positioning,area,16,295,77,3639,1.358,12.38
2024,positioning,issue,13,295,56,3639,1.518,12.18
2024,positioning,level,12,295,50,3639,1.566,11.86
2024,positioning,capacity,7,295,20,3639,2.11,11.58
2024,positioning,practice,19,295,109,3639,1.104,10.23
2024,positioning,challenge,17,295,93,3639,1.173,10.15
2024,positioning,energy,16,295,86,3639,1.198,9.91
2024,positioning,soil,4,295,8,3639,2.625,9.73
2024,positioning,land,12,295,57,3639,1.377,9.44
2024,positioning,past,5,295,13,3639,2.246,9.21
2024,positioning,human,7,295,24,3639,1.847,9.17
2024,positioning,city,17,295,98,3639,1.098,9.01
2024,positioning,architecture,34,295,254,3639,0.724,8.79
2024,positioning,risk,6,295,19,3639,1.962,8.72
2024,positioning,agent,3,295,5,3639,2.888,8.71
2024,positioning,concept,10,295,45,3639,1.455,8.65
2024,positioning,facility,5,295,14,3639,2.139,8.45
2024,positioning,initiative,8,295,32,3639,1.625,8.38
2024,positioning,socio,6,295,20,3639,1.888,8.15
2024,positioning,environment,18,295,111,3639,1.0,8.09
2024,positioning,concern,5,295,15,3639,2.04,7.77
2024,positioning,engagement,7,295,27,3639,1.677,7.74
2024,positioning,tradition,4,295,10,3639,2.303,7.69
2024,positioning,foundation,4,295,10,3639,2.303,7.69
2024,positioning,economy,6,295,21,3639,1.817,7.63
2024,positioning,history,15,295,90,3639,1.04,7.18
2024,positioning,crisis,10,295,52,3639,1.246,6.56
2024,positioning,discipline,9,295,45,3639,1.303,6.38
2024,positioning,transition,6,295,24,3639,1.625,6.26
2024,positioning,leader,4,295,12,3639,2.04,6.21
2024,positioning,mitigation,4,295,12,3639,2.04,6.21
2024,positioning,author,4,295,12,3639,2.04,6.21
2024,positioning,water,10,295,54,3639,1.192,6.06
2024,positioning,aspect,5,295,19,3639,1.699,5.64
2024,positioning,conference,5,295,19,3639,1.699,5.64
2024,positioning,datum,5,295,19,3639,1.699,5.64
2024,positioning,place,10,295,57,3639,1.114,5.36
2024,positioning,effect,7,295,34,3639,1.345,5.23
2024,positioning,state,7,295,35,3639,1.303,4.95
2024,positioning,project,24,295,189,3639,0.647,4.92
2024,positioning,century,5,295,21,3639,1.554,4.82
2024,positioning,dialogue,5,295,21,3639,1.554,4.82
2024,positioning,action,5,295,21,3639,1.554,4.82
2024,positioning,site,18,295,133,3639,0.739,4.65
2024,positioning,degradation,3,295,9,3639,2.04,4.65
2024,positioning,boundary,4,295,15,3639,1.718,4.59
2024,positioning,activity,6,295,29,3639,1.352,4.52
2024,positioning,theme,5,295,22,3639,1.487,4.46
2024,positioning,narrative,7,295,37,3639,1.223,4.41
2024,positioning,food,9,295,54,3639,1.04,4.25
2024,positioning,industry,10,295,63,3639,0.969,4.17
2024,positioning,policy,7,295,38,3639,1.184,4.17
2024,positioning,emphasis,4,295,16,3639,1.625,4.16
2024,positioning,technology,10,295,64,3639,0.947,3.99
2024,positioning,integration,4,295,17,3639,1.537,3.77
2024,positioning,mapping,6,295,32,3639,1.21,3.7
2024,positioning,dynamic,3,295,11,3639,1.75,3.55
2024,positioning,collaborator,3,295,11,3639,1.75,3.55
2024,positioning,identity,3,295,11,3639,1.75,3.55
2024,positioning,thinking,6,295,33,3639,1.165,3.46
2024,positioning,resilience,6,295,33,3639,1.165,3.46
2024,positioning,session,4,295,18,3639,1.455,3.42
2024,positioning,power,6,295,34,3639,1.122,3.24
2024,positioning,problem,6,295,34,3639,1.122,3.24
2024,positioning,iteration,3,295,12,3639,1.625,3.12
2024,positioning,structure,7,295,43,3639,1.006,3.1
2024,positioning,plant,4,295,19,3639,1.377,3.1
2024,positioning,construction,13,295,99,3639,0.696,2.96
2024,positioning,goal,6,295,36,3639,1.04,2.82
2024,positioning,planet,4,295,20,3639,1.303,2.81
2024,positioning,earth,5,295,28,3639,1.139,2.77
2024,positioning,opportunity,8,295,54,3639,0.87,2.72
2024,positioning,nature,5,295,29,3639,1.089,2.55
2024,positioning,urbanism,4,295,21,3639,1.232,2.54
2024,positioning,impact,11,295,84,3639,0.692,2.47
2024,positioning,representation,6,295,38,3639,0.962,2.44
2024,positioning,visit,3,295,14,3639,1.402,2.4
2024,positioning,desert,3,295,14,3639,1.402,2.4
2024,positioning,decarbonization,3,295,14,3639,1.402,2.4
2024,positioning,element,3,295,14,3639,1.402,2.4
2024,positioning,object,3,295,14,3639,1.402,2.4
2024,positioning,extraction,4,295,22,3639,1.165,2.3
2024,positioning,ground,4,295,22,3639,1.165,2.3
2024,positioning,production,8,295,57,3639,0.792,2.29
2024,positioning,material,16,295,136,3639,0.537,2.26
2024,positioning,condition,7,295,48,3639,0.847,2.26
2024,positioning,sustainability,6,295,40,3639,0.888,2.11
2024,positioning,building,16,295,138,3639,0.516,2.1
2024,positioning,lens,3,295,15,3639,1.303,2.1
2024,positioning,living,3,295,15,3639,1.303,2.1
2024,positioning,humanity,3,295,15,3639,1.303,2.1
2024,positioning,framework,5,295,32,3639,0.947,1.97
2024,positioning,topic,6,295,41,3639,0.852,1.96
2024,positioning,world,12,295,99,3639,0.58,1.94
2024,positioning,justice,9,295,70,3639,0.665,1.87
2024,positioning,partnership,4,295,24,3639,1.04,1.87
2024,positioning,territory,3,295,16,3639,1.21,1.84
2024,positioning,exchange,3,295,16,3639,1.21,1.84
2024,positioning,thing,3,295,16,3639,1.21,1.84
2024,positioning,agency,5,295,33,3639,0.902,1.81
2024,positioning,infrastructure,12,295,102,3639,0.537,1.68
2024,positioning,experience,4,295,86,3639,-0.802,1.64
2024,positioning,collaboration,6,295,44,3639,0.75,1.55
2024,positioning,people,4,295,26,3639,0.924,1.51
2024,positioning,hand,3,295,18,3639,1.04,1.4
2024,positioning,art,3,295,18,3639,1.04,1.4
2024,positioning,intersection,4,295,27,3639,0.87,1.35
2024,positioning,reality,5,295,37,3639,0.737,1.24
2024,positioning,agenda,3,295,19,3639,0.962,1.21
2024,positioning,approach,10,295,88,3639,0.487,1.16
2024,positioning,form,7,295,58,3639,0.574,1.1
2024,positioning,exploration,3,295,20,3639,0.888,1.05
2024,positioning,content,3,295,20,3639,0.888,1.05
2024,positioning,knowledge,7,295,59,3639,0.549,1.01
2024,positioning,position,3,295,22,3639,0.75,0.77
2024,positioning,network,3,295,22,3639,0.75,0.77
2024,positioning,method,5,295,42,3639,0.554,0.73
2024,positioning,value,4,295,32,3639,0.625,0.73
2024,positioning,addition,3,295,23,3639,0.686,0.65
2024,positioning,exhibition,5,295,43,3639,0.52,0.65
2024,positioning,block,3,295,23,3639,0.686,0.65
2024,positioning,vision,3,295,23,3639,0.686,0.65
2024,positioning,image,3,295,23,3639,0.686,0.65
2024,positioning,health,4,295,33,3639,0.58,0.63
2024,positioning,time,7,295,65,3639,0.41,0.58
2024,positioning,society,6,295,55,3639,0.428,0.54
2024,positioning,potential,3,295,24,3639,0.625,0.54
2024,positioning,methodology,3,295,25,3639,0.566,0.45
2024,positioning,tool,6,295,57,3639,0.377,0.42
2024,positioning,culture,4,295,36,3639,0.455,0.4
2024,positioning,adaptation,3,295,26,3639,0.509,0.37
2024,positioning,architect,4,295,64,3639,-0.375,0.32
2024,positioning,carbon,3,295,27,3639,0.455,0.3
2024,positioning,discourse,3,295,27,3639,0.455,0.3
2024,positioning,life,6,295,60,3639,0.303,0.28
2024,positioning,perspective,3,295,47,3639,-0.345,0.2
2024,positioning,drawing,4,295,40,3639,0.303,0.18
2024,positioning,idea,3,295,46,3639,-0.314,0.17
2024,positioning,model,6,295,63,3639,0.232,0.16
2024,positioning,solution,4,295,41,3639,0.267,0.14
2024,positioning,question,5,295,53,3639,0.219,0.12
2024,positioning,resource,6,295,65,3639,0.187,0.11
2024,positioning,strategy,5,295,67,3639,-0.119,0.04
2024,positioning,medium,3,295,33,3639,0.165,0.04
2024,positioning,planning,3,295,41,3639,-0.148,0.04
2024,positioning,neighborhood,4,295,53,3639,-0.103,0.02
2024,positioning,technique,4,295,46,3639,0.101,0.02
2024,positioning,wind,3,295,40,3639,-0.112,0.02
2024,positioning,application,3,295,35,3639,0.08,0.01
2024,positioning,theory,3,295,37,3639,0.0,0.0
2024,positioning,scale,7,295,87,3639,-0.011,0.0
2025,positioning,climate,59,228,284,3104,1.5,60.27
2025,positioning,community,39,228,186,3104,1.513,38.42
2025,positioning,policy,17,228,57,3104,2.022,26.22
2025,positioning,landscape,21,228,92,3104,1.636,22.67
2025,positioning,site,16,228,68,3104,1.68,17.88
2025,positioning,system,19,228,91,3104,1.507,17.71
2025,positioning,region,11,228,36,3104,2.057,17.28
2025,positioning,condition,12,228,43,3104,1.926,16.86
2025,positioning,change,25,228,146,3104,1.221,16.36
2025,positioning,environment,19,228,96,3104,1.43,16.16
2025,positioning,goal,11,228,42,3104,1.834,14.17
2025,positioning,emphasis,6,228,14,3104,2.545,13.55
2025,positioning,action,9,228,31,3104,1.983,13.22
2025,positioning,challenge,16,228,82,3104,1.409,13.17
2025,positioning,discipline,8,228,26,3104,2.067,12.61
2025,positioning,narrative,10,228,40,3104,1.767,12.05
2025,positioning,implication,5,228,11,3104,2.63,11.95
2025,positioning,inequity,5,228,11,3104,2.63,11.95
2025,positioning,mission,4,228,7,3104,2.96,11.84
2025,positioning,activity,6,228,16,3104,2.352,11.8
2025,positioning,engagement,9,228,34,3104,1.849,11.72
2025,positioning,investment,3,228,4,3104,3.352,11.36
2025,positioning,oil,10,228,42,3104,1.697,11.23
2025,positioning,production,10,228,42,3104,1.697,11.23
2025,positioning,justice,13,228,65,3104,1.445,11.1
2025,positioning,movement,4,228,8,3104,2.767,10.46
2025,positioning,typology,4,228,8,3104,2.767,10.46
2025,positioning,impact,15,228,84,3104,1.282,10.42
2025,positioning,issue,10,228,46,3104,1.565,9.76
2025,positioning,leader,7,228,26,3104,1.874,9.29
2025,positioning,solution,11,228,56,3104,1.419,9.06
2025,positioning,knowledge,9,228,42,3104,1.545,8.56
2025,positioning,city,15,228,93,3104,1.135,8.39
2025,positioning,design,46,228,423,3104,0.566,8.07
2025,positioning,practice,16,228,104,3104,1.067,8.03
2025,positioning,ability,5,228,16,3104,2.089,7.98
2025,positioning,partnership,5,228,17,3104,2.001,7.41
2025,positioning,life,9,228,46,3104,1.413,7.32
2025,positioning,scholar,4,228,12,3104,2.182,6.88
2025,positioning,architecture,21,228,161,3104,0.828,6.77
2025,positioning,sustainability,11,228,65,3104,1.204,6.77
2025,positioning,urbanism,6,228,25,3104,1.708,6.76
2025,positioning,boundary,3,228,7,3104,2.545,6.75
2025,positioning,value,5,228,19,3104,1.841,6.41
2025,positioning,perspective,6,228,26,3104,1.652,6.37
2025,positioning,state,4,228,13,3104,2.067,6.26
2025,positioning,institution,4,228,13,3104,2.067,6.26
2025,positioning,future,10,228,60,3104,1.182,5.94
2025,positioning,flow,3,228,8,3104,2.352,5.87
2025,positioning,ethic,3,228,8,3104,2.352,5.87
2025,positioning,collection,3,228,8,3104,2.352,5.87
2025,positioning,awareness,3,228,8,3104,2.352,5.87
2025,positioning,exchange,4,228,14,3104,1.96,5.71
2025,positioning,responsibility,4,228,14,3104,1.96,5.71
2025,positioning,intersection,6,228,28,3104,1.545,5.67
2025,positioning,housing,7,228,36,3104,1.404,5.6
2025,positioning,strategy,12,228,80,3104,1.03,5.59
2025,positioning,designer,6,228,29,3104,1.494,5.35
2025,positioning,opportunity,7,228,37,3104,1.365,5.33
2025,positioning,making,4,228,15,3104,1.86,5.21
2025,positioning,supply,3,228,9,3104,2.182,5.15
2025,positioning,concern,3,228,9,3104,2.182,5.15
2025,positioning,attention,3,228,9,3104,2.182,5.15
2025,positioning,complexity,3,228,9,3104,2.182,5.15
2025,positioning,principle,4,228,16,3104,1.767,4.76
2025,positioning,transformation,4,228,16,3104,1.767,4.76
2025,positioning,land,4,228,16,3104,1.767,4.76
2025,positioning,resource,10,228,67,3104,1.023,4.58
2025,positioning,zone,3,228,10,3104,2.03,4.54
2025,positioning,inquiry,3,228,10,3104,2.03,4.54
2025,positioning,performance,5,228,24,3104,1.504,4.5
2025,positioning,space,10,228,69,3104,0.98,4.24
2025,positioning,exploration,5,228,25,3104,1.445,4.19
2025,positioning,section,3,228,11,3104,1.893,4.02
2025,positioning,visit,3,228,11,3104,1.893,4.02
2025,positioning,career,3,228,11,3104,1.893,4.02
2025,positioning,fiction,3,228,11,3104,1.893,4.02
2025,positioning,scale,9,228,61,3104,1.006,3.99
2025,positioning,tool,9,228,63,3104,0.96,3.66
2025,positioning,mapping,5,228,27,3104,1.334,3.64
2025,positioning,pattern,3,228,12,3104,1.767,3.57
2025,positioning,product,3,228,12,3104,1.767,3.57
2025,positioning,point,3,228,12,3104,1.767,3.57
2025,positioning,datum,6,228,36,3104,1.182,3.52
2025,positioning,form,5,228,28,3104,1.282,3.39
2025,positioning,intervention,5,228,28,3104,1.282,3.39
2025,positioning,foundation,4,228,20,3104,1.445,3.34
2025,positioning,agenda,3,228,13,3104,1.652,3.17
2025,positioning,lecturer,3,228,13,3104,1.652,3.17
2025,positioning,risk,4,228,22,3104,1.308,2.8
2025,positioning,planning,7,228,50,3104,0.931,2.67
2025,positioning,history,6,228,41,3104,0.994,2.58
2025,positioning,weather,3,228,15,3104,1.445,2.5
2025,positioning,society,4,228,24,3104,1.182,2.34
2025,positioning,material,14,228,128,3104,0.574,2.24
2025,positioning,interest,3,228,16,3104,1.352,2.22
2025,positioning,labor,3,228,16,3104,1.352,2.22
2025,positioning,component,3,228,16,3104,1.352,2.22
2025,positioning,industry,7,228,54,3104,0.819,2.12
2025,positioning,fossil,3,228,17,3104,1.265,1.97
2025,positioning,example,3,228,17,3104,1.265,1.97
2025,positioning,adaptation,3,228,17,3104,1.265,1.97
2025,positioning,vision,3,228,17,3104,1.265,1.97
2025,positioning,nature,3,228,17,3104,1.265,1.97
2025,positioning,science,4,228,26,3104,1.067,1.94
2025,positioning,approach,10,228,88,3104,0.63,1.87
2025,positioning,neighborhood,4,228,27,3104,1.012,1.77
2025,positioning,effort,4,228,27,3104,1.012,1.77
2025,positioning,waste,3,228,18,3104,1.182,1.75
2025,positioning,methodology,3,228,19,3104,1.104,1.55
2025,positioning,objective,3,228,19,3104,1.104,1.55
2025,positioning,experience,8,228,70,3104,0.638,1.52
2025,positioning,decision,4,228,29,3104,0.909,1.45
2025,positioning,equity,4,228,29,3104,0.909,1.45
2025,positioning,fuel,3,228,20,3104,1.03,1.36
2025,positioning,commitment,3,228,20,3104,1.03,1.36
2025,positioning,extraction,3,228,20,3104,1.03,1.36
2025,positioning,educator,3,228,20,3104,1.03,1.36
2025,positioning,integration,3,228,21,3104,0.96,1.2
2025,positioning,method,5,228,43,3104,0.663,1.01
2025,positioning,reality,5,228,43,3104,0.663,1.01
2025,positioning,resilience,7,228,66,3104,0.53,0.94
2025,positioning,session,3,228,23,3104,0.828,0.91
2025,positioning,organization,3,228,23,3104,0.828,0.91
2025,positioning,scarcity,3,228,23,3104,0.828,0.91
2025,positioning,theory,3,228,23,3104,0.828,0.91
2025,positioning,inequality,3,228,24,3104,0.767,0.79
2025,positioning,water,4,228,35,3104,0.638,0.75
2025,positioning,problem,4,228,35,3104,0.638,0.75
2025,positioning,place,3,228,25,3104,0.708,0.68
2025,positioning,ecology,3,228,25,3104,0.708,0.68
2025,positioning,river,3,228,25,3104,0.708,0.68
2025,positioning,crisis,4,228,36,3104,0.597,0.66
2025,positioning,model,4,228,36,3104,0.597,0.66
2025,positioning,technology,4,228,36,3104,0.597,0.66
2025,positioning,building,9,228,95,3104,0.367,0.6
2025,positioning,cycle,3,228,27,3104,0.597,0.5
2025,positioning,time,4,228,39,3104,0.482,0.44
2025,positioning,construction,4,228,39,3104,0.482,0.44
2025,positioning,level,3,228,28,3104,0.545,0.42
2025,positioning,energy,8,228,88,3104,0.308,0.38
2025,positioning,world,4,228,44,3104,0.308,0.19
2025,positioning,application,3,228,32,3104,0.352,0.18
2025,positioning,topic,3,228,49,3104,-0.263,0.12
2025,positioning,project,12,228,175,3104,-0.099,0.07
2025,positioning,framework,3,228,46,3104,-0.172,0.05
2025,positioning,infrastructure,5,228,64,3104,0.089,0.02
2025,positioning,carbon,4,228,51,3104,0.095,0.02
2025,positioning,structure,3,228,43,3104,-0.074,0.01
2025,positioning,architect,4,228,55,3104,-0.014,0.0
2026,positioning,climate,173,659,608,5141,1.15,122.69
2026,positioning,design,210,659,940,5141,0.801,82.4
2026,positioning,architecture,90,659,341,5141,1.042,49.12
2026,positioning,community,89,659,351,5141,0.984,43.76
2026,positioning,change,62,659,219,5141,1.143,38.94
2026,positioning,material,98,659,419,5141,0.868,38.69
2026,positioning,system,83,659,338,5141,0.938,37.15
2026,positioning,priority,14,659,20,5141,2.449,34.96
2026,positioning,framework,50,659,172,5141,1.181,32.97
2026,positioning,practice,71,659,287,5141,0.949,32.04
2026,positioning,health,27,659,68,5141,1.631,31.41
2026,positioning,condition,48,659,177,5141,1.081,26.88
2026,positioning,inquiry,27,659,75,5141,1.49,26.63
2026,positioning,approach,32,659,98,5141,1.349,26.45
2026,positioning,problem,22,659,56,5141,1.616,25.06
2026,positioning,history,29,659,90,5141,1.33,23.29
2026,positioning,strategy,47,659,186,5141,0.979,21.94
2026,positioning,knowledge,29,659,95,5141,1.252,20.86
2026,positioning,equity,25,659,78,5141,1.322,19.8
2026,positioning,agency,17,659,43,5141,1.625,19.5
2026,positioning,sustainability,29,659,99,5141,1.192,19.09
2026,positioning,engagement,29,659,102,5141,1.149,17.85
2026,positioning,challenge,27,659,93,5141,1.179,17.39
2026,positioning,adaptation,27,659,94,5141,1.164,16.98
2026,positioning,form,29,659,106,5141,1.094,16.3
2026,positioning,artifact,6,659,8,5141,2.549,16.25
2026,positioning,performance,40,659,170,5141,0.876,15.11
2026,positioning,figure,6,659,9,5141,2.379,14.06
2026,positioning,infrastructure,40,659,174,5141,0.843,14.05
2026,positioning,value,15,659,46,5141,1.347,12.19
2026,positioning,emphasis,14,659,42,5141,1.379,11.87
2026,positioning,theme,10,659,25,5141,1.642,11.63
2026,positioning,precedent,13,659,39,5141,1.379,11.01
2026,positioning,question,21,659,79,5141,1.052,10.91
2026,positioning,storm,9,659,22,5141,1.674,10.84
2026,positioning,decision,18,659,64,5141,1.134,10.7
2026,positioning,reuse,16,659,54,5141,1.209,10.68
2026,positioning,making,13,659,40,5141,1.342,10.48
2026,positioning,access,17,659,60,5141,1.144,10.27
2026,positioning,outcome,20,659,76,5141,1.038,10.12
2026,positioning,mission,9,659,23,5141,1.61,10.09
2026,positioning,mode,8,659,19,5141,1.716,10.08
2026,positioning,imagination,8,659,19,5141,1.716,10.08
2026,positioning,space,28,659,121,5141,0.852,9.92
2026,positioning,justice,21,659,82,5141,0.998,9.91
2026,positioning,call,4,659,6,5141,2.379,9.36
2026,positioning,intervention,18,659,68,5141,1.046,9.23
2026,positioning,policy,17,659,63,5141,1.074,9.14
2026,positioning,narrative,17,659,64,5141,1.051,8.78
2026,positioning,vision,6,659,13,5141,1.848,8.66
2026,positioning,concern,8,659,21,5141,1.571,8.57
2026,positioning,resilience,22,659,92,5141,0.9,8.56
2026,positioning,layer,7,659,17,5141,1.684,8.51
2026,positioning,site,41,659,206,5141,0.635,8.5
2026,positioning,life,18,659,71,5141,0.984,8.24
2026,positioning,risk,17,659,66,5141,1.007,8.11
2026,positioning,attention,8,659,22,5141,1.504,7.92
2026,positioning,solution,14,659,51,5141,1.099,7.82
2026,positioning,landscape,27,659,124,5141,0.764,7.8
2026,positioning,temperature,7,659,18,5141,1.601,7.76
2026,positioning,discipline,10,659,32,5141,1.286,7.43
2026,positioning,representation,12,659,42,5141,1.156,7.36
2026,positioning,theory,18,659,74,5141,0.924,7.34
2026,positioning,carbon,25,659,115,5141,0.762,7.17
2026,positioning,capacity,9,659,28,5141,1.326,7.08
2026,positioning,vulnerability,13,659,48,5141,1.079,7.02
2026,positioning,society,8,659,24,5141,1.379,6.75
2026,positioning,management,8,659,24,5141,1.379,6.75
2026,positioning,impact,29,659,142,5141,0.672,6.6
2026,positioning,model,29,659,142,5141,0.672,6.6
2026,positioning,labor,11,659,39,5141,1.138,6.54
2026,positioning,transformation,10,659,34,5141,1.198,6.53
2026,positioning,project,53,659,300,5141,0.463,6.13
2026,positioning,methodology,10,659,35,5141,1.156,6.12
2026,positioning,collaboration,18,659,79,5141,0.83,6.01
2026,positioning,food,7,659,21,5141,1.379,5.9
2026,positioning,neighborhood,12,659,46,5141,1.025,5.89
2026,positioning,lighting,11,659,41,5141,1.066,5.8
2026,positioning,governance,8,659,26,5141,1.263,5.75
2026,positioning,human,6,659,17,5141,1.461,5.62
2026,positioning,scale,32,659,167,5141,0.58,5.54
2026,positioning,agent,4,659,9,5141,1.794,5.45
2026,positioning,essay,4,659,9,5141,1.794,5.45
2026,positioning,exercise,7,659,22,5141,1.312,5.38
2026,positioning,dialogue,7,659,22,5141,1.312,5.38
2026,positioning,dimension,10,659,37,5141,1.076,5.36
2026,positioning,discourse,10,659,37,5141,1.076,5.36
2026,positioning,issue,10,659,37,5141,1.076,5.36
2026,positioning,leadership,9,659,32,5141,1.134,5.31
2026,positioning,future,12,659,48,5141,0.964,5.26
2026,positioning,evidence,12,659,48,5141,0.964,5.26
2026,positioning,dynamic,6,659,18,5141,1.379,5.05
2026,positioning,consequence,6,659,18,5141,1.379,5.05
2026,positioning,line,6,659,18,5141,1.379,5.05
2026,positioning,logic,9,659,33,5141,1.089,4.93
2026,positioning,construction,29,659,153,5141,0.564,4.75
2026,positioning,participant,4,659,10,5141,1.642,4.63
2026,positioning,frame,4,659,10,5141,1.642,4.63
2026,positioning,lesson,4,659,10,5141,1.642,4.63
2026,positioning,background,6,659,19,5141,1.301,4.54
2026,positioning,care,6,659,19,5141,1.301,4.54
2026,positioning,institution,8,659,29,5141,1.106,4.5
2026,positioning,library,7,659,24,5141,1.186,4.48
2026,positioning,partnership,9,659,35,5141,1.004,4.24
2026,positioning,service,5,659,15,5141,1.379,4.21
2026,positioning,humanity,5,659,15,5141,1.379,4.21
2026,positioning,architect,21,659,106,5141,0.628,4.17
2026,positioning,region,12,659,52,5141,0.848,4.15
2026,positioning,waste,10,659,41,5141,0.928,4.08
2026,positioning,campus,6,659,20,5141,1.227,4.08
2026,positioning,reference,4,659,11,5141,1.504,3.95
2026,positioning,supply,4,659,11,5141,1.504,3.95
2026,positioning,experience,27,659,146,5141,0.529,3.9
2026,positioning,topic,12,659,53,5141,0.821,3.9
2026,positioning,atmosphere,3,659,7,5141,1.741,3.87
2026,positioning,setting,3,659,7,5141,1.741,3.87
2026,positioning,ability,8,659,31,5141,1.01,3.8
2026,positioning,comfort,11,659,48,5141,0.838,3.71
2026,positioning,urbanism,7,659,26,5141,1.071,3.71
2026,positioning,presentation,11,659,48,5141,0.838,3.71
2026,positioning,idea,5,659,16,5141,1.286,3.7
2026,positioning,stress,5,659,16,5141,1.286,3.7
2026,positioning,example,6,659,21,5141,1.156,3.66
2026,positioning,emission,10,659,43,5141,0.859,3.53
2026,positioning,geography,8,659,32,5141,0.964,3.49
2026,positioning,output,8,659,32,5141,0.964,3.49
2026,positioning,partner,12,659,55,5141,0.767,3.44
2026,positioning,responsibility,13,659,61,5141,0.733,3.43
2026,positioning,building,47,659,285,5141,0.363,3.4
2026,positioning,audience,4,659,12,5141,1.379,3.36
2026,positioning,economy,9,659,38,5141,0.886,3.36
2026,positioning,fuel,4,659,12,5141,1.379,3.36
2026,positioning,production,12,659,56,5141,0.741,3.22
2026,positioning,realm,3,659,8,5141,1.549,3.12
2026,positioning,capital,3,659,8,5141,1.549,3.12
2026,positioning,commitment,9,659,39,5141,0.848,3.1
2026,positioning,sea,9,659,39,5141,0.848,3.1
2026,positioning,sequence,9,659,39,5141,0.848,3.1
2026,positioning,heat,14,659,69,5141,0.663,3.05
2026,positioning,environment,25,659,140,5141,0.478,2.97
2026,positioning,lab,6,659,23,5141,1.025,2.93
2026,positioning,materiality,4,659,13,5141,1.263,2.86
2026,positioning,view,4,659,13,5141,1.263,2.86
2026,positioning,extraction,11,659,52,5141,0.723,2.81
2026,positioning,structure,18,659,96,5141,0.549,2.76
2026,positioning,constraint,7,659,29,5141,0.913,2.76
2026,positioning,culture,7,659,29,5141,0.913,2.76
2026,positioning,component,15,659,77,5141,0.604,2.75
2026,positioning,documentation,8,659,35,5141,0.834,2.67
2026,positioning,innovation,8,659,35,5141,0.834,2.67
2026,positioning,act,3,659,9,5141,1.379,2.52
2026,positioning,metric,5,659,19,5141,1.038,2.49
2026,positioning,mitigation,7,659,30,5141,0.864,2.49
2026,positioning,source,5,659,19,5141,1.038,2.49
2026,positioning,street,4,659,14,5141,1.156,2.43
2026,positioning,opportunity,9,659,42,5141,0.741,2.41
2026,positioning,event,6,659,25,5141,0.905,2.32
2026,positioning,land,9,659,43,5141,0.707,2.21
2026,positioning,designer,3,659,47,5141,-1.006,2.1
2026,positioning,method,16,659,88,5141,0.504,2.08
2026,positioning,perception,4,659,15,5141,1.057,2.06
2026,positioning,stage,4,659,15,5141,1.057,2.06
2026,positioning,workflow,6,659,26,5141,0.848,2.06
2026,positioning,heritage,4,659,15,5141,1.057,2.06
2026,positioning,network,6,659,26,5141,0.848,2.06
2026,positioning,forest,4,659,15,5141,1.057,2.06
2026,positioning,mapping,13,659,69,5141,0.556,2.03
2026,positioning,speculation,3,659,10,5141,1.227,2.03
2026,positioning,exchange,3,659,10,5141,1.227,2.03
2026,positioning,desert,3,659,10,5141,1.227,2.03
2026,positioning,science,9,659,44,5141,0.674,2.02
2026,positioning,intersection,9,659,44,5141,0.674,2.02
2026,positioning,assembly,9,659,44,5141,0.674,2.02
2026,positioning,hand,8,659,38,5141,0.716,2.0
2026,positioning,behavior,5,659,21,5141,0.893,1.89
2026,positioning,object,5,659,21,5141,0.893,1.89
2026,positioning,water,15,659,83,5141,0.496,1.89
2026,positioning,city,22,659,130,5141,0.401,1.86
2026,positioning,level,16,659,90,5141,0.472,1.83
2026,positioning,control,6,659,27,5141,0.794,1.82
2026,positioning,lens,4,659,16,5141,0.964,1.74
2026,positioning,type,4,659,16,5141,0.964,1.74
2026,positioning,investment,3,659,11,5141,1.089,1.63
2026,positioning,island,3,659,11,5141,1.089,1.63
2026,positioning,facility,5,659,22,5141,0.826,1.63
2026,positioning,element,6,659,28,5141,0.741,1.6
2026,positioning,platform,6,659,28,5141,0.741,1.6
2026,positioning,criterion,4,659,17,5141,0.876,1.46
2026,positioning,technology,7,659,81,5141,-0.569,1.43
2026,positioning,build,10,659,54,5141,0.531,1.42
2026,positioning,body,5,659,23,5141,0.762,1.4
2026,positioning,flooding,5,659,23,5141,0.762,1.4
2026,positioning,world,11,659,61,5141,0.492,1.36
2026,positioning,feedback,8,659,42,5141,0.571,1.31
2026,positioning,prototype,3,659,41,5141,-0.809,1.3
2026,positioning,sense,3,659,12,5141,0.964,1.3
2026,positioning,socio,3,659,12,5141,0.964,1.3
2026,positioning,maintenance,3,659,12,5141,0.964,1.3
2026,positioning,datum,13,659,75,5141,0.435,1.27
2026,positioning,goal,7,659,36,5141,0.601,1.26
2026,positioning,crisis,9,659,49,5141,0.519,1.23
2026,positioning,tradition,4,659,18,5141,0.794,1.21
2026,positioning,operation,4,659,18,5141,0.794,1.21
2026,positioning,scholarship,5,659,24,5141,0.701,1.2
2026,positioning,living,3,659,13,5141,0.848,1.03
2026,positioning,inequity,3,659,13,5141,0.848,1.03
2026,positioning,zone,3,659,13,5141,0.848,1.03
2026,positioning,timber,3,659,13,5141,0.848,1.03
2026,positioning,nature,5,659,25,5141,0.642,1.02
2026,positioning,force,5,659,25,5141,0.642,1.02
2026,positioning,wind,4,659,19,5141,0.716,1.0
2026,positioning,migration,4,659,19,5141,0.716,1.0
2026,positioning,planning,9,659,51,5141,0.461,0.98
2026,positioning,time,16,659,99,5141,0.334,0.94
2026,positioning,place,11,659,65,5141,0.401,0.92
2026,positioning,weather,6,659,32,5141,0.549,0.91
2026,positioning,housing,14,659,86,5141,0.345,0.87
2026,positioning,typology,5,659,26,5141,0.585,0.85
2026,positioning,potential,5,659,26,5141,0.585,0.85
2026,positioning,recovery,5,659,26,5141,0.585,0.85
2026,positioning,data,3,659,14,5141,0.741,0.8
2026,positioning,conversation,3,659,14,5141,0.741,0.8
2026,positioning,ecosystem,3,659,14,5141,0.741,0.8
2026,positioning,people,8,659,46,5141,0.44,0.79
2026,positioning,principle,6,659,33,5141,0.504,0.77
2026,positioning,power,6,659,33,5141,0.504,0.77
2026,positioning,state,5,659,27,5141,0.531,0.71
2026,positioning,action,5,659,27,5141,0.531,0.71
2026,positioning,experimentation,4,659,21,5141,0.571,0.65
2026,positioning,interest,4,659,21,5141,0.571,0.65
2026,positioning,point,6,659,34,5141,0.461,0.65
2026,positioning,ethic,6,659,34,5141,0.461,0.65
2026,positioning,growth,3,659,15,5141,0.642,0.61
2026,positioning,thought,3,659,15,5141,0.642,0.61
2026,positioning,simulation,8,659,48,5141,0.379,0.59
2026,positioning,testing,5,659,28,5141,0.478,0.58
2026,positioning,river,5,659,28,5141,0.478,0.58
2026,positioning,ecology,8,659,49,5141,0.349,0.51
2026,positioning,effect,4,659,22,5141,0.504,0.51
2026,positioning,area,8,659,49,5141,0.349,0.51
2026,positioning,awareness,4,659,22,5141,0.504,0.51
2026,positioning,film,4,659,22,5141,0.504,0.51
2026,positioning,thinking,9,659,56,5141,0.326,0.5
2026,positioning,assessment,5,659,29,5141,0.428,0.47
2026,positioning,investigation,5,659,29,5141,0.428,0.47
2026,positioning,position,6,659,36,5141,0.379,0.45
2026,positioning,preservation,3,659,16,5141,0.549,0.45
2026,positioning,disaster,3,659,16,5141,0.549,0.45
2026,positioning,critique,3,659,16,5141,0.549,0.45
2026,positioning,panel,3,659,16,5141,0.549,0.45
2026,positioning,finding,4,659,23,5141,0.44,0.4
2026,positioning,product,4,659,23,5141,0.44,0.4
2026,positioning,unit,4,659,23,5141,0.44,0.4
2026,positioning,drawing,5,659,50,5141,-0.358,0.38
2026,positioning,market,3,659,17,5141,0.461,0.32
2026,positioning,exploration,3,659,17,5141,0.461,0.32
2026,positioning,expertise,4,659,24,5141,0.379,0.3
2026,positioning,flow,4,659,24,5141,0.379,0.3
2026,positioning,exposure,5,659,31,5141,0.331,0.29
2026,positioning,concept,7,659,45,5141,0.279,0.29
2026,positioning,trip,3,659,18,5141,0.379,0.22
2026,positioning,air,3,659,18,5141,0.379,0.22
2026,positioning,pilot,3,659,18,5141,0.379,0.22
2026,positioning,population,5,659,32,5141,0.286,0.21
2026,positioning,foundation,5,659,32,5141,0.286,0.21
2026,positioning,diagram,5,659,32,5141,0.286,0.21
2026,positioning,quality,5,659,33,5141,0.241,0.15
2026,positioning,ground,4,659,26,5141,0.263,0.15
2026,positioning,soil,3,659,19,5141,0.301,0.14
2026,positioning,activity,3,659,19,5141,0.301,0.14
2026,positioning,iteration,3,659,28,5141,-0.259,0.12
2026,positioning,medium,4,659,36,5141,-0.206,0.1
2026,positioning,century,5,659,34,5141,0.198,0.1
2026,positioning,peer,4,659,27,5141,0.209,0.09
2026,positioning,implementation,6,659,42,5141,0.156,0.08
2026,positioning,matter,3,659,20,5141,0.227,0.08
2026,positioning,resident,3,659,20,5141,0.227,0.08
2026,positioning,shift,3,659,20,5141,0.227,0.08
2026,positioning,section,5,659,35,5141,0.156,0.07
2026,positioning,energy,19,659,156,5141,-0.074,0.06
2026,positioning,fabrication,7,659,59,5141,-0.112,0.05
2026,positioning,response,6,659,51,5141,-0.124,0.05
2026,positioning,initiative,8,659,58,5141,0.106,0.05
2026,positioning,integration,7,659,51,5141,0.099,0.04
2026,positioning,reflection,3,659,21,5141,0.156,0.04
2026,positioning,connection,3,659,21,5141,0.156,0.04
2026,positioning,image,3,659,21,5141,0.156,0.04
2026,positioning,contribution,6,659,44,5141,0.089,0.03
2026,positioning,reality,8,659,59,5141,0.081,0.03
2026,positioning,cycle,4,659,29,5141,0.106,0.02
2026,positioning,addition,3,659,25,5141,-0.095,0.02
2026,positioning,movement,3,659,25,5141,-0.095,0.02
2026,positioning,envelope,3,659,25,5141,-0.095,0.02
2026,positioning,scenario,5,659,41,5141,-0.072,0.01
2026,positioning,organization,6,659,49,5141,-0.066,0.01
2026,positioning,resource,11,659,84,5141,0.031,0.01
2026,positioning,application,6,659,45,5141,0.057,0.01
2026,positioning,today,3,659,22,5141,0.089,0.01
2026,positioning,technique,4,659,33,5141,-0.081,0.01
2026,positioning,rise,3,659,24,5141,-0.036,0.0
2026,positioning,industry,5,659,39,5141,0.0,0.0
2026,positioning,modeling,4,659,32,5141,-0.036,0.0
2026,positioning,objective,3,659,23,5141,0.025,0.0
2026,positioning,exhibition,6,659,47,5141,-0.006,0.0
2026,positioning,tool,16,659,124,5141,0.01,0.0
2026,positioning,educator,5,659,38,5141,0.038,0.0
2026,positioning,stream,3,659,24,5141,-0.036,0.0
2026,positioning,relation,4,659,32,5141,-0.036,0.0
2026,positioning,set,3,659,23,5141,0.025,0.0
2026,positioning,map,5,659,40,5141,-0.036,0.0
2026,positioning,perspective,3,659,24,5141,-0.036,0.0
2026,positioning,implication,3,659,23,5141,0.025,0.0
2020,questioning,question,22,231,106,6144,2.465,44.05
2020,questioning,order,14,231,59,6144,2.658,31.3
2020,questioning,change,44,231,519,6144,1.173,26.86
2020,questioning,climate,48,231,644,6144,0.987,22.0
2020,questioning,environment,25,231,250,6144,1.411,19.91
2020,questioning,injustice,5,231,10,6144,3.733,19.43
2020,questioning,notion,7,231,23,6144,3.017,19.06
2020,questioning,challenge,16,231,126,6144,1.756,18.09
2020,questioning,reality,7,231,29,6144,2.683,15.72
2020,questioning,practice,19,231,187,6144,1.434,15.33
2020,questioning,nature,11,231,78,6144,1.907,14.15
2020,questioning,possibility,5,231,18,6144,2.885,12.62
2020,questioning,scale,14,231,132,6144,1.496,12.0
2020,questioning,distribution,4,231,15,6144,2.826,9.75
2020,questioning,system,17,231,208,6144,1.12,8.87
2020,questioning,design,41,231,692,6144,0.656,8.83
2020,questioning,capital,5,231,27,6144,2.3,8.69
2020,questioning,method,10,231,93,6144,1.516,8.69
2020,questioning,issue,16,231,193,6144,1.141,8.59
2020,questioning,world,12,231,129,6144,1.307,8.1
2020,questioning,alternative,3,231,10,6144,2.996,8.04
2020,questioning,debate,4,231,19,6144,2.485,7.89
2020,questioning,power,7,231,55,6144,1.759,7.79
2020,questioning,crisis,8,231,69,6144,1.625,7.79
2020,questioning,carbon,9,231,85,6144,1.494,7.61
2020,questioning,century,7,231,56,6144,1.733,7.6
2020,questioning,landscape,13,231,154,6144,1.167,7.21
2020,questioning,set,5,231,32,6144,2.055,7.21
2020,questioning,material,16,231,208,6144,1.033,7.2
2020,questioning,view,4,231,21,6144,2.341,7.15
2020,questioning,scholar,4,231,21,6144,2.341,7.15
2020,questioning,property,5,231,33,6144,2.011,6.95
2020,questioning,opportunity,8,231,76,6144,1.485,6.68
2020,questioning,lens,4,231,23,6144,2.21,6.49
2020,questioning,discourse,5,231,35,6144,1.926,6.46
2020,questioning,city,17,231,236,6144,0.938,6.46
2020,questioning,activity,5,231,35,6144,1.926,6.46
2020,questioning,aesthetic,3,231,13,6144,2.618,6.43
2020,questioning,behavior,3,231,13,6144,2.618,6.43
2020,questioning,approach,10,231,110,6144,1.274,6.42
2020,questioning,expertise,6,231,49,6144,1.703,6.31
2020,questioning,framework,6,231,50,6144,1.674,6.13
2020,questioning,knowledge,10,231,114,6144,1.222,5.97
2020,questioning,space,9,231,98,6144,1.288,5.88
2020,questioning,future,9,231,98,6144,1.288,5.88
2020,questioning,idea,6,231,52,6144,1.618,5.78
2020,questioning,sustainability,9,231,99,6144,1.274,5.76
2020,questioning,agenda,4,231,26,6144,2.033,5.65
2020,questioning,agency,4,231,26,6144,2.033,5.65
2020,questioning,living,3,231,15,6144,2.411,5.62
2020,questioning,life,7,231,68,6144,1.453,5.61
2020,questioning,tool,6,231,53,6144,1.59,5.61
2020,questioning,adaptation,5,231,40,6144,1.733,5.4
2020,questioning,methodology,5,231,40,6144,1.733,5.4
2020,questioning,thought,3,231,16,6144,2.318,5.26
2020,questioning,ground,3,231,16,6144,2.318,5.26
2020,questioning,voice,3,231,16,6144,2.318,5.26
2020,questioning,mode,4,231,28,6144,1.926,5.16
2020,questioning,society,8,231,88,6144,1.274,5.11
2020,questioning,film,3,231,17,6144,2.231,4.94
2020,questioning,urbanization,4,231,29,6144,1.875,4.93
2020,questioning,representation,5,231,43,6144,1.629,4.86
2020,questioning,production,6,231,60,6144,1.411,4.56
2020,questioning,intervention,4,231,31,6144,1.779,4.51
2020,questioning,problem,7,231,77,6144,1.274,4.46
2020,questioning,people,5,231,47,6144,1.501,4.22
2020,questioning,importance,3,231,20,6144,1.996,4.1
2020,questioning,geography,3,231,21,6144,1.926,3.86
2020,questioning,specie,3,231,21,6144,1.926,3.86
2020,questioning,construction,7,231,83,6144,1.166,3.81
2020,questioning,drawing,4,231,35,6144,1.604,3.78
2020,questioning,inquiry,3,231,22,6144,1.859,3.64
2020,questioning,human,3,231,22,6144,1.859,3.64
2020,questioning,pattern,3,231,23,6144,1.795,3.43
2020,questioning,transformation,3,231,23,6144,1.795,3.43
2020,questioning,settlement,3,231,23,6144,1.795,3.43
2020,questioning,project,18,231,309,6144,0.632,3.33
2020,questioning,structure,6,231,71,6144,1.168,3.27
2020,questioning,mass,3,231,24,6144,1.733,3.23
2020,questioning,extraction,3,231,24,6144,1.733,3.23
2020,questioning,goal,7,231,90,6144,1.049,3.16
2020,questioning,funding,3,231,25,6144,1.674,3.04
2020,questioning,resource,8,231,112,6144,0.926,2.89
2020,questioning,matter,3,231,26,6144,1.618,2.87
2020,questioning,culture,5,231,60,6144,1.148,2.64
2020,questioning,architecture,25,231,490,6144,0.44,2.42
2020,questioning,state,4,231,45,6144,1.241,2.42
2020,questioning,line,3,231,29,6144,1.46,2.4
2020,questioning,potential,3,231,29,6144,1.46,2.4
2020,questioning,territory,4,231,46,6144,1.21,2.31
2020,questioning,dynamic,3,231,30,6144,1.411,2.27
2020,questioning,community,5,231,238,6144,-0.84,2.22
2020,questioning,infrastructure,12,231,206,6144,0.632,2.18
2020,questioning,solution,6,231,84,6144,0.926,2.16
2020,questioning,point,4,231,48,6144,1.148,2.1
2020,questioning,example,4,231,50,6144,1.089,1.92
2020,questioning,technology,7,231,108,6144,0.786,1.87
2020,questioning,designer,5,231,70,6144,0.926,1.79
2020,questioning,theory,5,231,70,6144,0.926,1.79
2020,questioning,emission,3,231,34,6144,1.231,1.78
2020,questioning,policy,5,231,73,6144,0.865,1.58
2020,questioning,today,3,231,36,6144,1.148,1.57
2020,questioning,impact,3,231,150,6144,-0.911,1.57
2020,questioning,narrative,3,231,36,6144,1.148,1.57
2020,questioning,oil,3,231,36,6144,1.148,1.57
2020,questioning,energy,9,231,156,6144,0.618,1.55
2020,questioning,objective,3,231,37,6144,1.109,1.48
2020,questioning,introduction,3,231,38,6144,1.07,1.39
2020,questioning,component,3,231,38,6144,1.07,1.39
2020,questioning,mapping,3,231,38,6144,1.07,1.39
2020,questioning,value,4,231,57,6144,0.9,1.36
2020,questioning,concept,3,231,39,6144,1.033,1.3
2020,questioning,leader,3,231,39,6144,1.033,1.3
2020,questioning,architect,9,231,168,6144,0.511,1.08
2020,questioning,profession,3,231,42,6144,0.926,1.07
2020,questioning,ecology,4,231,64,6144,0.733,0.93
2020,questioning,response,4,231,64,6144,0.733,0.93
2020,questioning,type,3,231,46,6144,0.795,0.81
2020,questioning,relation,3,231,46,6144,0.795,0.81
2020,questioning,organization,3,231,47,6144,0.764,0.75
2020,questioning,economy,3,231,47,6144,0.764,0.75
2020,questioning,medium,3,231,48,6144,0.733,0.7
2020,questioning,model,5,231,91,6144,0.547,0.68
2020,questioning,level,6,231,113,6144,0.498,0.68
2020,questioning,rise,3,231,50,6144,0.674,0.6
2020,questioning,sea,3,231,50,6144,0.674,0.6
2020,questioning,performance,3,231,51,6144,0.646,0.55
2020,questioning,art,3,231,52,6144,0.618,0.51
2020,questioning,land,3,231,53,6144,0.59,0.46
2020,questioning,topic,4,231,81,6144,0.393,0.29
2020,questioning,strategy,3,231,105,6144,-0.396,0.26
2020,questioning,water,3,231,105,6144,-0.396,0.26
2020,questioning,place,3,231,60,6144,0.411,0.23
2020,questioning,resilience,3,231,62,6144,0.364,0.19
2020,questioning,effect,3,231,64,6144,0.318,0.14
2020,questioning,history,8,231,188,6144,0.179,0.13
2020,questioning,experience,3,231,88,6144,-0.141,0.03
2020,questioning,discipline,4,231,98,6144,0.119,0.03
2020,questioning,building,9,231,228,6144,0.07,0.02
2020,questioning,condition,3,231,74,6144,0.109,0.02
2020,questioning,region,3,231,86,6144,-0.108,0.02
2021,questioning,change,30,162,280,6273,2.053,45.4
2021,questioning,climate,33,162,387,6273,1.723,38.02
2021,questioning,environment,25,162,265,6273,1.869,32.04
2021,questioning,nature,10,162,48,6273,3.012,26.49
2021,questioning,challenge,14,162,106,6273,2.355,25.28
2021,questioning,system,18,162,178,6273,1.969,24.6
2021,questioning,architect,12,162,122,6273,1.929,15.59
2021,questioning,architecture,23,162,367,6273,1.279,15.52
2021,questioning,approach,11,162,113,6273,1.914,14.07
2021,questioning,section,6,162,35,6273,2.731,13.49
2021,questioning,implication,4,162,14,6273,3.468,13.11
2021,questioning,problem,8,162,66,6273,2.231,13.04
2021,questioning,adaptation,5,162,27,6273,2.842,11.96
2021,questioning,value,6,162,42,6273,2.468,11.47
2021,questioning,threat,3,162,9,6273,3.69,10.84
2021,questioning,city,12,162,159,6273,1.547,10.77
2021,questioning,detail,4,162,19,6273,3.027,10.56
2021,questioning,experience,8,162,80,6273,1.953,10.49
2021,questioning,space,9,162,101,6273,1.787,10.2
2021,questioning,lens,3,162,10,6273,3.538,10.14
2021,questioning,boundary,4,162,24,6273,2.69,8.74
2021,questioning,future,8,162,97,6273,1.675,8.11
2021,questioning,imagination,3,162,14,6273,3.053,8.01
2021,questioning,possibility,3,162,14,6273,3.053,8.01
2021,questioning,design,30,162,698,6273,0.735,7.88
2021,questioning,form,6,162,61,6273,1.929,7.66
2021,questioning,effort,4,162,28,6273,2.468,7.61
2021,questioning,reality,3,162,15,6273,2.953,7.6
2021,questioning,practice,11,162,172,6273,1.308,7.38
2021,questioning,institution,4,162,29,6273,2.417,7.36
2021,questioning,shift,3,162,16,6273,2.86,7.22
2021,questioning,tool,6,162,64,6273,1.86,7.21
2021,questioning,material,12,162,199,6273,1.223,7.19
2021,questioning,potential,5,162,47,6273,2.042,7.0
2021,questioning,pattern,3,162,17,6273,2.773,6.87
2021,questioning,order,5,162,48,6273,2.012,6.83
2021,questioning,today,4,162,32,6273,2.275,6.67
2021,questioning,designer,5,162,50,6273,1.953,6.5
2021,questioning,perspective,5,162,51,6273,1.925,6.34
2021,questioning,representation,3,162,19,6273,2.612,6.24
2021,questioning,opportunity,6,162,73,6273,1.67,6.02
2021,questioning,intervention,3,162,22,6273,2.401,5.45
2021,questioning,vision,3,162,22,6273,2.401,5.45
2021,questioning,discipline,5,162,59,6273,1.714,5.22
2021,questioning,theory,5,162,59,6273,1.714,5.22
2021,questioning,hand,3,162,25,6273,2.216,4.78
2021,questioning,technology,6,162,86,6273,1.434,4.63
2021,questioning,method,6,162,86,6273,1.434,4.63
2021,questioning,solution,5,162,65,6273,1.575,4.52
2021,questioning,organization,3,162,27,6273,2.105,4.39
2021,questioning,production,4,162,46,6273,1.752,4.32
2021,questioning,economy,3,162,28,6273,2.053,4.21
2021,questioning,framework,4,162,47,6273,1.721,4.19
2021,questioning,narrative,3,162,29,6273,2.002,4.04
2021,questioning,power,4,162,49,6273,1.66,3.95
2021,questioning,waste,3,162,30,6273,1.953,3.88
2021,questioning,world,6,162,96,6273,1.275,3.78
2021,questioning,medium,3,162,33,6273,1.816,3.43
2021,questioning,scenario,3,162,33,6273,1.816,3.43
2021,questioning,culture,4,162,54,6273,1.52,3.39
2021,questioning,model,5,162,78,6273,1.312,3.3
2021,questioning,sustainability,6,162,104,6273,1.16,3.2
2021,questioning,concept,4,162,56,6273,1.468,3.19
2021,questioning,building,12,162,275,6273,0.757,3.04
2021,questioning,type,3,162,37,6273,1.651,2.92
2021,questioning,impact,6,162,109,6273,1.092,2.87
2021,questioning,site,7,162,142,6273,0.933,2.54
2021,questioning,energy,9,162,206,6273,0.759,2.26
2021,questioning,addition,3,162,44,6273,1.401,2.2
2021,questioning,project,11,162,269,6273,0.663,2.18
2021,questioning,resource,5,162,95,6273,1.027,2.14
2021,questioning,question,4,162,69,6273,1.167,2.14
2021,questioning,datum,3,162,46,6273,1.336,2.03
2021,questioning,structure,4,162,82,6273,0.918,1.39
2021,questioning,infrastructure,4,162,82,6273,0.918,1.39
2021,questioning,time,5,162,115,6273,0.752,1.21
2021,questioning,knowledge,4,162,86,6273,0.849,1.21
2021,questioning,water,3,162,60,6273,0.953,1.11
2021,questioning,strategy,5,162,118,6273,0.714,1.1
2021,questioning,scale,4,162,92,6273,0.752,0.97
2021,questioning,issue,6,162,158,6273,0.556,0.84
2021,questioning,idea,3,162,66,6273,0.816,0.84
2021,questioning,housing,3,162,66,6273,0.816,0.84
2021,questioning,place,3,162,67,6273,0.794,0.8
2021,questioning,policy,3,162,71,6273,0.71,0.65
2021,questioning,landscape,3,162,75,6273,0.631,0.52
2021,questioning,goal,3,162,75,6273,0.631,0.52
2021,questioning,construction,3,162,76,6273,0.612,0.49
2021,questioning,community,8,162,252,6273,0.298,0.34
2021,questioning,performance,3,162,85,6273,0.451,0.28
2022,questioning,nature,14,123,44,2961,2.937,37.89
2022,questioning,environment,17,123,127,2961,1.688,18.76
2022,questioning,today,7,123,24,2961,2.812,17.32
2022,questioning,architecture,21,123,193,2961,1.389,17.0
2022,questioning,opportunity,9,123,45,2961,2.267,15.72
2022,questioning,society,7,123,27,2961,2.642,15.63
2022,questioning,growth,6,123,20,2961,2.852,15.16
2022,questioning,human,5,123,15,2961,3.004,13.73
2022,questioning,position,6,123,23,2961,2.651,13.43
2022,questioning,scale,12,123,93,2961,1.635,12.29
2022,questioning,problem,7,123,35,2961,2.267,12.15
2022,questioning,life,7,123,35,2961,2.267,12.15
2022,questioning,possibility,4,123,13,2961,2.889,10.27
2022,questioning,scenario,5,123,21,2961,2.519,10.26
2022,questioning,agency,5,123,21,2961,2.519,10.26
2022,questioning,notion,4,123,14,2961,2.782,9.65
2022,questioning,climate,18,123,204,2961,1.087,9.39
2022,questioning,home,5,123,23,2961,2.388,9.39
2022,questioning,inquiry,3,123,8,2961,3.174,8.99
2022,questioning,change,13,123,132,2961,1.245,8.38
2022,questioning,material,13,123,132,2961,1.245,8.38
2022,questioning,design,24,123,331,2961,0.804,7.61
2022,questioning,perspective,5,123,28,2961,2.104,7.61
2022,questioning,boundary,3,123,10,2961,2.852,7.52
2022,questioning,infrastructure,8,123,66,2961,1.545,7.31
2022,questioning,model,8,123,68,2961,1.502,6.96
2022,questioning,implication,3,123,11,2961,2.715,6.93
2022,questioning,methodology,3,123,12,2961,2.589,6.41
2022,questioning,conversation,4,123,22,2961,2.13,6.2
2022,questioning,format,3,123,13,2961,2.474,5.94
2022,questioning,structure,5,123,35,2961,1.782,5.76
2022,questioning,crisis,5,123,36,2961,1.741,5.54
2022,questioning,quality,4,123,25,2961,1.945,5.32
2022,questioning,issue,8,123,82,2961,1.232,4.93
2022,questioning,experience,6,123,55,2961,1.393,4.54
2022,questioning,representation,3,123,17,2961,2.087,4.48
2022,questioning,question,5,123,43,2961,1.485,4.21
2022,questioning,object,3,123,18,2961,2.004,4.18
2022,questioning,discipline,3,123,18,2961,2.004,4.18
2022,questioning,thinking,3,123,18,2961,2.004,4.18
2022,questioning,future,6,123,58,2961,1.316,4.12
2022,questioning,collaboration,4,123,31,2961,1.635,3.96
2022,questioning,mode,3,123,19,2961,1.926,3.91
2022,questioning,production,4,123,32,2961,1.589,3.77
2022,questioning,city,10,123,128,2961,0.911,3.65
2022,questioning,vision,3,123,21,2961,1.782,3.43
2022,questioning,strategy,7,123,81,2961,1.057,3.27
2022,questioning,architect,7,123,87,2961,0.954,2.72
2022,questioning,culture,4,123,39,2961,1.304,2.67
2022,questioning,place,4,123,40,2961,1.267,2.54
2022,questioning,drawing,3,123,26,2961,1.474,2.47
2022,questioning,goal,3,123,26,2961,1.474,2.47
2022,questioning,form,5,123,58,2961,1.053,2.3
2022,questioning,challenge,4,123,42,2961,1.197,2.3
2022,questioning,equity,3,123,28,2961,1.367,2.17
2022,questioning,technique,3,123,28,2961,1.367,2.17
2022,questioning,theory,3,123,30,2961,1.267,1.9
2022,questioning,power,3,123,30,2961,1.267,1.9
2022,questioning,people,3,123,31,2961,1.22,1.78
2022,questioning,approach,4,123,47,2961,1.035,1.77
2022,questioning,community,9,123,138,2961,0.651,1.76
2022,questioning,world,5,123,65,2961,0.889,1.69
2022,questioning,designer,3,123,33,2961,1.13,1.55
2022,questioning,practice,6,123,86,2961,0.748,1.49
2022,questioning,value,3,123,38,2961,0.926,1.08
2022,questioning,sustainability,4,123,56,2961,0.782,1.07
2022,questioning,ecology,3,123,40,2961,0.852,0.93
2022,questioning,method,3,123,40,2961,0.852,0.93
2022,questioning,building,8,123,139,2961,0.47,0.85
2022,questioning,carbon,3,123,42,2961,0.782,0.79
2022,questioning,time,4,123,61,2961,0.659,0.78
2022,questioning,history,4,123,67,2961,0.523,0.5
2022,questioning,site,7,123,136,2961,0.309,0.33
2022,questioning,system,6,123,118,2961,0.292,0.25
2022,questioning,water,3,123,55,2961,0.393,0.22
2022,questioning,project,6,123,169,2961,-0.227,0.17
2022,questioning,area,3,123,61,2961,0.244,0.09
2022,questioning,impact,3,123,61,2961,0.244,0.09
2022,questioning,construction,3,123,62,2961,0.22,0.07
2022,questioning,energy,3,123,70,2961,0.045,0.0
2022,questioning,space,3,123,73,2961,-0.016,0.0
2023,questioning,future,10,112,59,3311,2.325,18.02
2023,questioning,world,11,112,75,3311,2.116,17.07
2023,questioning,people,9,112,63,3311,2.078,13.45
2023,questioning,narrative,7,112,41,3311,2.335,12.57
2023,questioning,environment,13,112,136,3311,1.499,11.46
2023,questioning,dynamic,3,112,7,3311,3.663,11.1
2023,questioning,material,13,112,143,3311,1.426,10.53
2023,questioning,culture,8,112,66,3311,1.841,9.74
2023,questioning,air,5,112,27,3311,2.453,9.66
2023,questioning,mass,4,112,19,3311,2.638,8.67
2023,questioning,form,7,112,58,3311,1.835,8.44
2023,questioning,effect,6,112,44,3311,2.011,8.4
2023,questioning,impact,9,112,93,3311,1.516,7.93
2023,questioning,labor,4,112,21,3311,2.493,7.91
2023,questioning,land,6,112,48,3311,1.886,7.54
2023,questioning,planet,3,112,12,3311,2.886,7.51
2023,questioning,idea,4,112,23,3311,2.362,7.24
2023,questioning,design,23,112,391,3311,0.798,7.19
2023,questioning,relation,3,112,13,3311,2.77,7.02
2023,questioning,architecture,14,112,201,3311,1.042,6.61
2023,questioning,value,3,112,14,3311,2.663,6.59
2023,questioning,perspective,5,112,41,3311,1.85,6.06
2023,questioning,practice,8,112,91,3311,1.378,5.95
2023,questioning,weather,3,112,16,3311,2.471,5.83
2023,questioning,order,3,112,16,3311,2.471,5.83
2023,questioning,climate,15,112,233,3311,0.928,5.81
2023,questioning,mode,3,112,17,3311,2.383,5.49
2023,questioning,architect,7,112,79,3311,1.389,5.26
2023,questioning,possibility,3,112,18,3311,2.301,5.18
2023,questioning,island,4,112,32,3311,1.886,4.99
2023,questioning,population,4,112,33,3311,1.841,4.79
2023,questioning,intervention,3,112,20,3311,2.149,4.63
2023,questioning,geography,3,112,21,3311,2.078,4.38
2023,questioning,crisis,5,112,52,3311,1.507,4.28
2023,questioning,territory,3,112,23,3311,1.947,3.93
2023,questioning,construction,6,112,74,3311,1.261,3.79
2023,questioning,agency,3,112,24,3311,1.886,3.72
2023,questioning,production,4,112,40,3311,1.564,3.63
2023,questioning,institution,3,112,25,3311,1.827,3.53
2023,questioning,knowledge,4,112,41,3311,1.528,3.49
2023,questioning,event,3,112,26,3311,1.77,3.35
2023,questioning,solution,4,112,44,3311,1.426,3.1
2023,questioning,level,4,112,45,3311,1.394,2.98
2023,questioning,history,6,112,85,3311,1.061,2.79
2023,questioning,question,4,112,48,3311,1.301,2.64
2023,questioning,housing,3,112,31,3311,1.516,2.57
2023,questioning,change,8,112,133,3311,0.83,2.42
2023,questioning,problem,3,112,33,3311,1.426,2.31
2023,questioning,industry,4,112,54,3311,1.131,2.06
2023,questioning,action,3,112,36,3311,1.301,1.97
2023,questioning,place,3,112,37,3311,1.261,1.86
2023,questioning,migration,3,112,38,3311,1.223,1.76
2023,questioning,area,4,112,59,3311,1.003,1.66
2023,questioning,community,3,112,166,3311,-0.904,1.58
2023,questioning,scale,4,112,65,3311,0.863,1.27
2023,questioning,building,8,112,158,3311,0.582,1.26
2023,questioning,sustainability,3,112,49,3311,0.856,0.93
2023,questioning,resource,3,112,50,3311,0.827,0.87
2023,questioning,issue,3,112,51,3311,0.798,0.82
2023,questioning,structure,3,112,54,3311,0.716,0.67
2023,questioning,approach,3,112,55,3311,0.689,0.62
2023,questioning,time,3,112,56,3311,0.663,0.58
2023,questioning,ecology,3,112,61,3311,0.54,0.4
2023,questioning,landscape,3,112,62,3311,0.516,0.36
2023,questioning,system,5,112,113,3311,0.387,0.36
2023,questioning,city,4,112,87,3311,0.443,0.36
2023,questioning,heat,3,112,65,3311,0.448,0.28
2023,questioning,condition,3,112,66,3311,0.426,0.25
2023,questioning,method,3,112,67,3311,0.405,0.23
2023,questioning,infrastructure,3,112,71,3311,0.321,0.15
2023,questioning,energy,3,112,81,3311,0.131,0.03
2023,questioning,site,4,112,127,3311,-0.103,0.02
2024,questioning,site,16,115,133,3639,1.929,21.64
2024,questioning,fuel,5,115,15,3639,3.399,16.28
2024,questioning,form,9,115,58,3639,2.296,15.74
2024,questioning,system,15,115,157,3639,1.596,14.77
2024,questioning,transition,5,115,24,3639,2.721,11.37
2024,questioning,goal,6,115,36,3639,2.399,11.16
2024,questioning,section,4,115,15,3639,3.077,11.06
2024,questioning,lens,4,115,15,3639,3.077,11.06
2024,questioning,discourse,5,115,27,3639,2.551,10.24
2024,questioning,energy,9,115,86,3639,1.727,9.84
2024,questioning,fossil,3,115,10,3639,3.247,9.02
2024,questioning,agency,5,115,33,3639,2.261,8.42
2024,questioning,family,3,115,11,3639,3.109,8.41
2024,questioning,force,3,115,11,3639,3.109,8.41
2024,questioning,position,4,115,22,3639,2.524,8.03
2024,questioning,world,9,115,99,3639,1.524,7.97
2024,questioning,face,3,115,12,3639,2.984,7.87
2024,questioning,possibility,4,115,23,3639,2.46,7.7
2024,questioning,impact,8,115,84,3639,1.592,7.59
2024,questioning,issue,6,115,56,3639,1.761,6.69
2024,questioning,boundary,3,115,15,3639,2.662,6.54
2024,questioning,material,10,115,136,3639,1.218,6.04
2024,questioning,industry,6,115,63,3639,1.592,5.64
2024,questioning,architecture,15,115,254,3639,0.902,5.49
2024,questioning,infrastructure,8,115,102,3639,1.311,5.44
2024,questioning,ability,3,115,19,3639,2.321,5.23
2024,questioning,power,4,115,34,3639,1.896,5.01
2024,questioning,awareness,3,115,20,3639,2.247,4.96
2024,questioning,timber,3,115,20,3639,2.247,4.96
2024,questioning,culture,4,115,36,3639,1.814,4.65
2024,questioning,narrative,4,115,37,3639,1.774,4.48
2024,questioning,waste,3,115,24,3639,1.984,4.04
2024,questioning,human,3,115,24,3639,1.984,4.04
2024,questioning,potential,3,115,24,3639,1.984,4.04
2024,questioning,future,8,115,119,3639,1.089,3.93
2024,questioning,repair,3,115,27,3639,1.814,3.47
2024,questioning,discipline,4,115,45,3639,1.492,3.33
2024,questioning,technology,5,115,64,3639,1.306,3.32
2024,questioning,change,10,115,176,3639,0.846,3.16
2024,questioning,approach,6,115,88,3639,1.109,3.01
2024,questioning,condition,4,115,48,3639,1.399,2.98
2024,questioning,climate,16,115,332,3639,0.609,2.89
2024,questioning,history,6,115,90,3639,1.077,2.85
2024,questioning,ecology,3,115,31,3639,1.615,2.85
2024,questioning,space,7,115,115,3639,0.946,2.65
2024,questioning,challenge,6,115,93,3639,1.03,2.63
2024,questioning,problem,3,115,34,3639,1.481,2.46
2024,questioning,state,3,115,35,3639,1.44,2.34
2024,questioning,city,6,115,98,3639,0.954,2.3
2024,questioning,oil,4,115,55,3639,1.202,2.29
2024,questioning,place,4,115,57,3639,1.151,2.12
2024,questioning,production,4,115,57,3639,1.151,2.12
2024,questioning,tool,4,115,57,3639,1.151,2.12
2024,questioning,project,3,115,189,3639,-0.993,1.94
2024,questioning,sustainability,3,115,40,3639,1.247,1.82
2024,questioning,solution,3,115,41,3639,1.211,1.73
2024,questioning,model,4,115,63,3639,1.007,1.67
2024,questioning,design,18,115,431,3639,0.402,1.52
2024,questioning,strategy,4,115,67,3639,0.918,1.41
2024,questioning,perspective,3,115,47,3639,1.014,1.26
2024,questioning,level,3,115,50,3639,0.925,1.07
2024,questioning,housing,3,115,53,3639,0.841,0.9
2024,questioning,question,3,115,53,3639,0.841,0.9
2024,questioning,opportunity,3,115,54,3639,0.814,0.85
2024,questioning,water,3,115,54,3639,0.814,0.85
2024,questioning,land,3,115,57,3639,0.736,0.7
2024,questioning,community,4,115,183,3639,-0.532,0.66
2024,questioning,knowledge,3,115,59,3639,0.686,0.62
2024,questioning,environment,5,115,111,3639,0.511,0.6
2024,questioning,resource,3,115,65,3639,0.546,0.4
2024,questioning,region,3,115,67,3639,0.503,0.34
2024,questioning,justice,3,115,70,3639,0.44,0.27
2024,questioning,construction,4,115,99,3639,0.354,0.24
2024,questioning,practice,3,115,109,3639,-0.199,0.06
2024,questioning,scale,3,115,87,3639,0.126,0.02
2025,questioning,neighborhood,9,104,27,3104,3.315,28.66
2025,questioning,fiction,5,104,11,3104,3.762,19.43
2025,questioning,narrative,8,104,40,3104,2.578,16.94
2025,questioning,challenge,11,104,82,3104,2.001,15.62
2025,questioning,future,9,104,60,3104,2.163,14.39
2025,questioning,system,10,104,91,3104,1.714,10.92
2025,questioning,landscape,10,104,92,3104,1.698,10.76
2025,questioning,change,13,104,146,3104,1.41,10.38
2025,questioning,set,3,104,8,3104,3.484,10.21
2025,questioning,movement,3,104,8,3104,3.484,10.21
2025,questioning,typology,3,104,8,3104,3.484,10.21
2025,questioning,culture,4,104,16,3104,2.899,10.11
2025,questioning,form,5,104,28,3104,2.414,9.42
2025,questioning,space,8,104,69,3104,1.791,9.32
2025,questioning,project,14,104,175,3104,1.256,9.21
2025,questioning,waste,4,104,18,3104,2.73,9.17
2025,questioning,climate,19,104,284,3104,0.998,8.66
2025,questioning,architecture,13,104,161,3104,1.269,8.66
2025,questioning,fuel,4,104,20,3104,2.578,8.36
2025,questioning,material,11,104,128,3104,1.359,8.15
2025,questioning,mode,3,104,11,3104,3.025,8.1
2025,questioning,building,9,104,95,3104,1.5,7.81
2025,questioning,ecosystem,3,104,12,3104,2.899,7.56
2025,questioning,coal,3,104,13,3104,2.784,7.08
2025,questioning,power,3,104,15,3104,2.578,6.25
2025,questioning,principle,3,104,16,3104,2.484,5.88
2025,questioning,method,5,104,43,3104,1.795,5.77
2025,questioning,people,4,104,29,3104,2.041,5.7
2025,questioning,equity,4,104,29,3104,2.041,5.7
2025,questioning,fossil,3,104,17,3104,2.397,5.55
2025,questioning,environment,8,104,96,3104,1.315,5.5
2025,questioning,scale,6,104,61,3104,1.554,5.44
2025,questioning,life,5,104,46,3104,1.698,5.25
2025,questioning,strategy,7,104,80,3104,1.385,5.24
2025,questioning,infrastructure,6,104,64,3104,1.484,5.03
2025,questioning,carbon,5,104,51,3104,1.549,4.49
2025,questioning,opportunity,4,104,37,3104,1.69,4.15
2025,questioning,time,4,104,39,3104,1.614,3.83
2025,questioning,inequality,3,104,24,3104,1.899,3.77
2025,questioning,performance,3,104,24,3104,1.899,3.77
2025,questioning,production,4,104,42,3104,1.507,3.41
2025,questioning,condition,4,104,43,3104,1.473,3.28
2025,questioning,tool,5,104,63,3104,1.244,3.07
2025,questioning,event,3,104,28,3104,1.677,3.06
2025,questioning,decision,3,104,29,3104,1.626,2.9
2025,questioning,concept,3,104,30,3104,1.578,2.75
2025,questioning,energy,6,104,88,3104,1.025,2.63
2025,questioning,city,6,104,93,3104,0.945,2.27
2025,questioning,industry,4,104,54,3104,1.145,2.11
2025,questioning,architect,4,104,55,3104,1.118,2.02
2025,questioning,region,3,104,36,3104,1.315,2.01
2025,questioning,crisis,3,104,36,3104,1.315,2.01
2025,questioning,reality,3,104,43,3104,1.058,1.37
2025,questioning,world,3,104,44,3104,1.025,1.29
2025,questioning,approach,5,104,88,3104,0.762,1.27
2025,questioning,resilience,4,104,66,3104,0.855,1.25
2025,questioning,site,4,104,68,3104,0.812,1.14
2025,questioning,solution,3,104,56,3104,0.677,0.6
2025,questioning,impact,4,104,84,3104,0.507,0.47
2025,questioning,design,16,104,423,3104,0.175,0.27
2025,questioning,resource,3,104,67,3104,0.418,0.24
2025,questioning,community,6,104,186,3104,-0.055,0.01
2026,questioning,material,39,180,419,5141,1.411,33.0
2026,questioning,crisis,12,180,49,5141,2.806,29.16
2026,questioning,landscape,17,180,124,5141,1.969,23.45
2026,questioning,geography,8,180,32,5141,2.836,19.63
2026,questioning,climate,42,180,608,5141,0.98,19.32
2026,questioning,approach,13,180,98,5141,1.922,17.04
2026,questioning,system,27,180,338,5141,1.19,16.39
2026,questioning,reality,9,180,59,5141,2.123,13.79
2026,questioning,inquiry,10,180,75,5141,1.929,13.1
2026,questioning,narrative,9,180,64,5141,2.006,12.55
2026,questioning,extraction,8,180,52,5141,2.136,12.34
2026,questioning,production,8,180,56,5141,2.029,11.34
2026,questioning,problem,8,180,56,5141,2.029,11.34
2026,questioning,relation,6,180,32,5141,2.421,11.33
2026,questioning,property,3,180,7,5141,3.614,10.88
2026,questioning,space,12,180,121,5141,1.502,10.35
2026,questioning,boundary,4,180,15,5141,2.929,10.27
2026,questioning,growth,4,180,15,5141,2.929,10.27
2026,questioning,urbanization,3,180,8,5141,3.421,9.93
2026,questioning,challenge,10,180,93,5141,1.619,9.74
2026,questioning,question,9,180,79,5141,1.702,9.52
2026,questioning,consequence,4,180,18,5141,2.666,8.81
2026,questioning,institution,5,180,29,5141,2.3,8.66
2026,questioning,migration,4,180,19,5141,2.588,8.39
2026,questioning,method,9,180,88,5141,1.546,8.09
2026,questioning,power,5,180,33,5141,2.114,7.53
2026,questioning,maintenance,3,180,12,5141,2.836,7.3
2026,questioning,equity,8,180,78,5141,1.551,7.2
2026,questioning,knowledge,9,180,95,5141,1.436,7.12
2026,questioning,technology,8,180,81,5141,1.496,6.77
2026,questioning,response,6,180,51,5141,1.749,6.59
2026,questioning,discourse,5,180,37,5141,1.948,6.58
2026,questioning,condition,13,180,177,5141,1.069,6.21
2026,questioning,mapping,7,180,69,5141,1.535,6.17
2026,questioning,potential,4,180,26,5141,2.136,6.12
2026,questioning,order,3,180,15,5141,2.514,5.99
2026,questioning,stage,3,180,15,5141,2.514,5.99
2026,questioning,tool,10,180,124,5141,1.204,5.83
2026,questioning,building,18,180,285,5141,0.851,5.83
2026,questioning,lens,3,180,16,5141,2.421,5.63
2026,questioning,history,8,180,90,5141,1.344,5.62
2026,questioning,capacity,4,180,28,5141,2.029,5.61
2026,questioning,agency,5,180,43,5141,1.732,5.39
2026,questioning,land,5,180,43,5141,1.732,5.39
2026,questioning,framework,12,180,172,5141,0.995,5.02
2026,questioning,kind,3,180,18,5141,2.251,4.99
2026,questioning,ability,4,180,31,5141,1.882,4.95
2026,questioning,value,5,180,46,5141,1.634,4.88
2026,questioning,population,4,180,32,5141,1.836,4.75
2026,questioning,function,3,180,19,5141,2.173,4.71
2026,questioning,future,5,180,48,5141,1.573,4.57
2026,questioning,practice,17,180,287,5141,0.759,4.45
2026,questioning,complexity,3,180,20,5141,2.099,4.45
2026,questioning,ecology,5,180,49,5141,1.543,4.42
2026,questioning,environment,10,180,140,5141,1.029,4.41
2026,questioning,concern,3,180,21,5141,2.029,4.2
2026,questioning,food,3,180,21,5141,2.029,4.2
2026,questioning,behavior,3,180,21,5141,2.029,4.2
2026,questioning,image,3,180,21,5141,2.029,4.2
2026,questioning,intervention,6,180,68,5141,1.333,4.13
2026,questioning,life,6,180,71,5141,1.271,3.8
2026,questioning,set,3,180,23,5141,1.897,3.75
2026,questioning,economy,4,180,38,5141,1.588,3.71
2026,questioning,precedent,4,180,39,5141,1.551,3.56
2026,questioning,decade,3,180,24,5141,1.836,3.55
2026,questioning,perspective,3,180,24,5141,1.836,3.55
2026,questioning,library,3,180,24,5141,1.836,3.55
2026,questioning,force,3,180,25,5141,1.777,3.36
2026,questioning,governance,3,180,26,5141,1.721,3.18
2026,questioning,network,3,180,26,5141,1.721,3.18
2026,questioning,typology,3,180,26,5141,1.721,3.18
2026,questioning,control,3,180,27,5141,1.666,3.01
2026,questioning,state,3,180,27,5141,1.666,3.01
2026,questioning,investigation,3,180,29,5141,1.563,2.7
2026,questioning,decision,5,180,64,5141,1.158,2.68
2026,questioning,people,4,180,46,5141,1.312,2.66
2026,questioning,risk,5,180,66,5141,1.114,2.5
2026,questioning,architect,7,180,106,5141,0.915,2.48
2026,questioning,form,7,180,106,5141,0.915,2.48
2026,questioning,comfort,4,180,48,5141,1.251,2.45
2026,questioning,vulnerability,4,180,48,5141,1.251,2.45
2026,questioning,discipline,3,180,32,5141,1.421,2.29
2026,questioning,territory,3,180,32,5141,1.421,2.29
2026,questioning,weather,3,180,32,5141,1.421,2.29
2026,questioning,infrastructure,10,180,174,5141,0.715,2.28
2026,questioning,construction,9,180,153,5141,0.749,2.22
2026,questioning,logic,3,180,33,5141,1.377,2.16
2026,questioning,technique,3,180,33,5141,1.377,2.16
2026,questioning,transformation,3,180,34,5141,1.333,2.05
2026,questioning,century,3,180,34,5141,1.333,2.05
2026,questioning,resilience,6,180,92,5141,0.897,2.04
2026,questioning,methodology,3,180,35,5141,1.292,1.94
2026,questioning,design,40,180,940,5141,0.281,1.84
2026,questioning,position,3,180,36,5141,1.251,1.83
2026,questioning,dimension,3,180,37,5141,1.211,1.73
2026,questioning,hand,3,180,38,5141,1.173,1.63
2026,questioning,scale,9,180,167,5141,0.622,1.58
2026,questioning,sequence,3,180,39,5141,1.136,1.54
2026,questioning,labor,3,180,39,5141,1.136,1.54
2026,questioning,making,3,180,40,5141,1.099,1.45
2026,questioning,change,11,180,219,5141,0.521,1.39
2026,questioning,waste,3,180,41,5141,1.063,1.37
2026,questioning,assembly,3,180,44,5141,0.962,1.14
2026,questioning,place,4,180,65,5141,0.814,1.13
2026,questioning,site,10,180,206,5141,0.471,1.05
2026,questioning,health,4,180,68,5141,0.749,0.97
2026,questioning,architecture,15,180,341,5141,0.329,0.81
2026,questioning,impact,7,180,142,5141,0.494,0.79
2026,questioning,solution,3,180,51,5141,0.749,0.72
2026,questioning,experience,7,180,146,5141,0.454,0.67
2026,questioning,city,3,180,130,5141,-0.601,0.64
2026,questioning,time,5,180,99,5141,0.529,0.63
2026,questioning,outcome,4,180,76,5141,0.588,0.62
2026,questioning,energy,7,180,156,5141,0.358,0.43
2026,questioning,justice,4,180,82,5141,0.478,0.42
2026,questioning,water,4,180,83,5141,0.461,0.39
2026,questioning,access,3,180,60,5141,0.514,0.36
2026,questioning,world,3,180,61,5141,0.49,0.33
2026,questioning,project,9,180,300,5141,-0.223,0.25
2026,questioning,carbon,5,180,115,5141,0.312,0.23
2026,questioning,performance,7,180,170,5141,0.234,0.19
2026,questioning,sustainability,4,180,99,5141,0.207,0.08
2026,questioning,theory,3,180,74,5141,0.211,0.06
2026,questioning,engagement,4,180,102,5141,0.164,0.05
2026,questioning,community,13,180,351,5141,0.081,0.04
2026,questioning,collaboration,3,180,79,5141,0.117,0.02
2026,questioning,level,3,180,90,5141,-0.071,0.01
2026,questioning,model,5,180,142,5141,0.008,0.0
